{
  "train_loss": [
    0.5495057106018066,
    0.46400653177302253,
    0.43029577504356936,
    0.4419317893814622,
    0.41333547577290974,
    0.40386550050032766,
    0.39940804672984814,
    0.3860632455372206,
    0.3552984777714542,
    0.38650512486173394,
    0.3700845657501072,
    0.36243213733502067,
    0.3647593868638572,
    0.3607436867020516,
    0.3433626929686548,
    0.36521244327924407,
    0.3605051310206482,
    0.336140281275699,
    0.3333677039508931,
    0.3540207600732993,
    0.3286765065574274,
    0.2984107058880157,
    0.38897796913429544,
    0.3151697991651866
  ],
  "val_loss": [
    0.8971033432266929,
    0.44646099589087745,
    0.37731124596162274,
    0.6009566989811984,
    0.37251295230605386,
    0.5754213885827498,
    0.29663623354651714,
    0.31825628659941935,
    0.2959248266436837,
    0.33453887755220585,
    0.5908269416202199,
    0.32118371399966156,
    0.32461359013210644,
    0.6393710721622814,
    0.3618801989338615,
    0.33420616388320923,
    0.3557969337159937,
    0.29041270992972634,
    0.8135366407307711,
    0.5558587215163491,
    0.6035687186501243,
    0.30065622329711916,
    0.3308261215686798,
    0.28187206170775675
  ],
  "train_miou": [
    0.5195965050388511,
    0.60923586722916,
    0.6302235884291725,
    0.6255370553449857,
    0.6514335527517718,
    0.6608177933223383,
    0.6588740352351201,
    0.6701620906198491,
    0.6978020112081744,
    0.6819465438577823,
    0.6917504925974227,
    0.6873352227748565,
    0.6940115574034651,
    0.6894703518968056,
    0.7061529011342504,
    0.6899823891001993,
    0.6828094321029553,
    0.7159782333040792,
    0.7216597278588844,
    0.7046794142930736,
    0.7256848378796188,
    0.7444646192116303,
    0.6708039295530303,
    0.7359508373487968
  ],
  "val_miou": [
    0.18311671815062266,
    0.6346535034211438,
    0.6593092799952608,
    0.4556960731926573,
    0.6730198152948381,
    0.47987988965805906,
    0.7519011092030006,
    0.6836132387404064,
    0.7548102204732954,
    0.7109510364083934,
    0.45427361675875355,
    0.7373077431311754,
    0.6543899925145782,
    0.5535074416676792,
    0.687495606933077,
    0.7359852681953784,
    0.7172812257911911,
    0.7533025910284,
    0.3726353875043903,
    0.5133821170234184,
    0.5653106368255898,
    0.7177908456090446,
    0.7355900607372203,
    0.7545551409687778
  ]
}