sample_id,rgb_path,synthetic_msi_path,real_msi_path,mask_path,group_id,split
DJI_DateTime_2024_06_02_13_42_0035_lat_10.3040603_lon_105.2619317_alt_20.018m,/home/hyggestuen/Downloads/_WeedyRice/WeedyRice-RGBMS-DB/RGB/DJI_DateTime_2024_06_02_13_42_0035_lat_10.3040603_lon_105.2619317_alt_20.018m.JPG,,"[""/home/hyggestuen/Downloads/_WeedyRice/WeedyRice-RGBMS-DB/Multispectral/DJI_DateTime_2024_06_02_13_42_0035_lat_10.3040603_lon_105.2619317_alt_20.018m_G.TIF"", ""/home/hyggestuen/Downloads/_WeedyRice/WeedyRice-RGBMS-DB/Multispectral/DJI_DateTime_2024_06_02_13_42_0035_lat_10.3040603_lon_105.2619317_alt_20.018m_NIR.TIF"", ""/home/hyggestuen/Downloads/_WeedyRice/WeedyRice-RGBMS-DB/Multispectral/DJI_DateTime_2024_06_02_13_42_0035_lat_10.3040603_lon_105.2619317_alt_20.018m_R.TIF"", ""/home/hyggestuen/Downloads/_WeedyRice/WeedyRice-RGBMS-DB/Multispectral/DJI_DateTime_2024_06_02_13_42_0035_lat_10.3040603_lon_105.2619317_alt_20.018m_RE.TIF""]",/home/hyggestuen/Downloads/_WeedyRice/WeedyRice-RGBMS-DB/Masks/DJI_DateTime_2024_06_02_13_42_0035_lat_10.3040603_lon_105.2619317_alt_20.018m.png,2024_06_02_13,val
DJI_DateTime_2024_06_02_13_42_0036_lat_10.3040274_lon_105.2619303_alt_19.998m,/home/hyggestuen/Downloads/_WeedyRice/WeedyRice-RGBMS-DB/RGB/DJI_DateTime_2024_06_02_13_42_0036_lat_10.3040274_lon_105.2619303_alt_19.998m.JPG,,"[""/home/hyggestuen/Downloads/_WeedyRice/WeedyRice-RGBMS-DB/Multispectral/DJI_DateTime_2024_06_02_13_42_0036_lat_10.3040274_lon_105.2619303_alt_19.998m_G.TIF"", ""/home/hyggestuen/Downloads/_WeedyRice/WeedyRice-RGBMS-DB/Multispectral/DJI_DateTime_2024_06_02_13_42_0036_lat_10.3040274_lon_105.2619303_alt_19.998m_NIR.TIF"", ""/home/hyggestuen/Downloads/_WeedyRice/WeedyRice-RGBMS-DB/Multispectral/DJI_DateTime_2024_06_02_13_42_0036_lat_10.3040274_lon_105.2619303_alt_19.998m_R.TIF"", ""/home/hyggestuen/Downloads/_WeedyRice/WeedyRice-RGBMS-DB/Multispectral/DJI_DateTime_2024_06_02_13_42_0036_lat_10.3040274_lon_105.2619303_alt_19.998m_RE.TIF""]",/home/hyggestuen/Downloads/_WeedyRice/WeedyRice-RGBMS-DB/Masks/DJI_DateTime_2024_06_02_13_42_0036_lat_10.3040274_lon_105.2619303_alt_19.998m.png,2024_06_02_13,val
DJI_DateTime_2024_06_02_13_43_0037_lat_10.3039956_lon_105.2619281_alt_20.000m,/home/hyggestuen/Downloads/_WeedyRice/WeedyRice-RGBMS-DB/RGB/DJI_DateTime_2024_06_02_13_43_0037_lat_10.3039956_lon_105.2619281_alt_20.000m.JPG,,"[""/home/hyggestuen/Downloads/_WeedyRice/WeedyRice-RGBMS-DB/Multispectral/DJI_DateTime_2024_06_02_13_43_0037_lat_10.3039956_lon_105.2619281_alt_20.000m_G.TIF"", ""/home/hyggestuen/Downloads/_WeedyRice/WeedyRice-RGBMS-DB/Multispectral/DJI_DateTime_2024_06_02_13_43_0037_lat_10.3039956_lon_105.2619281_alt_20.000m_NIR.TIF"", ""/home/hyggestuen/Downloads/_WeedyRice/WeedyRice-RGBMS-DB/Multispectral/DJI_DateTime_2024_06_02_13_43_0037_lat_10.3039956_lon_105.2619281_alt_20.000m_R.TIF"", ""/home/hyggestuen/Downloads/_WeedyRice/WeedyRice-RGBMS-DB/Multispectral/DJI_DateTime_2024_06_02_13_43_0037_lat_10.3039956_lon_105.2619281_alt_20.000m_RE.TIF""]",/home/hyggestuen/Downloads/_WeedyRice/WeedyRice-RGBMS-DB/Masks/DJI_DateTime_2024_06_02_13_43_0037_lat_10.3039956_lon_105.2619281_alt_20.000m.png,2024_06_02_13,val
DJI_DateTime_2024_06_02_13_43_0038_lat_10.3039632_lon_105.2619268_alt_20.009m,/home/hyggestuen/Downloads/_WeedyRice/WeedyRice-RGBMS-DB/RGB/DJI_DateTime_2024_06_02_13_43_0038_lat_10.3039632_lon_105.2619268_alt_20.009m.JPG,,"[""/home/hyggestuen/Downloads/_WeedyRice/WeedyRice-RGBMS-DB/Multispectral/DJI_DateTime_2024_06_02_13_43_0038_lat_10.3039632_lon_105.2619268_alt_20.009m_G.TIF"", ""/home/hyggestuen/Downloads/_WeedyRice/WeedyRice-RGBMS-DB/Multispectral/DJI_DateTime_2024_06_02_13_43_0038_lat_10.3039632_lon_105.2619268_alt_20.009m_NIR.TIF"", ""/home/hyggestuen/Downloads/_WeedyRice/WeedyRice-RGBMS-DB/Multispectral/DJI_DateTime_2024_06_02_13_43_0038_lat_10.3039632_lon_105.2619268_alt_20.009m_R.TIF"", ""/home/hyggestuen/Downloads/_WeedyRice/WeedyRice-RGBMS-DB/Multispectral/DJI_DateTime_2024_06_02_13_43_0038_lat_10.3039632_lon_105.2619268_alt_20.009m_RE.TIF""]",/home/hyggestuen/Downloads/_WeedyRice/WeedyRice-RGBMS-DB/Masks/DJI_DateTime_2024_06_02_13_43_0038_lat_10.3039632_lon_105.2619268_alt_20.009m.png,2024_06_02_13,val
DJI_DateTime_2024_06_02_13_43_0039_lat_10.3039307_lon_105.2619253_alt_20.017m,/home/hyggestuen/Downloads/_WeedyRice/WeedyRice-RGBMS-DB/RGB/DJI_DateTime_2024_06_02_13_43_0039_lat_10.3039307_lon_105.2619253_alt_20.017m.JPG,,"[""/home/hyggestuen/Downloads/_WeedyRice/WeedyRice-RGBMS-DB/Multispectral/DJI_DateTime_2024_06_02_13_43_0039_lat_10.3039307_lon_105.2619253_alt_20.017m_G.TIF"", ""/home/hyggestuen/Downloads/_WeedyRice/WeedyRice-RGBMS-DB/Multispectral/DJI_DateTime_2024_06_02_13_43_0039_lat_10.3039307_lon_105.2619253_alt_20.017m_NIR.TIF"", ""/home/hyggestuen/Downloads/_WeedyRice/WeedyRice-RGBMS-DB/Multispectral/DJI_DateTime_2024_06_02_13_43_0039_lat_10.3039307_lon_105.2619253_alt_20.017m_R.TIF"", ""/home/hyggestuen/Downloads/_WeedyRice/WeedyRice-RGBMS-DB/Multispectral/DJI_DateTime_2024_06_02_13_43_0039_lat_10.3039307_lon_105.2619253_alt_20.017m_RE.TIF""]",/home/hyggestuen/Downloads/_WeedyRice/WeedyRice-RGBMS-DB/Masks/DJI_DateTime_2024_06_02_13_43_0039_lat_10.3039307_lon_105.2619253_alt_20.017m.png,2024_06_02_13,val
DJI_DateTime_2024_06_02_13_43_0040_lat_10.3038985_lon_105.2619236_alt_20.019m,/home/hyggestuen/Downloads/_WeedyRice/WeedyRice-RGBMS-DB/RGB/DJI_DateTime_2024_06_02_13_43_0040_lat_10.3038985_lon_105.2619236_alt_20.019m.JPG,,"[""/home/hyggestuen/Downloads/_WeedyRice/WeedyRice-RGBMS-DB/Multispectral/DJI_DateTime_2024_06_02_13_43_0040_lat_10.3038985_lon_105.2619236_alt_20.019m_G.TIF"", ""/home/hyggestuen/Downloads/_WeedyRice/WeedyRice-RGBMS-DB/Multispectral/DJI_DateTime_2024_06_02_13_43_0040_lat_10.3038985_lon_105.2619236_alt_20.019m_NIR.TIF"", ""/home/hyggestuen/Downloads/_WeedyRice/WeedyRice-RGBMS-DB/Multispectral/DJI_DateTime_2024_06_02_13_43_0040_lat_10.3038985_lon_105.2619236_alt_20.019m_R.TIF"", ""/home/hyggestuen/Downloads/_WeedyRice/WeedyRice-RGBMS-DB/Multispectral/DJI_DateTime_2024_06_02_13_43_0040_lat_10.3038985_lon_105.2619236_alt_20.019m_RE.TIF""]",/home/hyggestuen/Downloads/_WeedyRice/WeedyRice-RGBMS-DB/Masks/DJI_DateTime_2024_06_02_13_43_0040_lat_10.3038985_lon_105.2619236_alt_20.019m.png,2024_06_02_13,val
DJI_DateTime_2024_06_02_13_43_0041_lat_10.3038666_lon_105.2619219_alt_20.001m,/home/hyggestuen/Downloads/_WeedyRice/WeedyRice-RGBMS-DB/RGB/DJI_DateTime_2024_06_02_13_43_0041_lat_10.3038666_lon_105.2619219_alt_20.001m.JPG,,"[""/home/hyggestuen/Downloads/_WeedyRice/WeedyRice-RGBMS-DB/Multispectral/DJI_DateTime_2024_06_02_13_43_0041_lat_10.3038666_lon_105.2619219_alt_20.001m_G.TIF"", ""/home/hyggestuen/Downloads/_WeedyRice/WeedyRice-RGBMS-DB/Multispectral/DJI_DateTime_2024_06_02_13_43_0041_lat_10.3038666_lon_105.2619219_alt_20.001m_NIR.TIF"", ""/home/hyggestuen/Downloads/_WeedyRice/WeedyRice-RGBMS-DB/Multispectral/DJI_DateTime_2024_06_02_13_43_0041_lat_10.3038666_lon_105.2619219_alt_20.001m_R.TIF"", ""/home/hyggestuen/Downloads/_WeedyRice/WeedyRice-RGBMS-DB/Multispectral/DJI_DateTime_2024_06_02_13_43_0041_lat_10.3038666_lon_105.2619219_alt_20.001m_RE.TIF""]",/home/hyggestuen/Downloads/_WeedyRice/WeedyRice-RGBMS-DB/Masks/DJI_DateTime_2024_06_02_13_43_0041_lat_10.3038666_lon_105.2619219_alt_20.001m.png,2024_06_02_13,val
DJI_DateTime_2024_06_02_13_43_0042_lat_10.3038342_lon_105.2619203_alt_20.049m,/home/hyggestuen/Downloads/_WeedyRice/WeedyRice-RGBMS-DB/RGB/DJI_DateTime_2024_06_02_13_43_0042_lat_10.3038342_lon_105.2619203_alt_20.049m.JPG,,"[""/home/hyggestuen/Downloads/_WeedyRice/WeedyRice-RGBMS-DB/Multispectral/DJI_DateTime_2024_06_02_13_43_0042_lat_10.3038342_lon_105.2619203_alt_20.049m_G.TIF"", ""/home/hyggestuen/Downloads/_WeedyRice/WeedyRice-RGBMS-DB/Multispectral/DJI_DateTime_2024_06_02_13_43_0042_lat_10.3038342_lon_105.2619203_alt_20.049m_NIR.TIF"", ""/home/hyggestuen/Downloads/_WeedyRice/WeedyRice-RGBMS-DB/Multispectral/DJI_DateTime_2024_06_02_13_43_0042_lat_10.3038342_lon_105.2619203_alt_20.049m_R.TIF"", ""/home/hyggestuen/Downloads/_WeedyRice/WeedyRice-RGBMS-DB/Multispectral/DJI_DateTime_2024_06_02_13_43_0042_lat_10.3038342_lon_105.2619203_alt_20.049m_RE.TIF""]",/home/hyggestuen/Downloads/_WeedyRice/WeedyRice-RGBMS-DB/Masks/DJI_DateTime_2024_06_02_13_43_0042_lat_10.3038342_lon_105.2619203_alt_20.049m.png,2024_06_02_13,val
DJI_DateTime_2024_06_02_13_43_0043_lat_10.3038020_lon_105.2619186_alt_20.044m,/home/hyggestuen/Downloads/_WeedyRice/WeedyRice-RGBMS-DB/RGB/DJI_DateTime_2024_06_02_13_43_0043_lat_10.3038020_lon_105.2619186_alt_20.044m.JPG,,"[""/home/hyggestuen/Downloads/_WeedyRice/WeedyRice-RGBMS-DB/Multispectral/DJI_DateTime_2024_06_02_13_43_0043_lat_10.3038020_lon_105.2619186_alt_20.044m_G.TIF"", ""/home/hyggestuen/Downloads/_WeedyRice/WeedyRice-RGBMS-DB/Multispectral/DJI_DateTime_2024_06_02_13_43_0043_lat_10.3038020_lon_105.2619186_alt_20.044m_NIR.TIF"", ""/home/hyggestuen/Downloads/_WeedyRice/WeedyRice-RGBMS-DB/Multispectral/DJI_DateTime_2024_06_02_13_43_0043_lat_10.3038020_lon_105.2619186_alt_20.044m_R.TIF"", ""/home/hyggestuen/Downloads/_WeedyRice/WeedyRice-RGBMS-DB/Multispectral/DJI_DateTime_2024_06_02_13_43_0043_lat_10.3038020_lon_105.2619186_alt_20.044m_RE.TIF""]",/home/hyggestuen/Downloads/_WeedyRice/WeedyRice-RGBMS-DB/Masks/DJI_DateTime_2024_06_02_13_43_0043_lat_10.3038020_lon_105.2619186_alt_20.044m.png,2024_06_02_13,val
DJI_DateTime_2024_06_02_13_43_0044_lat_10.3037699_lon_105.2619171_alt_20.023m,/home/hyggestuen/Downloads/_WeedyRice/WeedyRice-RGBMS-DB/RGB/DJI_DateTime_2024_06_02_13_43_0044_lat_10.3037699_lon_105.2619171_alt_20.023m.JPG,,"[""/home/hyggestuen/Downloads/_WeedyRice/WeedyRice-RGBMS-DB/Multispectral/DJI_DateTime_2024_06_02_13_43_0044_lat_10.3037699_lon_105.2619171_alt_20.023m_G.TIF"", ""/home/hyggestuen/Downloads/_WeedyRice/WeedyRice-RGBMS-DB/Multispectral/DJI_DateTime_2024_06_02_13_43_0044_lat_10.3037699_lon_105.2619171_alt_20.023m_NIR.TIF"", ""/home/hyggestuen/Downloads/_WeedyRice/WeedyRice-RGBMS-DB/Multispectral/DJI_DateTime_2024_06_02_13_43_0044_lat_10.3037699_lon_105.2619171_alt_20.023m_R.TIF"", ""/home/hyggestuen/Downloads/_WeedyRice/WeedyRice-RGBMS-DB/Multispectral/DJI_DateTime_2024_06_02_13_43_0044_lat_10.3037699_lon_105.2619171_alt_20.023m_RE.TIF""]",/home/hyggestuen/Downloads/_WeedyRice/WeedyRice-RGBMS-DB/Masks/DJI_DateTime_2024_06_02_13_43_0044_lat_10.3037699_lon_105.2619171_alt_20.023m.png,2024_06_02_13,val
DJI_DateTime_2024_06_02_13_43_0045_lat_10.3037478_lon_105.2619385_alt_19.960m,/home/hyggestuen/Downloads/_WeedyRice/WeedyRice-RGBMS-DB/RGB/DJI_DateTime_2024_06_02_13_43_0045_lat_10.3037478_lon_105.2619385_alt_19.960m.JPG,,"[""/home/hyggestuen/Downloads/_WeedyRice/WeedyRice-RGBMS-DB/Multispectral/DJI_DateTime_2024_06_02_13_43_0045_lat_10.3037478_lon_105.2619385_alt_19.960m_G.TIF"", ""/home/hyggestuen/Downloads/_WeedyRice/WeedyRice-RGBMS-DB/Multispectral/DJI_DateTime_2024_06_02_13_43_0045_lat_10.3037478_lon_105.2619385_alt_19.960m_NIR.TIF"", ""/home/hyggestuen/Downloads/_WeedyRice/WeedyRice-RGBMS-DB/Multispectral/DJI_DateTime_2024_06_02_13_43_0045_lat_10.3037478_lon_105.2619385_alt_19.960m_R.TIF"", ""/home/hyggestuen/Downloads/_WeedyRice/WeedyRice-RGBMS-DB/Multispectral/DJI_DateTime_2024_06_02_13_43_0045_lat_10.3037478_lon_105.2619385_alt_19.960m_RE.TIF""]",/home/hyggestuen/Downloads/_WeedyRice/WeedyRice-RGBMS-DB/Masks/DJI_DateTime_2024_06_02_13_43_0045_lat_10.3037478_lon_105.2619385_alt_19.960m.png,2024_06_02_13,val
DJI_DateTime_2024_06_02_13_43_0046_lat_10.3037496_lon_105.2619705_alt_19.973m,/home/hyggestuen/Downloads/_WeedyRice/WeedyRice-RGBMS-DB/RGB/DJI_DateTime_2024_06_02_13_43_0046_lat_10.3037496_lon_105.2619705_alt_19.973m.JPG,,"[""/home/hyggestuen/Downloads/_WeedyRice/WeedyRice-RGBMS-DB/Multispectral/DJI_DateTime_2024_06_02_13_43_0046_lat_10.3037496_lon_105.2619705_alt_19.973m_G.TIF"", ""/home/hyggestuen/Downloads/_WeedyRice/WeedyRice-RGBMS-DB/Multispectral/DJI_DateTime_2024_06_02_13_43_0046_lat_10.3037496_lon_105.2619705_alt_19.973m_NIR.TIF"", ""/home/hyggestuen/Downloads/_WeedyRice/WeedyRice-RGBMS-DB/Multispectral/DJI_DateTime_2024_06_02_13_43_0046_lat_10.3037496_lon_105.2619705_alt_19.973m_R.TIF"", ""/home/hyggestuen/Downloads/_WeedyRice/WeedyRice-RGBMS-DB/Multispectral/DJI_DateTime_2024_06_02_13_43_0046_lat_10.3037496_lon_105.2619705_alt_19.973m_RE.TIF""]",/home/hyggestuen/Downloads/_WeedyRice/WeedyRice-RGBMS-DB/Masks/DJI_DateTime_2024_06_02_13_43_0046_lat_10.3037496_lon_105.2619705_alt_19.973m.png,2024_06_02_13,val
DJI_DateTime_2024_06_02_13_43_0047_lat_10.3037770_lon_105.2619830_alt_20.009m,/home/hyggestuen/Downloads/_WeedyRice/WeedyRice-RGBMS-DB/RGB/DJI_DateTime_2024_06_02_13_43_0047_lat_10.3037770_lon_105.2619830_alt_20.009m.JPG,,"[""/home/hyggestuen/Downloads/_WeedyRice/WeedyRice-RGBMS-DB/Multispectral/DJI_DateTime_2024_06_02_13_43_0047_lat_10.3037770_lon_105.2619830_alt_20.009m_G.TIF"", ""/home/hyggestuen/Downloads/_WeedyRice/WeedyRice-RGBMS-DB/Multispectral/DJI_DateTime_2024_06_02_13_43_0047_lat_10.3037770_lon_105.2619830_alt_20.009m_NIR.TIF"", ""/home/hyggestuen/Downloads/_WeedyRice/WeedyRice-RGBMS-DB/Multispectral/DJI_DateTime_2024_06_02_13_43_0047_lat_10.3037770_lon_105.2619830_alt_20.009m_R.TIF"", ""/home/hyggestuen/Downloads/_WeedyRice/WeedyRice-RGBMS-DB/Multispectral/DJI_DateTime_2024_06_02_13_43_0047_lat_10.3037770_lon_105.2619830_alt_20.009m_RE.TIF""]",/home/hyggestuen/Downloads/_WeedyRice/WeedyRice-RGBMS-DB/Masks/DJI_DateTime_2024_06_02_13_43_0047_lat_10.3037770_lon_105.2619830_alt_20.009m.png,2024_06_02_13,val
DJI_DateTime_2024_06_02_13_43_0048_lat_10.3038091_lon_105.2619845_alt_20.005m,/home/hyggestuen/Downloads/_WeedyRice/WeedyRice-RGBMS-DB/RGB/DJI_DateTime_2024_06_02_13_43_0048_lat_10.3038091_lon_105.2619845_alt_20.005m.JPG,,"[""/home/hyggestuen/Downloads/_WeedyRice/WeedyRice-RGBMS-DB/Multispectral/DJI_DateTime_2024_06_02_13_43_0048_lat_10.3038091_lon_105.2619845_alt_20.005m_G.TIF"", ""/home/hyggestuen/Downloads/_WeedyRice/WeedyRice-RGBMS-DB/Multispectral/DJI_DateTime_2024_06_02_13_43_0048_lat_10.3038091_lon_105.2619845_alt_20.005m_NIR.TIF"", ""/home/hyggestuen/Downloads/_WeedyRice/WeedyRice-RGBMS-DB/Multispectral/DJI_DateTime_2024_06_02_13_43_0048_lat_10.3038091_lon_105.2619845_alt_20.005m_R.TIF"", ""/home/hyggestuen/Downloads/_WeedyRice/WeedyRice-RGBMS-DB/Multispectral/DJI_DateTime_2024_06_02_13_43_0048_lat_10.3038091_lon_105.2619845_alt_20.005m_RE.TIF""]",/home/hyggestuen/Downloads/_WeedyRice/WeedyRice-RGBMS-DB/Masks/DJI_DateTime_2024_06_02_13_43_0048_lat_10.3038091_lon_105.2619845_alt_20.005m.png,2024_06_02_13,val
DJI_DateTime_2024_06_02_13_46_0100_lat_10.3048624_lon_105.2621073_alt_20.006m,/home/hyggestuen/Downloads/_WeedyRice/WeedyRice-RGBMS-DB/RGB/DJI_DateTime_2024_06_02_13_46_0100_lat_10.3048624_lon_105.2621073_alt_20.006m.JPG,,"[""/home/hyggestuen/Downloads/_WeedyRice/WeedyRice-RGBMS-DB/Multispectral/DJI_DateTime_2024_06_02_13_46_0100_lat_10.3048624_lon_105.2621073_alt_20.006m_G.TIF"", ""/home/hyggestuen/Downloads/_WeedyRice/WeedyRice-RGBMS-DB/Multispectral/DJI_DateTime_2024_06_02_13_46_0100_lat_10.3048624_lon_105.2621073_alt_20.006m_NIR.TIF"", ""/home/hyggestuen/Downloads/_WeedyRice/WeedyRice-RGBMS-DB/Multispectral/DJI_DateTime_2024_06_02_13_46_0100_lat_10.3048624_lon_105.2621073_alt_20.006m_R.TIF"", ""/home/hyggestuen/Downloads/_WeedyRice/WeedyRice-RGBMS-DB/Multispectral/DJI_DateTime_2024_06_02_13_46_0100_lat_10.3048624_lon_105.2621073_alt_20.006m_RE.TIF""]",/home/hyggestuen/Downloads/_WeedyRice/WeedyRice-RGBMS-DB/Masks/DJI_DateTime_2024_06_02_13_46_0100_lat_10.3048624_lon_105.2621073_alt_20.006m.png,2024_06_02_13,val
DJI_DateTime_2024_06_02_13_46_0101_lat_10.3048303_lon_105.2621055_alt_20.021m,/home/hyggestuen/Downloads/_WeedyRice/WeedyRice-RGBMS-DB/RGB/DJI_DateTime_2024_06_02_13_46_0101_lat_10.3048303_lon_105.2621055_alt_20.021m.JPG,,"[""/home/hyggestuen/Downloads/_WeedyRice/WeedyRice-RGBMS-DB/Multispectral/DJI_DateTime_2024_06_02_13_46_0101_lat_10.3048303_lon_105.2621055_alt_20.021m_G.TIF"", ""/home/hyggestuen/Downloads/_WeedyRice/WeedyRice-RGBMS-DB/Multispectral/DJI_DateTime_2024_06_02_13_46_0101_lat_10.3048303_lon_105.2621055_alt_20.021m_NIR.TIF"", ""/home/hyggestuen/Downloads/_WeedyRice/WeedyRice-RGBMS-DB/Multispectral/DJI_DateTime_2024_06_02_13_46_0101_lat_10.3048303_lon_105.2621055_alt_20.021m_R.TIF"", ""/home/hyggestuen/Downloads/_WeedyRice/WeedyRice-RGBMS-DB/Multispectral/DJI_DateTime_2024_06_02_13_46_0101_lat_10.3048303_lon_105.2621055_alt_20.021m_RE.TIF""]",/home/hyggestuen/Downloads/_WeedyRice/WeedyRice-RGBMS-DB/Masks/DJI_DateTime_2024_06_02_13_46_0101_lat_10.3048303_lon_105.2621055_alt_20.021m.png,2024_06_02_13,val
DJI_DateTime_2024_06_02_13_46_0102_lat_10.3047980_lon_105.2621037_alt_19.992m,/home/hyggestuen/Downloads/_WeedyRice/WeedyRice-RGBMS-DB/RGB/DJI_DateTime_2024_06_02_13_46_0102_lat_10.3047980_lon_105.2621037_alt_19.992m.JPG,,"[""/home/hyggestuen/Downloads/_WeedyRice/WeedyRice-RGBMS-DB/Multispectral/DJI_DateTime_2024_06_02_13_46_0102_lat_10.3047980_lon_105.2621037_alt_19.992m_G.TIF"", ""/home/hyggestuen/Downloads/_WeedyRice/WeedyRice-RGBMS-DB/Multispectral/DJI_DateTime_2024_06_02_13_46_0102_lat_10.3047980_lon_105.2621037_alt_19.992m_NIR.TIF"", ""/home/hyggestuen/Downloads/_WeedyRice/WeedyRice-RGBMS-DB/Multispectral/DJI_DateTime_2024_06_02_13_46_0102_lat_10.3047980_lon_105.2621037_alt_19.992m_R.TIF"", ""/home/hyggestuen/Downloads/_WeedyRice/WeedyRice-RGBMS-DB/Multispectral/DJI_DateTime_2024_06_02_13_46_0102_lat_10.3047980_lon_105.2621037_alt_19.992m_RE.TIF""]",/home/hyggestuen/Downloads/_WeedyRice/WeedyRice-RGBMS-DB/Masks/DJI_DateTime_2024_06_02_13_46_0102_lat_10.3047980_lon_105.2621037_alt_19.992m.png,2024_06_02_13,val
DJI_DateTime_2024_06_02_13_46_0103_lat_10.3047657_lon_105.2621019_alt_19.981m,/home/hyggestuen/Downloads/_WeedyRice/WeedyRice-RGBMS-DB/RGB/DJI_DateTime_2024_06_02_13_46_0103_lat_10.3047657_lon_105.2621019_alt_19.981m.JPG,,"[""/home/hyggestuen/Downloads/_WeedyRice/WeedyRice-RGBMS-DB/Multispectral/DJI_DateTime_2024_06_02_13_46_0103_lat_10.3047657_lon_105.2621019_alt_19.981m_G.TIF"", ""/home/hyggestuen/Downloads/_WeedyRice/WeedyRice-RGBMS-DB/Multispectral/DJI_DateTime_2024_06_02_13_46_0103_lat_10.3047657_lon_105.2621019_alt_19.981m_NIR.TIF"", ""/home/hyggestuen/Downloads/_WeedyRice/WeedyRice-RGBMS-DB/Multispectral/DJI_DateTime_2024_06_02_13_46_0103_lat_10.3047657_lon_105.2621019_alt_19.981m_R.TIF"", ""/home/hyggestuen/Downloads/_WeedyRice/WeedyRice-RGBMS-DB/Multispectral/DJI_DateTime_2024_06_02_13_46_0103_lat_10.3047657_lon_105.2621019_alt_19.981m_RE.TIF""]",/home/hyggestuen/Downloads/_WeedyRice/WeedyRice-RGBMS-DB/Masks/DJI_DateTime_2024_06_02_13_46_0103_lat_10.3047657_lon_105.2621019_alt_19.981m.png,2024_06_02_13,val
DJI_DateTime_2024_06_02_13_46_0104_lat_10.3047332_lon_105.2621004_alt_20.000m,/home/hyggestuen/Downloads/_WeedyRice/WeedyRice-RGBMS-DB/RGB/DJI_DateTime_2024_06_02_13_46_0104_lat_10.3047332_lon_105.2621004_alt_20.000m.JPG,,"[""/home/hyggestuen/Downloads/_WeedyRice/WeedyRice-RGBMS-DB/Multispectral/DJI_DateTime_2024_06_02_13_46_0104_lat_10.3047332_lon_105.2621004_alt_20.000m_G.TIF"", ""/home/hyggestuen/Downloads/_WeedyRice/WeedyRice-RGBMS-DB/Multispectral/DJI_DateTime_2024_06_02_13_46_0104_lat_10.3047332_lon_105.2621004_alt_20.000m_NIR.TIF"", ""/home/hyggestuen/Downloads/_WeedyRice/WeedyRice-RGBMS-DB/Multispectral/DJI_DateTime_2024_06_02_13_46_0104_lat_10.3047332_lon_105.2621004_alt_20.000m_R.TIF"", ""/home/hyggestuen/Downloads/_WeedyRice/WeedyRice-RGBMS-DB/Multispectral/DJI_DateTime_2024_06_02_13_46_0104_lat_10.3047332_lon_105.2621004_alt_20.000m_RE.TIF""]",/home/hyggestuen/Downloads/_WeedyRice/WeedyRice-RGBMS-DB/Masks/DJI_DateTime_2024_06_02_13_46_0104_lat_10.3047332_lon_105.2621004_alt_20.000m.png,2024_06_02_13,val
DJI_DateTime_2024_06_02_13_46_0105_lat_10.3047014_lon_105.2620993_alt_19.998m,/home/hyggestuen/Downloads/_WeedyRice/WeedyRice-RGBMS-DB/RGB/DJI_DateTime_2024_06_02_13_46_0105_lat_10.3047014_lon_105.2620993_alt_19.998m.JPG,,"[""/home/hyggestuen/Downloads/_WeedyRice/WeedyRice-RGBMS-DB/Multispectral/DJI_DateTime_2024_06_02_13_46_0105_lat_10.3047014_lon_105.2620993_alt_19.998m_G.TIF"", ""/home/hyggestuen/Downloads/_WeedyRice/WeedyRice-RGBMS-DB/Multispectral/DJI_DateTime_2024_06_02_13_46_0105_lat_10.3047014_lon_105.2620993_alt_19.998m_NIR.TIF"", ""/home/hyggestuen/Downloads/_WeedyRice/WeedyRice-RGBMS-DB/Multispectral/DJI_DateTime_2024_06_02_13_46_0105_lat_10.3047014_lon_105.2620993_alt_19.998m_R.TIF"", ""/home/hyggestuen/Downloads/_WeedyRice/WeedyRice-RGBMS-DB/Multispectral/DJI_DateTime_2024_06_02_13_46_0105_lat_10.3047014_lon_105.2620993_alt_19.998m_RE.TIF""]",/home/hyggestuen/Downloads/_WeedyRice/WeedyRice-RGBMS-DB/Masks/DJI_DateTime_2024_06_02_13_46_0105_lat_10.3047014_lon_105.2620993_alt_19.998m.png,2024_06_02_13,val
DJI_DateTime_2024_06_02_13_46_0106_lat_10.3046688_lon_105.2620979_alt_19.993m,/home/hyggestuen/Downloads/_WeedyRice/WeedyRice-RGBMS-DB/RGB/DJI_DateTime_2024_06_02_13_46_0106_lat_10.3046688_lon_105.2620979_alt_19.993m.JPG,,"[""/home/hyggestuen/Downloads/_WeedyRice/WeedyRice-RGBMS-DB/Multispectral/DJI_DateTime_2024_06_02_13_46_0106_lat_10.3046688_lon_105.2620979_alt_19.993m_G.TIF"", ""/home/hyggestuen/Downloads/_WeedyRice/WeedyRice-RGBMS-DB/Multispectral/DJI_DateTime_2024_06_02_13_46_0106_lat_10.3046688_lon_105.2620979_alt_19.993m_NIR.TIF"", ""/home/hyggestuen/Downloads/_WeedyRice/WeedyRice-RGBMS-DB/Multispectral/DJI_DateTime_2024_06_02_13_46_0106_lat_10.3046688_lon_105.2620979_alt_19.993m_R.TIF"", ""/home/hyggestuen/Downloads/_WeedyRice/WeedyRice-RGBMS-DB/Multispectral/DJI_DateTime_2024_06_02_13_46_0106_lat_10.3046688_lon_105.2620979_alt_19.993m_RE.TIF""]",/home/hyggestuen/Downloads/_WeedyRice/WeedyRice-RGBMS-DB/Masks/DJI_DateTime_2024_06_02_13_46_0106_lat_10.3046688_lon_105.2620979_alt_19.993m.png,2024_06_02_13,val
DJI_DateTime_2024_06_02_13_46_0107_lat_10.3046364_lon_105.2620963_alt_19.999m,/home/hyggestuen/Downloads/_WeedyRice/WeedyRice-RGBMS-DB/RGB/DJI_DateTime_2024_06_02_13_46_0107_lat_10.3046364_lon_105.2620963_alt_19.999m.JPG,,"[""/home/hyggestuen/Downloads/_WeedyRice/WeedyRice-RGBMS-DB/Multispectral/DJI_DateTime_2024_06_02_13_46_0107_lat_10.3046364_lon_105.2620963_alt_19.999m_G.TIF"", ""/home/hyggestuen/Downloads/_WeedyRice/WeedyRice-RGBMS-DB/Multispectral/DJI_DateTime_2024_06_02_13_46_0107_lat_10.3046364_lon_105.2620963_alt_19.999m_NIR.TIF"", ""/home/hyggestuen/Downloads/_WeedyRice/WeedyRice-RGBMS-DB/Multispectral/DJI_DateTime_2024_06_02_13_46_0107_lat_10.3046364_lon_105.2620963_alt_19.999m_R.TIF"", ""/home/hyggestuen/Downloads/_WeedyRice/WeedyRice-RGBMS-DB/Multispectral/DJI_DateTime_2024_06_02_13_46_0107_lat_10.3046364_lon_105.2620963_alt_19.999m_RE.TIF""]",/home/hyggestuen/Downloads/_WeedyRice/WeedyRice-RGBMS-DB/Masks/DJI_DateTime_2024_06_02_13_46_0107_lat_10.3046364_lon_105.2620963_alt_19.999m.png,2024_06_02_13,val
DJI_DateTime_2024_06_02_13_46_0108_lat_10.3046041_lon_105.2620949_alt_20.005m,/home/hyggestuen/Downloads/_WeedyRice/WeedyRice-RGBMS-DB/RGB/DJI_DateTime_2024_06_02_13_46_0108_lat_10.3046041_lon_105.2620949_alt_20.005m.JPG,,"[""/home/hyggestuen/Downloads/_WeedyRice/WeedyRice-RGBMS-DB/Multispectral/DJI_DateTime_2024_06_02_13_46_0108_lat_10.3046041_lon_105.2620949_alt_20.005m_G.TIF"", ""/home/hyggestuen/Downloads/_WeedyRice/WeedyRice-RGBMS-DB/Multispectral/DJI_DateTime_2024_06_02_13_46_0108_lat_10.3046041_lon_105.2620949_alt_20.005m_NIR.TIF"", ""/home/hyggestuen/Downloads/_WeedyRice/WeedyRice-RGBMS-DB/Multispectral/DJI_DateTime_2024_06_02_13_46_0108_lat_10.3046041_lon_105.2620949_alt_20.005m_R.TIF"", ""/home/hyggestuen/Downloads/_WeedyRice/WeedyRice-RGBMS-DB/Multispectral/DJI_DateTime_2024_06_02_13_46_0108_lat_10.3046041_lon_105.2620949_alt_20.005m_RE.TIF""]",/home/hyggestuen/Downloads/_WeedyRice/WeedyRice-RGBMS-DB/Masks/DJI_DateTime_2024_06_02_13_46_0108_lat_10.3046041_lon_105.2620949_alt_20.005m.png,2024_06_02_13,val
DJI_DateTime_2024_06_02_13_47_0109_lat_10.3045719_lon_105.2620937_alt_20.010m,/home/hyggestuen/Downloads/_WeedyRice/WeedyRice-RGBMS-DB/RGB/DJI_DateTime_2024_06_02_13_47_0109_lat_10.3045719_lon_105.2620937_alt_20.010m.JPG,,"[""/home/hyggestuen/Downloads/_WeedyRice/WeedyRice-RGBMS-DB/Multispectral/DJI_DateTime_2024_06_02_13_47_0109_lat_10.3045719_lon_105.2620937_alt_20.010m_G.TIF"", ""/home/hyggestuen/Downloads/_WeedyRice/WeedyRice-RGBMS-DB/Multispectral/DJI_DateTime_2024_06_02_13_47_0109_lat_10.3045719_lon_105.2620937_alt_20.010m_NIR.TIF"", ""/home/hyggestuen/Downloads/_WeedyRice/WeedyRice-RGBMS-DB/Multispectral/DJI_DateTime_2024_06_02_13_47_0109_lat_10.3045719_lon_105.2620937_alt_20.010m_R.TIF"", ""/home/hyggestuen/Downloads/_WeedyRice/WeedyRice-RGBMS-DB/Multispectral/DJI_DateTime_2024_06_02_13_47_0109_lat_10.3045719_lon_105.2620937_alt_20.010m_RE.TIF""]",/home/hyggestuen/Downloads/_WeedyRice/WeedyRice-RGBMS-DB/Masks/DJI_DateTime_2024_06_02_13_47_0109_lat_10.3045719_lon_105.2620937_alt_20.010m.png,2024_06_02_13,val
DJI_DateTime_2024_06_02_13_47_0110_lat_10.3045391_lon_105.2620921_alt_20.004m,/home/hyggestuen/Downloads/_WeedyRice/WeedyRice-RGBMS-DB/RGB/DJI_DateTime_2024_06_02_13_47_0110_lat_10.3045391_lon_105.2620921_alt_20.004m.JPG,,"[""/home/hyggestuen/Downloads/_WeedyRice/WeedyRice-RGBMS-DB/Multispectral/DJI_DateTime_2024_06_02_13_47_0110_lat_10.3045391_lon_105.2620921_alt_20.004m_G.TIF"", ""/home/hyggestuen/Downloads/_WeedyRice/WeedyRice-RGBMS-DB/Multispectral/DJI_DateTime_2024_06_02_13_47_0110_lat_10.3045391_lon_105.2620921_alt_20.004m_NIR.TIF"", ""/home/hyggestuen/Downloads/_WeedyRice/WeedyRice-RGBMS-DB/Multispectral/DJI_DateTime_2024_06_02_13_47_0110_lat_10.3045391_lon_105.2620921_alt_20.004m_R.TIF"", ""/home/hyggestuen/Downloads/_WeedyRice/WeedyRice-RGBMS-DB/Multispectral/DJI_DateTime_2024_06_02_13_47_0110_lat_10.3045391_lon_105.2620921_alt_20.004m_RE.TIF""]",/home/hyggestuen/Downloads/_WeedyRice/WeedyRice-RGBMS-DB/Masks/DJI_DateTime_2024_06_02_13_47_0110_lat_10.3045391_lon_105.2620921_alt_20.004m.png,2024_06_02_13,val
DJI_DateTime_2024_06_02_13_47_0111_lat_10.3045066_lon_105.2620905_alt_20.003m,/home/hyggestuen/Downloads/_WeedyRice/WeedyRice-RGBMS-DB/RGB/DJI_DateTime_2024_06_02_13_47_0111_lat_10.3045066_lon_105.2620905_alt_20.003m.JPG,,"[""/home/hyggestuen/Downloads/_WeedyRice/WeedyRice-RGBMS-DB/Multispectral/DJI_DateTime_2024_06_02_13_47_0111_lat_10.3045066_lon_105.2620905_alt_20.003m_G.TIF"", ""/home/hyggestuen/Downloads/_WeedyRice/WeedyRice-RGBMS-DB/Multispectral/DJI_DateTime_2024_06_02_13_47_0111_lat_10.3045066_lon_105.2620905_alt_20.003m_NIR.TIF"", ""/home/hyggestuen/Downloads/_WeedyRice/WeedyRice-RGBMS-DB/Multispectral/DJI_DateTime_2024_06_02_13_47_0111_lat_10.3045066_lon_105.2620905_alt_20.003m_R.TIF"", ""/home/hyggestuen/Downloads/_WeedyRice/WeedyRice-RGBMS-DB/Multispectral/DJI_DateTime_2024_06_02_13_47_0111_lat_10.3045066_lon_105.2620905_alt_20.003m_RE.TIF""]",/home/hyggestuen/Downloads/_WeedyRice/WeedyRice-RGBMS-DB/Masks/DJI_DateTime_2024_06_02_13_47_0111_lat_10.3045066_lon_105.2620905_alt_20.003m.png,2024_06_02_13,val
DJI_DateTime_2024_06_02_13_47_0112_lat_10.3044744_lon_105.2620886_alt_19.999m,/home/hyggestuen/Downloads/_WeedyRice/WeedyRice-RGBMS-DB/RGB/DJI_DateTime_2024_06_02_13_47_0112_lat_10.3044744_lon_105.2620886_alt_19.999m.JPG,,"[""/home/hyggestuen/Downloads/_WeedyRice/WeedyRice-RGBMS-DB/Multispectral/DJI_DateTime_2024_06_02_13_47_0112_lat_10.3044744_lon_105.2620886_alt_19.999m_G.TIF"", ""/home/hyggestuen/Downloads/_WeedyRice/WeedyRice-RGBMS-DB/Multispectral/DJI_DateTime_2024_06_02_13_47_0112_lat_10.3044744_lon_105.2620886_alt_19.999m_NIR.TIF"", ""/home/hyggestuen/Downloads/_WeedyRice/WeedyRice-RGBMS-DB/Multispectral/DJI_DateTime_2024_06_02_13_47_0112_lat_10.3044744_lon_105.2620886_alt_19.999m_R.TIF"", ""/home/hyggestuen/Downloads/_WeedyRice/WeedyRice-RGBMS-DB/Multispectral/DJI_DateTime_2024_06_02_13_47_0112_lat_10.3044744_lon_105.2620886_alt_19.999m_RE.TIF""]",/home/hyggestuen/Downloads/_WeedyRice/WeedyRice-RGBMS-DB/Masks/DJI_DateTime_2024_06_02_13_47_0112_lat_10.3044744_lon_105.2620886_alt_19.999m.png,2024_06_02_13,val
DJI_DateTime_2024_06_02_13_47_0113_lat_10.3044424_lon_105.2620869_alt_19.998m,/home/hyggestuen/Downloads/_WeedyRice/WeedyRice-RGBMS-DB/RGB/DJI_DateTime_2024_06_02_13_47_0113_lat_10.3044424_lon_105.2620869_alt_19.998m.JPG,,"[""/home/hyggestuen/Downloads/_WeedyRice/WeedyRice-RGBMS-DB/Multispectral/DJI_DateTime_2024_06_02_13_47_0113_lat_10.3044424_lon_105.2620869_alt_19.998m_G.TIF"", ""/home/hyggestuen/Downloads/_WeedyRice/WeedyRice-RGBMS-DB/Multispectral/DJI_DateTime_2024_06_02_13_47_0113_lat_10.3044424_lon_105.2620869_alt_19.998m_NIR.TIF"", ""/home/hyggestuen/Downloads/_WeedyRice/WeedyRice-RGBMS-DB/Multispectral/DJI_DateTime_2024_06_02_13_47_0113_lat_10.3044424_lon_105.2620869_alt_19.998m_R.TIF"", ""/home/hyggestuen/Downloads/_WeedyRice/WeedyRice-RGBMS-DB/Multispectral/DJI_DateTime_2024_06_02_13_47_0113_lat_10.3044424_lon_105.2620869_alt_19.998m_RE.TIF""]",/home/hyggestuen/Downloads/_WeedyRice/WeedyRice-RGBMS-DB/Masks/DJI_DateTime_2024_06_02_13_47_0113_lat_10.3044424_lon_105.2620869_alt_19.998m.png,2024_06_02_13,val
DJI_DateTime_2024_06_02_13_47_0114_lat_10.3044102_lon_105.2620848_alt_19.988m,/home/hyggestuen/Downloads/_WeedyRice/WeedyRice-RGBMS-DB/RGB/DJI_DateTime_2024_06_02_13_47_0114_lat_10.3044102_lon_105.2620848_alt_19.988m.JPG,,"[""/home/hyggestuen/Downloads/_WeedyRice/WeedyRice-RGBMS-DB/Multispectral/DJI_DateTime_2024_06_02_13_47_0114_lat_10.3044102_lon_105.2620848_alt_19.988m_G.TIF"", ""/home/hyggestuen/Downloads/_WeedyRice/WeedyRice-RGBMS-DB/Multispectral/DJI_DateTime_2024_06_02_13_47_0114_lat_10.3044102_lon_105.2620848_alt_19.988m_NIR.TIF"", ""/home/hyggestuen/Downloads/_WeedyRice/WeedyRice-RGBMS-DB/Multispectral/DJI_DateTime_2024_06_02_13_47_0114_lat_10.3044102_lon_105.2620848_alt_19.988m_R.TIF"", ""/home/hyggestuen/Downloads/_WeedyRice/WeedyRice-RGBMS-DB/Multispectral/DJI_DateTime_2024_06_02_13_47_0114_lat_10.3044102_lon_105.2620848_alt_19.988m_RE.TIF""]",/home/hyggestuen/Downloads/_WeedyRice/WeedyRice-RGBMS-DB/Masks/DJI_DateTime_2024_06_02_13_47_0114_lat_10.3044102_lon_105.2620848_alt_19.988m.png,2024_06_02_13,val
DJI_DateTime_2024_06_02_13_47_0115_lat_10.3043780_lon_105.2620831_alt_19.986m,/home/hyggestuen/Downloads/_WeedyRice/WeedyRice-RGBMS-DB/RGB/DJI_DateTime_2024_06_02_13_47_0115_lat_10.3043780_lon_105.2620831_alt_19.986m.JPG,,"[""/home/hyggestuen/Downloads/_WeedyRice/WeedyRice-RGBMS-DB/Multispectral/DJI_DateTime_2024_06_02_13_47_0115_lat_10.3043780_lon_105.2620831_alt_19.986m_G.TIF"", ""/home/hyggestuen/Downloads/_WeedyRice/WeedyRice-RGBMS-DB/Multispectral/DJI_DateTime_2024_06_02_13_47_0115_lat_10.3043780_lon_105.2620831_alt_19.986m_NIR.TIF"", ""/home/hyggestuen/Downloads/_WeedyRice/WeedyRice-RGBMS-DB/Multispectral/DJI_DateTime_2024_06_02_13_47_0115_lat_10.3043780_lon_105.2620831_alt_19.986m_R.TIF"", ""/home/hyggestuen/Downloads/_WeedyRice/WeedyRice-RGBMS-DB/Multispectral/DJI_DateTime_2024_06_02_13_47_0115_lat_10.3043780_lon_105.2620831_alt_19.986m_RE.TIF""]",/home/hyggestuen/Downloads/_WeedyRice/WeedyRice-RGBMS-DB/Masks/DJI_DateTime_2024_06_02_13_47_0115_lat_10.3043780_lon_105.2620831_alt_19.986m.png,2024_06_02_13,val
DJI_DateTime_2024_06_02_13_47_0116_lat_10.3043458_lon_105.2620814_alt_19.989m,/home/hyggestuen/Downloads/_WeedyRice/WeedyRice-RGBMS-DB/RGB/DJI_DateTime_2024_06_02_13_47_0116_lat_10.3043458_lon_105.2620814_alt_19.989m.JPG,,"[""/home/hyggestuen/Downloads/_WeedyRice/WeedyRice-RGBMS-DB/Multispectral/DJI_DateTime_2024_06_02_13_47_0116_lat_10.3043458_lon_105.2620814_alt_19.989m_G.TIF"", ""/home/hyggestuen/Downloads/_WeedyRice/WeedyRice-RGBMS-DB/Multispectral/DJI_DateTime_2024_06_02_13_47_0116_lat_10.3043458_lon_105.2620814_alt_19.989m_NIR.TIF"", ""/home/hyggestuen/Downloads/_WeedyRice/WeedyRice-RGBMS-DB/Multispectral/DJI_DateTime_2024_06_02_13_47_0116_lat_10.3043458_lon_105.2620814_alt_19.989m_R.TIF"", ""/home/hyggestuen/Downloads/_WeedyRice/WeedyRice-RGBMS-DB/Multispectral/DJI_DateTime_2024_06_02_13_47_0116_lat_10.3043458_lon_105.2620814_alt_19.989m_RE.TIF""]",/home/hyggestuen/Downloads/_WeedyRice/WeedyRice-RGBMS-DB/Masks/DJI_DateTime_2024_06_02_13_47_0116_lat_10.3043458_lon_105.2620814_alt_19.989m.png,2024_06_02_13,val
DJI_DateTime_2024_06_02_13_47_0117_lat_10.3043136_lon_105.2620795_alt_19.974m,/home/hyggestuen/Downloads/_WeedyRice/WeedyRice-RGBMS-DB/RGB/DJI_DateTime_2024_06_02_13_47_0117_lat_10.3043136_lon_105.2620795_alt_19.974m.JPG,,"[""/home/hyggestuen/Downloads/_WeedyRice/WeedyRice-RGBMS-DB/Multispectral/DJI_DateTime_2024_06_02_13_47_0117_lat_10.3043136_lon_105.2620795_alt_19.974m_G.TIF"", ""/home/hyggestuen/Downloads/_WeedyRice/WeedyRice-RGBMS-DB/Multispectral/DJI_DateTime_2024_06_02_13_47_0117_lat_10.3043136_lon_105.2620795_alt_19.974m_NIR.TIF"", ""/home/hyggestuen/Downloads/_WeedyRice/WeedyRice-RGBMS-DB/Multispectral/DJI_DateTime_2024_06_02_13_47_0117_lat_10.3043136_lon_105.2620795_alt_19.974m_R.TIF"", ""/home/hyggestuen/Downloads/_WeedyRice/WeedyRice-RGBMS-DB/Multispectral/DJI_DateTime_2024_06_02_13_47_0117_lat_10.3043136_lon_105.2620795_alt_19.974m_RE.TIF""]",/home/hyggestuen/Downloads/_WeedyRice/WeedyRice-RGBMS-DB/Masks/DJI_DateTime_2024_06_02_13_47_0117_lat_10.3043136_lon_105.2620795_alt_19.974m.png,2024_06_02_13,val
DJI_DateTime_2024_06_02_13_47_0118_lat_10.3042815_lon_105.2620777_alt_19.990m,/home/hyggestuen/Downloads/_WeedyRice/WeedyRice-RGBMS-DB/RGB/DJI_DateTime_2024_06_02_13_47_0118_lat_10.3042815_lon_105.2620777_alt_19.990m.JPG,,"[""/home/hyggestuen/Downloads/_WeedyRice/WeedyRice-RGBMS-DB/Multispectral/DJI_DateTime_2024_06_02_13_47_0118_lat_10.3042815_lon_105.2620777_alt_19.990m_G.TIF"", ""/home/hyggestuen/Downloads/_WeedyRice/WeedyRice-RGBMS-DB/Multispectral/DJI_DateTime_2024_06_02_13_47_0118_lat_10.3042815_lon_105.2620777_alt_19.990m_NIR.TIF"", ""/home/hyggestuen/Downloads/_WeedyRice/WeedyRice-RGBMS-DB/Multispectral/DJI_DateTime_2024_06_02_13_47_0118_lat_10.3042815_lon_105.2620777_alt_19.990m_R.TIF"", ""/home/hyggestuen/Downloads/_WeedyRice/WeedyRice-RGBMS-DB/Multispectral/DJI_DateTime_2024_06_02_13_47_0118_lat_10.3042815_lon_105.2620777_alt_19.990m_RE.TIF""]",/home/hyggestuen/Downloads/_WeedyRice/WeedyRice-RGBMS-DB/Masks/DJI_DateTime_2024_06_02_13_47_0118_lat_10.3042815_lon_105.2620777_alt_19.990m.png,2024_06_02_13,val
DJI_DateTime_2024_06_02_13_47_0119_lat_10.3042490_lon_105.2620755_alt_19.991m,/home/hyggestuen/Downloads/_WeedyRice/WeedyRice-RGBMS-DB/RGB/DJI_DateTime_2024_06_02_13_47_0119_lat_10.3042490_lon_105.2620755_alt_19.991m.JPG,,"[""/home/hyggestuen/Downloads/_WeedyRice/WeedyRice-RGBMS-DB/Multispectral/DJI_DateTime_2024_06_02_13_47_0119_lat_10.3042490_lon_105.2620755_alt_19.991m_G.TIF"", ""/home/hyggestuen/Downloads/_WeedyRice/WeedyRice-RGBMS-DB/Multispectral/DJI_DateTime_2024_06_02_13_47_0119_lat_10.3042490_lon_105.2620755_alt_19.991m_NIR.TIF"", ""/home/hyggestuen/Downloads/_WeedyRice/WeedyRice-RGBMS-DB/Multispectral/DJI_DateTime_2024_06_02_13_47_0119_lat_10.3042490_lon_105.2620755_alt_19.991m_R.TIF"", ""/home/hyggestuen/Downloads/_WeedyRice/WeedyRice-RGBMS-DB/Multispectral/DJI_DateTime_2024_06_02_13_47_0119_lat_10.3042490_lon_105.2620755_alt_19.991m_RE.TIF""]",/home/hyggestuen/Downloads/_WeedyRice/WeedyRice-RGBMS-DB/Masks/DJI_DateTime_2024_06_02_13_47_0119_lat_10.3042490_lon_105.2620755_alt_19.991m.png,2024_06_02_13,val
DJI_DateTime_2024_06_02_13_47_0120_lat_10.3042167_lon_105.2620736_alt_20.003m,/home/hyggestuen/Downloads/_WeedyRice/WeedyRice-RGBMS-DB/RGB/DJI_DateTime_2024_06_02_13_47_0120_lat_10.3042167_lon_105.2620736_alt_20.003m.JPG,,"[""/home/hyggestuen/Downloads/_WeedyRice/WeedyRice-RGBMS-DB/Multispectral/DJI_DateTime_2024_06_02_13_47_0120_lat_10.3042167_lon_105.2620736_alt_20.003m_G.TIF"", ""/home/hyggestuen/Downloads/_WeedyRice/WeedyRice-RGBMS-DB/Multispectral/DJI_DateTime_2024_06_02_13_47_0120_lat_10.3042167_lon_105.2620736_alt_20.003m_NIR.TIF"", ""/home/hyggestuen/Downloads/_WeedyRice/WeedyRice-RGBMS-DB/Multispectral/DJI_DateTime_2024_06_02_13_47_0120_lat_10.3042167_lon_105.2620736_alt_20.003m_R.TIF"", ""/home/hyggestuen/Downloads/_WeedyRice/WeedyRice-RGBMS-DB/Multispectral/DJI_DateTime_2024_06_02_13_47_0120_lat_10.3042167_lon_105.2620736_alt_20.003m_RE.TIF""]",/home/hyggestuen/Downloads/_WeedyRice/WeedyRice-RGBMS-DB/Masks/DJI_DateTime_2024_06_02_13_47_0120_lat_10.3042167_lon_105.2620736_alt_20.003m.png,2024_06_02_13,val
DJI_DateTime_2024_06_02_13_47_0121_lat_10.3041845_lon_105.2620714_alt_20.009m,/home/hyggestuen/Downloads/_WeedyRice/WeedyRice-RGBMS-DB/RGB/DJI_DateTime_2024_06_02_13_47_0121_lat_10.3041845_lon_105.2620714_alt_20.009m.JPG,,"[""/home/hyggestuen/Downloads/_WeedyRice/WeedyRice-RGBMS-DB/Multispectral/DJI_DateTime_2024_06_02_13_47_0121_lat_10.3041845_lon_105.2620714_alt_20.009m_G.TIF"", ""/home/hyggestuen/Downloads/_WeedyRice/WeedyRice-RGBMS-DB/Multispectral/DJI_DateTime_2024_06_02_13_47_0121_lat_10.3041845_lon_105.2620714_alt_20.009m_NIR.TIF"", ""/home/hyggestuen/Downloads/_WeedyRice/WeedyRice-RGBMS-DB/Multispectral/DJI_DateTime_2024_06_02_13_47_0121_lat_10.3041845_lon_105.2620714_alt_20.009m_R.TIF"", ""/home/hyggestuen/Downloads/_WeedyRice/WeedyRice-RGBMS-DB/Multispectral/DJI_DateTime_2024_06_02_13_47_0121_lat_10.3041845_lon_105.2620714_alt_20.009m_RE.TIF""]",/home/hyggestuen/Downloads/_WeedyRice/WeedyRice-RGBMS-DB/Masks/DJI_DateTime_2024_06_02_13_47_0121_lat_10.3041845_lon_105.2620714_alt_20.009m.png,2024_06_02_13,val
DJI_DateTime_2024_06_02_13_47_0122_lat_10.3041526_lon_105.2620692_alt_19.993m,/home/hyggestuen/Downloads/_WeedyRice/WeedyRice-RGBMS-DB/RGB/DJI_DateTime_2024_06_02_13_47_0122_lat_10.3041526_lon_105.2620692_alt_19.993m.JPG,,"[""/home/hyggestuen/Downloads/_WeedyRice/WeedyRice-RGBMS-DB/Multispectral/DJI_DateTime_2024_06_02_13_47_0122_lat_10.3041526_lon_105.2620692_alt_19.993m_G.TIF"", ""/home/hyggestuen/Downloads/_WeedyRice/WeedyRice-RGBMS-DB/Multispectral/DJI_DateTime_2024_06_02_13_47_0122_lat_10.3041526_lon_105.2620692_alt_19.993m_NIR.TIF"", ""/home/hyggestuen/Downloads/_WeedyRice/WeedyRice-RGBMS-DB/Multispectral/DJI_DateTime_2024_06_02_13_47_0122_lat_10.3041526_lon_105.2620692_alt_19.993m_R.TIF"", ""/home/hyggestuen/Downloads/_WeedyRice/WeedyRice-RGBMS-DB/Multispectral/DJI_DateTime_2024_06_02_13_47_0122_lat_10.3041526_lon_105.2620692_alt_19.993m_RE.TIF""]",/home/hyggestuen/Downloads/_WeedyRice/WeedyRice-RGBMS-DB/Masks/DJI_DateTime_2024_06_02_13_47_0122_lat_10.3041526_lon_105.2620692_alt_19.993m.png,2024_06_02_13,val
DJI_DateTime_2024_06_02_13_47_0123_lat_10.3041200_lon_105.2620675_alt_20.007m,/home/hyggestuen/Downloads/_WeedyRice/WeedyRice-RGBMS-DB/RGB/DJI_DateTime_2024_06_02_13_47_0123_lat_10.3041200_lon_105.2620675_alt_20.007m.JPG,,"[""/home/hyggestuen/Downloads/_WeedyRice/WeedyRice-RGBMS-DB/Multispectral/DJI_DateTime_2024_06_02_13_47_0123_lat_10.3041200_lon_105.2620675_alt_20.007m_G.TIF"", ""/home/hyggestuen/Downloads/_WeedyRice/WeedyRice-RGBMS-DB/Multispectral/DJI_DateTime_2024_06_02_13_47_0123_lat_10.3041200_lon_105.2620675_alt_20.007m_NIR.TIF"", ""/home/hyggestuen/Downloads/_WeedyRice/WeedyRice-RGBMS-DB/Multispectral/DJI_DateTime_2024_06_02_13_47_0123_lat_10.3041200_lon_105.2620675_alt_20.007m_R.TIF"", ""/home/hyggestuen/Downloads/_WeedyRice/WeedyRice-RGBMS-DB/Multispectral/DJI_DateTime_2024_06_02_13_47_0123_lat_10.3041200_lon_105.2620675_alt_20.007m_RE.TIF""]",/home/hyggestuen/Downloads/_WeedyRice/WeedyRice-RGBMS-DB/Masks/DJI_DateTime_2024_06_02_13_47_0123_lat_10.3041200_lon_105.2620675_alt_20.007m.png,2024_06_02_13,val
DJI_DateTime_2024_06_02_13_47_0124_lat_10.3040883_lon_105.2620654_alt_20.004m,/home/hyggestuen/Downloads/_WeedyRice/WeedyRice-RGBMS-DB/RGB/DJI_DateTime_2024_06_02_13_47_0124_lat_10.3040883_lon_105.2620654_alt_20.004m.JPG,,"[""/home/hyggestuen/Downloads/_WeedyRice/WeedyRice-RGBMS-DB/Multispectral/DJI_DateTime_2024_06_02_13_47_0124_lat_10.3040883_lon_105.2620654_alt_20.004m_G.TIF"", ""/home/hyggestuen/Downloads/_WeedyRice/WeedyRice-RGBMS-DB/Multispectral/DJI_DateTime_2024_06_02_13_47_0124_lat_10.3040883_lon_105.2620654_alt_20.004m_NIR.TIF"", ""/home/hyggestuen/Downloads/_WeedyRice/WeedyRice-RGBMS-DB/Multispectral/DJI_DateTime_2024_06_02_13_47_0124_lat_10.3040883_lon_105.2620654_alt_20.004m_R.TIF"", ""/home/hyggestuen/Downloads/_WeedyRice/WeedyRice-RGBMS-DB/Multispectral/DJI_DateTime_2024_06_02_13_47_0124_lat_10.3040883_lon_105.2620654_alt_20.004m_RE.TIF""]",/home/hyggestuen/Downloads/_WeedyRice/WeedyRice-RGBMS-DB/Masks/DJI_DateTime_2024_06_02_13_47_0124_lat_10.3040883_lon_105.2620654_alt_20.004m.png,2024_06_02_13,val
DJI_DateTime_2024_06_02_13_47_0125_lat_10.3040556_lon_105.2620637_alt_20.014m,/home/hyggestuen/Downloads/_WeedyRice/WeedyRice-RGBMS-DB/RGB/DJI_DateTime_2024_06_02_13_47_0125_lat_10.3040556_lon_105.2620637_alt_20.014m.JPG,,"[""/home/hyggestuen/Downloads/_WeedyRice/WeedyRice-RGBMS-DB/Multispectral/DJI_DateTime_2024_06_02_13_47_0125_lat_10.3040556_lon_105.2620637_alt_20.014m_G.TIF"", ""/home/hyggestuen/Downloads/_WeedyRice/WeedyRice-RGBMS-DB/Multispectral/DJI_DateTime_2024_06_02_13_47_0125_lat_10.3040556_lon_105.2620637_alt_20.014m_NIR.TIF"", ""/home/hyggestuen/Downloads/_WeedyRice/WeedyRice-RGBMS-DB/Multispectral/DJI_DateTime_2024_06_02_13_47_0125_lat_10.3040556_lon_105.2620637_alt_20.014m_R.TIF"", ""/home/hyggestuen/Downloads/_WeedyRice/WeedyRice-RGBMS-DB/Multispectral/DJI_DateTime_2024_06_02_13_47_0125_lat_10.3040556_lon_105.2620637_alt_20.014m_RE.TIF""]",/home/hyggestuen/Downloads/_WeedyRice/WeedyRice-RGBMS-DB/Masks/DJI_DateTime_2024_06_02_13_47_0125_lat_10.3040556_lon_105.2620637_alt_20.014m.png,2024_06_02_13,val
DJI_DateTime_2024_06_02_13_47_0126_lat_10.3040239_lon_105.2620619_alt_19.982m,/home/hyggestuen/Downloads/_WeedyRice/WeedyRice-RGBMS-DB/RGB/DJI_DateTime_2024_06_02_13_47_0126_lat_10.3040239_lon_105.2620619_alt_19.982m.JPG,,"[""/home/hyggestuen/Downloads/_WeedyRice/WeedyRice-RGBMS-DB/Multispectral/DJI_DateTime_2024_06_02_13_47_0126_lat_10.3040239_lon_105.2620619_alt_19.982m_G.TIF"", ""/home/hyggestuen/Downloads/_WeedyRice/WeedyRice-RGBMS-DB/Multispectral/DJI_DateTime_2024_06_02_13_47_0126_lat_10.3040239_lon_105.2620619_alt_19.982m_NIR.TIF"", ""/home/hyggestuen/Downloads/_WeedyRice/WeedyRice-RGBMS-DB/Multispectral/DJI_DateTime_2024_06_02_13_47_0126_lat_10.3040239_lon_105.2620619_alt_19.982m_R.TIF"", ""/home/hyggestuen/Downloads/_WeedyRice/WeedyRice-RGBMS-DB/Multispectral/DJI_DateTime_2024_06_02_13_47_0126_lat_10.3040239_lon_105.2620619_alt_19.982m_RE.TIF""]",/home/hyggestuen/Downloads/_WeedyRice/WeedyRice-RGBMS-DB/Masks/DJI_DateTime_2024_06_02_13_47_0126_lat_10.3040239_lon_105.2620619_alt_19.982m.png,2024_06_02_13,val
DJI_DateTime_2024_06_02_13_48_0127_lat_10.3039913_lon_105.2620601_alt_19.991m,/home/hyggestuen/Downloads/_WeedyRice/WeedyRice-RGBMS-DB/RGB/DJI_DateTime_2024_06_02_13_48_0127_lat_10.3039913_lon_105.2620601_alt_19.991m.JPG,,"[""/home/hyggestuen/Downloads/_WeedyRice/WeedyRice-RGBMS-DB/Multispectral/DJI_DateTime_2024_06_02_13_48_0127_lat_10.3039913_lon_105.2620601_alt_19.991m_G.TIF"", ""/home/hyggestuen/Downloads/_WeedyRice/WeedyRice-RGBMS-DB/Multispectral/DJI_DateTime_2024_06_02_13_48_0127_lat_10.3039913_lon_105.2620601_alt_19.991m_NIR.TIF"", ""/home/hyggestuen/Downloads/_WeedyRice/WeedyRice-RGBMS-DB/Multispectral/DJI_DateTime_2024_06_02_13_48_0127_lat_10.3039913_lon_105.2620601_alt_19.991m_R.TIF"", ""/home/hyggestuen/Downloads/_WeedyRice/WeedyRice-RGBMS-DB/Multispectral/DJI_DateTime_2024_06_02_13_48_0127_lat_10.3039913_lon_105.2620601_alt_19.991m_RE.TIF""]",/home/hyggestuen/Downloads/_WeedyRice/WeedyRice-RGBMS-DB/Masks/DJI_DateTime_2024_06_02_13_48_0127_lat_10.3039913_lon_105.2620601_alt_19.991m.png,2024_06_02_13,val
DJI_DateTime_2024_06_02_13_48_0128_lat_10.3039585_lon_105.2620585_alt_20.004m,/home/hyggestuen/Downloads/_WeedyRice/WeedyRice-RGBMS-DB/RGB/DJI_DateTime_2024_06_02_13_48_0128_lat_10.3039585_lon_105.2620585_alt_20.004m.JPG,,"[""/home/hyggestuen/Downloads/_WeedyRice/WeedyRice-RGBMS-DB/Multispectral/DJI_DateTime_2024_06_02_13_48_0128_lat_10.3039585_lon_105.2620585_alt_20.004m_G.TIF"", ""/home/hyggestuen/Downloads/_WeedyRice/WeedyRice-RGBMS-DB/Multispectral/DJI_DateTime_2024_06_02_13_48_0128_lat_10.3039585_lon_105.2620585_alt_20.004m_NIR.TIF"", ""/home/hyggestuen/Downloads/_WeedyRice/WeedyRice-RGBMS-DB/Multispectral/DJI_DateTime_2024_06_02_13_48_0128_lat_10.3039585_lon_105.2620585_alt_20.004m_R.TIF"", ""/home/hyggestuen/Downloads/_WeedyRice/WeedyRice-RGBMS-DB/Multispectral/DJI_DateTime_2024_06_02_13_48_0128_lat_10.3039585_lon_105.2620585_alt_20.004m_RE.TIF""]",/home/hyggestuen/Downloads/_WeedyRice/WeedyRice-RGBMS-DB/Masks/DJI_DateTime_2024_06_02_13_48_0128_lat_10.3039585_lon_105.2620585_alt_20.004m.png,2024_06_02_13,val
DJI_DateTime_2024_06_02_13_48_0129_lat_10.3039269_lon_105.2620571_alt_20.008m,/home/hyggestuen/Downloads/_WeedyRice/WeedyRice-RGBMS-DB/RGB/DJI_DateTime_2024_06_02_13_48_0129_lat_10.3039269_lon_105.2620571_alt_20.008m.JPG,,"[""/home/hyggestuen/Downloads/_WeedyRice/WeedyRice-RGBMS-DB/Multispectral/DJI_DateTime_2024_06_02_13_48_0129_lat_10.3039269_lon_105.2620571_alt_20.008m_G.TIF"", ""/home/hyggestuen/Downloads/_WeedyRice/WeedyRice-RGBMS-DB/Multispectral/DJI_DateTime_2024_06_02_13_48_0129_lat_10.3039269_lon_105.2620571_alt_20.008m_NIR.TIF"", ""/home/hyggestuen/Downloads/_WeedyRice/WeedyRice-RGBMS-DB/Multispectral/DJI_DateTime_2024_06_02_13_48_0129_lat_10.3039269_lon_105.2620571_alt_20.008m_R.TIF"", ""/home/hyggestuen/Downloads/_WeedyRice/WeedyRice-RGBMS-DB/Multispectral/DJI_DateTime_2024_06_02_13_48_0129_lat_10.3039269_lon_105.2620571_alt_20.008m_RE.TIF""]",/home/hyggestuen/Downloads/_WeedyRice/WeedyRice-RGBMS-DB/Masks/DJI_DateTime_2024_06_02_13_48_0129_lat_10.3039269_lon_105.2620571_alt_20.008m.png,2024_06_02_13,val
DJI_DateTime_2024_06_02_13_48_0130_lat_10.3038948_lon_105.2620554_alt_20.007m,/home/hyggestuen/Downloads/_WeedyRice/WeedyRice-RGBMS-DB/RGB/DJI_DateTime_2024_06_02_13_48_0130_lat_10.3038948_lon_105.2620554_alt_20.007m.JPG,,"[""/home/hyggestuen/Downloads/_WeedyRice/WeedyRice-RGBMS-DB/Multispectral/DJI_DateTime_2024_06_02_13_48_0130_lat_10.3038948_lon_105.2620554_alt_20.007m_G.TIF"", ""/home/hyggestuen/Downloads/_WeedyRice/WeedyRice-RGBMS-DB/Multispectral/DJI_DateTime_2024_06_02_13_48_0130_lat_10.3038948_lon_105.2620554_alt_20.007m_NIR.TIF"", ""/home/hyggestuen/Downloads/_WeedyRice/WeedyRice-RGBMS-DB/Multispectral/DJI_DateTime_2024_06_02_13_48_0130_lat_10.3038948_lon_105.2620554_alt_20.007m_R.TIF"", ""/home/hyggestuen/Downloads/_WeedyRice/WeedyRice-RGBMS-DB/Multispectral/DJI_DateTime_2024_06_02_13_48_0130_lat_10.3038948_lon_105.2620554_alt_20.007m_RE.TIF""]",/home/hyggestuen/Downloads/_WeedyRice/WeedyRice-RGBMS-DB/Masks/DJI_DateTime_2024_06_02_13_48_0130_lat_10.3038948_lon_105.2620554_alt_20.007m.png,2024_06_02_13,val
DJI_DateTime_2024_06_02_13_49_0150_lat_10.3041815_lon_105.2621348_alt_20.011m,/home/hyggestuen/Downloads/_WeedyRice/WeedyRice-RGBMS-DB/RGB/DJI_DateTime_2024_06_02_13_49_0150_lat_10.3041815_lon_105.2621348_alt_20.011m.JPG,,"[""/home/hyggestuen/Downloads/_WeedyRice/WeedyRice-RGBMS-DB/Multispectral/DJI_DateTime_2024_06_02_13_49_0150_lat_10.3041815_lon_105.2621348_alt_20.011m_G.TIF"", ""/home/hyggestuen/Downloads/_WeedyRice/WeedyRice-RGBMS-DB/Multispectral/DJI_DateTime_2024_06_02_13_49_0150_lat_10.3041815_lon_105.2621348_alt_20.011m_NIR.TIF"", ""/home/hyggestuen/Downloads/_WeedyRice/WeedyRice-RGBMS-DB/Multispectral/DJI_DateTime_2024_06_02_13_49_0150_lat_10.3041815_lon_105.2621348_alt_20.011m_R.TIF"", ""/home/hyggestuen/Downloads/_WeedyRice/WeedyRice-RGBMS-DB/Multispectral/DJI_DateTime_2024_06_02_13_49_0150_lat_10.3041815_lon_105.2621348_alt_20.011m_RE.TIF""]",/home/hyggestuen/Downloads/_WeedyRice/WeedyRice-RGBMS-DB/Masks/DJI_DateTime_2024_06_02_13_49_0150_lat_10.3041815_lon_105.2621348_alt_20.011m.png,2024_06_02_13,val
DJI_DateTime_2024_06_02_13_49_0151_lat_10.3042133_lon_105.2621361_alt_19.995m,/home/hyggestuen/Downloads/_WeedyRice/WeedyRice-RGBMS-DB/RGB/DJI_DateTime_2024_06_02_13_49_0151_lat_10.3042133_lon_105.2621361_alt_19.995m.JPG,,"[""/home/hyggestuen/Downloads/_WeedyRice/WeedyRice-RGBMS-DB/Multispectral/DJI_DateTime_2024_06_02_13_49_0151_lat_10.3042133_lon_105.2621361_alt_19.995m_G.TIF"", ""/home/hyggestuen/Downloads/_WeedyRice/WeedyRice-RGBMS-DB/Multispectral/DJI_DateTime_2024_06_02_13_49_0151_lat_10.3042133_lon_105.2621361_alt_19.995m_NIR.TIF"", ""/home/hyggestuen/Downloads/_WeedyRice/WeedyRice-RGBMS-DB/Multispectral/DJI_DateTime_2024_06_02_13_49_0151_lat_10.3042133_lon_105.2621361_alt_19.995m_R.TIF"", ""/home/hyggestuen/Downloads/_WeedyRice/WeedyRice-RGBMS-DB/Multispectral/DJI_DateTime_2024_06_02_13_49_0151_lat_10.3042133_lon_105.2621361_alt_19.995m_RE.TIF""]",/home/hyggestuen/Downloads/_WeedyRice/WeedyRice-RGBMS-DB/Masks/DJI_DateTime_2024_06_02_13_49_0151_lat_10.3042133_lon_105.2621361_alt_19.995m.png,2024_06_02_13,val
DJI_DateTime_2024_06_02_13_49_0152_lat_10.3042461_lon_105.2621382_alt_20.019m,/home/hyggestuen/Downloads/_WeedyRice/WeedyRice-RGBMS-DB/RGB/DJI_DateTime_2024_06_02_13_49_0152_lat_10.3042461_lon_105.2621382_alt_20.019m.JPG,,"[""/home/hyggestuen/Downloads/_WeedyRice/WeedyRice-RGBMS-DB/Multispectral/DJI_DateTime_2024_06_02_13_49_0152_lat_10.3042461_lon_105.2621382_alt_20.019m_G.TIF"", ""/home/hyggestuen/Downloads/_WeedyRice/WeedyRice-RGBMS-DB/Multispectral/DJI_DateTime_2024_06_02_13_49_0152_lat_10.3042461_lon_105.2621382_alt_20.019m_NIR.TIF"", ""/home/hyggestuen/Downloads/_WeedyRice/WeedyRice-RGBMS-DB/Multispectral/DJI_DateTime_2024_06_02_13_49_0152_lat_10.3042461_lon_105.2621382_alt_20.019m_R.TIF"", ""/home/hyggestuen/Downloads/_WeedyRice/WeedyRice-RGBMS-DB/Multispectral/DJI_DateTime_2024_06_02_13_49_0152_lat_10.3042461_lon_105.2621382_alt_20.019m_RE.TIF""]",/home/hyggestuen/Downloads/_WeedyRice/WeedyRice-RGBMS-DB/Masks/DJI_DateTime_2024_06_02_13_49_0152_lat_10.3042461_lon_105.2621382_alt_20.019m.png,2024_06_02_13,val
DJI_DateTime_2024_06_02_13_49_0153_lat_10.3042771_lon_105.2621396_alt_19.971m,/home/hyggestuen/Downloads/_WeedyRice/WeedyRice-RGBMS-DB/RGB/DJI_DateTime_2024_06_02_13_49_0153_lat_10.3042771_lon_105.2621396_alt_19.971m.JPG,,"[""/home/hyggestuen/Downloads/_WeedyRice/WeedyRice-RGBMS-DB/Multispectral/DJI_DateTime_2024_06_02_13_49_0153_lat_10.3042771_lon_105.2621396_alt_19.971m_G.TIF"", ""/home/hyggestuen/Downloads/_WeedyRice/WeedyRice-RGBMS-DB/Multispectral/DJI_DateTime_2024_06_02_13_49_0153_lat_10.3042771_lon_105.2621396_alt_19.971m_NIR.TIF"", ""/home/hyggestuen/Downloads/_WeedyRice/WeedyRice-RGBMS-DB/Multispectral/DJI_DateTime_2024_06_02_13_49_0153_lat_10.3042771_lon_105.2621396_alt_19.971m_R.TIF"", ""/home/hyggestuen/Downloads/_WeedyRice/WeedyRice-RGBMS-DB/Multispectral/DJI_DateTime_2024_06_02_13_49_0153_lat_10.3042771_lon_105.2621396_alt_19.971m_RE.TIF""]",/home/hyggestuen/Downloads/_WeedyRice/WeedyRice-RGBMS-DB/Masks/DJI_DateTime_2024_06_02_13_49_0153_lat_10.3042771_lon_105.2621396_alt_19.971m.png,2024_06_02_13,val
DJI_DateTime_2024_06_02_13_49_0154_lat_10.3043089_lon_105.2621413_alt_20.006m,/home/hyggestuen/Downloads/_WeedyRice/WeedyRice-RGBMS-DB/RGB/DJI_DateTime_2024_06_02_13_49_0154_lat_10.3043089_lon_105.2621413_alt_20.006m.JPG,,"[""/home/hyggestuen/Downloads/_WeedyRice/WeedyRice-RGBMS-DB/Multispectral/DJI_DateTime_2024_06_02_13_49_0154_lat_10.3043089_lon_105.2621413_alt_20.006m_G.TIF"", ""/home/hyggestuen/Downloads/_WeedyRice/WeedyRice-RGBMS-DB/Multispectral/DJI_DateTime_2024_06_02_13_49_0154_lat_10.3043089_lon_105.2621413_alt_20.006m_NIR.TIF"", ""/home/hyggestuen/Downloads/_WeedyRice/WeedyRice-RGBMS-DB/Multispectral/DJI_DateTime_2024_06_02_13_49_0154_lat_10.3043089_lon_105.2621413_alt_20.006m_R.TIF"", ""/home/hyggestuen/Downloads/_WeedyRice/WeedyRice-RGBMS-DB/Multispectral/DJI_DateTime_2024_06_02_13_49_0154_lat_10.3043089_lon_105.2621413_alt_20.006m_RE.TIF""]",/home/hyggestuen/Downloads/_WeedyRice/WeedyRice-RGBMS-DB/Masks/DJI_DateTime_2024_06_02_13_49_0154_lat_10.3043089_lon_105.2621413_alt_20.006m.png,2024_06_02_13,val
DJI_DateTime_2024_06_02_13_49_0155_lat_10.3043406_lon_105.2621434_alt_19.988m,/home/hyggestuen/Downloads/_WeedyRice/WeedyRice-RGBMS-DB/RGB/DJI_DateTime_2024_06_02_13_49_0155_lat_10.3043406_lon_105.2621434_alt_19.988m.JPG,,"[""/home/hyggestuen/Downloads/_WeedyRice/WeedyRice-RGBMS-DB/Multispectral/DJI_DateTime_2024_06_02_13_49_0155_lat_10.3043406_lon_105.2621434_alt_19.988m_G.TIF"", ""/home/hyggestuen/Downloads/_WeedyRice/WeedyRice-RGBMS-DB/Multispectral/DJI_DateTime_2024_06_02_13_49_0155_lat_10.3043406_lon_105.2621434_alt_19.988m_NIR.TIF"", ""/home/hyggestuen/Downloads/_WeedyRice/WeedyRice-RGBMS-DB/Multispectral/DJI_DateTime_2024_06_02_13_49_0155_lat_10.3043406_lon_105.2621434_alt_19.988m_R.TIF"", ""/home/hyggestuen/Downloads/_WeedyRice/WeedyRice-RGBMS-DB/Multispectral/DJI_DateTime_2024_06_02_13_49_0155_lat_10.3043406_lon_105.2621434_alt_19.988m_RE.TIF""]",/home/hyggestuen/Downloads/_WeedyRice/WeedyRice-RGBMS-DB/Masks/DJI_DateTime_2024_06_02_13_49_0155_lat_10.3043406_lon_105.2621434_alt_19.988m.png,2024_06_02_13,val
DJI_DateTime_2024_06_02_13_49_0156_lat_10.3043721_lon_105.2621452_alt_20.021m,/home/hyggestuen/Downloads/_WeedyRice/WeedyRice-RGBMS-DB/RGB/DJI_DateTime_2024_06_02_13_49_0156_lat_10.3043721_lon_105.2621452_alt_20.021m.JPG,,"[""/home/hyggestuen/Downloads/_WeedyRice/WeedyRice-RGBMS-DB/Multispectral/DJI_DateTime_2024_06_02_13_49_0156_lat_10.3043721_lon_105.2621452_alt_20.021m_G.TIF"", ""/home/hyggestuen/Downloads/_WeedyRice/WeedyRice-RGBMS-DB/Multispectral/DJI_DateTime_2024_06_02_13_49_0156_lat_10.3043721_lon_105.2621452_alt_20.021m_NIR.TIF"", ""/home/hyggestuen/Downloads/_WeedyRice/WeedyRice-RGBMS-DB/Multispectral/DJI_DateTime_2024_06_02_13_49_0156_lat_10.3043721_lon_105.2621452_alt_20.021m_R.TIF"", ""/home/hyggestuen/Downloads/_WeedyRice/WeedyRice-RGBMS-DB/Multispectral/DJI_DateTime_2024_06_02_13_49_0156_lat_10.3043721_lon_105.2621452_alt_20.021m_RE.TIF""]",/home/hyggestuen/Downloads/_WeedyRice/WeedyRice-RGBMS-DB/Masks/DJI_DateTime_2024_06_02_13_49_0156_lat_10.3043721_lon_105.2621452_alt_20.021m.png,2024_06_02_13,val
DJI_DateTime_2024_06_02_13_49_0157_lat_10.3044041_lon_105.2621472_alt_20.007m,/home/hyggestuen/Downloads/_WeedyRice/WeedyRice-RGBMS-DB/RGB/DJI_DateTime_2024_06_02_13_49_0157_lat_10.3044041_lon_105.2621472_alt_20.007m.JPG,,"[""/home/hyggestuen/Downloads/_WeedyRice/WeedyRice-RGBMS-DB/Multispectral/DJI_DateTime_2024_06_02_13_49_0157_lat_10.3044041_lon_105.2621472_alt_20.007m_G.TIF"", ""/home/hyggestuen/Downloads/_WeedyRice/WeedyRice-RGBMS-DB/Multispectral/DJI_DateTime_2024_06_02_13_49_0157_lat_10.3044041_lon_105.2621472_alt_20.007m_NIR.TIF"", ""/home/hyggestuen/Downloads/_WeedyRice/WeedyRice-RGBMS-DB/Multispectral/DJI_DateTime_2024_06_02_13_49_0157_lat_10.3044041_lon_105.2621472_alt_20.007m_R.TIF"", ""/home/hyggestuen/Downloads/_WeedyRice/WeedyRice-RGBMS-DB/Multispectral/DJI_DateTime_2024_06_02_13_49_0157_lat_10.3044041_lon_105.2621472_alt_20.007m_RE.TIF""]",/home/hyggestuen/Downloads/_WeedyRice/WeedyRice-RGBMS-DB/Masks/DJI_DateTime_2024_06_02_13_49_0157_lat_10.3044041_lon_105.2621472_alt_20.007m.png,2024_06_02_13,val
DJI_DateTime_2024_06_02_13_49_0158_lat_10.3044372_lon_105.2621487_alt_20.002m,/home/hyggestuen/Downloads/_WeedyRice/WeedyRice-RGBMS-DB/RGB/DJI_DateTime_2024_06_02_13_49_0158_lat_10.3044372_lon_105.2621487_alt_20.002m.JPG,,"[""/home/hyggestuen/Downloads/_WeedyRice/WeedyRice-RGBMS-DB/Multispectral/DJI_DateTime_2024_06_02_13_49_0158_lat_10.3044372_lon_105.2621487_alt_20.002m_G.TIF"", ""/home/hyggestuen/Downloads/_WeedyRice/WeedyRice-RGBMS-DB/Multispectral/DJI_DateTime_2024_06_02_13_49_0158_lat_10.3044372_lon_105.2621487_alt_20.002m_NIR.TIF"", ""/home/hyggestuen/Downloads/_WeedyRice/WeedyRice-RGBMS-DB/Multispectral/DJI_DateTime_2024_06_02_13_49_0158_lat_10.3044372_lon_105.2621487_alt_20.002m_R.TIF"", ""/home/hyggestuen/Downloads/_WeedyRice/WeedyRice-RGBMS-DB/Multispectral/DJI_DateTime_2024_06_02_13_49_0158_lat_10.3044372_lon_105.2621487_alt_20.002m_RE.TIF""]",/home/hyggestuen/Downloads/_WeedyRice/WeedyRice-RGBMS-DB/Masks/DJI_DateTime_2024_06_02_13_49_0158_lat_10.3044372_lon_105.2621487_alt_20.002m.png,2024_06_02_13,val
DJI_DateTime_2024_06_02_13_49_0159_lat_10.3044691_lon_105.2621513_alt_20.018m,/home/hyggestuen/Downloads/_WeedyRice/WeedyRice-RGBMS-DB/RGB/DJI_DateTime_2024_06_02_13_49_0159_lat_10.3044691_lon_105.2621513_alt_20.018m.JPG,,"[""/home/hyggestuen/Downloads/_WeedyRice/WeedyRice-RGBMS-DB/Multispectral/DJI_DateTime_2024_06_02_13_49_0159_lat_10.3044691_lon_105.2621513_alt_20.018m_G.TIF"", ""/home/hyggestuen/Downloads/_WeedyRice/WeedyRice-RGBMS-DB/Multispectral/DJI_DateTime_2024_06_02_13_49_0159_lat_10.3044691_lon_105.2621513_alt_20.018m_NIR.TIF"", ""/home/hyggestuen/Downloads/_WeedyRice/WeedyRice-RGBMS-DB/Multispectral/DJI_DateTime_2024_06_02_13_49_0159_lat_10.3044691_lon_105.2621513_alt_20.018m_R.TIF"", ""/home/hyggestuen/Downloads/_WeedyRice/WeedyRice-RGBMS-DB/Multispectral/DJI_DateTime_2024_06_02_13_49_0159_lat_10.3044691_lon_105.2621513_alt_20.018m_RE.TIF""]",/home/hyggestuen/Downloads/_WeedyRice/WeedyRice-RGBMS-DB/Masks/DJI_DateTime_2024_06_02_13_49_0159_lat_10.3044691_lon_105.2621513_alt_20.018m.png,2024_06_02_13,val
DJI_DateTime_2024_06_02_13_49_0160_lat_10.3045015_lon_105.2621532_alt_20.033m,/home/hyggestuen/Downloads/_WeedyRice/WeedyRice-RGBMS-DB/RGB/DJI_DateTime_2024_06_02_13_49_0160_lat_10.3045015_lon_105.2621532_alt_20.033m.JPG,,"[""/home/hyggestuen/Downloads/_WeedyRice/WeedyRice-RGBMS-DB/Multispectral/DJI_DateTime_2024_06_02_13_49_0160_lat_10.3045015_lon_105.2621532_alt_20.033m_G.TIF"", ""/home/hyggestuen/Downloads/_WeedyRice/WeedyRice-RGBMS-DB/Multispectral/DJI_DateTime_2024_06_02_13_49_0160_lat_10.3045015_lon_105.2621532_alt_20.033m_NIR.TIF"", ""/home/hyggestuen/Downloads/_WeedyRice/WeedyRice-RGBMS-DB/Multispectral/DJI_DateTime_2024_06_02_13_49_0160_lat_10.3045015_lon_105.2621532_alt_20.033m_R.TIF"", ""/home/hyggestuen/Downloads/_WeedyRice/WeedyRice-RGBMS-DB/Multispectral/DJI_DateTime_2024_06_02_13_49_0160_lat_10.3045015_lon_105.2621532_alt_20.033m_RE.TIF""]",/home/hyggestuen/Downloads/_WeedyRice/WeedyRice-RGBMS-DB/Masks/DJI_DateTime_2024_06_02_13_49_0160_lat_10.3045015_lon_105.2621532_alt_20.033m.png,2024_06_02_13,val
DJI_DateTime_2024_06_02_13_49_0161_lat_10.3045338_lon_105.2621547_alt_20.030m,/home/hyggestuen/Downloads/_WeedyRice/WeedyRice-RGBMS-DB/RGB/DJI_DateTime_2024_06_02_13_49_0161_lat_10.3045338_lon_105.2621547_alt_20.030m.JPG,,"[""/home/hyggestuen/Downloads/_WeedyRice/WeedyRice-RGBMS-DB/Multispectral/DJI_DateTime_2024_06_02_13_49_0161_lat_10.3045338_lon_105.2621547_alt_20.030m_G.TIF"", ""/home/hyggestuen/Downloads/_WeedyRice/WeedyRice-RGBMS-DB/Multispectral/DJI_DateTime_2024_06_02_13_49_0161_lat_10.3045338_lon_105.2621547_alt_20.030m_NIR.TIF"", ""/home/hyggestuen/Downloads/_WeedyRice/WeedyRice-RGBMS-DB/Multispectral/DJI_DateTime_2024_06_02_13_49_0161_lat_10.3045338_lon_105.2621547_alt_20.030m_R.TIF"", ""/home/hyggestuen/Downloads/_WeedyRice/WeedyRice-RGBMS-DB/Multispectral/DJI_DateTime_2024_06_02_13_49_0161_lat_10.3045338_lon_105.2621547_alt_20.030m_RE.TIF""]",/home/hyggestuen/Downloads/_WeedyRice/WeedyRice-RGBMS-DB/Masks/DJI_DateTime_2024_06_02_13_49_0161_lat_10.3045338_lon_105.2621547_alt_20.030m.png,2024_06_02_13,val
DJI_DateTime_2024_06_02_13_49_0162_lat_10.3045662_lon_105.2621564_alt_19.985m,/home/hyggestuen/Downloads/_WeedyRice/WeedyRice-RGBMS-DB/RGB/DJI_DateTime_2024_06_02_13_49_0162_lat_10.3045662_lon_105.2621564_alt_19.985m.JPG,,"[""/home/hyggestuen/Downloads/_WeedyRice/WeedyRice-RGBMS-DB/Multispectral/DJI_DateTime_2024_06_02_13_49_0162_lat_10.3045662_lon_105.2621564_alt_19.985m_G.TIF"", ""/home/hyggestuen/Downloads/_WeedyRice/WeedyRice-RGBMS-DB/Multispectral/DJI_DateTime_2024_06_02_13_49_0162_lat_10.3045662_lon_105.2621564_alt_19.985m_NIR.TIF"", ""/home/hyggestuen/Downloads/_WeedyRice/WeedyRice-RGBMS-DB/Multispectral/DJI_DateTime_2024_06_02_13_49_0162_lat_10.3045662_lon_105.2621564_alt_19.985m_R.TIF"", ""/home/hyggestuen/Downloads/_WeedyRice/WeedyRice-RGBMS-DB/Multispectral/DJI_DateTime_2024_06_02_13_49_0162_lat_10.3045662_lon_105.2621564_alt_19.985m_RE.TIF""]",/home/hyggestuen/Downloads/_WeedyRice/WeedyRice-RGBMS-DB/Masks/DJI_DateTime_2024_06_02_13_49_0162_lat_10.3045662_lon_105.2621564_alt_19.985m.png,2024_06_02_13,val
DJI_DateTime_2024_06_02_13_50_0163_lat_10.3045975_lon_105.2621583_alt_19.972m,/home/hyggestuen/Downloads/_WeedyRice/WeedyRice-RGBMS-DB/RGB/DJI_DateTime_2024_06_02_13_50_0163_lat_10.3045975_lon_105.2621583_alt_19.972m.JPG,,"[""/home/hyggestuen/Downloads/_WeedyRice/WeedyRice-RGBMS-DB/Multispectral/DJI_DateTime_2024_06_02_13_50_0163_lat_10.3045975_lon_105.2621583_alt_19.972m_G.TIF"", ""/home/hyggestuen/Downloads/_WeedyRice/WeedyRice-RGBMS-DB/Multispectral/DJI_DateTime_2024_06_02_13_50_0163_lat_10.3045975_lon_105.2621583_alt_19.972m_NIR.TIF"", ""/home/hyggestuen/Downloads/_WeedyRice/WeedyRice-RGBMS-DB/Multispectral/DJI_DateTime_2024_06_02_13_50_0163_lat_10.3045975_lon_105.2621583_alt_19.972m_R.TIF"", ""/home/hyggestuen/Downloads/_WeedyRice/WeedyRice-RGBMS-DB/Multispectral/DJI_DateTime_2024_06_02_13_50_0163_lat_10.3045975_lon_105.2621583_alt_19.972m_RE.TIF""]",/home/hyggestuen/Downloads/_WeedyRice/WeedyRice-RGBMS-DB/Masks/DJI_DateTime_2024_06_02_13_50_0163_lat_10.3045975_lon_105.2621583_alt_19.972m.png,2024_06_02_13,val
DJI_DateTime_2024_06_02_13_50_0164_lat_10.3046304_lon_105.2621598_alt_19.938m,/home/hyggestuen/Downloads/_WeedyRice/WeedyRice-RGBMS-DB/RGB/DJI_DateTime_2024_06_02_13_50_0164_lat_10.3046304_lon_105.2621598_alt_19.938m.JPG,,"[""/home/hyggestuen/Downloads/_WeedyRice/WeedyRice-RGBMS-DB/Multispectral/DJI_DateTime_2024_06_02_13_50_0164_lat_10.3046304_lon_105.2621598_alt_19.938m_G.TIF"", ""/home/hyggestuen/Downloads/_WeedyRice/WeedyRice-RGBMS-DB/Multispectral/DJI_DateTime_2024_06_02_13_50_0164_lat_10.3046304_lon_105.2621598_alt_19.938m_NIR.TIF"", ""/home/hyggestuen/Downloads/_WeedyRice/WeedyRice-RGBMS-DB/Multispectral/DJI_DateTime_2024_06_02_13_50_0164_lat_10.3046304_lon_105.2621598_alt_19.938m_R.TIF"", ""/home/hyggestuen/Downloads/_WeedyRice/WeedyRice-RGBMS-DB/Multispectral/DJI_DateTime_2024_06_02_13_50_0164_lat_10.3046304_lon_105.2621598_alt_19.938m_RE.TIF""]",/home/hyggestuen/Downloads/_WeedyRice/WeedyRice-RGBMS-DB/Masks/DJI_DateTime_2024_06_02_13_50_0164_lat_10.3046304_lon_105.2621598_alt_19.938m.png,2024_06_02_13,val
DJI_DateTime_2024_06_02_13_50_0165_lat_10.3046622_lon_105.2621614_alt_19.952m,/home/hyggestuen/Downloads/_WeedyRice/WeedyRice-RGBMS-DB/RGB/DJI_DateTime_2024_06_02_13_50_0165_lat_10.3046622_lon_105.2621614_alt_19.952m.JPG,,"[""/home/hyggestuen/Downloads/_WeedyRice/WeedyRice-RGBMS-DB/Multispectral/DJI_DateTime_2024_06_02_13_50_0165_lat_10.3046622_lon_105.2621614_alt_19.952m_G.TIF"", ""/home/hyggestuen/Downloads/_WeedyRice/WeedyRice-RGBMS-DB/Multispectral/DJI_DateTime_2024_06_02_13_50_0165_lat_10.3046622_lon_105.2621614_alt_19.952m_NIR.TIF"", ""/home/hyggestuen/Downloads/_WeedyRice/WeedyRice-RGBMS-DB/Multispectral/DJI_DateTime_2024_06_02_13_50_0165_lat_10.3046622_lon_105.2621614_alt_19.952m_R.TIF"", ""/home/hyggestuen/Downloads/_WeedyRice/WeedyRice-RGBMS-DB/Multispectral/DJI_DateTime_2024_06_02_13_50_0165_lat_10.3046622_lon_105.2621614_alt_19.952m_RE.TIF""]",/home/hyggestuen/Downloads/_WeedyRice/WeedyRice-RGBMS-DB/Masks/DJI_DateTime_2024_06_02_13_50_0165_lat_10.3046622_lon_105.2621614_alt_19.952m.png,2024_06_02_13,val
DJI_DateTime_2024_06_02_13_50_0166_lat_10.3046943_lon_105.2621629_alt_20.007m,/home/hyggestuen/Downloads/_WeedyRice/WeedyRice-RGBMS-DB/RGB/DJI_DateTime_2024_06_02_13_50_0166_lat_10.3046943_lon_105.2621629_alt_20.007m.JPG,,"[""/home/hyggestuen/Downloads/_WeedyRice/WeedyRice-RGBMS-DB/Multispectral/DJI_DateTime_2024_06_02_13_50_0166_lat_10.3046943_lon_105.2621629_alt_20.007m_G.TIF"", ""/home/hyggestuen/Downloads/_WeedyRice/WeedyRice-RGBMS-DB/Multispectral/DJI_DateTime_2024_06_02_13_50_0166_lat_10.3046943_lon_105.2621629_alt_20.007m_NIR.TIF"", ""/home/hyggestuen/Downloads/_WeedyRice/WeedyRice-RGBMS-DB/Multispectral/DJI_DateTime_2024_06_02_13_50_0166_lat_10.3046943_lon_105.2621629_alt_20.007m_R.TIF"", ""/home/hyggestuen/Downloads/_WeedyRice/WeedyRice-RGBMS-DB/Multispectral/DJI_DateTime_2024_06_02_13_50_0166_lat_10.3046943_lon_105.2621629_alt_20.007m_RE.TIF""]",/home/hyggestuen/Downloads/_WeedyRice/WeedyRice-RGBMS-DB/Masks/DJI_DateTime_2024_06_02_13_50_0166_lat_10.3046943_lon_105.2621629_alt_20.007m.png,2024_06_02_13,val
DJI_DateTime_2024_06_02_13_50_0167_lat_10.3047262_lon_105.2621640_alt_19.995m,/home/hyggestuen/Downloads/_WeedyRice/WeedyRice-RGBMS-DB/RGB/DJI_DateTime_2024_06_02_13_50_0167_lat_10.3047262_lon_105.2621640_alt_19.995m.JPG,,"[""/home/hyggestuen/Downloads/_WeedyRice/WeedyRice-RGBMS-DB/Multispectral/DJI_DateTime_2024_06_02_13_50_0167_lat_10.3047262_lon_105.2621640_alt_19.995m_G.TIF"", ""/home/hyggestuen/Downloads/_WeedyRice/WeedyRice-RGBMS-DB/Multispectral/DJI_DateTime_2024_06_02_13_50_0167_lat_10.3047262_lon_105.2621640_alt_19.995m_NIR.TIF"", ""/home/hyggestuen/Downloads/_WeedyRice/WeedyRice-RGBMS-DB/Multispectral/DJI_DateTime_2024_06_02_13_50_0167_lat_10.3047262_lon_105.2621640_alt_19.995m_R.TIF"", ""/home/hyggestuen/Downloads/_WeedyRice/WeedyRice-RGBMS-DB/Multispectral/DJI_DateTime_2024_06_02_13_50_0167_lat_10.3047262_lon_105.2621640_alt_19.995m_RE.TIF""]",/home/hyggestuen/Downloads/_WeedyRice/WeedyRice-RGBMS-DB/Masks/DJI_DateTime_2024_06_02_13_50_0167_lat_10.3047262_lon_105.2621640_alt_19.995m.png,2024_06_02_13,val
DJI_DateTime_2024_06_02_13_50_0168_lat_10.3047583_lon_105.2621660_alt_19.994m,/home/hyggestuen/Downloads/_WeedyRice/WeedyRice-RGBMS-DB/RGB/DJI_DateTime_2024_06_02_13_50_0168_lat_10.3047583_lon_105.2621660_alt_19.994m.JPG,,"[""/home/hyggestuen/Downloads/_WeedyRice/WeedyRice-RGBMS-DB/Multispectral/DJI_DateTime_2024_06_02_13_50_0168_lat_10.3047583_lon_105.2621660_alt_19.994m_G.TIF"", ""/home/hyggestuen/Downloads/_WeedyRice/WeedyRice-RGBMS-DB/Multispectral/DJI_DateTime_2024_06_02_13_50_0168_lat_10.3047583_lon_105.2621660_alt_19.994m_NIR.TIF"", ""/home/hyggestuen/Downloads/_WeedyRice/WeedyRice-RGBMS-DB/Multispectral/DJI_DateTime_2024_06_02_13_50_0168_lat_10.3047583_lon_105.2621660_alt_19.994m_R.TIF"", ""/home/hyggestuen/Downloads/_WeedyRice/WeedyRice-RGBMS-DB/Multispectral/DJI_DateTime_2024_06_02_13_50_0168_lat_10.3047583_lon_105.2621660_alt_19.994m_RE.TIF""]",/home/hyggestuen/Downloads/_WeedyRice/WeedyRice-RGBMS-DB/Masks/DJI_DateTime_2024_06_02_13_50_0168_lat_10.3047583_lon_105.2621660_alt_19.994m.png,2024_06_02_13,val
DJI_DateTime_2024_06_02_13_50_0169_lat_10.3047908_lon_105.2621676_alt_19.978m,/home/hyggestuen/Downloads/_WeedyRice/WeedyRice-RGBMS-DB/RGB/DJI_DateTime_2024_06_02_13_50_0169_lat_10.3047908_lon_105.2621676_alt_19.978m.JPG,,"[""/home/hyggestuen/Downloads/_WeedyRice/WeedyRice-RGBMS-DB/Multispectral/DJI_DateTime_2024_06_02_13_50_0169_lat_10.3047908_lon_105.2621676_alt_19.978m_G.TIF"", ""/home/hyggestuen/Downloads/_WeedyRice/WeedyRice-RGBMS-DB/Multispectral/DJI_DateTime_2024_06_02_13_50_0169_lat_10.3047908_lon_105.2621676_alt_19.978m_NIR.TIF"", ""/home/hyggestuen/Downloads/_WeedyRice/WeedyRice-RGBMS-DB/Multispectral/DJI_DateTime_2024_06_02_13_50_0169_lat_10.3047908_lon_105.2621676_alt_19.978m_R.TIF"", ""/home/hyggestuen/Downloads/_WeedyRice/WeedyRice-RGBMS-DB/Multispectral/DJI_DateTime_2024_06_02_13_50_0169_lat_10.3047908_lon_105.2621676_alt_19.978m_RE.TIF""]",/home/hyggestuen/Downloads/_WeedyRice/WeedyRice-RGBMS-DB/Masks/DJI_DateTime_2024_06_02_13_50_0169_lat_10.3047908_lon_105.2621676_alt_19.978m.png,2024_06_02_13,val
DJI_DateTime_2024_06_02_13_50_0170_lat_10.3048234_lon_105.2621692_alt_19.985m,/home/hyggestuen/Downloads/_WeedyRice/WeedyRice-RGBMS-DB/RGB/DJI_DateTime_2024_06_02_13_50_0170_lat_10.3048234_lon_105.2621692_alt_19.985m.JPG,,"[""/home/hyggestuen/Downloads/_WeedyRice/WeedyRice-RGBMS-DB/Multispectral/DJI_DateTime_2024_06_02_13_50_0170_lat_10.3048234_lon_105.2621692_alt_19.985m_G.TIF"", ""/home/hyggestuen/Downloads/_WeedyRice/WeedyRice-RGBMS-DB/Multispectral/DJI_DateTime_2024_06_02_13_50_0170_lat_10.3048234_lon_105.2621692_alt_19.985m_NIR.TIF"", ""/home/hyggestuen/Downloads/_WeedyRice/WeedyRice-RGBMS-DB/Multispectral/DJI_DateTime_2024_06_02_13_50_0170_lat_10.3048234_lon_105.2621692_alt_19.985m_R.TIF"", ""/home/hyggestuen/Downloads/_WeedyRice/WeedyRice-RGBMS-DB/Multispectral/DJI_DateTime_2024_06_02_13_50_0170_lat_10.3048234_lon_105.2621692_alt_19.985m_RE.TIF""]",/home/hyggestuen/Downloads/_WeedyRice/WeedyRice-RGBMS-DB/Masks/DJI_DateTime_2024_06_02_13_50_0170_lat_10.3048234_lon_105.2621692_alt_19.985m.png,2024_06_02_13,val
DJI_DateTime_2024_06_02_13_51_0190_lat_10.3048642_lon_105.2622379_alt_20.020m,/home/hyggestuen/Downloads/_WeedyRice/WeedyRice-RGBMS-DB/RGB/DJI_DateTime_2024_06_02_13_51_0190_lat_10.3048642_lon_105.2622379_alt_20.020m.JPG,,"[""/home/hyggestuen/Downloads/_WeedyRice/WeedyRice-RGBMS-DB/Multispectral/DJI_DateTime_2024_06_02_13_51_0190_lat_10.3048642_lon_105.2622379_alt_20.020m_G.TIF"", ""/home/hyggestuen/Downloads/_WeedyRice/WeedyRice-RGBMS-DB/Multispectral/DJI_DateTime_2024_06_02_13_51_0190_lat_10.3048642_lon_105.2622379_alt_20.020m_NIR.TIF"", ""/home/hyggestuen/Downloads/_WeedyRice/WeedyRice-RGBMS-DB/Multispectral/DJI_DateTime_2024_06_02_13_51_0190_lat_10.3048642_lon_105.2622379_alt_20.020m_R.TIF"", ""/home/hyggestuen/Downloads/_WeedyRice/WeedyRice-RGBMS-DB/Multispectral/DJI_DateTime_2024_06_02_13_51_0190_lat_10.3048642_lon_105.2622379_alt_20.020m_RE.TIF""]",/home/hyggestuen/Downloads/_WeedyRice/WeedyRice-RGBMS-DB/Masks/DJI_DateTime_2024_06_02_13_51_0190_lat_10.3048642_lon_105.2622379_alt_20.020m.png,2024_06_02_13,val
DJI_DateTime_2024_06_02_13_51_0191_lat_10.3048318_lon_105.2622363_alt_19.999m,/home/hyggestuen/Downloads/_WeedyRice/WeedyRice-RGBMS-DB/RGB/DJI_DateTime_2024_06_02_13_51_0191_lat_10.3048318_lon_105.2622363_alt_19.999m.JPG,,"[""/home/hyggestuen/Downloads/_WeedyRice/WeedyRice-RGBMS-DB/Multispectral/DJI_DateTime_2024_06_02_13_51_0191_lat_10.3048318_lon_105.2622363_alt_19.999m_G.TIF"", ""/home/hyggestuen/Downloads/_WeedyRice/WeedyRice-RGBMS-DB/Multispectral/DJI_DateTime_2024_06_02_13_51_0191_lat_10.3048318_lon_105.2622363_alt_19.999m_NIR.TIF"", ""/home/hyggestuen/Downloads/_WeedyRice/WeedyRice-RGBMS-DB/Multispectral/DJI_DateTime_2024_06_02_13_51_0191_lat_10.3048318_lon_105.2622363_alt_19.999m_R.TIF"", ""/home/hyggestuen/Downloads/_WeedyRice/WeedyRice-RGBMS-DB/Multispectral/DJI_DateTime_2024_06_02_13_51_0191_lat_10.3048318_lon_105.2622363_alt_19.999m_RE.TIF""]",/home/hyggestuen/Downloads/_WeedyRice/WeedyRice-RGBMS-DB/Masks/DJI_DateTime_2024_06_02_13_51_0191_lat_10.3048318_lon_105.2622363_alt_19.999m.png,2024_06_02_13,val
DJI_DateTime_2024_06_02_13_51_0192_lat_10.3047998_lon_105.2622341_alt_19.990m,/home/hyggestuen/Downloads/_WeedyRice/WeedyRice-RGBMS-DB/RGB/DJI_DateTime_2024_06_02_13_51_0192_lat_10.3047998_lon_105.2622341_alt_19.990m.JPG,,"[""/home/hyggestuen/Downloads/_WeedyRice/WeedyRice-RGBMS-DB/Multispectral/DJI_DateTime_2024_06_02_13_51_0192_lat_10.3047998_lon_105.2622341_alt_19.990m_G.TIF"", ""/home/hyggestuen/Downloads/_WeedyRice/WeedyRice-RGBMS-DB/Multispectral/DJI_DateTime_2024_06_02_13_51_0192_lat_10.3047998_lon_105.2622341_alt_19.990m_NIR.TIF"", ""/home/hyggestuen/Downloads/_WeedyRice/WeedyRice-RGBMS-DB/Multispectral/DJI_DateTime_2024_06_02_13_51_0192_lat_10.3047998_lon_105.2622341_alt_19.990m_R.TIF"", ""/home/hyggestuen/Downloads/_WeedyRice/WeedyRice-RGBMS-DB/Multispectral/DJI_DateTime_2024_06_02_13_51_0192_lat_10.3047998_lon_105.2622341_alt_19.990m_RE.TIF""]",/home/hyggestuen/Downloads/_WeedyRice/WeedyRice-RGBMS-DB/Masks/DJI_DateTime_2024_06_02_13_51_0192_lat_10.3047998_lon_105.2622341_alt_19.990m.png,2024_06_02_13,val
DJI_DateTime_2024_06_02_13_51_0193_lat_10.3047677_lon_105.2622328_alt_19.982m,/home/hyggestuen/Downloads/_WeedyRice/WeedyRice-RGBMS-DB/RGB/DJI_DateTime_2024_06_02_13_51_0193_lat_10.3047677_lon_105.2622328_alt_19.982m.JPG,,"[""/home/hyggestuen/Downloads/_WeedyRice/WeedyRice-RGBMS-DB/Multispectral/DJI_DateTime_2024_06_02_13_51_0193_lat_10.3047677_lon_105.2622328_alt_19.982m_G.TIF"", ""/home/hyggestuen/Downloads/_WeedyRice/WeedyRice-RGBMS-DB/Multispectral/DJI_DateTime_2024_06_02_13_51_0193_lat_10.3047677_lon_105.2622328_alt_19.982m_NIR.TIF"", ""/home/hyggestuen/Downloads/_WeedyRice/WeedyRice-RGBMS-DB/Multispectral/DJI_DateTime_2024_06_02_13_51_0193_lat_10.3047677_lon_105.2622328_alt_19.982m_R.TIF"", ""/home/hyggestuen/Downloads/_WeedyRice/WeedyRice-RGBMS-DB/Multispectral/DJI_DateTime_2024_06_02_13_51_0193_lat_10.3047677_lon_105.2622328_alt_19.982m_RE.TIF""]",/home/hyggestuen/Downloads/_WeedyRice/WeedyRice-RGBMS-DB/Masks/DJI_DateTime_2024_06_02_13_51_0193_lat_10.3047677_lon_105.2622328_alt_19.982m.png,2024_06_02_13,val
DJI_DateTime_2024_06_02_13_51_0194_lat_10.3047356_lon_105.2622318_alt_20.006m,/home/hyggestuen/Downloads/_WeedyRice/WeedyRice-RGBMS-DB/RGB/DJI_DateTime_2024_06_02_13_51_0194_lat_10.3047356_lon_105.2622318_alt_20.006m.JPG,,"[""/home/hyggestuen/Downloads/_WeedyRice/WeedyRice-RGBMS-DB/Multispectral/DJI_DateTime_2024_06_02_13_51_0194_lat_10.3047356_lon_105.2622318_alt_20.006m_G.TIF"", ""/home/hyggestuen/Downloads/_WeedyRice/WeedyRice-RGBMS-DB/Multispectral/DJI_DateTime_2024_06_02_13_51_0194_lat_10.3047356_lon_105.2622318_alt_20.006m_NIR.TIF"", ""/home/hyggestuen/Downloads/_WeedyRice/WeedyRice-RGBMS-DB/Multispectral/DJI_DateTime_2024_06_02_13_51_0194_lat_10.3047356_lon_105.2622318_alt_20.006m_R.TIF"", ""/home/hyggestuen/Downloads/_WeedyRice/WeedyRice-RGBMS-DB/Multispectral/DJI_DateTime_2024_06_02_13_51_0194_lat_10.3047356_lon_105.2622318_alt_20.006m_RE.TIF""]",/home/hyggestuen/Downloads/_WeedyRice/WeedyRice-RGBMS-DB/Masks/DJI_DateTime_2024_06_02_13_51_0194_lat_10.3047356_lon_105.2622318_alt_20.006m.png,2024_06_02_13,val
DJI_DateTime_2024_06_02_13_51_0195_lat_10.3047028_lon_105.2622295_alt_19.989m,/home/hyggestuen/Downloads/_WeedyRice/WeedyRice-RGBMS-DB/RGB/DJI_DateTime_2024_06_02_13_51_0195_lat_10.3047028_lon_105.2622295_alt_19.989m.JPG,,"[""/home/hyggestuen/Downloads/_WeedyRice/WeedyRice-RGBMS-DB/Multispectral/DJI_DateTime_2024_06_02_13_51_0195_lat_10.3047028_lon_105.2622295_alt_19.989m_G.TIF"", ""/home/hyggestuen/Downloads/_WeedyRice/WeedyRice-RGBMS-DB/Multispectral/DJI_DateTime_2024_06_02_13_51_0195_lat_10.3047028_lon_105.2622295_alt_19.989m_NIR.TIF"", ""/home/hyggestuen/Downloads/_WeedyRice/WeedyRice-RGBMS-DB/Multispectral/DJI_DateTime_2024_06_02_13_51_0195_lat_10.3047028_lon_105.2622295_alt_19.989m_R.TIF"", ""/home/hyggestuen/Downloads/_WeedyRice/WeedyRice-RGBMS-DB/Multispectral/DJI_DateTime_2024_06_02_13_51_0195_lat_10.3047028_lon_105.2622295_alt_19.989m_RE.TIF""]",/home/hyggestuen/Downloads/_WeedyRice/WeedyRice-RGBMS-DB/Masks/DJI_DateTime_2024_06_02_13_51_0195_lat_10.3047028_lon_105.2622295_alt_19.989m.png,2024_06_02_13,val
DJI_DateTime_2024_06_02_13_51_0196_lat_10.3046706_lon_105.2622284_alt_19.996m,/home/hyggestuen/Downloads/_WeedyRice/WeedyRice-RGBMS-DB/RGB/DJI_DateTime_2024_06_02_13_51_0196_lat_10.3046706_lon_105.2622284_alt_19.996m.JPG,,"[""/home/hyggestuen/Downloads/_WeedyRice/WeedyRice-RGBMS-DB/Multispectral/DJI_DateTime_2024_06_02_13_51_0196_lat_10.3046706_lon_105.2622284_alt_19.996m_G.TIF"", ""/home/hyggestuen/Downloads/_WeedyRice/WeedyRice-RGBMS-DB/Multispectral/DJI_DateTime_2024_06_02_13_51_0196_lat_10.3046706_lon_105.2622284_alt_19.996m_NIR.TIF"", ""/home/hyggestuen/Downloads/_WeedyRice/WeedyRice-RGBMS-DB/Multispectral/DJI_DateTime_2024_06_02_13_51_0196_lat_10.3046706_lon_105.2622284_alt_19.996m_R.TIF"", ""/home/hyggestuen/Downloads/_WeedyRice/WeedyRice-RGBMS-DB/Multispectral/DJI_DateTime_2024_06_02_13_51_0196_lat_10.3046706_lon_105.2622284_alt_19.996m_RE.TIF""]",/home/hyggestuen/Downloads/_WeedyRice/WeedyRice-RGBMS-DB/Masks/DJI_DateTime_2024_06_02_13_51_0196_lat_10.3046706_lon_105.2622284_alt_19.996m.png,2024_06_02_13,val
DJI_DateTime_2024_06_02_13_51_0197_lat_10.3046388_lon_105.2622271_alt_20.000m,/home/hyggestuen/Downloads/_WeedyRice/WeedyRice-RGBMS-DB/RGB/DJI_DateTime_2024_06_02_13_51_0197_lat_10.3046388_lon_105.2622271_alt_20.000m.JPG,,"[""/home/hyggestuen/Downloads/_WeedyRice/WeedyRice-RGBMS-DB/Multispectral/DJI_DateTime_2024_06_02_13_51_0197_lat_10.3046388_lon_105.2622271_alt_20.000m_G.TIF"", ""/home/hyggestuen/Downloads/_WeedyRice/WeedyRice-RGBMS-DB/Multispectral/DJI_DateTime_2024_06_02_13_51_0197_lat_10.3046388_lon_105.2622271_alt_20.000m_NIR.TIF"", ""/home/hyggestuen/Downloads/_WeedyRice/WeedyRice-RGBMS-DB/Multispectral/DJI_DateTime_2024_06_02_13_51_0197_lat_10.3046388_lon_105.2622271_alt_20.000m_R.TIF"", ""/home/hyggestuen/Downloads/_WeedyRice/WeedyRice-RGBMS-DB/Multispectral/DJI_DateTime_2024_06_02_13_51_0197_lat_10.3046388_lon_105.2622271_alt_20.000m_RE.TIF""]",/home/hyggestuen/Downloads/_WeedyRice/WeedyRice-RGBMS-DB/Masks/DJI_DateTime_2024_06_02_13_51_0197_lat_10.3046388_lon_105.2622271_alt_20.000m.png,2024_06_02_13,val
DJI_DateTime_2024_06_02_13_51_0198_lat_10.3046066_lon_105.2622250_alt_19.993m,/home/hyggestuen/Downloads/_WeedyRice/WeedyRice-RGBMS-DB/RGB/DJI_DateTime_2024_06_02_13_51_0198_lat_10.3046066_lon_105.2622250_alt_19.993m.JPG,,"[""/home/hyggestuen/Downloads/_WeedyRice/WeedyRice-RGBMS-DB/Multispectral/DJI_DateTime_2024_06_02_13_51_0198_lat_10.3046066_lon_105.2622250_alt_19.993m_G.TIF"", ""/home/hyggestuen/Downloads/_WeedyRice/WeedyRice-RGBMS-DB/Multispectral/DJI_DateTime_2024_06_02_13_51_0198_lat_10.3046066_lon_105.2622250_alt_19.993m_NIR.TIF"", ""/home/hyggestuen/Downloads/_WeedyRice/WeedyRice-RGBMS-DB/Multispectral/DJI_DateTime_2024_06_02_13_51_0198_lat_10.3046066_lon_105.2622250_alt_19.993m_R.TIF"", ""/home/hyggestuen/Downloads/_WeedyRice/WeedyRice-RGBMS-DB/Multispectral/DJI_DateTime_2024_06_02_13_51_0198_lat_10.3046066_lon_105.2622250_alt_19.993m_RE.TIF""]",/home/hyggestuen/Downloads/_WeedyRice/WeedyRice-RGBMS-DB/Masks/DJI_DateTime_2024_06_02_13_51_0198_lat_10.3046066_lon_105.2622250_alt_19.993m.png,2024_06_02_13,val
DJI_DateTime_2024_06_02_13_52_0199_lat_10.3045752_lon_105.2622237_alt_20.050m,/home/hyggestuen/Downloads/_WeedyRice/WeedyRice-RGBMS-DB/RGB/DJI_DateTime_2024_06_02_13_52_0199_lat_10.3045752_lon_105.2622237_alt_20.050m.JPG,,"[""/home/hyggestuen/Downloads/_WeedyRice/WeedyRice-RGBMS-DB/Multispectral/DJI_DateTime_2024_06_02_13_52_0199_lat_10.3045752_lon_105.2622237_alt_20.050m_G.TIF"", ""/home/hyggestuen/Downloads/_WeedyRice/WeedyRice-RGBMS-DB/Multispectral/DJI_DateTime_2024_06_02_13_52_0199_lat_10.3045752_lon_105.2622237_alt_20.050m_NIR.TIF"", ""/home/hyggestuen/Downloads/_WeedyRice/WeedyRice-RGBMS-DB/Multispectral/DJI_DateTime_2024_06_02_13_52_0199_lat_10.3045752_lon_105.2622237_alt_20.050m_R.TIF"", ""/home/hyggestuen/Downloads/_WeedyRice/WeedyRice-RGBMS-DB/Multispectral/DJI_DateTime_2024_06_02_13_52_0199_lat_10.3045752_lon_105.2622237_alt_20.050m_RE.TIF""]",/home/hyggestuen/Downloads/_WeedyRice/WeedyRice-RGBMS-DB/Masks/DJI_DateTime_2024_06_02_13_52_0199_lat_10.3045752_lon_105.2622237_alt_20.050m.png,2024_06_02_13,val
DJI_DateTime_2024_06_02_13_52_0200_lat_10.3045433_lon_105.2622216_alt_20.046m,/home/hyggestuen/Downloads/_WeedyRice/WeedyRice-RGBMS-DB/RGB/DJI_DateTime_2024_06_02_13_52_0200_lat_10.3045433_lon_105.2622216_alt_20.046m.JPG,,"[""/home/hyggestuen/Downloads/_WeedyRice/WeedyRice-RGBMS-DB/Multispectral/DJI_DateTime_2024_06_02_13_52_0200_lat_10.3045433_lon_105.2622216_alt_20.046m_G.TIF"", ""/home/hyggestuen/Downloads/_WeedyRice/WeedyRice-RGBMS-DB/Multispectral/DJI_DateTime_2024_06_02_13_52_0200_lat_10.3045433_lon_105.2622216_alt_20.046m_NIR.TIF"", ""/home/hyggestuen/Downloads/_WeedyRice/WeedyRice-RGBMS-DB/Multispectral/DJI_DateTime_2024_06_02_13_52_0200_lat_10.3045433_lon_105.2622216_alt_20.046m_R.TIF"", ""/home/hyggestuen/Downloads/_WeedyRice/WeedyRice-RGBMS-DB/Multispectral/DJI_DateTime_2024_06_02_13_52_0200_lat_10.3045433_lon_105.2622216_alt_20.046m_RE.TIF""]",/home/hyggestuen/Downloads/_WeedyRice/WeedyRice-RGBMS-DB/Masks/DJI_DateTime_2024_06_02_13_52_0200_lat_10.3045433_lon_105.2622216_alt_20.046m.png,2024_06_02_13,val
DJI_DateTime_2024_06_02_13_52_0201_lat_10.3045109_lon_105.2622196_alt_19.978m,/home/hyggestuen/Downloads/_WeedyRice/WeedyRice-RGBMS-DB/RGB/DJI_DateTime_2024_06_02_13_52_0201_lat_10.3045109_lon_105.2622196_alt_19.978m.JPG,,"[""/home/hyggestuen/Downloads/_WeedyRice/WeedyRice-RGBMS-DB/Multispectral/DJI_DateTime_2024_06_02_13_52_0201_lat_10.3045109_lon_105.2622196_alt_19.978m_G.TIF"", ""/home/hyggestuen/Downloads/_WeedyRice/WeedyRice-RGBMS-DB/Multispectral/DJI_DateTime_2024_06_02_13_52_0201_lat_10.3045109_lon_105.2622196_alt_19.978m_NIR.TIF"", ""/home/hyggestuen/Downloads/_WeedyRice/WeedyRice-RGBMS-DB/Multispectral/DJI_DateTime_2024_06_02_13_52_0201_lat_10.3045109_lon_105.2622196_alt_19.978m_R.TIF"", ""/home/hyggestuen/Downloads/_WeedyRice/WeedyRice-RGBMS-DB/Multispectral/DJI_DateTime_2024_06_02_13_52_0201_lat_10.3045109_lon_105.2622196_alt_19.978m_RE.TIF""]",/home/hyggestuen/Downloads/_WeedyRice/WeedyRice-RGBMS-DB/Masks/DJI_DateTime_2024_06_02_13_52_0201_lat_10.3045109_lon_105.2622196_alt_19.978m.png,2024_06_02_13,val
DJI_DateTime_2024_06_02_13_52_0202_lat_10.3044783_lon_105.2622179_alt_20.005m,/home/hyggestuen/Downloads/_WeedyRice/WeedyRice-RGBMS-DB/RGB/DJI_DateTime_2024_06_02_13_52_0202_lat_10.3044783_lon_105.2622179_alt_20.005m.JPG,,"[""/home/hyggestuen/Downloads/_WeedyRice/WeedyRice-RGBMS-DB/Multispectral/DJI_DateTime_2024_06_02_13_52_0202_lat_10.3044783_lon_105.2622179_alt_20.005m_G.TIF"", ""/home/hyggestuen/Downloads/_WeedyRice/WeedyRice-RGBMS-DB/Multispectral/DJI_DateTime_2024_06_02_13_52_0202_lat_10.3044783_lon_105.2622179_alt_20.005m_NIR.TIF"", ""/home/hyggestuen/Downloads/_WeedyRice/WeedyRice-RGBMS-DB/Multispectral/DJI_DateTime_2024_06_02_13_52_0202_lat_10.3044783_lon_105.2622179_alt_20.005m_R.TIF"", ""/home/hyggestuen/Downloads/_WeedyRice/WeedyRice-RGBMS-DB/Multispectral/DJI_DateTime_2024_06_02_13_52_0202_lat_10.3044783_lon_105.2622179_alt_20.005m_RE.TIF""]",/home/hyggestuen/Downloads/_WeedyRice/WeedyRice-RGBMS-DB/Masks/DJI_DateTime_2024_06_02_13_52_0202_lat_10.3044783_lon_105.2622179_alt_20.005m.png,2024_06_02_13,val
DJI_DateTime_2024_06_02_13_52_0203_lat_10.3044455_lon_105.2622164_alt_20.003m,/home/hyggestuen/Downloads/_WeedyRice/WeedyRice-RGBMS-DB/RGB/DJI_DateTime_2024_06_02_13_52_0203_lat_10.3044455_lon_105.2622164_alt_20.003m.JPG,,"[""/home/hyggestuen/Downloads/_WeedyRice/WeedyRice-RGBMS-DB/Multispectral/DJI_DateTime_2024_06_02_13_52_0203_lat_10.3044455_lon_105.2622164_alt_20.003m_G.TIF"", ""/home/hyggestuen/Downloads/_WeedyRice/WeedyRice-RGBMS-DB/Multispectral/DJI_DateTime_2024_06_02_13_52_0203_lat_10.3044455_lon_105.2622164_alt_20.003m_NIR.TIF"", ""/home/hyggestuen/Downloads/_WeedyRice/WeedyRice-RGBMS-DB/Multispectral/DJI_DateTime_2024_06_02_13_52_0203_lat_10.3044455_lon_105.2622164_alt_20.003m_R.TIF"", ""/home/hyggestuen/Downloads/_WeedyRice/WeedyRice-RGBMS-DB/Multispectral/DJI_DateTime_2024_06_02_13_52_0203_lat_10.3044455_lon_105.2622164_alt_20.003m_RE.TIF""]",/home/hyggestuen/Downloads/_WeedyRice/WeedyRice-RGBMS-DB/Masks/DJI_DateTime_2024_06_02_13_52_0203_lat_10.3044455_lon_105.2622164_alt_20.003m.png,2024_06_02_13,val
DJI_DateTime_2024_06_02_13_52_0204_lat_10.3044132_lon_105.2622142_alt_19.992m,/home/hyggestuen/Downloads/_WeedyRice/WeedyRice-RGBMS-DB/RGB/DJI_DateTime_2024_06_02_13_52_0204_lat_10.3044132_lon_105.2622142_alt_19.992m.JPG,,"[""/home/hyggestuen/Downloads/_WeedyRice/WeedyRice-RGBMS-DB/Multispectral/DJI_DateTime_2024_06_02_13_52_0204_lat_10.3044132_lon_105.2622142_alt_19.992m_G.TIF"", ""/home/hyggestuen/Downloads/_WeedyRice/WeedyRice-RGBMS-DB/Multispectral/DJI_DateTime_2024_06_02_13_52_0204_lat_10.3044132_lon_105.2622142_alt_19.992m_NIR.TIF"", ""/home/hyggestuen/Downloads/_WeedyRice/WeedyRice-RGBMS-DB/Multispectral/DJI_DateTime_2024_06_02_13_52_0204_lat_10.3044132_lon_105.2622142_alt_19.992m_R.TIF"", ""/home/hyggestuen/Downloads/_WeedyRice/WeedyRice-RGBMS-DB/Multispectral/DJI_DateTime_2024_06_02_13_52_0204_lat_10.3044132_lon_105.2622142_alt_19.992m_RE.TIF""]",/home/hyggestuen/Downloads/_WeedyRice/WeedyRice-RGBMS-DB/Masks/DJI_DateTime_2024_06_02_13_52_0204_lat_10.3044132_lon_105.2622142_alt_19.992m.png,2024_06_02_13,val
DJI_DateTime_2024_06_02_13_52_0205_lat_10.3043811_lon_105.2622126_alt_20.026m,/home/hyggestuen/Downloads/_WeedyRice/WeedyRice-RGBMS-DB/RGB/DJI_DateTime_2024_06_02_13_52_0205_lat_10.3043811_lon_105.2622126_alt_20.026m.JPG,,"[""/home/hyggestuen/Downloads/_WeedyRice/WeedyRice-RGBMS-DB/Multispectral/DJI_DateTime_2024_06_02_13_52_0205_lat_10.3043811_lon_105.2622126_alt_20.026m_G.TIF"", ""/home/hyggestuen/Downloads/_WeedyRice/WeedyRice-RGBMS-DB/Multispectral/DJI_DateTime_2024_06_02_13_52_0205_lat_10.3043811_lon_105.2622126_alt_20.026m_NIR.TIF"", ""/home/hyggestuen/Downloads/_WeedyRice/WeedyRice-RGBMS-DB/Multispectral/DJI_DateTime_2024_06_02_13_52_0205_lat_10.3043811_lon_105.2622126_alt_20.026m_R.TIF"", ""/home/hyggestuen/Downloads/_WeedyRice/WeedyRice-RGBMS-DB/Multispectral/DJI_DateTime_2024_06_02_13_52_0205_lat_10.3043811_lon_105.2622126_alt_20.026m_RE.TIF""]",/home/hyggestuen/Downloads/_WeedyRice/WeedyRice-RGBMS-DB/Masks/DJI_DateTime_2024_06_02_13_52_0205_lat_10.3043811_lon_105.2622126_alt_20.026m.png,2024_06_02_13,val
DJI_DateTime_2024_06_02_13_52_0206_lat_10.3043485_lon_105.2622109_alt_20.065m,/home/hyggestuen/Downloads/_WeedyRice/WeedyRice-RGBMS-DB/RGB/DJI_DateTime_2024_06_02_13_52_0206_lat_10.3043485_lon_105.2622109_alt_20.065m.JPG,,"[""/home/hyggestuen/Downloads/_WeedyRice/WeedyRice-RGBMS-DB/Multispectral/DJI_DateTime_2024_06_02_13_52_0206_lat_10.3043485_lon_105.2622109_alt_20.065m_G.TIF"", ""/home/hyggestuen/Downloads/_WeedyRice/WeedyRice-RGBMS-DB/Multispectral/DJI_DateTime_2024_06_02_13_52_0206_lat_10.3043485_lon_105.2622109_alt_20.065m_NIR.TIF"", ""/home/hyggestuen/Downloads/_WeedyRice/WeedyRice-RGBMS-DB/Multispectral/DJI_DateTime_2024_06_02_13_52_0206_lat_10.3043485_lon_105.2622109_alt_20.065m_R.TIF"", ""/home/hyggestuen/Downloads/_WeedyRice/WeedyRice-RGBMS-DB/Multispectral/DJI_DateTime_2024_06_02_13_52_0206_lat_10.3043485_lon_105.2622109_alt_20.065m_RE.TIF""]",/home/hyggestuen/Downloads/_WeedyRice/WeedyRice-RGBMS-DB/Masks/DJI_DateTime_2024_06_02_13_52_0206_lat_10.3043485_lon_105.2622109_alt_20.065m.png,2024_06_02_13,val
DJI_DateTime_2024_06_02_13_52_0207_lat_10.3043159_lon_105.2622091_alt_19.994m,/home/hyggestuen/Downloads/_WeedyRice/WeedyRice-RGBMS-DB/RGB/DJI_DateTime_2024_06_02_13_52_0207_lat_10.3043159_lon_105.2622091_alt_19.994m.JPG,,"[""/home/hyggestuen/Downloads/_WeedyRice/WeedyRice-RGBMS-DB/Multispectral/DJI_DateTime_2024_06_02_13_52_0207_lat_10.3043159_lon_105.2622091_alt_19.994m_G.TIF"", ""/home/hyggestuen/Downloads/_WeedyRice/WeedyRice-RGBMS-DB/Multispectral/DJI_DateTime_2024_06_02_13_52_0207_lat_10.3043159_lon_105.2622091_alt_19.994m_NIR.TIF"", ""/home/hyggestuen/Downloads/_WeedyRice/WeedyRice-RGBMS-DB/Multispectral/DJI_DateTime_2024_06_02_13_52_0207_lat_10.3043159_lon_105.2622091_alt_19.994m_R.TIF"", ""/home/hyggestuen/Downloads/_WeedyRice/WeedyRice-RGBMS-DB/Multispectral/DJI_DateTime_2024_06_02_13_52_0207_lat_10.3043159_lon_105.2622091_alt_19.994m_RE.TIF""]",/home/hyggestuen/Downloads/_WeedyRice/WeedyRice-RGBMS-DB/Masks/DJI_DateTime_2024_06_02_13_52_0207_lat_10.3043159_lon_105.2622091_alt_19.994m.png,2024_06_02_13,val
DJI_DateTime_2024_06_02_13_52_0208_lat_10.3042841_lon_105.2622078_alt_20.013m,/home/hyggestuen/Downloads/_WeedyRice/WeedyRice-RGBMS-DB/RGB/DJI_DateTime_2024_06_02_13_52_0208_lat_10.3042841_lon_105.2622078_alt_20.013m.JPG,,"[""/home/hyggestuen/Downloads/_WeedyRice/WeedyRice-RGBMS-DB/Multispectral/DJI_DateTime_2024_06_02_13_52_0208_lat_10.3042841_lon_105.2622078_alt_20.013m_G.TIF"", ""/home/hyggestuen/Downloads/_WeedyRice/WeedyRice-RGBMS-DB/Multispectral/DJI_DateTime_2024_06_02_13_52_0208_lat_10.3042841_lon_105.2622078_alt_20.013m_NIR.TIF"", ""/home/hyggestuen/Downloads/_WeedyRice/WeedyRice-RGBMS-DB/Multispectral/DJI_DateTime_2024_06_02_13_52_0208_lat_10.3042841_lon_105.2622078_alt_20.013m_R.TIF"", ""/home/hyggestuen/Downloads/_WeedyRice/WeedyRice-RGBMS-DB/Multispectral/DJI_DateTime_2024_06_02_13_52_0208_lat_10.3042841_lon_105.2622078_alt_20.013m_RE.TIF""]",/home/hyggestuen/Downloads/_WeedyRice/WeedyRice-RGBMS-DB/Masks/DJI_DateTime_2024_06_02_13_52_0208_lat_10.3042841_lon_105.2622078_alt_20.013m.png,2024_06_02_13,val
DJI_DateTime_2024_06_02_13_52_0209_lat_10.3042519_lon_105.2622054_alt_19.940m,/home/hyggestuen/Downloads/_WeedyRice/WeedyRice-RGBMS-DB/RGB/DJI_DateTime_2024_06_02_13_52_0209_lat_10.3042519_lon_105.2622054_alt_19.940m.JPG,,"[""/home/hyggestuen/Downloads/_WeedyRice/WeedyRice-RGBMS-DB/Multispectral/DJI_DateTime_2024_06_02_13_52_0209_lat_10.3042519_lon_105.2622054_alt_19.940m_G.TIF"", ""/home/hyggestuen/Downloads/_WeedyRice/WeedyRice-RGBMS-DB/Multispectral/DJI_DateTime_2024_06_02_13_52_0209_lat_10.3042519_lon_105.2622054_alt_19.940m_NIR.TIF"", ""/home/hyggestuen/Downloads/_WeedyRice/WeedyRice-RGBMS-DB/Multispectral/DJI_DateTime_2024_06_02_13_52_0209_lat_10.3042519_lon_105.2622054_alt_19.940m_R.TIF"", ""/home/hyggestuen/Downloads/_WeedyRice/WeedyRice-RGBMS-DB/Multispectral/DJI_DateTime_2024_06_02_13_52_0209_lat_10.3042519_lon_105.2622054_alt_19.940m_RE.TIF""]",/home/hyggestuen/Downloads/_WeedyRice/WeedyRice-RGBMS-DB/Masks/DJI_DateTime_2024_06_02_13_52_0209_lat_10.3042519_lon_105.2622054_alt_19.940m.png,2024_06_02_13,val
DJI_DateTime_2024_06_02_13_52_0210_lat_10.3042190_lon_105.2622038_alt_20.016m,/home/hyggestuen/Downloads/_WeedyRice/WeedyRice-RGBMS-DB/RGB/DJI_DateTime_2024_06_02_13_52_0210_lat_10.3042190_lon_105.2622038_alt_20.016m.JPG,,"[""/home/hyggestuen/Downloads/_WeedyRice/WeedyRice-RGBMS-DB/Multispectral/DJI_DateTime_2024_06_02_13_52_0210_lat_10.3042190_lon_105.2622038_alt_20.016m_G.TIF"", ""/home/hyggestuen/Downloads/_WeedyRice/WeedyRice-RGBMS-DB/Multispectral/DJI_DateTime_2024_06_02_13_52_0210_lat_10.3042190_lon_105.2622038_alt_20.016m_NIR.TIF"", ""/home/hyggestuen/Downloads/_WeedyRice/WeedyRice-RGBMS-DB/Multispectral/DJI_DateTime_2024_06_02_13_52_0210_lat_10.3042190_lon_105.2622038_alt_20.016m_R.TIF"", ""/home/hyggestuen/Downloads/_WeedyRice/WeedyRice-RGBMS-DB/Multispectral/DJI_DateTime_2024_06_02_13_52_0210_lat_10.3042190_lon_105.2622038_alt_20.016m_RE.TIF""]",/home/hyggestuen/Downloads/_WeedyRice/WeedyRice-RGBMS-DB/Masks/DJI_DateTime_2024_06_02_13_52_0210_lat_10.3042190_lon_105.2622038_alt_20.016m.png,2024_06_02_13,val
DJI_DateTime_2024_06_02_13_54_0250_lat_10.3044834_lon_105.2622839_alt_20.010m,/home/hyggestuen/Downloads/_WeedyRice/WeedyRice-RGBMS-DB/RGB/DJI_DateTime_2024_06_02_13_54_0250_lat_10.3044834_lon_105.2622839_alt_20.010m.JPG,,"[""/home/hyggestuen/Downloads/_WeedyRice/WeedyRice-RGBMS-DB/Multispectral/DJI_DateTime_2024_06_02_13_54_0250_lat_10.3044834_lon_105.2622839_alt_20.010m_G.TIF"", ""/home/hyggestuen/Downloads/_WeedyRice/WeedyRice-RGBMS-DB/Multispectral/DJI_DateTime_2024_06_02_13_54_0250_lat_10.3044834_lon_105.2622839_alt_20.010m_NIR.TIF"", ""/home/hyggestuen/Downloads/_WeedyRice/WeedyRice-RGBMS-DB/Multispectral/DJI_DateTime_2024_06_02_13_54_0250_lat_10.3044834_lon_105.2622839_alt_20.010m_R.TIF"", ""/home/hyggestuen/Downloads/_WeedyRice/WeedyRice-RGBMS-DB/Multispectral/DJI_DateTime_2024_06_02_13_54_0250_lat_10.3044834_lon_105.2622839_alt_20.010m_RE.TIF""]",/home/hyggestuen/Downloads/_WeedyRice/WeedyRice-RGBMS-DB/Masks/DJI_DateTime_2024_06_02_13_54_0250_lat_10.3044834_lon_105.2622839_alt_20.010m.png,2024_06_02_13,val
DJI_DateTime_2024_06_02_13_54_0251_lat_10.3045153_lon_105.2622856_alt_20.003m,/home/hyggestuen/Downloads/_WeedyRice/WeedyRice-RGBMS-DB/RGB/DJI_DateTime_2024_06_02_13_54_0251_lat_10.3045153_lon_105.2622856_alt_20.003m.JPG,,"[""/home/hyggestuen/Downloads/_WeedyRice/WeedyRice-RGBMS-DB/Multispectral/DJI_DateTime_2024_06_02_13_54_0251_lat_10.3045153_lon_105.2622856_alt_20.003m_G.TIF"", ""/home/hyggestuen/Downloads/_WeedyRice/WeedyRice-RGBMS-DB/Multispectral/DJI_DateTime_2024_06_02_13_54_0251_lat_10.3045153_lon_105.2622856_alt_20.003m_NIR.TIF"", ""/home/hyggestuen/Downloads/_WeedyRice/WeedyRice-RGBMS-DB/Multispectral/DJI_DateTime_2024_06_02_13_54_0251_lat_10.3045153_lon_105.2622856_alt_20.003m_R.TIF"", ""/home/hyggestuen/Downloads/_WeedyRice/WeedyRice-RGBMS-DB/Multispectral/DJI_DateTime_2024_06_02_13_54_0251_lat_10.3045153_lon_105.2622856_alt_20.003m_RE.TIF""]",/home/hyggestuen/Downloads/_WeedyRice/WeedyRice-RGBMS-DB/Masks/DJI_DateTime_2024_06_02_13_54_0251_lat_10.3045153_lon_105.2622856_alt_20.003m.png,2024_06_02_13,val
DJI_DateTime_2024_06_02_13_54_0252_lat_10.3045473_lon_105.2622874_alt_19.981m,/home/hyggestuen/Downloads/_WeedyRice/WeedyRice-RGBMS-DB/RGB/DJI_DateTime_2024_06_02_13_54_0252_lat_10.3045473_lon_105.2622874_alt_19.981m.JPG,,"[""/home/hyggestuen/Downloads/_WeedyRice/WeedyRice-RGBMS-DB/Multispectral/DJI_DateTime_2024_06_02_13_54_0252_lat_10.3045473_lon_105.2622874_alt_19.981m_G.TIF"", ""/home/hyggestuen/Downloads/_WeedyRice/WeedyRice-RGBMS-DB/Multispectral/DJI_DateTime_2024_06_02_13_54_0252_lat_10.3045473_lon_105.2622874_alt_19.981m_NIR.TIF"", ""/home/hyggestuen/Downloads/_WeedyRice/WeedyRice-RGBMS-DB/Multispectral/DJI_DateTime_2024_06_02_13_54_0252_lat_10.3045473_lon_105.2622874_alt_19.981m_R.TIF"", ""/home/hyggestuen/Downloads/_WeedyRice/WeedyRice-RGBMS-DB/Multispectral/DJI_DateTime_2024_06_02_13_54_0252_lat_10.3045473_lon_105.2622874_alt_19.981m_RE.TIF""]",/home/hyggestuen/Downloads/_WeedyRice/WeedyRice-RGBMS-DB/Masks/DJI_DateTime_2024_06_02_13_54_0252_lat_10.3045473_lon_105.2622874_alt_19.981m.png,2024_06_02_13,val
DJI_DateTime_2024_06_02_13_55_0253_lat_10.3045797_lon_105.2622889_alt_20.006m,/home/hyggestuen/Downloads/_WeedyRice/WeedyRice-RGBMS-DB/RGB/DJI_DateTime_2024_06_02_13_55_0253_lat_10.3045797_lon_105.2622889_alt_20.006m.JPG,,"[""/home/hyggestuen/Downloads/_WeedyRice/WeedyRice-RGBMS-DB/Multispectral/DJI_DateTime_2024_06_02_13_55_0253_lat_10.3045797_lon_105.2622889_alt_20.006m_G.TIF"", ""/home/hyggestuen/Downloads/_WeedyRice/WeedyRice-RGBMS-DB/Multispectral/DJI_DateTime_2024_06_02_13_55_0253_lat_10.3045797_lon_105.2622889_alt_20.006m_NIR.TIF"", ""/home/hyggestuen/Downloads/_WeedyRice/WeedyRice-RGBMS-DB/Multispectral/DJI_DateTime_2024_06_02_13_55_0253_lat_10.3045797_lon_105.2622889_alt_20.006m_R.TIF"", ""/home/hyggestuen/Downloads/_WeedyRice/WeedyRice-RGBMS-DB/Multispectral/DJI_DateTime_2024_06_02_13_55_0253_lat_10.3045797_lon_105.2622889_alt_20.006m_RE.TIF""]",/home/hyggestuen/Downloads/_WeedyRice/WeedyRice-RGBMS-DB/Masks/DJI_DateTime_2024_06_02_13_55_0253_lat_10.3045797_lon_105.2622889_alt_20.006m.png,2024_06_02_13,val
DJI_DateTime_2024_06_02_13_55_0254_lat_10.3046119_lon_105.2622903_alt_19.995m,/home/hyggestuen/Downloads/_WeedyRice/WeedyRice-RGBMS-DB/RGB/DJI_DateTime_2024_06_02_13_55_0254_lat_10.3046119_lon_105.2622903_alt_19.995m.JPG,,"[""/home/hyggestuen/Downloads/_WeedyRice/WeedyRice-RGBMS-DB/Multispectral/DJI_DateTime_2024_06_02_13_55_0254_lat_10.3046119_lon_105.2622903_alt_19.995m_G.TIF"", ""/home/hyggestuen/Downloads/_WeedyRice/WeedyRice-RGBMS-DB/Multispectral/DJI_DateTime_2024_06_02_13_55_0254_lat_10.3046119_lon_105.2622903_alt_19.995m_NIR.TIF"", ""/home/hyggestuen/Downloads/_WeedyRice/WeedyRice-RGBMS-DB/Multispectral/DJI_DateTime_2024_06_02_13_55_0254_lat_10.3046119_lon_105.2622903_alt_19.995m_R.TIF"", ""/home/hyggestuen/Downloads/_WeedyRice/WeedyRice-RGBMS-DB/Multispectral/DJI_DateTime_2024_06_02_13_55_0254_lat_10.3046119_lon_105.2622903_alt_19.995m_RE.TIF""]",/home/hyggestuen/Downloads/_WeedyRice/WeedyRice-RGBMS-DB/Masks/DJI_DateTime_2024_06_02_13_55_0254_lat_10.3046119_lon_105.2622903_alt_19.995m.png,2024_06_02_13,val
DJI_DateTime_2024_06_02_13_55_0255_lat_10.3046437_lon_105.2622919_alt_20.020m,/home/hyggestuen/Downloads/_WeedyRice/WeedyRice-RGBMS-DB/RGB/DJI_DateTime_2024_06_02_13_55_0255_lat_10.3046437_lon_105.2622919_alt_20.020m.JPG,,"[""/home/hyggestuen/Downloads/_WeedyRice/WeedyRice-RGBMS-DB/Multispectral/DJI_DateTime_2024_06_02_13_55_0255_lat_10.3046437_lon_105.2622919_alt_20.020m_G.TIF"", ""/home/hyggestuen/Downloads/_WeedyRice/WeedyRice-RGBMS-DB/Multispectral/DJI_DateTime_2024_06_02_13_55_0255_lat_10.3046437_lon_105.2622919_alt_20.020m_NIR.TIF"", ""/home/hyggestuen/Downloads/_WeedyRice/WeedyRice-RGBMS-DB/Multispectral/DJI_DateTime_2024_06_02_13_55_0255_lat_10.3046437_lon_105.2622919_alt_20.020m_R.TIF"", ""/home/hyggestuen/Downloads/_WeedyRice/WeedyRice-RGBMS-DB/Multispectral/DJI_DateTime_2024_06_02_13_55_0255_lat_10.3046437_lon_105.2622919_alt_20.020m_RE.TIF""]",/home/hyggestuen/Downloads/_WeedyRice/WeedyRice-RGBMS-DB/Masks/DJI_DateTime_2024_06_02_13_55_0255_lat_10.3046437_lon_105.2622919_alt_20.020m.png,2024_06_02_13,val
DJI_DateTime_2024_06_02_13_55_0256_lat_10.3046760_lon_105.2622938_alt_19.998m,/home/hyggestuen/Downloads/_WeedyRice/WeedyRice-RGBMS-DB/RGB/DJI_DateTime_2024_06_02_13_55_0256_lat_10.3046760_lon_105.2622938_alt_19.998m.JPG,,"[""/home/hyggestuen/Downloads/_WeedyRice/WeedyRice-RGBMS-DB/Multispectral/DJI_DateTime_2024_06_02_13_55_0256_lat_10.3046760_lon_105.2622938_alt_19.998m_G.TIF"", ""/home/hyggestuen/Downloads/_WeedyRice/WeedyRice-RGBMS-DB/Multispectral/DJI_DateTime_2024_06_02_13_55_0256_lat_10.3046760_lon_105.2622938_alt_19.998m_NIR.TIF"", ""/home/hyggestuen/Downloads/_WeedyRice/WeedyRice-RGBMS-DB/Multispectral/DJI_DateTime_2024_06_02_13_55_0256_lat_10.3046760_lon_105.2622938_alt_19.998m_R.TIF"", ""/home/hyggestuen/Downloads/_WeedyRice/WeedyRice-RGBMS-DB/Multispectral/DJI_DateTime_2024_06_02_13_55_0256_lat_10.3046760_lon_105.2622938_alt_19.998m_RE.TIF""]",/home/hyggestuen/Downloads/_WeedyRice/WeedyRice-RGBMS-DB/Masks/DJI_DateTime_2024_06_02_13_55_0256_lat_10.3046760_lon_105.2622938_alt_19.998m.png,2024_06_02_13,val
DJI_DateTime_2024_06_02_13_55_0257_lat_10.3047087_lon_105.2622955_alt_19.997m,/home/hyggestuen/Downloads/_WeedyRice/WeedyRice-RGBMS-DB/RGB/DJI_DateTime_2024_06_02_13_55_0257_lat_10.3047087_lon_105.2622955_alt_19.997m.JPG,,"[""/home/hyggestuen/Downloads/_WeedyRice/WeedyRice-RGBMS-DB/Multispectral/DJI_DateTime_2024_06_02_13_55_0257_lat_10.3047087_lon_105.2622955_alt_19.997m_G.TIF"", ""/home/hyggestuen/Downloads/_WeedyRice/WeedyRice-RGBMS-DB/Multispectral/DJI_DateTime_2024_06_02_13_55_0257_lat_10.3047087_lon_105.2622955_alt_19.997m_NIR.TIF"", ""/home/hyggestuen/Downloads/_WeedyRice/WeedyRice-RGBMS-DB/Multispectral/DJI_DateTime_2024_06_02_13_55_0257_lat_10.3047087_lon_105.2622955_alt_19.997m_R.TIF"", ""/home/hyggestuen/Downloads/_WeedyRice/WeedyRice-RGBMS-DB/Multispectral/DJI_DateTime_2024_06_02_13_55_0257_lat_10.3047087_lon_105.2622955_alt_19.997m_RE.TIF""]",/home/hyggestuen/Downloads/_WeedyRice/WeedyRice-RGBMS-DB/Masks/DJI_DateTime_2024_06_02_13_55_0257_lat_10.3047087_lon_105.2622955_alt_19.997m.png,2024_06_02_13,val
DJI_DateTime_2024_06_02_13_55_0258_lat_10.3047404_lon_105.2622978_alt_19.995m,/home/hyggestuen/Downloads/_WeedyRice/WeedyRice-RGBMS-DB/RGB/DJI_DateTime_2024_06_02_13_55_0258_lat_10.3047404_lon_105.2622978_alt_19.995m.JPG,,"[""/home/hyggestuen/Downloads/_WeedyRice/WeedyRice-RGBMS-DB/Multispectral/DJI_DateTime_2024_06_02_13_55_0258_lat_10.3047404_lon_105.2622978_alt_19.995m_G.TIF"", ""/home/hyggestuen/Downloads/_WeedyRice/WeedyRice-RGBMS-DB/Multispectral/DJI_DateTime_2024_06_02_13_55_0258_lat_10.3047404_lon_105.2622978_alt_19.995m_NIR.TIF"", ""/home/hyggestuen/Downloads/_WeedyRice/WeedyRice-RGBMS-DB/Multispectral/DJI_DateTime_2024_06_02_13_55_0258_lat_10.3047404_lon_105.2622978_alt_19.995m_R.TIF"", ""/home/hyggestuen/Downloads/_WeedyRice/WeedyRice-RGBMS-DB/Multispectral/DJI_DateTime_2024_06_02_13_55_0258_lat_10.3047404_lon_105.2622978_alt_19.995m_RE.TIF""]",/home/hyggestuen/Downloads/_WeedyRice/WeedyRice-RGBMS-DB/Masks/DJI_DateTime_2024_06_02_13_55_0258_lat_10.3047404_lon_105.2622978_alt_19.995m.png,2024_06_02_13,val
DJI_DateTime_2024_06_02_13_55_0259_lat_10.3047725_lon_105.2622995_alt_19.990m,/home/hyggestuen/Downloads/_WeedyRice/WeedyRice-RGBMS-DB/RGB/DJI_DateTime_2024_06_02_13_55_0259_lat_10.3047725_lon_105.2622995_alt_19.990m.JPG,,"[""/home/hyggestuen/Downloads/_WeedyRice/WeedyRice-RGBMS-DB/Multispectral/DJI_DateTime_2024_06_02_13_55_0259_lat_10.3047725_lon_105.2622995_alt_19.990m_G.TIF"", ""/home/hyggestuen/Downloads/_WeedyRice/WeedyRice-RGBMS-DB/Multispectral/DJI_DateTime_2024_06_02_13_55_0259_lat_10.3047725_lon_105.2622995_alt_19.990m_NIR.TIF"", ""/home/hyggestuen/Downloads/_WeedyRice/WeedyRice-RGBMS-DB/Multispectral/DJI_DateTime_2024_06_02_13_55_0259_lat_10.3047725_lon_105.2622995_alt_19.990m_R.TIF"", ""/home/hyggestuen/Downloads/_WeedyRice/WeedyRice-RGBMS-DB/Multispectral/DJI_DateTime_2024_06_02_13_55_0259_lat_10.3047725_lon_105.2622995_alt_19.990m_RE.TIF""]",/home/hyggestuen/Downloads/_WeedyRice/WeedyRice-RGBMS-DB/Masks/DJI_DateTime_2024_06_02_13_55_0259_lat_10.3047725_lon_105.2622995_alt_19.990m.png,2024_06_02_13,val
DJI_DateTime_2024_06_02_13_55_0260_lat_10.3048044_lon_105.2623014_alt_19.979m,/home/hyggestuen/Downloads/_WeedyRice/WeedyRice-RGBMS-DB/RGB/DJI_DateTime_2024_06_02_13_55_0260_lat_10.3048044_lon_105.2623014_alt_19.979m.JPG,,"[""/home/hyggestuen/Downloads/_WeedyRice/WeedyRice-RGBMS-DB/Multispectral/DJI_DateTime_2024_06_02_13_55_0260_lat_10.3048044_lon_105.2623014_alt_19.979m_G.TIF"", ""/home/hyggestuen/Downloads/_WeedyRice/WeedyRice-RGBMS-DB/Multispectral/DJI_DateTime_2024_06_02_13_55_0260_lat_10.3048044_lon_105.2623014_alt_19.979m_NIR.TIF"", ""/home/hyggestuen/Downloads/_WeedyRice/WeedyRice-RGBMS-DB/Multispectral/DJI_DateTime_2024_06_02_13_55_0260_lat_10.3048044_lon_105.2623014_alt_19.979m_R.TIF"", ""/home/hyggestuen/Downloads/_WeedyRice/WeedyRice-RGBMS-DB/Multispectral/DJI_DateTime_2024_06_02_13_55_0260_lat_10.3048044_lon_105.2623014_alt_19.979m_RE.TIF""]",/home/hyggestuen/Downloads/_WeedyRice/WeedyRice-RGBMS-DB/Masks/DJI_DateTime_2024_06_02_13_55_0260_lat_10.3048044_lon_105.2623014_alt_19.979m.png,2024_06_02_13,val
DJI_DateTime_2024_06_02_13_55_0261_lat_10.3048364_lon_105.2623031_alt_19.982m,/home/hyggestuen/Downloads/_WeedyRice/WeedyRice-RGBMS-DB/RGB/DJI_DateTime_2024_06_02_13_55_0261_lat_10.3048364_lon_105.2623031_alt_19.982m.JPG,,"[""/home/hyggestuen/Downloads/_WeedyRice/WeedyRice-RGBMS-DB/Multispectral/DJI_DateTime_2024_06_02_13_55_0261_lat_10.3048364_lon_105.2623031_alt_19.982m_G.TIF"", ""/home/hyggestuen/Downloads/_WeedyRice/WeedyRice-RGBMS-DB/Multispectral/DJI_DateTime_2024_06_02_13_55_0261_lat_10.3048364_lon_105.2623031_alt_19.982m_NIR.TIF"", ""/home/hyggestuen/Downloads/_WeedyRice/WeedyRice-RGBMS-DB/Multispectral/DJI_DateTime_2024_06_02_13_55_0261_lat_10.3048364_lon_105.2623031_alt_19.982m_R.TIF"", ""/home/hyggestuen/Downloads/_WeedyRice/WeedyRice-RGBMS-DB/Multispectral/DJI_DateTime_2024_06_02_13_55_0261_lat_10.3048364_lon_105.2623031_alt_19.982m_RE.TIF""]",/home/hyggestuen/Downloads/_WeedyRice/WeedyRice-RGBMS-DB/Masks/DJI_DateTime_2024_06_02_13_55_0261_lat_10.3048364_lon_105.2623031_alt_19.982m.png,2024_06_02_13,val
DJI_DateTime_2024_06_02_13_55_0262_lat_10.3048688_lon_105.2623055_alt_19.981m,/home/hyggestuen/Downloads/_WeedyRice/WeedyRice-RGBMS-DB/RGB/DJI_DateTime_2024_06_02_13_55_0262_lat_10.3048688_lon_105.2623055_alt_19.981m.JPG,,"[""/home/hyggestuen/Downloads/_WeedyRice/WeedyRice-RGBMS-DB/Multispectral/DJI_DateTime_2024_06_02_13_55_0262_lat_10.3048688_lon_105.2623055_alt_19.981m_G.TIF"", ""/home/hyggestuen/Downloads/_WeedyRice/WeedyRice-RGBMS-DB/Multispectral/DJI_DateTime_2024_06_02_13_55_0262_lat_10.3048688_lon_105.2623055_alt_19.981m_NIR.TIF"", ""/home/hyggestuen/Downloads/_WeedyRice/WeedyRice-RGBMS-DB/Multispectral/DJI_DateTime_2024_06_02_13_55_0262_lat_10.3048688_lon_105.2623055_alt_19.981m_R.TIF"", ""/home/hyggestuen/Downloads/_WeedyRice/WeedyRice-RGBMS-DB/Multispectral/DJI_DateTime_2024_06_02_13_55_0262_lat_10.3048688_lon_105.2623055_alt_19.981m_RE.TIF""]",/home/hyggestuen/Downloads/_WeedyRice/WeedyRice-RGBMS-DB/Masks/DJI_DateTime_2024_06_02_13_55_0262_lat_10.3048688_lon_105.2623055_alt_19.981m.png,2024_06_02_13,val
DJI_DateTime_2024_06_02_13_55_0263_lat_10.3049007_lon_105.2623075_alt_20.015m,/home/hyggestuen/Downloads/_WeedyRice/WeedyRice-RGBMS-DB/RGB/DJI_DateTime_2024_06_02_13_55_0263_lat_10.3049007_lon_105.2623075_alt_20.015m.JPG,,"[""/home/hyggestuen/Downloads/_WeedyRice/WeedyRice-RGBMS-DB/Multispectral/DJI_DateTime_2024_06_02_13_55_0263_lat_10.3049007_lon_105.2623075_alt_20.015m_G.TIF"", ""/home/hyggestuen/Downloads/_WeedyRice/WeedyRice-RGBMS-DB/Multispectral/DJI_DateTime_2024_06_02_13_55_0263_lat_10.3049007_lon_105.2623075_alt_20.015m_NIR.TIF"", ""/home/hyggestuen/Downloads/_WeedyRice/WeedyRice-RGBMS-DB/Multispectral/DJI_DateTime_2024_06_02_13_55_0263_lat_10.3049007_lon_105.2623075_alt_20.015m_R.TIF"", ""/home/hyggestuen/Downloads/_WeedyRice/WeedyRice-RGBMS-DB/Multispectral/DJI_DateTime_2024_06_02_13_55_0263_lat_10.3049007_lon_105.2623075_alt_20.015m_RE.TIF""]",/home/hyggestuen/Downloads/_WeedyRice/WeedyRice-RGBMS-DB/Masks/DJI_DateTime_2024_06_02_13_55_0263_lat_10.3049007_lon_105.2623075_alt_20.015m.png,2024_06_02_13,val
DJI_DateTime_2024_06_02_13_55_0264_lat_10.3049331_lon_105.2623090_alt_19.961m,/home/hyggestuen/Downloads/_WeedyRice/WeedyRice-RGBMS-DB/RGB/DJI_DateTime_2024_06_02_13_55_0264_lat_10.3049331_lon_105.2623090_alt_19.961m.JPG,,"[""/home/hyggestuen/Downloads/_WeedyRice/WeedyRice-RGBMS-DB/Multispectral/DJI_DateTime_2024_06_02_13_55_0264_lat_10.3049331_lon_105.2623090_alt_19.961m_G.TIF"", ""/home/hyggestuen/Downloads/_WeedyRice/WeedyRice-RGBMS-DB/Multispectral/DJI_DateTime_2024_06_02_13_55_0264_lat_10.3049331_lon_105.2623090_alt_19.961m_NIR.TIF"", ""/home/hyggestuen/Downloads/_WeedyRice/WeedyRice-RGBMS-DB/Multispectral/DJI_DateTime_2024_06_02_13_55_0264_lat_10.3049331_lon_105.2623090_alt_19.961m_R.TIF"", ""/home/hyggestuen/Downloads/_WeedyRice/WeedyRice-RGBMS-DB/Multispectral/DJI_DateTime_2024_06_02_13_55_0264_lat_10.3049331_lon_105.2623090_alt_19.961m_RE.TIF""]",/home/hyggestuen/Downloads/_WeedyRice/WeedyRice-RGBMS-DB/Masks/DJI_DateTime_2024_06_02_13_55_0264_lat_10.3049331_lon_105.2623090_alt_19.961m.png,2024_06_02_13,val
DJI_DateTime_2024_06_02_13_55_0265_lat_10.3049656_lon_105.2623104_alt_20.030m,/home/hyggestuen/Downloads/_WeedyRice/WeedyRice-RGBMS-DB/RGB/DJI_DateTime_2024_06_02_13_55_0265_lat_10.3049656_lon_105.2623104_alt_20.030m.JPG,,"[""/home/hyggestuen/Downloads/_WeedyRice/WeedyRice-RGBMS-DB/Multispectral/DJI_DateTime_2024_06_02_13_55_0265_lat_10.3049656_lon_105.2623104_alt_20.030m_G.TIF"", ""/home/hyggestuen/Downloads/_WeedyRice/WeedyRice-RGBMS-DB/Multispectral/DJI_DateTime_2024_06_02_13_55_0265_lat_10.3049656_lon_105.2623104_alt_20.030m_NIR.TIF"", ""/home/hyggestuen/Downloads/_WeedyRice/WeedyRice-RGBMS-DB/Multispectral/DJI_DateTime_2024_06_02_13_55_0265_lat_10.3049656_lon_105.2623104_alt_20.030m_R.TIF"", ""/home/hyggestuen/Downloads/_WeedyRice/WeedyRice-RGBMS-DB/Multispectral/DJI_DateTime_2024_06_02_13_55_0265_lat_10.3049656_lon_105.2623104_alt_20.030m_RE.TIF""]",/home/hyggestuen/Downloads/_WeedyRice/WeedyRice-RGBMS-DB/Masks/DJI_DateTime_2024_06_02_13_55_0265_lat_10.3049656_lon_105.2623104_alt_20.030m.png,2024_06_02_13,val
DJI_DateTime_2024_06_02_13_56_0283_lat_10.3047781_lon_105.2623644_alt_20.024m,/home/hyggestuen/Downloads/_WeedyRice/WeedyRice-RGBMS-DB/RGB/DJI_DateTime_2024_06_02_13_56_0283_lat_10.3047781_lon_105.2623644_alt_20.024m.JPG,,"[""/home/hyggestuen/Downloads/_WeedyRice/WeedyRice-RGBMS-DB/Multispectral/DJI_DateTime_2024_06_02_13_56_0283_lat_10.3047781_lon_105.2623644_alt_20.024m_G.TIF"", ""/home/hyggestuen/Downloads/_WeedyRice/WeedyRice-RGBMS-DB/Multispectral/DJI_DateTime_2024_06_02_13_56_0283_lat_10.3047781_lon_105.2623644_alt_20.024m_NIR.TIF"", ""/home/hyggestuen/Downloads/_WeedyRice/WeedyRice-RGBMS-DB/Multispectral/DJI_DateTime_2024_06_02_13_56_0283_lat_10.3047781_lon_105.2623644_alt_20.024m_R.TIF"", ""/home/hyggestuen/Downloads/_WeedyRice/WeedyRice-RGBMS-DB/Multispectral/DJI_DateTime_2024_06_02_13_56_0283_lat_10.3047781_lon_105.2623644_alt_20.024m_RE.TIF""]",/home/hyggestuen/Downloads/_WeedyRice/WeedyRice-RGBMS-DB/Masks/DJI_DateTime_2024_06_02_13_56_0283_lat_10.3047781_lon_105.2623644_alt_20.024m.png,2024_06_02_13,val
DJI_DateTime_2024_06_02_13_56_0284_lat_10.3047459_lon_105.2623622_alt_19.971m,/home/hyggestuen/Downloads/_WeedyRice/WeedyRice-RGBMS-DB/RGB/DJI_DateTime_2024_06_02_13_56_0284_lat_10.3047459_lon_105.2623622_alt_19.971m.JPG,,"[""/home/hyggestuen/Downloads/_WeedyRice/WeedyRice-RGBMS-DB/Multispectral/DJI_DateTime_2024_06_02_13_56_0284_lat_10.3047459_lon_105.2623622_alt_19.971m_G.TIF"", ""/home/hyggestuen/Downloads/_WeedyRice/WeedyRice-RGBMS-DB/Multispectral/DJI_DateTime_2024_06_02_13_56_0284_lat_10.3047459_lon_105.2623622_alt_19.971m_NIR.TIF"", ""/home/hyggestuen/Downloads/_WeedyRice/WeedyRice-RGBMS-DB/Multispectral/DJI_DateTime_2024_06_02_13_56_0284_lat_10.3047459_lon_105.2623622_alt_19.971m_R.TIF"", ""/home/hyggestuen/Downloads/_WeedyRice/WeedyRice-RGBMS-DB/Multispectral/DJI_DateTime_2024_06_02_13_56_0284_lat_10.3047459_lon_105.2623622_alt_19.971m_RE.TIF""]",/home/hyggestuen/Downloads/_WeedyRice/WeedyRice-RGBMS-DB/Masks/DJI_DateTime_2024_06_02_13_56_0284_lat_10.3047459_lon_105.2623622_alt_19.971m.png,2024_06_02_13,val
DJI_DateTime_2024_06_02_13_56_0285_lat_10.3047138_lon_105.2623609_alt_19.974m,/home/hyggestuen/Downloads/_WeedyRice/WeedyRice-RGBMS-DB/RGB/DJI_DateTime_2024_06_02_13_56_0285_lat_10.3047138_lon_105.2623609_alt_19.974m.JPG,,"[""/home/hyggestuen/Downloads/_WeedyRice/WeedyRice-RGBMS-DB/Multispectral/DJI_DateTime_2024_06_02_13_56_0285_lat_10.3047138_lon_105.2623609_alt_19.974m_G.TIF"", ""/home/hyggestuen/Downloads/_WeedyRice/WeedyRice-RGBMS-DB/Multispectral/DJI_DateTime_2024_06_02_13_56_0285_lat_10.3047138_lon_105.2623609_alt_19.974m_NIR.TIF"", ""/home/hyggestuen/Downloads/_WeedyRice/WeedyRice-RGBMS-DB/Multispectral/DJI_DateTime_2024_06_02_13_56_0285_lat_10.3047138_lon_105.2623609_alt_19.974m_R.TIF"", ""/home/hyggestuen/Downloads/_WeedyRice/WeedyRice-RGBMS-DB/Multispectral/DJI_DateTime_2024_06_02_13_56_0285_lat_10.3047138_lon_105.2623609_alt_19.974m_RE.TIF""]",/home/hyggestuen/Downloads/_WeedyRice/WeedyRice-RGBMS-DB/Masks/DJI_DateTime_2024_06_02_13_56_0285_lat_10.3047138_lon_105.2623609_alt_19.974m.png,2024_06_02_13,val
DJI_DateTime_2024_06_02_13_56_0286_lat_10.3046814_lon_105.2623598_alt_20.052m,/home/hyggestuen/Downloads/_WeedyRice/WeedyRice-RGBMS-DB/RGB/DJI_DateTime_2024_06_02_13_56_0286_lat_10.3046814_lon_105.2623598_alt_20.052m.JPG,,"[""/home/hyggestuen/Downloads/_WeedyRice/WeedyRice-RGBMS-DB/Multispectral/DJI_DateTime_2024_06_02_13_56_0286_lat_10.3046814_lon_105.2623598_alt_20.052m_G.TIF"", ""/home/hyggestuen/Downloads/_WeedyRice/WeedyRice-RGBMS-DB/Multispectral/DJI_DateTime_2024_06_02_13_56_0286_lat_10.3046814_lon_105.2623598_alt_20.052m_NIR.TIF"", ""/home/hyggestuen/Downloads/_WeedyRice/WeedyRice-RGBMS-DB/Multispectral/DJI_DateTime_2024_06_02_13_56_0286_lat_10.3046814_lon_105.2623598_alt_20.052m_R.TIF"", ""/home/hyggestuen/Downloads/_WeedyRice/WeedyRice-RGBMS-DB/Multispectral/DJI_DateTime_2024_06_02_13_56_0286_lat_10.3046814_lon_105.2623598_alt_20.052m_RE.TIF""]",/home/hyggestuen/Downloads/_WeedyRice/WeedyRice-RGBMS-DB/Masks/DJI_DateTime_2024_06_02_13_56_0286_lat_10.3046814_lon_105.2623598_alt_20.052m.png,2024_06_02_13,val
DJI_DateTime_2024_06_02_13_56_0287_lat_10.3046491_lon_105.2623577_alt_20.030m,/home/hyggestuen/Downloads/_WeedyRice/WeedyRice-RGBMS-DB/RGB/DJI_DateTime_2024_06_02_13_56_0287_lat_10.3046491_lon_105.2623577_alt_20.030m.JPG,,"[""/home/hyggestuen/Downloads/_WeedyRice/WeedyRice-RGBMS-DB/Multispectral/DJI_DateTime_2024_06_02_13_56_0287_lat_10.3046491_lon_105.2623577_alt_20.030m_G.TIF"", ""/home/hyggestuen/Downloads/_WeedyRice/WeedyRice-RGBMS-DB/Multispectral/DJI_DateTime_2024_06_02_13_56_0287_lat_10.3046491_lon_105.2623577_alt_20.030m_NIR.TIF"", ""/home/hyggestuen/Downloads/_WeedyRice/WeedyRice-RGBMS-DB/Multispectral/DJI_DateTime_2024_06_02_13_56_0287_lat_10.3046491_lon_105.2623577_alt_20.030m_R.TIF"", ""/home/hyggestuen/Downloads/_WeedyRice/WeedyRice-RGBMS-DB/Multispectral/DJI_DateTime_2024_06_02_13_56_0287_lat_10.3046491_lon_105.2623577_alt_20.030m_RE.TIF""]",/home/hyggestuen/Downloads/_WeedyRice/WeedyRice-RGBMS-DB/Masks/DJI_DateTime_2024_06_02_13_56_0287_lat_10.3046491_lon_105.2623577_alt_20.030m.png,2024_06_02_13,val
DJI_DateTime_2024_06_02_13_56_0288_lat_10.3046167_lon_105.2623557_alt_19.983m,/home/hyggestuen/Downloads/_WeedyRice/WeedyRice-RGBMS-DB/RGB/DJI_DateTime_2024_06_02_13_56_0288_lat_10.3046167_lon_105.2623557_alt_19.983m.JPG,,"[""/home/hyggestuen/Downloads/_WeedyRice/WeedyRice-RGBMS-DB/Multispectral/DJI_DateTime_2024_06_02_13_56_0288_lat_10.3046167_lon_105.2623557_alt_19.983m_G.TIF"", ""/home/hyggestuen/Downloads/_WeedyRice/WeedyRice-RGBMS-DB/Multispectral/DJI_DateTime_2024_06_02_13_56_0288_lat_10.3046167_lon_105.2623557_alt_19.983m_NIR.TIF"", ""/home/hyggestuen/Downloads/_WeedyRice/WeedyRice-RGBMS-DB/Multispectral/DJI_DateTime_2024_06_02_13_56_0288_lat_10.3046167_lon_105.2623557_alt_19.983m_R.TIF"", ""/home/hyggestuen/Downloads/_WeedyRice/WeedyRice-RGBMS-DB/Multispectral/DJI_DateTime_2024_06_02_13_56_0288_lat_10.3046167_lon_105.2623557_alt_19.983m_RE.TIF""]",/home/hyggestuen/Downloads/_WeedyRice/WeedyRice-RGBMS-DB/Masks/DJI_DateTime_2024_06_02_13_56_0288_lat_10.3046167_lon_105.2623557_alt_19.983m.png,2024_06_02_13,val
DJI_DateTime_2024_06_02_13_57_0289_lat_10.3045848_lon_105.2623544_alt_20.023m,/home/hyggestuen/Downloads/_WeedyRice/WeedyRice-RGBMS-DB/RGB/DJI_DateTime_2024_06_02_13_57_0289_lat_10.3045848_lon_105.2623544_alt_20.023m.JPG,,"[""/home/hyggestuen/Downloads/_WeedyRice/WeedyRice-RGBMS-DB/Multispectral/DJI_DateTime_2024_06_02_13_57_0289_lat_10.3045848_lon_105.2623544_alt_20.023m_G.TIF"", ""/home/hyggestuen/Downloads/_WeedyRice/WeedyRice-RGBMS-DB/Multispectral/DJI_DateTime_2024_06_02_13_57_0289_lat_10.3045848_lon_105.2623544_alt_20.023m_NIR.TIF"", ""/home/hyggestuen/Downloads/_WeedyRice/WeedyRice-RGBMS-DB/Multispectral/DJI_DateTime_2024_06_02_13_57_0289_lat_10.3045848_lon_105.2623544_alt_20.023m_R.TIF"", ""/home/hyggestuen/Downloads/_WeedyRice/WeedyRice-RGBMS-DB/Multispectral/DJI_DateTime_2024_06_02_13_57_0289_lat_10.3045848_lon_105.2623544_alt_20.023m_RE.TIF""]",/home/hyggestuen/Downloads/_WeedyRice/WeedyRice-RGBMS-DB/Masks/DJI_DateTime_2024_06_02_13_57_0289_lat_10.3045848_lon_105.2623544_alt_20.023m.png,2024_06_02_13,val
DJI_DateTime_2024_06_02_13_57_0290_lat_10.3045526_lon_105.2623526_alt_19.974m,/home/hyggestuen/Downloads/_WeedyRice/WeedyRice-RGBMS-DB/RGB/DJI_DateTime_2024_06_02_13_57_0290_lat_10.3045526_lon_105.2623526_alt_19.974m.JPG,,"[""/home/hyggestuen/Downloads/_WeedyRice/WeedyRice-RGBMS-DB/Multispectral/DJI_DateTime_2024_06_02_13_57_0290_lat_10.3045526_lon_105.2623526_alt_19.974m_G.TIF"", ""/home/hyggestuen/Downloads/_WeedyRice/WeedyRice-RGBMS-DB/Multispectral/DJI_DateTime_2024_06_02_13_57_0290_lat_10.3045526_lon_105.2623526_alt_19.974m_NIR.TIF"", ""/home/hyggestuen/Downloads/_WeedyRice/WeedyRice-RGBMS-DB/Multispectral/DJI_DateTime_2024_06_02_13_57_0290_lat_10.3045526_lon_105.2623526_alt_19.974m_R.TIF"", ""/home/hyggestuen/Downloads/_WeedyRice/WeedyRice-RGBMS-DB/Multispectral/DJI_DateTime_2024_06_02_13_57_0290_lat_10.3045526_lon_105.2623526_alt_19.974m_RE.TIF""]",/home/hyggestuen/Downloads/_WeedyRice/WeedyRice-RGBMS-DB/Masks/DJI_DateTime_2024_06_02_13_57_0290_lat_10.3045526_lon_105.2623526_alt_19.974m.png,2024_06_02_13,val
DJI_DateTime_2024_06_02_13_57_0291_lat_10.3045207_lon_105.2623510_alt_19.986m,/home/hyggestuen/Downloads/_WeedyRice/WeedyRice-RGBMS-DB/RGB/DJI_DateTime_2024_06_02_13_57_0291_lat_10.3045207_lon_105.2623510_alt_19.986m.JPG,,"[""/home/hyggestuen/Downloads/_WeedyRice/WeedyRice-RGBMS-DB/Multispectral/DJI_DateTime_2024_06_02_13_57_0291_lat_10.3045207_lon_105.2623510_alt_19.986m_G.TIF"", ""/home/hyggestuen/Downloads/_WeedyRice/WeedyRice-RGBMS-DB/Multispectral/DJI_DateTime_2024_06_02_13_57_0291_lat_10.3045207_lon_105.2623510_alt_19.986m_NIR.TIF"", ""/home/hyggestuen/Downloads/_WeedyRice/WeedyRice-RGBMS-DB/Multispectral/DJI_DateTime_2024_06_02_13_57_0291_lat_10.3045207_lon_105.2623510_alt_19.986m_R.TIF"", ""/home/hyggestuen/Downloads/_WeedyRice/WeedyRice-RGBMS-DB/Multispectral/DJI_DateTime_2024_06_02_13_57_0291_lat_10.3045207_lon_105.2623510_alt_19.986m_RE.TIF""]",/home/hyggestuen/Downloads/_WeedyRice/WeedyRice-RGBMS-DB/Masks/DJI_DateTime_2024_06_02_13_57_0291_lat_10.3045207_lon_105.2623510_alt_19.986m.png,2024_06_02_13,val
DJI_DateTime_2024_06_02_13_57_0292_lat_10.3044886_lon_105.2623489_alt_20.024m,/home/hyggestuen/Downloads/_WeedyRice/WeedyRice-RGBMS-DB/RGB/DJI_DateTime_2024_06_02_13_57_0292_lat_10.3044886_lon_105.2623489_alt_20.024m.JPG,,"[""/home/hyggestuen/Downloads/_WeedyRice/WeedyRice-RGBMS-DB/Multispectral/DJI_DateTime_2024_06_02_13_57_0292_lat_10.3044886_lon_105.2623489_alt_20.024m_G.TIF"", ""/home/hyggestuen/Downloads/_WeedyRice/WeedyRice-RGBMS-DB/Multispectral/DJI_DateTime_2024_06_02_13_57_0292_lat_10.3044886_lon_105.2623489_alt_20.024m_NIR.TIF"", ""/home/hyggestuen/Downloads/_WeedyRice/WeedyRice-RGBMS-DB/Multispectral/DJI_DateTime_2024_06_02_13_57_0292_lat_10.3044886_lon_105.2623489_alt_20.024m_R.TIF"", ""/home/hyggestuen/Downloads/_WeedyRice/WeedyRice-RGBMS-DB/Multispectral/DJI_DateTime_2024_06_02_13_57_0292_lat_10.3044886_lon_105.2623489_alt_20.024m_RE.TIF""]",/home/hyggestuen/Downloads/_WeedyRice/WeedyRice-RGBMS-DB/Masks/DJI_DateTime_2024_06_02_13_57_0292_lat_10.3044886_lon_105.2623489_alt_20.024m.png,2024_06_02_13,val
DJI_DateTime_2024_06_02_13_57_0293_lat_10.3044557_lon_105.2623476_alt_20.019m,/home/hyggestuen/Downloads/_WeedyRice/WeedyRice-RGBMS-DB/RGB/DJI_DateTime_2024_06_02_13_57_0293_lat_10.3044557_lon_105.2623476_alt_20.019m.JPG,,"[""/home/hyggestuen/Downloads/_WeedyRice/WeedyRice-RGBMS-DB/Multispectral/DJI_DateTime_2024_06_02_13_57_0293_lat_10.3044557_lon_105.2623476_alt_20.019m_G.TIF"", ""/home/hyggestuen/Downloads/_WeedyRice/WeedyRice-RGBMS-DB/Multispectral/DJI_DateTime_2024_06_02_13_57_0293_lat_10.3044557_lon_105.2623476_alt_20.019m_NIR.TIF"", ""/home/hyggestuen/Downloads/_WeedyRice/WeedyRice-RGBMS-DB/Multispectral/DJI_DateTime_2024_06_02_13_57_0293_lat_10.3044557_lon_105.2623476_alt_20.019m_R.TIF"", ""/home/hyggestuen/Downloads/_WeedyRice/WeedyRice-RGBMS-DB/Multispectral/DJI_DateTime_2024_06_02_13_57_0293_lat_10.3044557_lon_105.2623476_alt_20.019m_RE.TIF""]",/home/hyggestuen/Downloads/_WeedyRice/WeedyRice-RGBMS-DB/Masks/DJI_DateTime_2024_06_02_13_57_0293_lat_10.3044557_lon_105.2623476_alt_20.019m.png,2024_06_02_13,val
DJI_DateTime_2024_06_02_13_57_0294_lat_10.3044238_lon_105.2623459_alt_19.994m,/home/hyggestuen/Downloads/_WeedyRice/WeedyRice-RGBMS-DB/RGB/DJI_DateTime_2024_06_02_13_57_0294_lat_10.3044238_lon_105.2623459_alt_19.994m.JPG,,"[""/home/hyggestuen/Downloads/_WeedyRice/WeedyRice-RGBMS-DB/Multispectral/DJI_DateTime_2024_06_02_13_57_0294_lat_10.3044238_lon_105.2623459_alt_19.994m_G.TIF"", ""/home/hyggestuen/Downloads/_WeedyRice/WeedyRice-RGBMS-DB/Multispectral/DJI_DateTime_2024_06_02_13_57_0294_lat_10.3044238_lon_105.2623459_alt_19.994m_NIR.TIF"", ""/home/hyggestuen/Downloads/_WeedyRice/WeedyRice-RGBMS-DB/Multispectral/DJI_DateTime_2024_06_02_13_57_0294_lat_10.3044238_lon_105.2623459_alt_19.994m_R.TIF"", ""/home/hyggestuen/Downloads/_WeedyRice/WeedyRice-RGBMS-DB/Multispectral/DJI_DateTime_2024_06_02_13_57_0294_lat_10.3044238_lon_105.2623459_alt_19.994m_RE.TIF""]",/home/hyggestuen/Downloads/_WeedyRice/WeedyRice-RGBMS-DB/Masks/DJI_DateTime_2024_06_02_13_57_0294_lat_10.3044238_lon_105.2623459_alt_19.994m.png,2024_06_02_13,val
DJI_DateTime_2024_06_04_09_14_0013_lat_10.3013333_lon_105.2719561_alt_20.217m,/home/hyggestuen/Downloads/_WeedyRice/WeedyRice-RGBMS-DB/RGB/DJI_DateTime_2024_06_04_09_14_0013_lat_10.3013333_lon_105.2719561_alt_20.217m.JPG,,"[""/home/hyggestuen/Downloads/_WeedyRice/WeedyRice-RGBMS-DB/Multispectral/DJI_DateTime_2024_06_04_09_14_0013_lat_10.3013333_lon_105.2719561_alt_20.217m_G.TIF"", ""/home/hyggestuen/Downloads/_WeedyRice/WeedyRice-RGBMS-DB/Multispectral/DJI_DateTime_2024_06_04_09_14_0013_lat_10.3013333_lon_105.2719561_alt_20.217m_NIR.TIF"", ""/home/hyggestuen/Downloads/_WeedyRice/WeedyRice-RGBMS-DB/Multispectral/DJI_DateTime_2024_06_04_09_14_0013_lat_10.3013333_lon_105.2719561_alt_20.217m_R.TIF"", ""/home/hyggestuen/Downloads/_WeedyRice/WeedyRice-RGBMS-DB/Multispectral/DJI_DateTime_2024_06_04_09_14_0013_lat_10.3013333_lon_105.2719561_alt_20.217m_RE.TIF""]",/home/hyggestuen/Downloads/_WeedyRice/WeedyRice-RGBMS-DB/Masks/DJI_DateTime_2024_06_04_09_14_0013_lat_10.3013333_lon_105.2719561_alt_20.217m.png,2024_06_04_09,train
DJI_DateTime_2024_06_04_09_14_0014_lat_10.3013805_lon_105.2719234_alt_20.182m,/home/hyggestuen/Downloads/_WeedyRice/WeedyRice-RGBMS-DB/RGB/DJI_DateTime_2024_06_04_09_14_0014_lat_10.3013805_lon_105.2719234_alt_20.182m.JPG,,"[""/home/hyggestuen/Downloads/_WeedyRice/WeedyRice-RGBMS-DB/Multispectral/DJI_DateTime_2024_06_04_09_14_0014_lat_10.3013805_lon_105.2719234_alt_20.182m_G.TIF"", ""/home/hyggestuen/Downloads/_WeedyRice/WeedyRice-RGBMS-DB/Multispectral/DJI_DateTime_2024_06_04_09_14_0014_lat_10.3013805_lon_105.2719234_alt_20.182m_NIR.TIF"", ""/home/hyggestuen/Downloads/_WeedyRice/WeedyRice-RGBMS-DB/Multispectral/DJI_DateTime_2024_06_04_09_14_0014_lat_10.3013805_lon_105.2719234_alt_20.182m_R.TIF"", ""/home/hyggestuen/Downloads/_WeedyRice/WeedyRice-RGBMS-DB/Multispectral/DJI_DateTime_2024_06_04_09_14_0014_lat_10.3013805_lon_105.2719234_alt_20.182m_RE.TIF""]",/home/hyggestuen/Downloads/_WeedyRice/WeedyRice-RGBMS-DB/Masks/DJI_DateTime_2024_06_04_09_14_0014_lat_10.3013805_lon_105.2719234_alt_20.182m.png,2024_06_04_09,train
DJI_DateTime_2024_06_04_09_14_0015_lat_10.3014282_lon_105.2718923_alt_20.211m,/home/hyggestuen/Downloads/_WeedyRice/WeedyRice-RGBMS-DB/RGB/DJI_DateTime_2024_06_04_09_14_0015_lat_10.3014282_lon_105.2718923_alt_20.211m.JPG,,"[""/home/hyggestuen/Downloads/_WeedyRice/WeedyRice-RGBMS-DB/Multispectral/DJI_DateTime_2024_06_04_09_14_0015_lat_10.3014282_lon_105.2718923_alt_20.211m_G.TIF"", ""/home/hyggestuen/Downloads/_WeedyRice/WeedyRice-RGBMS-DB/Multispectral/DJI_DateTime_2024_06_04_09_14_0015_lat_10.3014282_lon_105.2718923_alt_20.211m_NIR.TIF"", ""/home/hyggestuen/Downloads/_WeedyRice/WeedyRice-RGBMS-DB/Multispectral/DJI_DateTime_2024_06_04_09_14_0015_lat_10.3014282_lon_105.2718923_alt_20.211m_R.TIF"", ""/home/hyggestuen/Downloads/_WeedyRice/WeedyRice-RGBMS-DB/Multispectral/DJI_DateTime_2024_06_04_09_14_0015_lat_10.3014282_lon_105.2718923_alt_20.211m_RE.TIF""]",/home/hyggestuen/Downloads/_WeedyRice/WeedyRice-RGBMS-DB/Masks/DJI_DateTime_2024_06_04_09_14_0015_lat_10.3014282_lon_105.2718923_alt_20.211m.png,2024_06_04_09,train
DJI_DateTime_2024_06_04_09_14_0016_lat_10.3014760_lon_105.2718599_alt_20.177m,/home/hyggestuen/Downloads/_WeedyRice/WeedyRice-RGBMS-DB/RGB/DJI_DateTime_2024_06_04_09_14_0016_lat_10.3014760_lon_105.2718599_alt_20.177m.JPG,,"[""/home/hyggestuen/Downloads/_WeedyRice/WeedyRice-RGBMS-DB/Multispectral/DJI_DateTime_2024_06_04_09_14_0016_lat_10.3014760_lon_105.2718599_alt_20.177m_G.TIF"", ""/home/hyggestuen/Downloads/_WeedyRice/WeedyRice-RGBMS-DB/Multispectral/DJI_DateTime_2024_06_04_09_14_0016_lat_10.3014760_lon_105.2718599_alt_20.177m_NIR.TIF"", ""/home/hyggestuen/Downloads/_WeedyRice/WeedyRice-RGBMS-DB/Multispectral/DJI_DateTime_2024_06_04_09_14_0016_lat_10.3014760_lon_105.2718599_alt_20.177m_R.TIF"", ""/home/hyggestuen/Downloads/_WeedyRice/WeedyRice-RGBMS-DB/Multispectral/DJI_DateTime_2024_06_04_09_14_0016_lat_10.3014760_lon_105.2718599_alt_20.177m_RE.TIF""]",/home/hyggestuen/Downloads/_WeedyRice/WeedyRice-RGBMS-DB/Masks/DJI_DateTime_2024_06_04_09_14_0016_lat_10.3014760_lon_105.2718599_alt_20.177m.png,2024_06_04_09,train
DJI_DateTime_2024_06_04_09_14_0017_lat_10.3015244_lon_105.2718290_alt_20.243m,/home/hyggestuen/Downloads/_WeedyRice/WeedyRice-RGBMS-DB/RGB/DJI_DateTime_2024_06_04_09_14_0017_lat_10.3015244_lon_105.2718290_alt_20.243m.JPG,,"[""/home/hyggestuen/Downloads/_WeedyRice/WeedyRice-RGBMS-DB/Multispectral/DJI_DateTime_2024_06_04_09_14_0017_lat_10.3015244_lon_105.2718290_alt_20.243m_G.TIF"", ""/home/hyggestuen/Downloads/_WeedyRice/WeedyRice-RGBMS-DB/Multispectral/DJI_DateTime_2024_06_04_09_14_0017_lat_10.3015244_lon_105.2718290_alt_20.243m_NIR.TIF"", ""/home/hyggestuen/Downloads/_WeedyRice/WeedyRice-RGBMS-DB/Multispectral/DJI_DateTime_2024_06_04_09_14_0017_lat_10.3015244_lon_105.2718290_alt_20.243m_R.TIF"", ""/home/hyggestuen/Downloads/_WeedyRice/WeedyRice-RGBMS-DB/Multispectral/DJI_DateTime_2024_06_04_09_14_0017_lat_10.3015244_lon_105.2718290_alt_20.243m_RE.TIF""]",/home/hyggestuen/Downloads/_WeedyRice/WeedyRice-RGBMS-DB/Masks/DJI_DateTime_2024_06_04_09_14_0017_lat_10.3015244_lon_105.2718290_alt_20.243m.png,2024_06_04_09,train
DJI_DateTime_2024_06_04_09_14_0018_lat_10.3015725_lon_105.2717978_alt_20.207m,/home/hyggestuen/Downloads/_WeedyRice/WeedyRice-RGBMS-DB/RGB/DJI_DateTime_2024_06_04_09_14_0018_lat_10.3015725_lon_105.2717978_alt_20.207m.JPG,,"[""/home/hyggestuen/Downloads/_WeedyRice/WeedyRice-RGBMS-DB/Multispectral/DJI_DateTime_2024_06_04_09_14_0018_lat_10.3015725_lon_105.2717978_alt_20.207m_G.TIF"", ""/home/hyggestuen/Downloads/_WeedyRice/WeedyRice-RGBMS-DB/Multispectral/DJI_DateTime_2024_06_04_09_14_0018_lat_10.3015725_lon_105.2717978_alt_20.207m_NIR.TIF"", ""/home/hyggestuen/Downloads/_WeedyRice/WeedyRice-RGBMS-DB/Multispectral/DJI_DateTime_2024_06_04_09_14_0018_lat_10.3015725_lon_105.2717978_alt_20.207m_R.TIF"", ""/home/hyggestuen/Downloads/_WeedyRice/WeedyRice-RGBMS-DB/Multispectral/DJI_DateTime_2024_06_04_09_14_0018_lat_10.3015725_lon_105.2717978_alt_20.207m_RE.TIF""]",/home/hyggestuen/Downloads/_WeedyRice/WeedyRice-RGBMS-DB/Masks/DJI_DateTime_2024_06_04_09_14_0018_lat_10.3015725_lon_105.2717978_alt_20.207m.png,2024_06_04_09,train
DJI_DateTime_2024_06_04_09_15_0019_lat_10.3016196_lon_105.2717662_alt_20.199m,/home/hyggestuen/Downloads/_WeedyRice/WeedyRice-RGBMS-DB/RGB/DJI_DateTime_2024_06_04_09_15_0019_lat_10.3016196_lon_105.2717662_alt_20.199m.JPG,,"[""/home/hyggestuen/Downloads/_WeedyRice/WeedyRice-RGBMS-DB/Multispectral/DJI_DateTime_2024_06_04_09_15_0019_lat_10.3016196_lon_105.2717662_alt_20.199m_G.TIF"", ""/home/hyggestuen/Downloads/_WeedyRice/WeedyRice-RGBMS-DB/Multispectral/DJI_DateTime_2024_06_04_09_15_0019_lat_10.3016196_lon_105.2717662_alt_20.199m_NIR.TIF"", ""/home/hyggestuen/Downloads/_WeedyRice/WeedyRice-RGBMS-DB/Multispectral/DJI_DateTime_2024_06_04_09_15_0019_lat_10.3016196_lon_105.2717662_alt_20.199m_R.TIF"", ""/home/hyggestuen/Downloads/_WeedyRice/WeedyRice-RGBMS-DB/Multispectral/DJI_DateTime_2024_06_04_09_15_0019_lat_10.3016196_lon_105.2717662_alt_20.199m_RE.TIF""]",/home/hyggestuen/Downloads/_WeedyRice/WeedyRice-RGBMS-DB/Masks/DJI_DateTime_2024_06_04_09_15_0019_lat_10.3016196_lon_105.2717662_alt_20.199m.png,2024_06_04_09,train
DJI_DateTime_2024_06_04_09_15_0020_lat_10.3016678_lon_105.2717347_alt_20.185m,/home/hyggestuen/Downloads/_WeedyRice/WeedyRice-RGBMS-DB/RGB/DJI_DateTime_2024_06_04_09_15_0020_lat_10.3016678_lon_105.2717347_alt_20.185m.JPG,,"[""/home/hyggestuen/Downloads/_WeedyRice/WeedyRice-RGBMS-DB/Multispectral/DJI_DateTime_2024_06_04_09_15_0020_lat_10.3016678_lon_105.2717347_alt_20.185m_G.TIF"", ""/home/hyggestuen/Downloads/_WeedyRice/WeedyRice-RGBMS-DB/Multispectral/DJI_DateTime_2024_06_04_09_15_0020_lat_10.3016678_lon_105.2717347_alt_20.185m_NIR.TIF"", ""/home/hyggestuen/Downloads/_WeedyRice/WeedyRice-RGBMS-DB/Multispectral/DJI_DateTime_2024_06_04_09_15_0020_lat_10.3016678_lon_105.2717347_alt_20.185m_R.TIF"", ""/home/hyggestuen/Downloads/_WeedyRice/WeedyRice-RGBMS-DB/Multispectral/DJI_DateTime_2024_06_04_09_15_0020_lat_10.3016678_lon_105.2717347_alt_20.185m_RE.TIF""]",/home/hyggestuen/Downloads/_WeedyRice/WeedyRice-RGBMS-DB/Masks/DJI_DateTime_2024_06_04_09_15_0020_lat_10.3016678_lon_105.2717347_alt_20.185m.png,2024_06_04_09,train
DJI_DateTime_2024_06_04_09_15_0021_lat_10.3017146_lon_105.2717043_alt_20.174m,/home/hyggestuen/Downloads/_WeedyRice/WeedyRice-RGBMS-DB/RGB/DJI_DateTime_2024_06_04_09_15_0021_lat_10.3017146_lon_105.2717043_alt_20.174m.JPG,,"[""/home/hyggestuen/Downloads/_WeedyRice/WeedyRice-RGBMS-DB/Multispectral/DJI_DateTime_2024_06_04_09_15_0021_lat_10.3017146_lon_105.2717043_alt_20.174m_G.TIF"", ""/home/hyggestuen/Downloads/_WeedyRice/WeedyRice-RGBMS-DB/Multispectral/DJI_DateTime_2024_06_04_09_15_0021_lat_10.3017146_lon_105.2717043_alt_20.174m_NIR.TIF"", ""/home/hyggestuen/Downloads/_WeedyRice/WeedyRice-RGBMS-DB/Multispectral/DJI_DateTime_2024_06_04_09_15_0021_lat_10.3017146_lon_105.2717043_alt_20.174m_R.TIF"", ""/home/hyggestuen/Downloads/_WeedyRice/WeedyRice-RGBMS-DB/Multispectral/DJI_DateTime_2024_06_04_09_15_0021_lat_10.3017146_lon_105.2717043_alt_20.174m_RE.TIF""]",/home/hyggestuen/Downloads/_WeedyRice/WeedyRice-RGBMS-DB/Masks/DJI_DateTime_2024_06_04_09_15_0021_lat_10.3017146_lon_105.2717043_alt_20.174m.png,2024_06_04_09,train
DJI_DateTime_2024_06_04_09_15_0022_lat_10.3017625_lon_105.2716735_alt_20.181m,/home/hyggestuen/Downloads/_WeedyRice/WeedyRice-RGBMS-DB/RGB/DJI_DateTime_2024_06_04_09_15_0022_lat_10.3017625_lon_105.2716735_alt_20.181m.JPG,,"[""/home/hyggestuen/Downloads/_WeedyRice/WeedyRice-RGBMS-DB/Multispectral/DJI_DateTime_2024_06_04_09_15_0022_lat_10.3017625_lon_105.2716735_alt_20.181m_G.TIF"", ""/home/hyggestuen/Downloads/_WeedyRice/WeedyRice-RGBMS-DB/Multispectral/DJI_DateTime_2024_06_04_09_15_0022_lat_10.3017625_lon_105.2716735_alt_20.181m_NIR.TIF"", ""/home/hyggestuen/Downloads/_WeedyRice/WeedyRice-RGBMS-DB/Multispectral/DJI_DateTime_2024_06_04_09_15_0022_lat_10.3017625_lon_105.2716735_alt_20.181m_R.TIF"", ""/home/hyggestuen/Downloads/_WeedyRice/WeedyRice-RGBMS-DB/Multispectral/DJI_DateTime_2024_06_04_09_15_0022_lat_10.3017625_lon_105.2716735_alt_20.181m_RE.TIF""]",/home/hyggestuen/Downloads/_WeedyRice/WeedyRice-RGBMS-DB/Masks/DJI_DateTime_2024_06_04_09_15_0022_lat_10.3017625_lon_105.2716735_alt_20.181m.png,2024_06_04_09,train
DJI_DateTime_2024_06_04_09_15_0024_lat_10.3018574_lon_105.2716103_alt_20.211m,/home/hyggestuen/Downloads/_WeedyRice/WeedyRice-RGBMS-DB/RGB/DJI_DateTime_2024_06_04_09_15_0024_lat_10.3018574_lon_105.2716103_alt_20.211m.JPG,,"[""/home/hyggestuen/Downloads/_WeedyRice/WeedyRice-RGBMS-DB/Multispectral/DJI_DateTime_2024_06_04_09_15_0024_lat_10.3018574_lon_105.2716103_alt_20.211m_G.TIF"", ""/home/hyggestuen/Downloads/_WeedyRice/WeedyRice-RGBMS-DB/Multispectral/DJI_DateTime_2024_06_04_09_15_0024_lat_10.3018574_lon_105.2716103_alt_20.211m_NIR.TIF"", ""/home/hyggestuen/Downloads/_WeedyRice/WeedyRice-RGBMS-DB/Multispectral/DJI_DateTime_2024_06_04_09_15_0024_lat_10.3018574_lon_105.2716103_alt_20.211m_R.TIF"", ""/home/hyggestuen/Downloads/_WeedyRice/WeedyRice-RGBMS-DB/Multispectral/DJI_DateTime_2024_06_04_09_15_0024_lat_10.3018574_lon_105.2716103_alt_20.211m_RE.TIF""]",/home/hyggestuen/Downloads/_WeedyRice/WeedyRice-RGBMS-DB/Masks/DJI_DateTime_2024_06_04_09_15_0024_lat_10.3018574_lon_105.2716103_alt_20.211m.png,2024_06_04_09,train
DJI_DateTime_2024_06_04_09_15_0025_lat_10.3019049_lon_105.2715784_alt_20.205m,/home/hyggestuen/Downloads/_WeedyRice/WeedyRice-RGBMS-DB/RGB/DJI_DateTime_2024_06_04_09_15_0025_lat_10.3019049_lon_105.2715784_alt_20.205m.JPG,,"[""/home/hyggestuen/Downloads/_WeedyRice/WeedyRice-RGBMS-DB/Multispectral/DJI_DateTime_2024_06_04_09_15_0025_lat_10.3019049_lon_105.2715784_alt_20.205m_G.TIF"", ""/home/hyggestuen/Downloads/_WeedyRice/WeedyRice-RGBMS-DB/Multispectral/DJI_DateTime_2024_06_04_09_15_0025_lat_10.3019049_lon_105.2715784_alt_20.205m_NIR.TIF"", ""/home/hyggestuen/Downloads/_WeedyRice/WeedyRice-RGBMS-DB/Multispectral/DJI_DateTime_2024_06_04_09_15_0025_lat_10.3019049_lon_105.2715784_alt_20.205m_R.TIF"", ""/home/hyggestuen/Downloads/_WeedyRice/WeedyRice-RGBMS-DB/Multispectral/DJI_DateTime_2024_06_04_09_15_0025_lat_10.3019049_lon_105.2715784_alt_20.205m_RE.TIF""]",/home/hyggestuen/Downloads/_WeedyRice/WeedyRice-RGBMS-DB/Masks/DJI_DateTime_2024_06_04_09_15_0025_lat_10.3019049_lon_105.2715784_alt_20.205m.png,2024_06_04_09,train
DJI_DateTime_2024_06_04_09_15_0026_lat_10.3019527_lon_105.2715472_alt_20.217m,/home/hyggestuen/Downloads/_WeedyRice/WeedyRice-RGBMS-DB/RGB/DJI_DateTime_2024_06_04_09_15_0026_lat_10.3019527_lon_105.2715472_alt_20.217m.JPG,,"[""/home/hyggestuen/Downloads/_WeedyRice/WeedyRice-RGBMS-DB/Multispectral/DJI_DateTime_2024_06_04_09_15_0026_lat_10.3019527_lon_105.2715472_alt_20.217m_G.TIF"", ""/home/hyggestuen/Downloads/_WeedyRice/WeedyRice-RGBMS-DB/Multispectral/DJI_DateTime_2024_06_04_09_15_0026_lat_10.3019527_lon_105.2715472_alt_20.217m_NIR.TIF"", ""/home/hyggestuen/Downloads/_WeedyRice/WeedyRice-RGBMS-DB/Multispectral/DJI_DateTime_2024_06_04_09_15_0026_lat_10.3019527_lon_105.2715472_alt_20.217m_R.TIF"", ""/home/hyggestuen/Downloads/_WeedyRice/WeedyRice-RGBMS-DB/Multispectral/DJI_DateTime_2024_06_04_09_15_0026_lat_10.3019527_lon_105.2715472_alt_20.217m_RE.TIF""]",/home/hyggestuen/Downloads/_WeedyRice/WeedyRice-RGBMS-DB/Masks/DJI_DateTime_2024_06_04_09_15_0026_lat_10.3019527_lon_105.2715472_alt_20.217m.png,2024_06_04_09,train
DJI_DateTime_2024_06_04_09_15_0027_lat_10.3020010_lon_105.2715153_alt_20.212m,/home/hyggestuen/Downloads/_WeedyRice/WeedyRice-RGBMS-DB/RGB/DJI_DateTime_2024_06_04_09_15_0027_lat_10.3020010_lon_105.2715153_alt_20.212m.JPG,,"[""/home/hyggestuen/Downloads/_WeedyRice/WeedyRice-RGBMS-DB/Multispectral/DJI_DateTime_2024_06_04_09_15_0027_lat_10.3020010_lon_105.2715153_alt_20.212m_G.TIF"", ""/home/hyggestuen/Downloads/_WeedyRice/WeedyRice-RGBMS-DB/Multispectral/DJI_DateTime_2024_06_04_09_15_0027_lat_10.3020010_lon_105.2715153_alt_20.212m_NIR.TIF"", ""/home/hyggestuen/Downloads/_WeedyRice/WeedyRice-RGBMS-DB/Multispectral/DJI_DateTime_2024_06_04_09_15_0027_lat_10.3020010_lon_105.2715153_alt_20.212m_R.TIF"", ""/home/hyggestuen/Downloads/_WeedyRice/WeedyRice-RGBMS-DB/Multispectral/DJI_DateTime_2024_06_04_09_15_0027_lat_10.3020010_lon_105.2715153_alt_20.212m_RE.TIF""]",/home/hyggestuen/Downloads/_WeedyRice/WeedyRice-RGBMS-DB/Masks/DJI_DateTime_2024_06_04_09_15_0027_lat_10.3020010_lon_105.2715153_alt_20.212m.png,2024_06_04_09,train
DJI_DateTime_2024_06_04_09_15_0035_lat_10.3020989_lon_105.2715552_alt_20.226m,/home/hyggestuen/Downloads/_WeedyRice/WeedyRice-RGBMS-DB/RGB/DJI_DateTime_2024_06_04_09_15_0035_lat_10.3020989_lon_105.2715552_alt_20.226m.JPG,,"[""/home/hyggestuen/Downloads/_WeedyRice/WeedyRice-RGBMS-DB/Multispectral/DJI_DateTime_2024_06_04_09_15_0035_lat_10.3020989_lon_105.2715552_alt_20.226m_G.TIF"", ""/home/hyggestuen/Downloads/_WeedyRice/WeedyRice-RGBMS-DB/Multispectral/DJI_DateTime_2024_06_04_09_15_0035_lat_10.3020989_lon_105.2715552_alt_20.226m_NIR.TIF"", ""/home/hyggestuen/Downloads/_WeedyRice/WeedyRice-RGBMS-DB/Multispectral/DJI_DateTime_2024_06_04_09_15_0035_lat_10.3020989_lon_105.2715552_alt_20.226m_R.TIF"", ""/home/hyggestuen/Downloads/_WeedyRice/WeedyRice-RGBMS-DB/Multispectral/DJI_DateTime_2024_06_04_09_15_0035_lat_10.3020989_lon_105.2715552_alt_20.226m_RE.TIF""]",/home/hyggestuen/Downloads/_WeedyRice/WeedyRice-RGBMS-DB/Masks/DJI_DateTime_2024_06_04_09_15_0035_lat_10.3020989_lon_105.2715552_alt_20.226m.png,2024_06_04_09,train
DJI_DateTime_2024_06_04_09_16_0036_lat_10.3020512_lon_105.2715861_alt_20.191m,/home/hyggestuen/Downloads/_WeedyRice/WeedyRice-RGBMS-DB/RGB/DJI_DateTime_2024_06_04_09_16_0036_lat_10.3020512_lon_105.2715861_alt_20.191m.JPG,,"[""/home/hyggestuen/Downloads/_WeedyRice/WeedyRice-RGBMS-DB/Multispectral/DJI_DateTime_2024_06_04_09_16_0036_lat_10.3020512_lon_105.2715861_alt_20.191m_G.TIF"", ""/home/hyggestuen/Downloads/_WeedyRice/WeedyRice-RGBMS-DB/Multispectral/DJI_DateTime_2024_06_04_09_16_0036_lat_10.3020512_lon_105.2715861_alt_20.191m_NIR.TIF"", ""/home/hyggestuen/Downloads/_WeedyRice/WeedyRice-RGBMS-DB/Multispectral/DJI_DateTime_2024_06_04_09_16_0036_lat_10.3020512_lon_105.2715861_alt_20.191m_R.TIF"", ""/home/hyggestuen/Downloads/_WeedyRice/WeedyRice-RGBMS-DB/Multispectral/DJI_DateTime_2024_06_04_09_16_0036_lat_10.3020512_lon_105.2715861_alt_20.191m_RE.TIF""]",/home/hyggestuen/Downloads/_WeedyRice/WeedyRice-RGBMS-DB/Masks/DJI_DateTime_2024_06_04_09_16_0036_lat_10.3020512_lon_105.2715861_alt_20.191m.png,2024_06_04_09,train
DJI_DateTime_2024_06_04_09_16_0037_lat_10.3020034_lon_105.2716173_alt_20.172m,/home/hyggestuen/Downloads/_WeedyRice/WeedyRice-RGBMS-DB/RGB/DJI_DateTime_2024_06_04_09_16_0037_lat_10.3020034_lon_105.2716173_alt_20.172m.JPG,,"[""/home/hyggestuen/Downloads/_WeedyRice/WeedyRice-RGBMS-DB/Multispectral/DJI_DateTime_2024_06_04_09_16_0037_lat_10.3020034_lon_105.2716173_alt_20.172m_G.TIF"", ""/home/hyggestuen/Downloads/_WeedyRice/WeedyRice-RGBMS-DB/Multispectral/DJI_DateTime_2024_06_04_09_16_0037_lat_10.3020034_lon_105.2716173_alt_20.172m_NIR.TIF"", ""/home/hyggestuen/Downloads/_WeedyRice/WeedyRice-RGBMS-DB/Multispectral/DJI_DateTime_2024_06_04_09_16_0037_lat_10.3020034_lon_105.2716173_alt_20.172m_R.TIF"", ""/home/hyggestuen/Downloads/_WeedyRice/WeedyRice-RGBMS-DB/Multispectral/DJI_DateTime_2024_06_04_09_16_0037_lat_10.3020034_lon_105.2716173_alt_20.172m_RE.TIF""]",/home/hyggestuen/Downloads/_WeedyRice/WeedyRice-RGBMS-DB/Masks/DJI_DateTime_2024_06_04_09_16_0037_lat_10.3020034_lon_105.2716173_alt_20.172m.png,2024_06_04_09,train
DJI_DateTime_2024_06_04_09_16_0038_lat_10.3019551_lon_105.2716485_alt_20.193m,/home/hyggestuen/Downloads/_WeedyRice/WeedyRice-RGBMS-DB/RGB/DJI_DateTime_2024_06_04_09_16_0038_lat_10.3019551_lon_105.2716485_alt_20.193m.JPG,,"[""/home/hyggestuen/Downloads/_WeedyRice/WeedyRice-RGBMS-DB/Multispectral/DJI_DateTime_2024_06_04_09_16_0038_lat_10.3019551_lon_105.2716485_alt_20.193m_G.TIF"", ""/home/hyggestuen/Downloads/_WeedyRice/WeedyRice-RGBMS-DB/Multispectral/DJI_DateTime_2024_06_04_09_16_0038_lat_10.3019551_lon_105.2716485_alt_20.193m_NIR.TIF"", ""/home/hyggestuen/Downloads/_WeedyRice/WeedyRice-RGBMS-DB/Multispectral/DJI_DateTime_2024_06_04_09_16_0038_lat_10.3019551_lon_105.2716485_alt_20.193m_R.TIF"", ""/home/hyggestuen/Downloads/_WeedyRice/WeedyRice-RGBMS-DB/Multispectral/DJI_DateTime_2024_06_04_09_16_0038_lat_10.3019551_lon_105.2716485_alt_20.193m_RE.TIF""]",/home/hyggestuen/Downloads/_WeedyRice/WeedyRice-RGBMS-DB/Masks/DJI_DateTime_2024_06_04_09_16_0038_lat_10.3019551_lon_105.2716485_alt_20.193m.png,2024_06_04_09,train
DJI_DateTime_2024_06_04_09_16_0039_lat_10.3019069_lon_105.2716799_alt_20.215m,/home/hyggestuen/Downloads/_WeedyRice/WeedyRice-RGBMS-DB/RGB/DJI_DateTime_2024_06_04_09_16_0039_lat_10.3019069_lon_105.2716799_alt_20.215m.JPG,,"[""/home/hyggestuen/Downloads/_WeedyRice/WeedyRice-RGBMS-DB/Multispectral/DJI_DateTime_2024_06_04_09_16_0039_lat_10.3019069_lon_105.2716799_alt_20.215m_G.TIF"", ""/home/hyggestuen/Downloads/_WeedyRice/WeedyRice-RGBMS-DB/Multispectral/DJI_DateTime_2024_06_04_09_16_0039_lat_10.3019069_lon_105.2716799_alt_20.215m_NIR.TIF"", ""/home/hyggestuen/Downloads/_WeedyRice/WeedyRice-RGBMS-DB/Multispectral/DJI_DateTime_2024_06_04_09_16_0039_lat_10.3019069_lon_105.2716799_alt_20.215m_R.TIF"", ""/home/hyggestuen/Downloads/_WeedyRice/WeedyRice-RGBMS-DB/Multispectral/DJI_DateTime_2024_06_04_09_16_0039_lat_10.3019069_lon_105.2716799_alt_20.215m_RE.TIF""]",/home/hyggestuen/Downloads/_WeedyRice/WeedyRice-RGBMS-DB/Masks/DJI_DateTime_2024_06_04_09_16_0039_lat_10.3019069_lon_105.2716799_alt_20.215m.png,2024_06_04_09,train
DJI_DateTime_2024_06_04_09_16_0040_lat_10.3018593_lon_105.2717119_alt_20.326m,/home/hyggestuen/Downloads/_WeedyRice/WeedyRice-RGBMS-DB/RGB/DJI_DateTime_2024_06_04_09_16_0040_lat_10.3018593_lon_105.2717119_alt_20.326m.JPG,,"[""/home/hyggestuen/Downloads/_WeedyRice/WeedyRice-RGBMS-DB/Multispectral/DJI_DateTime_2024_06_04_09_16_0040_lat_10.3018593_lon_105.2717119_alt_20.326m_G.TIF"", ""/home/hyggestuen/Downloads/_WeedyRice/WeedyRice-RGBMS-DB/Multispectral/DJI_DateTime_2024_06_04_09_16_0040_lat_10.3018593_lon_105.2717119_alt_20.326m_NIR.TIF"", ""/home/hyggestuen/Downloads/_WeedyRice/WeedyRice-RGBMS-DB/Multispectral/DJI_DateTime_2024_06_04_09_16_0040_lat_10.3018593_lon_105.2717119_alt_20.326m_R.TIF"", ""/home/hyggestuen/Downloads/_WeedyRice/WeedyRice-RGBMS-DB/Multispectral/DJI_DateTime_2024_06_04_09_16_0040_lat_10.3018593_lon_105.2717119_alt_20.326m_RE.TIF""]",/home/hyggestuen/Downloads/_WeedyRice/WeedyRice-RGBMS-DB/Masks/DJI_DateTime_2024_06_04_09_16_0040_lat_10.3018593_lon_105.2717119_alt_20.326m.png,2024_06_04_09,train
DJI_DateTime_2024_06_04_09_16_0041_lat_10.3018122_lon_105.2717432_alt_20.312m,/home/hyggestuen/Downloads/_WeedyRice/WeedyRice-RGBMS-DB/RGB/DJI_DateTime_2024_06_04_09_16_0041_lat_10.3018122_lon_105.2717432_alt_20.312m.JPG,,"[""/home/hyggestuen/Downloads/_WeedyRice/WeedyRice-RGBMS-DB/Multispectral/DJI_DateTime_2024_06_04_09_16_0041_lat_10.3018122_lon_105.2717432_alt_20.312m_G.TIF"", ""/home/hyggestuen/Downloads/_WeedyRice/WeedyRice-RGBMS-DB/Multispectral/DJI_DateTime_2024_06_04_09_16_0041_lat_10.3018122_lon_105.2717432_alt_20.312m_NIR.TIF"", ""/home/hyggestuen/Downloads/_WeedyRice/WeedyRice-RGBMS-DB/Multispectral/DJI_DateTime_2024_06_04_09_16_0041_lat_10.3018122_lon_105.2717432_alt_20.312m_R.TIF"", ""/home/hyggestuen/Downloads/_WeedyRice/WeedyRice-RGBMS-DB/Multispectral/DJI_DateTime_2024_06_04_09_16_0041_lat_10.3018122_lon_105.2717432_alt_20.312m_RE.TIF""]",/home/hyggestuen/Downloads/_WeedyRice/WeedyRice-RGBMS-DB/Masks/DJI_DateTime_2024_06_04_09_16_0041_lat_10.3018122_lon_105.2717432_alt_20.312m.png,2024_06_04_09,train
DJI_DateTime_2024_06_04_09_16_0042_lat_10.3017648_lon_105.2717751_alt_20.307m,/home/hyggestuen/Downloads/_WeedyRice/WeedyRice-RGBMS-DB/RGB/DJI_DateTime_2024_06_04_09_16_0042_lat_10.3017648_lon_105.2717751_alt_20.307m.JPG,,"[""/home/hyggestuen/Downloads/_WeedyRice/WeedyRice-RGBMS-DB/Multispectral/DJI_DateTime_2024_06_04_09_16_0042_lat_10.3017648_lon_105.2717751_alt_20.307m_G.TIF"", ""/home/hyggestuen/Downloads/_WeedyRice/WeedyRice-RGBMS-DB/Multispectral/DJI_DateTime_2024_06_04_09_16_0042_lat_10.3017648_lon_105.2717751_alt_20.307m_NIR.TIF"", ""/home/hyggestuen/Downloads/_WeedyRice/WeedyRice-RGBMS-DB/Multispectral/DJI_DateTime_2024_06_04_09_16_0042_lat_10.3017648_lon_105.2717751_alt_20.307m_R.TIF"", ""/home/hyggestuen/Downloads/_WeedyRice/WeedyRice-RGBMS-DB/Multispectral/DJI_DateTime_2024_06_04_09_16_0042_lat_10.3017648_lon_105.2717751_alt_20.307m_RE.TIF""]",/home/hyggestuen/Downloads/_WeedyRice/WeedyRice-RGBMS-DB/Masks/DJI_DateTime_2024_06_04_09_16_0042_lat_10.3017648_lon_105.2717751_alt_20.307m.png,2024_06_04_09,train
DJI_DateTime_2024_06_04_09_16_0043_lat_10.3017170_lon_105.2718063_alt_20.193m,/home/hyggestuen/Downloads/_WeedyRice/WeedyRice-RGBMS-DB/RGB/DJI_DateTime_2024_06_04_09_16_0043_lat_10.3017170_lon_105.2718063_alt_20.193m.JPG,,"[""/home/hyggestuen/Downloads/_WeedyRice/WeedyRice-RGBMS-DB/Multispectral/DJI_DateTime_2024_06_04_09_16_0043_lat_10.3017170_lon_105.2718063_alt_20.193m_G.TIF"", ""/home/hyggestuen/Downloads/_WeedyRice/WeedyRice-RGBMS-DB/Multispectral/DJI_DateTime_2024_06_04_09_16_0043_lat_10.3017170_lon_105.2718063_alt_20.193m_NIR.TIF"", ""/home/hyggestuen/Downloads/_WeedyRice/WeedyRice-RGBMS-DB/Multispectral/DJI_DateTime_2024_06_04_09_16_0043_lat_10.3017170_lon_105.2718063_alt_20.193m_R.TIF"", ""/home/hyggestuen/Downloads/_WeedyRice/WeedyRice-RGBMS-DB/Multispectral/DJI_DateTime_2024_06_04_09_16_0043_lat_10.3017170_lon_105.2718063_alt_20.193m_RE.TIF""]",/home/hyggestuen/Downloads/_WeedyRice/WeedyRice-RGBMS-DB/Masks/DJI_DateTime_2024_06_04_09_16_0043_lat_10.3017170_lon_105.2718063_alt_20.193m.png,2024_06_04_09,train
DJI_DateTime_2024_06_04_09_16_0044_lat_10.3016696_lon_105.2718376_alt_20.206m,/home/hyggestuen/Downloads/_WeedyRice/WeedyRice-RGBMS-DB/RGB/DJI_DateTime_2024_06_04_09_16_0044_lat_10.3016696_lon_105.2718376_alt_20.206m.JPG,,"[""/home/hyggestuen/Downloads/_WeedyRice/WeedyRice-RGBMS-DB/Multispectral/DJI_DateTime_2024_06_04_09_16_0044_lat_10.3016696_lon_105.2718376_alt_20.206m_G.TIF"", ""/home/hyggestuen/Downloads/_WeedyRice/WeedyRice-RGBMS-DB/Multispectral/DJI_DateTime_2024_06_04_09_16_0044_lat_10.3016696_lon_105.2718376_alt_20.206m_NIR.TIF"", ""/home/hyggestuen/Downloads/_WeedyRice/WeedyRice-RGBMS-DB/Multispectral/DJI_DateTime_2024_06_04_09_16_0044_lat_10.3016696_lon_105.2718376_alt_20.206m_R.TIF"", ""/home/hyggestuen/Downloads/_WeedyRice/WeedyRice-RGBMS-DB/Multispectral/DJI_DateTime_2024_06_04_09_16_0044_lat_10.3016696_lon_105.2718376_alt_20.206m_RE.TIF""]",/home/hyggestuen/Downloads/_WeedyRice/WeedyRice-RGBMS-DB/Masks/DJI_DateTime_2024_06_04_09_16_0044_lat_10.3016696_lon_105.2718376_alt_20.206m.png,2024_06_04_09,train
DJI_DateTime_2024_06_04_09_16_0045_lat_10.3016208_lon_105.2718690_alt_20.224m,/home/hyggestuen/Downloads/_WeedyRice/WeedyRice-RGBMS-DB/RGB/DJI_DateTime_2024_06_04_09_16_0045_lat_10.3016208_lon_105.2718690_alt_20.224m.JPG,,"[""/home/hyggestuen/Downloads/_WeedyRice/WeedyRice-RGBMS-DB/Multispectral/DJI_DateTime_2024_06_04_09_16_0045_lat_10.3016208_lon_105.2718690_alt_20.224m_G.TIF"", ""/home/hyggestuen/Downloads/_WeedyRice/WeedyRice-RGBMS-DB/Multispectral/DJI_DateTime_2024_06_04_09_16_0045_lat_10.3016208_lon_105.2718690_alt_20.224m_NIR.TIF"", ""/home/hyggestuen/Downloads/_WeedyRice/WeedyRice-RGBMS-DB/Multispectral/DJI_DateTime_2024_06_04_09_16_0045_lat_10.3016208_lon_105.2718690_alt_20.224m_R.TIF"", ""/home/hyggestuen/Downloads/_WeedyRice/WeedyRice-RGBMS-DB/Multispectral/DJI_DateTime_2024_06_04_09_16_0045_lat_10.3016208_lon_105.2718690_alt_20.224m_RE.TIF""]",/home/hyggestuen/Downloads/_WeedyRice/WeedyRice-RGBMS-DB/Masks/DJI_DateTime_2024_06_04_09_16_0045_lat_10.3016208_lon_105.2718690_alt_20.224m.png,2024_06_04_09,train
DJI_DateTime_2024_06_04_09_16_0046_lat_10.3015734_lon_105.2719004_alt_20.210m,/home/hyggestuen/Downloads/_WeedyRice/WeedyRice-RGBMS-DB/RGB/DJI_DateTime_2024_06_04_09_16_0046_lat_10.3015734_lon_105.2719004_alt_20.210m.JPG,,"[""/home/hyggestuen/Downloads/_WeedyRice/WeedyRice-RGBMS-DB/Multispectral/DJI_DateTime_2024_06_04_09_16_0046_lat_10.3015734_lon_105.2719004_alt_20.210m_G.TIF"", ""/home/hyggestuen/Downloads/_WeedyRice/WeedyRice-RGBMS-DB/Multispectral/DJI_DateTime_2024_06_04_09_16_0046_lat_10.3015734_lon_105.2719004_alt_20.210m_NIR.TIF"", ""/home/hyggestuen/Downloads/_WeedyRice/WeedyRice-RGBMS-DB/Multispectral/DJI_DateTime_2024_06_04_09_16_0046_lat_10.3015734_lon_105.2719004_alt_20.210m_R.TIF"", ""/home/hyggestuen/Downloads/_WeedyRice/WeedyRice-RGBMS-DB/Multispectral/DJI_DateTime_2024_06_04_09_16_0046_lat_10.3015734_lon_105.2719004_alt_20.210m_RE.TIF""]",/home/hyggestuen/Downloads/_WeedyRice/WeedyRice-RGBMS-DB/Masks/DJI_DateTime_2024_06_04_09_16_0046_lat_10.3015734_lon_105.2719004_alt_20.210m.png,2024_06_04_09,train
DJI_DateTime_2024_06_04_09_16_0047_lat_10.3015259_lon_105.2719314_alt_20.177m,/home/hyggestuen/Downloads/_WeedyRice/WeedyRice-RGBMS-DB/RGB/DJI_DateTime_2024_06_04_09_16_0047_lat_10.3015259_lon_105.2719314_alt_20.177m.JPG,,"[""/home/hyggestuen/Downloads/_WeedyRice/WeedyRice-RGBMS-DB/Multispectral/DJI_DateTime_2024_06_04_09_16_0047_lat_10.3015259_lon_105.2719314_alt_20.177m_G.TIF"", ""/home/hyggestuen/Downloads/_WeedyRice/WeedyRice-RGBMS-DB/Multispectral/DJI_DateTime_2024_06_04_09_16_0047_lat_10.3015259_lon_105.2719314_alt_20.177m_NIR.TIF"", ""/home/hyggestuen/Downloads/_WeedyRice/WeedyRice-RGBMS-DB/Multispectral/DJI_DateTime_2024_06_04_09_16_0047_lat_10.3015259_lon_105.2719314_alt_20.177m_R.TIF"", ""/home/hyggestuen/Downloads/_WeedyRice/WeedyRice-RGBMS-DB/Multispectral/DJI_DateTime_2024_06_04_09_16_0047_lat_10.3015259_lon_105.2719314_alt_20.177m_RE.TIF""]",/home/hyggestuen/Downloads/_WeedyRice/WeedyRice-RGBMS-DB/Masks/DJI_DateTime_2024_06_04_09_16_0047_lat_10.3015259_lon_105.2719314_alt_20.177m.png,2024_06_04_09,train
DJI_DateTime_2024_06_04_09_16_0048_lat_10.3014783_lon_105.2719639_alt_20.239m,/home/hyggestuen/Downloads/_WeedyRice/WeedyRice-RGBMS-DB/RGB/DJI_DateTime_2024_06_04_09_16_0048_lat_10.3014783_lon_105.2719639_alt_20.239m.JPG,,"[""/home/hyggestuen/Downloads/_WeedyRice/WeedyRice-RGBMS-DB/Multispectral/DJI_DateTime_2024_06_04_09_16_0048_lat_10.3014783_lon_105.2719639_alt_20.239m_G.TIF"", ""/home/hyggestuen/Downloads/_WeedyRice/WeedyRice-RGBMS-DB/Multispectral/DJI_DateTime_2024_06_04_09_16_0048_lat_10.3014783_lon_105.2719639_alt_20.239m_NIR.TIF"", ""/home/hyggestuen/Downloads/_WeedyRice/WeedyRice-RGBMS-DB/Multispectral/DJI_DateTime_2024_06_04_09_16_0048_lat_10.3014783_lon_105.2719639_alt_20.239m_R.TIF"", ""/home/hyggestuen/Downloads/_WeedyRice/WeedyRice-RGBMS-DB/Multispectral/DJI_DateTime_2024_06_04_09_16_0048_lat_10.3014783_lon_105.2719639_alt_20.239m_RE.TIF""]",/home/hyggestuen/Downloads/_WeedyRice/WeedyRice-RGBMS-DB/Masks/DJI_DateTime_2024_06_04_09_16_0048_lat_10.3014783_lon_105.2719639_alt_20.239m.png,2024_06_04_09,train
DJI_DateTime_2024_06_04_09_16_0049_lat_10.3014306_lon_105.2719956_alt_20.219m,/home/hyggestuen/Downloads/_WeedyRice/WeedyRice-RGBMS-DB/RGB/DJI_DateTime_2024_06_04_09_16_0049_lat_10.3014306_lon_105.2719956_alt_20.219m.JPG,,"[""/home/hyggestuen/Downloads/_WeedyRice/WeedyRice-RGBMS-DB/Multispectral/DJI_DateTime_2024_06_04_09_16_0049_lat_10.3014306_lon_105.2719956_alt_20.219m_G.TIF"", ""/home/hyggestuen/Downloads/_WeedyRice/WeedyRice-RGBMS-DB/Multispectral/DJI_DateTime_2024_06_04_09_16_0049_lat_10.3014306_lon_105.2719956_alt_20.219m_NIR.TIF"", ""/home/hyggestuen/Downloads/_WeedyRice/WeedyRice-RGBMS-DB/Multispectral/DJI_DateTime_2024_06_04_09_16_0049_lat_10.3014306_lon_105.2719956_alt_20.219m_R.TIF"", ""/home/hyggestuen/Downloads/_WeedyRice/WeedyRice-RGBMS-DB/Multispectral/DJI_DateTime_2024_06_04_09_16_0049_lat_10.3014306_lon_105.2719956_alt_20.219m_RE.TIF""]",/home/hyggestuen/Downloads/_WeedyRice/WeedyRice-RGBMS-DB/Masks/DJI_DateTime_2024_06_04_09_16_0049_lat_10.3014306_lon_105.2719956_alt_20.219m.png,2024_06_04_09,train
DJI_DateTime_2024_06_04_09_16_0050_lat_10.3013831_lon_105.2720264_alt_20.212m,/home/hyggestuen/Downloads/_WeedyRice/WeedyRice-RGBMS-DB/RGB/DJI_DateTime_2024_06_04_09_16_0050_lat_10.3013831_lon_105.2720264_alt_20.212m.JPG,,"[""/home/hyggestuen/Downloads/_WeedyRice/WeedyRice-RGBMS-DB/Multispectral/DJI_DateTime_2024_06_04_09_16_0050_lat_10.3013831_lon_105.2720264_alt_20.212m_G.TIF"", ""/home/hyggestuen/Downloads/_WeedyRice/WeedyRice-RGBMS-DB/Multispectral/DJI_DateTime_2024_06_04_09_16_0050_lat_10.3013831_lon_105.2720264_alt_20.212m_NIR.TIF"", ""/home/hyggestuen/Downloads/_WeedyRice/WeedyRice-RGBMS-DB/Multispectral/DJI_DateTime_2024_06_04_09_16_0050_lat_10.3013831_lon_105.2720264_alt_20.212m_R.TIF"", ""/home/hyggestuen/Downloads/_WeedyRice/WeedyRice-RGBMS-DB/Multispectral/DJI_DateTime_2024_06_04_09_16_0050_lat_10.3013831_lon_105.2720264_alt_20.212m_RE.TIF""]",/home/hyggestuen/Downloads/_WeedyRice/WeedyRice-RGBMS-DB/Masks/DJI_DateTime_2024_06_04_09_16_0050_lat_10.3013831_lon_105.2720264_alt_20.212m.png,2024_06_04_09,train
DJI_DateTime_2024_06_04_09_16_0051_lat_10.3013355_lon_105.2720578_alt_20.212m,/home/hyggestuen/Downloads/_WeedyRice/WeedyRice-RGBMS-DB/RGB/DJI_DateTime_2024_06_04_09_16_0051_lat_10.3013355_lon_105.2720578_alt_20.212m.JPG,,"[""/home/hyggestuen/Downloads/_WeedyRice/WeedyRice-RGBMS-DB/Multispectral/DJI_DateTime_2024_06_04_09_16_0051_lat_10.3013355_lon_105.2720578_alt_20.212m_G.TIF"", ""/home/hyggestuen/Downloads/_WeedyRice/WeedyRice-RGBMS-DB/Multispectral/DJI_DateTime_2024_06_04_09_16_0051_lat_10.3013355_lon_105.2720578_alt_20.212m_NIR.TIF"", ""/home/hyggestuen/Downloads/_WeedyRice/WeedyRice-RGBMS-DB/Multispectral/DJI_DateTime_2024_06_04_09_16_0051_lat_10.3013355_lon_105.2720578_alt_20.212m_R.TIF"", ""/home/hyggestuen/Downloads/_WeedyRice/WeedyRice-RGBMS-DB/Multispectral/DJI_DateTime_2024_06_04_09_16_0051_lat_10.3013355_lon_105.2720578_alt_20.212m_RE.TIF""]",/home/hyggestuen/Downloads/_WeedyRice/WeedyRice-RGBMS-DB/Masks/DJI_DateTime_2024_06_04_09_16_0051_lat_10.3013355_lon_105.2720578_alt_20.212m.png,2024_06_04_09,train
DJI_DateTime_2024_06_04_09_16_0052_lat_10.3012875_lon_105.2720893_alt_20.257m,/home/hyggestuen/Downloads/_WeedyRice/WeedyRice-RGBMS-DB/RGB/DJI_DateTime_2024_06_04_09_16_0052_lat_10.3012875_lon_105.2720893_alt_20.257m.JPG,,"[""/home/hyggestuen/Downloads/_WeedyRice/WeedyRice-RGBMS-DB/Multispectral/DJI_DateTime_2024_06_04_09_16_0052_lat_10.3012875_lon_105.2720893_alt_20.257m_G.TIF"", ""/home/hyggestuen/Downloads/_WeedyRice/WeedyRice-RGBMS-DB/Multispectral/DJI_DateTime_2024_06_04_09_16_0052_lat_10.3012875_lon_105.2720893_alt_20.257m_NIR.TIF"", ""/home/hyggestuen/Downloads/_WeedyRice/WeedyRice-RGBMS-DB/Multispectral/DJI_DateTime_2024_06_04_09_16_0052_lat_10.3012875_lon_105.2720893_alt_20.257m_R.TIF"", ""/home/hyggestuen/Downloads/_WeedyRice/WeedyRice-RGBMS-DB/Multispectral/DJI_DateTime_2024_06_04_09_16_0052_lat_10.3012875_lon_105.2720893_alt_20.257m_RE.TIF""]",/home/hyggestuen/Downloads/_WeedyRice/WeedyRice-RGBMS-DB/Masks/DJI_DateTime_2024_06_04_09_16_0052_lat_10.3012875_lon_105.2720893_alt_20.257m.png,2024_06_04_09,train
DJI_DateTime_2024_06_04_09_17_0053_lat_10.3012401_lon_105.2721211_alt_20.198m,/home/hyggestuen/Downloads/_WeedyRice/WeedyRice-RGBMS-DB/RGB/DJI_DateTime_2024_06_04_09_17_0053_lat_10.3012401_lon_105.2721211_alt_20.198m.JPG,,"[""/home/hyggestuen/Downloads/_WeedyRice/WeedyRice-RGBMS-DB/Multispectral/DJI_DateTime_2024_06_04_09_17_0053_lat_10.3012401_lon_105.2721211_alt_20.198m_G.TIF"", ""/home/hyggestuen/Downloads/_WeedyRice/WeedyRice-RGBMS-DB/Multispectral/DJI_DateTime_2024_06_04_09_17_0053_lat_10.3012401_lon_105.2721211_alt_20.198m_NIR.TIF"", ""/home/hyggestuen/Downloads/_WeedyRice/WeedyRice-RGBMS-DB/Multispectral/DJI_DateTime_2024_06_04_09_17_0053_lat_10.3012401_lon_105.2721211_alt_20.198m_R.TIF"", ""/home/hyggestuen/Downloads/_WeedyRice/WeedyRice-RGBMS-DB/Multispectral/DJI_DateTime_2024_06_04_09_17_0053_lat_10.3012401_lon_105.2721211_alt_20.198m_RE.TIF""]",/home/hyggestuen/Downloads/_WeedyRice/WeedyRice-RGBMS-DB/Masks/DJI_DateTime_2024_06_04_09_17_0053_lat_10.3012401_lon_105.2721211_alt_20.198m.png,2024_06_04_09,train
DJI_DateTime_2024_06_04_09_17_0054_lat_10.3011925_lon_105.2721531_alt_20.239m,/home/hyggestuen/Downloads/_WeedyRice/WeedyRice-RGBMS-DB/RGB/DJI_DateTime_2024_06_04_09_17_0054_lat_10.3011925_lon_105.2721531_alt_20.239m.JPG,,"[""/home/hyggestuen/Downloads/_WeedyRice/WeedyRice-RGBMS-DB/Multispectral/DJI_DateTime_2024_06_04_09_17_0054_lat_10.3011925_lon_105.2721531_alt_20.239m_G.TIF"", ""/home/hyggestuen/Downloads/_WeedyRice/WeedyRice-RGBMS-DB/Multispectral/DJI_DateTime_2024_06_04_09_17_0054_lat_10.3011925_lon_105.2721531_alt_20.239m_NIR.TIF"", ""/home/hyggestuen/Downloads/_WeedyRice/WeedyRice-RGBMS-DB/Multispectral/DJI_DateTime_2024_06_04_09_17_0054_lat_10.3011925_lon_105.2721531_alt_20.239m_R.TIF"", ""/home/hyggestuen/Downloads/_WeedyRice/WeedyRice-RGBMS-DB/Multispectral/DJI_DateTime_2024_06_04_09_17_0054_lat_10.3011925_lon_105.2721531_alt_20.239m_RE.TIF""]",/home/hyggestuen/Downloads/_WeedyRice/WeedyRice-RGBMS-DB/Masks/DJI_DateTime_2024_06_04_09_17_0054_lat_10.3011925_lon_105.2721531_alt_20.239m.png,2024_06_04_09,train
DJI_DateTime_2024_06_04_09_17_0055_lat_10.3011447_lon_105.2721838_alt_20.146m,/home/hyggestuen/Downloads/_WeedyRice/WeedyRice-RGBMS-DB/RGB/DJI_DateTime_2024_06_04_09_17_0055_lat_10.3011447_lon_105.2721838_alt_20.146m.JPG,,"[""/home/hyggestuen/Downloads/_WeedyRice/WeedyRice-RGBMS-DB/Multispectral/DJI_DateTime_2024_06_04_09_17_0055_lat_10.3011447_lon_105.2721838_alt_20.146m_G.TIF"", ""/home/hyggestuen/Downloads/_WeedyRice/WeedyRice-RGBMS-DB/Multispectral/DJI_DateTime_2024_06_04_09_17_0055_lat_10.3011447_lon_105.2721838_alt_20.146m_NIR.TIF"", ""/home/hyggestuen/Downloads/_WeedyRice/WeedyRice-RGBMS-DB/Multispectral/DJI_DateTime_2024_06_04_09_17_0055_lat_10.3011447_lon_105.2721838_alt_20.146m_R.TIF"", ""/home/hyggestuen/Downloads/_WeedyRice/WeedyRice-RGBMS-DB/Multispectral/DJI_DateTime_2024_06_04_09_17_0055_lat_10.3011447_lon_105.2721838_alt_20.146m_RE.TIF""]",/home/hyggestuen/Downloads/_WeedyRice/WeedyRice-RGBMS-DB/Masks/DJI_DateTime_2024_06_04_09_17_0055_lat_10.3011447_lon_105.2721838_alt_20.146m.png,2024_06_04_09,train
DJI_DateTime_2024_06_04_09_17_0056_lat_10.3010966_lon_105.2722156_alt_20.203m,/home/hyggestuen/Downloads/_WeedyRice/WeedyRice-RGBMS-DB/RGB/DJI_DateTime_2024_06_04_09_17_0056_lat_10.3010966_lon_105.2722156_alt_20.203m.JPG,,"[""/home/hyggestuen/Downloads/_WeedyRice/WeedyRice-RGBMS-DB/Multispectral/DJI_DateTime_2024_06_04_09_17_0056_lat_10.3010966_lon_105.2722156_alt_20.203m_G.TIF"", ""/home/hyggestuen/Downloads/_WeedyRice/WeedyRice-RGBMS-DB/Multispectral/DJI_DateTime_2024_06_04_09_17_0056_lat_10.3010966_lon_105.2722156_alt_20.203m_NIR.TIF"", ""/home/hyggestuen/Downloads/_WeedyRice/WeedyRice-RGBMS-DB/Multispectral/DJI_DateTime_2024_06_04_09_17_0056_lat_10.3010966_lon_105.2722156_alt_20.203m_R.TIF"", ""/home/hyggestuen/Downloads/_WeedyRice/WeedyRice-RGBMS-DB/Multispectral/DJI_DateTime_2024_06_04_09_17_0056_lat_10.3010966_lon_105.2722156_alt_20.203m_RE.TIF""]",/home/hyggestuen/Downloads/_WeedyRice/WeedyRice-RGBMS-DB/Masks/DJI_DateTime_2024_06_04_09_17_0056_lat_10.3010966_lon_105.2722156_alt_20.203m.png,2024_06_04_09,train
DJI_DateTime_2024_06_04_09_17_0057_lat_10.3010487_lon_105.2722472_alt_20.224m,/home/hyggestuen/Downloads/_WeedyRice/WeedyRice-RGBMS-DB/RGB/DJI_DateTime_2024_06_04_09_17_0057_lat_10.3010487_lon_105.2722472_alt_20.224m.JPG,,"[""/home/hyggestuen/Downloads/_WeedyRice/WeedyRice-RGBMS-DB/Multispectral/DJI_DateTime_2024_06_04_09_17_0057_lat_10.3010487_lon_105.2722472_alt_20.224m_G.TIF"", ""/home/hyggestuen/Downloads/_WeedyRice/WeedyRice-RGBMS-DB/Multispectral/DJI_DateTime_2024_06_04_09_17_0057_lat_10.3010487_lon_105.2722472_alt_20.224m_NIR.TIF"", ""/home/hyggestuen/Downloads/_WeedyRice/WeedyRice-RGBMS-DB/Multispectral/DJI_DateTime_2024_06_04_09_17_0057_lat_10.3010487_lon_105.2722472_alt_20.224m_R.TIF"", ""/home/hyggestuen/Downloads/_WeedyRice/WeedyRice-RGBMS-DB/Multispectral/DJI_DateTime_2024_06_04_09_17_0057_lat_10.3010487_lon_105.2722472_alt_20.224m_RE.TIF""]",/home/hyggestuen/Downloads/_WeedyRice/WeedyRice-RGBMS-DB/Masks/DJI_DateTime_2024_06_04_09_17_0057_lat_10.3010487_lon_105.2722472_alt_20.224m.png,2024_06_04_09,train
DJI_DateTime_2024_06_04_09_17_0058_lat_10.3010012_lon_105.2722782_alt_20.197m,/home/hyggestuen/Downloads/_WeedyRice/WeedyRice-RGBMS-DB/RGB/DJI_DateTime_2024_06_04_09_17_0058_lat_10.3010012_lon_105.2722782_alt_20.197m.JPG,,"[""/home/hyggestuen/Downloads/_WeedyRice/WeedyRice-RGBMS-DB/Multispectral/DJI_DateTime_2024_06_04_09_17_0058_lat_10.3010012_lon_105.2722782_alt_20.197m_G.TIF"", ""/home/hyggestuen/Downloads/_WeedyRice/WeedyRice-RGBMS-DB/Multispectral/DJI_DateTime_2024_06_04_09_17_0058_lat_10.3010012_lon_105.2722782_alt_20.197m_NIR.TIF"", ""/home/hyggestuen/Downloads/_WeedyRice/WeedyRice-RGBMS-DB/Multispectral/DJI_DateTime_2024_06_04_09_17_0058_lat_10.3010012_lon_105.2722782_alt_20.197m_R.TIF"", ""/home/hyggestuen/Downloads/_WeedyRice/WeedyRice-RGBMS-DB/Multispectral/DJI_DateTime_2024_06_04_09_17_0058_lat_10.3010012_lon_105.2722782_alt_20.197m_RE.TIF""]",/home/hyggestuen/Downloads/_WeedyRice/WeedyRice-RGBMS-DB/Masks/DJI_DateTime_2024_06_04_09_17_0058_lat_10.3010012_lon_105.2722782_alt_20.197m.png,2024_06_04_09,train
DJI_DateTime_2024_06_04_09_17_0061_lat_10.3008618_lon_105.2723763_alt_20.210m,/home/hyggestuen/Downloads/_WeedyRice/WeedyRice-RGBMS-DB/RGB/DJI_DateTime_2024_06_04_09_17_0061_lat_10.3008618_lon_105.2723763_alt_20.210m.JPG,,"[""/home/hyggestuen/Downloads/_WeedyRice/WeedyRice-RGBMS-DB/Multispectral/DJI_DateTime_2024_06_04_09_17_0061_lat_10.3008618_lon_105.2723763_alt_20.210m_G.TIF"", ""/home/hyggestuen/Downloads/_WeedyRice/WeedyRice-RGBMS-DB/Multispectral/DJI_DateTime_2024_06_04_09_17_0061_lat_10.3008618_lon_105.2723763_alt_20.210m_NIR.TIF"", ""/home/hyggestuen/Downloads/_WeedyRice/WeedyRice-RGBMS-DB/Multispectral/DJI_DateTime_2024_06_04_09_17_0061_lat_10.3008618_lon_105.2723763_alt_20.210m_R.TIF"", ""/home/hyggestuen/Downloads/_WeedyRice/WeedyRice-RGBMS-DB/Multispectral/DJI_DateTime_2024_06_04_09_17_0061_lat_10.3008618_lon_105.2723763_alt_20.210m_RE.TIF""]",/home/hyggestuen/Downloads/_WeedyRice/WeedyRice-RGBMS-DB/Masks/DJI_DateTime_2024_06_04_09_17_0061_lat_10.3008618_lon_105.2723763_alt_20.210m.png,2024_06_04_09,train
DJI_DateTime_2024_06_04_09_17_0067_lat_10.3011335_lon_105.2722954_alt_20.220m,/home/hyggestuen/Downloads/_WeedyRice/WeedyRice-RGBMS-DB/RGB/DJI_DateTime_2024_06_04_09_17_0067_lat_10.3011335_lon_105.2722954_alt_20.220m.JPG,,"[""/home/hyggestuen/Downloads/_WeedyRice/WeedyRice-RGBMS-DB/Multispectral/DJI_DateTime_2024_06_04_09_17_0067_lat_10.3011335_lon_105.2722954_alt_20.220m_G.TIF"", ""/home/hyggestuen/Downloads/_WeedyRice/WeedyRice-RGBMS-DB/Multispectral/DJI_DateTime_2024_06_04_09_17_0067_lat_10.3011335_lon_105.2722954_alt_20.220m_NIR.TIF"", ""/home/hyggestuen/Downloads/_WeedyRice/WeedyRice-RGBMS-DB/Multispectral/DJI_DateTime_2024_06_04_09_17_0067_lat_10.3011335_lon_105.2722954_alt_20.220m_R.TIF"", ""/home/hyggestuen/Downloads/_WeedyRice/WeedyRice-RGBMS-DB/Multispectral/DJI_DateTime_2024_06_04_09_17_0067_lat_10.3011335_lon_105.2722954_alt_20.220m_RE.TIF""]",/home/hyggestuen/Downloads/_WeedyRice/WeedyRice-RGBMS-DB/Masks/DJI_DateTime_2024_06_04_09_17_0067_lat_10.3011335_lon_105.2722954_alt_20.220m.png,2024_06_04_09,train
DJI_DateTime_2024_06_04_09_17_0068_lat_10.3011816_lon_105.2722632_alt_20.232m,/home/hyggestuen/Downloads/_WeedyRice/WeedyRice-RGBMS-DB/RGB/DJI_DateTime_2024_06_04_09_17_0068_lat_10.3011816_lon_105.2722632_alt_20.232m.JPG,,"[""/home/hyggestuen/Downloads/_WeedyRice/WeedyRice-RGBMS-DB/Multispectral/DJI_DateTime_2024_06_04_09_17_0068_lat_10.3011816_lon_105.2722632_alt_20.232m_G.TIF"", ""/home/hyggestuen/Downloads/_WeedyRice/WeedyRice-RGBMS-DB/Multispectral/DJI_DateTime_2024_06_04_09_17_0068_lat_10.3011816_lon_105.2722632_alt_20.232m_NIR.TIF"", ""/home/hyggestuen/Downloads/_WeedyRice/WeedyRice-RGBMS-DB/Multispectral/DJI_DateTime_2024_06_04_09_17_0068_lat_10.3011816_lon_105.2722632_alt_20.232m_R.TIF"", ""/home/hyggestuen/Downloads/_WeedyRice/WeedyRice-RGBMS-DB/Multispectral/DJI_DateTime_2024_06_04_09_17_0068_lat_10.3011816_lon_105.2722632_alt_20.232m_RE.TIF""]",/home/hyggestuen/Downloads/_WeedyRice/WeedyRice-RGBMS-DB/Masks/DJI_DateTime_2024_06_04_09_17_0068_lat_10.3011816_lon_105.2722632_alt_20.232m.png,2024_06_04_09,train
DJI_DateTime_2024_06_04_09_17_0069_lat_10.3012291_lon_105.2722318_alt_20.217m,/home/hyggestuen/Downloads/_WeedyRice/WeedyRice-RGBMS-DB/RGB/DJI_DateTime_2024_06_04_09_17_0069_lat_10.3012291_lon_105.2722318_alt_20.217m.JPG,,"[""/home/hyggestuen/Downloads/_WeedyRice/WeedyRice-RGBMS-DB/Multispectral/DJI_DateTime_2024_06_04_09_17_0069_lat_10.3012291_lon_105.2722318_alt_20.217m_G.TIF"", ""/home/hyggestuen/Downloads/_WeedyRice/WeedyRice-RGBMS-DB/Multispectral/DJI_DateTime_2024_06_04_09_17_0069_lat_10.3012291_lon_105.2722318_alt_20.217m_NIR.TIF"", ""/home/hyggestuen/Downloads/_WeedyRice/WeedyRice-RGBMS-DB/Multispectral/DJI_DateTime_2024_06_04_09_17_0069_lat_10.3012291_lon_105.2722318_alt_20.217m_R.TIF"", ""/home/hyggestuen/Downloads/_WeedyRice/WeedyRice-RGBMS-DB/Multispectral/DJI_DateTime_2024_06_04_09_17_0069_lat_10.3012291_lon_105.2722318_alt_20.217m_RE.TIF""]",/home/hyggestuen/Downloads/_WeedyRice/WeedyRice-RGBMS-DB/Masks/DJI_DateTime_2024_06_04_09_17_0069_lat_10.3012291_lon_105.2722318_alt_20.217m.png,2024_06_04_09,train
DJI_DateTime_2024_06_04_09_17_0070_lat_10.3012765_lon_105.2722004_alt_20.182m,/home/hyggestuen/Downloads/_WeedyRice/WeedyRice-RGBMS-DB/RGB/DJI_DateTime_2024_06_04_09_17_0070_lat_10.3012765_lon_105.2722004_alt_20.182m.JPG,,"[""/home/hyggestuen/Downloads/_WeedyRice/WeedyRice-RGBMS-DB/Multispectral/DJI_DateTime_2024_06_04_09_17_0070_lat_10.3012765_lon_105.2722004_alt_20.182m_G.TIF"", ""/home/hyggestuen/Downloads/_WeedyRice/WeedyRice-RGBMS-DB/Multispectral/DJI_DateTime_2024_06_04_09_17_0070_lat_10.3012765_lon_105.2722004_alt_20.182m_NIR.TIF"", ""/home/hyggestuen/Downloads/_WeedyRice/WeedyRice-RGBMS-DB/Multispectral/DJI_DateTime_2024_06_04_09_17_0070_lat_10.3012765_lon_105.2722004_alt_20.182m_R.TIF"", ""/home/hyggestuen/Downloads/_WeedyRice/WeedyRice-RGBMS-DB/Multispectral/DJI_DateTime_2024_06_04_09_17_0070_lat_10.3012765_lon_105.2722004_alt_20.182m_RE.TIF""]",/home/hyggestuen/Downloads/_WeedyRice/WeedyRice-RGBMS-DB/Masks/DJI_DateTime_2024_06_04_09_17_0070_lat_10.3012765_lon_105.2722004_alt_20.182m.png,2024_06_04_09,train
DJI_DateTime_2024_06_04_09_18_0071_lat_10.3013249_lon_105.2721684_alt_20.203m,/home/hyggestuen/Downloads/_WeedyRice/WeedyRice-RGBMS-DB/RGB/DJI_DateTime_2024_06_04_09_18_0071_lat_10.3013249_lon_105.2721684_alt_20.203m.JPG,,"[""/home/hyggestuen/Downloads/_WeedyRice/WeedyRice-RGBMS-DB/Multispectral/DJI_DateTime_2024_06_04_09_18_0071_lat_10.3013249_lon_105.2721684_alt_20.203m_G.TIF"", ""/home/hyggestuen/Downloads/_WeedyRice/WeedyRice-RGBMS-DB/Multispectral/DJI_DateTime_2024_06_04_09_18_0071_lat_10.3013249_lon_105.2721684_alt_20.203m_NIR.TIF"", ""/home/hyggestuen/Downloads/_WeedyRice/WeedyRice-RGBMS-DB/Multispectral/DJI_DateTime_2024_06_04_09_18_0071_lat_10.3013249_lon_105.2721684_alt_20.203m_R.TIF"", ""/home/hyggestuen/Downloads/_WeedyRice/WeedyRice-RGBMS-DB/Multispectral/DJI_DateTime_2024_06_04_09_18_0071_lat_10.3013249_lon_105.2721684_alt_20.203m_RE.TIF""]",/home/hyggestuen/Downloads/_WeedyRice/WeedyRice-RGBMS-DB/Masks/DJI_DateTime_2024_06_04_09_18_0071_lat_10.3013249_lon_105.2721684_alt_20.203m.png,2024_06_04_09,train
DJI_DateTime_2024_06_04_09_18_0072_lat_10.3013729_lon_105.2721368_alt_20.197m,/home/hyggestuen/Downloads/_WeedyRice/WeedyRice-RGBMS-DB/RGB/DJI_DateTime_2024_06_04_09_18_0072_lat_10.3013729_lon_105.2721368_alt_20.197m.JPG,,"[""/home/hyggestuen/Downloads/_WeedyRice/WeedyRice-RGBMS-DB/Multispectral/DJI_DateTime_2024_06_04_09_18_0072_lat_10.3013729_lon_105.2721368_alt_20.197m_G.TIF"", ""/home/hyggestuen/Downloads/_WeedyRice/WeedyRice-RGBMS-DB/Multispectral/DJI_DateTime_2024_06_04_09_18_0072_lat_10.3013729_lon_105.2721368_alt_20.197m_NIR.TIF"", ""/home/hyggestuen/Downloads/_WeedyRice/WeedyRice-RGBMS-DB/Multispectral/DJI_DateTime_2024_06_04_09_18_0072_lat_10.3013729_lon_105.2721368_alt_20.197m_R.TIF"", ""/home/hyggestuen/Downloads/_WeedyRice/WeedyRice-RGBMS-DB/Multispectral/DJI_DateTime_2024_06_04_09_18_0072_lat_10.3013729_lon_105.2721368_alt_20.197m_RE.TIF""]",/home/hyggestuen/Downloads/_WeedyRice/WeedyRice-RGBMS-DB/Masks/DJI_DateTime_2024_06_04_09_18_0072_lat_10.3013729_lon_105.2721368_alt_20.197m.png,2024_06_04_09,train
DJI_DateTime_2024_06_04_09_18_0073_lat_10.3014197_lon_105.2721057_alt_20.203m,/home/hyggestuen/Downloads/_WeedyRice/WeedyRice-RGBMS-DB/RGB/DJI_DateTime_2024_06_04_09_18_0073_lat_10.3014197_lon_105.2721057_alt_20.203m.JPG,,"[""/home/hyggestuen/Downloads/_WeedyRice/WeedyRice-RGBMS-DB/Multispectral/DJI_DateTime_2024_06_04_09_18_0073_lat_10.3014197_lon_105.2721057_alt_20.203m_G.TIF"", ""/home/hyggestuen/Downloads/_WeedyRice/WeedyRice-RGBMS-DB/Multispectral/DJI_DateTime_2024_06_04_09_18_0073_lat_10.3014197_lon_105.2721057_alt_20.203m_NIR.TIF"", ""/home/hyggestuen/Downloads/_WeedyRice/WeedyRice-RGBMS-DB/Multispectral/DJI_DateTime_2024_06_04_09_18_0073_lat_10.3014197_lon_105.2721057_alt_20.203m_R.TIF"", ""/home/hyggestuen/Downloads/_WeedyRice/WeedyRice-RGBMS-DB/Multispectral/DJI_DateTime_2024_06_04_09_18_0073_lat_10.3014197_lon_105.2721057_alt_20.203m_RE.TIF""]",/home/hyggestuen/Downloads/_WeedyRice/WeedyRice-RGBMS-DB/Masks/DJI_DateTime_2024_06_04_09_18_0073_lat_10.3014197_lon_105.2721057_alt_20.203m.png,2024_06_04_09,train
DJI_DateTime_2024_06_04_09_18_0074_lat_10.3014673_lon_105.2720743_alt_20.168m,/home/hyggestuen/Downloads/_WeedyRice/WeedyRice-RGBMS-DB/RGB/DJI_DateTime_2024_06_04_09_18_0074_lat_10.3014673_lon_105.2720743_alt_20.168m.JPG,,"[""/home/hyggestuen/Downloads/_WeedyRice/WeedyRice-RGBMS-DB/Multispectral/DJI_DateTime_2024_06_04_09_18_0074_lat_10.3014673_lon_105.2720743_alt_20.168m_G.TIF"", ""/home/hyggestuen/Downloads/_WeedyRice/WeedyRice-RGBMS-DB/Multispectral/DJI_DateTime_2024_06_04_09_18_0074_lat_10.3014673_lon_105.2720743_alt_20.168m_NIR.TIF"", ""/home/hyggestuen/Downloads/_WeedyRice/WeedyRice-RGBMS-DB/Multispectral/DJI_DateTime_2024_06_04_09_18_0074_lat_10.3014673_lon_105.2720743_alt_20.168m_R.TIF"", ""/home/hyggestuen/Downloads/_WeedyRice/WeedyRice-RGBMS-DB/Multispectral/DJI_DateTime_2024_06_04_09_18_0074_lat_10.3014673_lon_105.2720743_alt_20.168m_RE.TIF""]",/home/hyggestuen/Downloads/_WeedyRice/WeedyRice-RGBMS-DB/Masks/DJI_DateTime_2024_06_04_09_18_0074_lat_10.3014673_lon_105.2720743_alt_20.168m.png,2024_06_04_09,train
DJI_DateTime_2024_06_04_09_18_0075_lat_10.3015155_lon_105.2720421_alt_20.200m,/home/hyggestuen/Downloads/_WeedyRice/WeedyRice-RGBMS-DB/RGB/DJI_DateTime_2024_06_04_09_18_0075_lat_10.3015155_lon_105.2720421_alt_20.200m.JPG,,"[""/home/hyggestuen/Downloads/_WeedyRice/WeedyRice-RGBMS-DB/Multispectral/DJI_DateTime_2024_06_04_09_18_0075_lat_10.3015155_lon_105.2720421_alt_20.200m_G.TIF"", ""/home/hyggestuen/Downloads/_WeedyRice/WeedyRice-RGBMS-DB/Multispectral/DJI_DateTime_2024_06_04_09_18_0075_lat_10.3015155_lon_105.2720421_alt_20.200m_NIR.TIF"", ""/home/hyggestuen/Downloads/_WeedyRice/WeedyRice-RGBMS-DB/Multispectral/DJI_DateTime_2024_06_04_09_18_0075_lat_10.3015155_lon_105.2720421_alt_20.200m_R.TIF"", ""/home/hyggestuen/Downloads/_WeedyRice/WeedyRice-RGBMS-DB/Multispectral/DJI_DateTime_2024_06_04_09_18_0075_lat_10.3015155_lon_105.2720421_alt_20.200m_RE.TIF""]",/home/hyggestuen/Downloads/_WeedyRice/WeedyRice-RGBMS-DB/Masks/DJI_DateTime_2024_06_04_09_18_0075_lat_10.3015155_lon_105.2720421_alt_20.200m.png,2024_06_04_09,train
DJI_DateTime_2024_06_04_09_18_0076_lat_10.3015632_lon_105.2720113_alt_20.208m,/home/hyggestuen/Downloads/_WeedyRice/WeedyRice-RGBMS-DB/RGB/DJI_DateTime_2024_06_04_09_18_0076_lat_10.3015632_lon_105.2720113_alt_20.208m.JPG,,"[""/home/hyggestuen/Downloads/_WeedyRice/WeedyRice-RGBMS-DB/Multispectral/DJI_DateTime_2024_06_04_09_18_0076_lat_10.3015632_lon_105.2720113_alt_20.208m_G.TIF"", ""/home/hyggestuen/Downloads/_WeedyRice/WeedyRice-RGBMS-DB/Multispectral/DJI_DateTime_2024_06_04_09_18_0076_lat_10.3015632_lon_105.2720113_alt_20.208m_NIR.TIF"", ""/home/hyggestuen/Downloads/_WeedyRice/WeedyRice-RGBMS-DB/Multispectral/DJI_DateTime_2024_06_04_09_18_0076_lat_10.3015632_lon_105.2720113_alt_20.208m_R.TIF"", ""/home/hyggestuen/Downloads/_WeedyRice/WeedyRice-RGBMS-DB/Multispectral/DJI_DateTime_2024_06_04_09_18_0076_lat_10.3015632_lon_105.2720113_alt_20.208m_RE.TIF""]",/home/hyggestuen/Downloads/_WeedyRice/WeedyRice-RGBMS-DB/Masks/DJI_DateTime_2024_06_04_09_18_0076_lat_10.3015632_lon_105.2720113_alt_20.208m.png,2024_06_04_09,train
DJI_DateTime_2024_06_04_09_18_0077_lat_10.3016106_lon_105.2719794_alt_20.186m,/home/hyggestuen/Downloads/_WeedyRice/WeedyRice-RGBMS-DB/RGB/DJI_DateTime_2024_06_04_09_18_0077_lat_10.3016106_lon_105.2719794_alt_20.186m.JPG,,"[""/home/hyggestuen/Downloads/_WeedyRice/WeedyRice-RGBMS-DB/Multispectral/DJI_DateTime_2024_06_04_09_18_0077_lat_10.3016106_lon_105.2719794_alt_20.186m_G.TIF"", ""/home/hyggestuen/Downloads/_WeedyRice/WeedyRice-RGBMS-DB/Multispectral/DJI_DateTime_2024_06_04_09_18_0077_lat_10.3016106_lon_105.2719794_alt_20.186m_NIR.TIF"", ""/home/hyggestuen/Downloads/_WeedyRice/WeedyRice-RGBMS-DB/Multispectral/DJI_DateTime_2024_06_04_09_18_0077_lat_10.3016106_lon_105.2719794_alt_20.186m_R.TIF"", ""/home/hyggestuen/Downloads/_WeedyRice/WeedyRice-RGBMS-DB/Multispectral/DJI_DateTime_2024_06_04_09_18_0077_lat_10.3016106_lon_105.2719794_alt_20.186m_RE.TIF""]",/home/hyggestuen/Downloads/_WeedyRice/WeedyRice-RGBMS-DB/Masks/DJI_DateTime_2024_06_04_09_18_0077_lat_10.3016106_lon_105.2719794_alt_20.186m.png,2024_06_04_09,train
DJI_DateTime_2024_06_04_09_18_0078_lat_10.3016587_lon_105.2719481_alt_20.214m,/home/hyggestuen/Downloads/_WeedyRice/WeedyRice-RGBMS-DB/RGB/DJI_DateTime_2024_06_04_09_18_0078_lat_10.3016587_lon_105.2719481_alt_20.214m.JPG,,"[""/home/hyggestuen/Downloads/_WeedyRice/WeedyRice-RGBMS-DB/Multispectral/DJI_DateTime_2024_06_04_09_18_0078_lat_10.3016587_lon_105.2719481_alt_20.214m_G.TIF"", ""/home/hyggestuen/Downloads/_WeedyRice/WeedyRice-RGBMS-DB/Multispectral/DJI_DateTime_2024_06_04_09_18_0078_lat_10.3016587_lon_105.2719481_alt_20.214m_NIR.TIF"", ""/home/hyggestuen/Downloads/_WeedyRice/WeedyRice-RGBMS-DB/Multispectral/DJI_DateTime_2024_06_04_09_18_0078_lat_10.3016587_lon_105.2719481_alt_20.214m_R.TIF"", ""/home/hyggestuen/Downloads/_WeedyRice/WeedyRice-RGBMS-DB/Multispectral/DJI_DateTime_2024_06_04_09_18_0078_lat_10.3016587_lon_105.2719481_alt_20.214m_RE.TIF""]",/home/hyggestuen/Downloads/_WeedyRice/WeedyRice-RGBMS-DB/Masks/DJI_DateTime_2024_06_04_09_18_0078_lat_10.3016587_lon_105.2719481_alt_20.214m.png,2024_06_04_09,train
DJI_DateTime_2024_06_04_09_18_0079_lat_10.3017056_lon_105.2719171_alt_20.172m,/home/hyggestuen/Downloads/_WeedyRice/WeedyRice-RGBMS-DB/RGB/DJI_DateTime_2024_06_04_09_18_0079_lat_10.3017056_lon_105.2719171_alt_20.172m.JPG,,"[""/home/hyggestuen/Downloads/_WeedyRice/WeedyRice-RGBMS-DB/Multispectral/DJI_DateTime_2024_06_04_09_18_0079_lat_10.3017056_lon_105.2719171_alt_20.172m_G.TIF"", ""/home/hyggestuen/Downloads/_WeedyRice/WeedyRice-RGBMS-DB/Multispectral/DJI_DateTime_2024_06_04_09_18_0079_lat_10.3017056_lon_105.2719171_alt_20.172m_NIR.TIF"", ""/home/hyggestuen/Downloads/_WeedyRice/WeedyRice-RGBMS-DB/Multispectral/DJI_DateTime_2024_06_04_09_18_0079_lat_10.3017056_lon_105.2719171_alt_20.172m_R.TIF"", ""/home/hyggestuen/Downloads/_WeedyRice/WeedyRice-RGBMS-DB/Multispectral/DJI_DateTime_2024_06_04_09_18_0079_lat_10.3017056_lon_105.2719171_alt_20.172m_RE.TIF""]",/home/hyggestuen/Downloads/_WeedyRice/WeedyRice-RGBMS-DB/Masks/DJI_DateTime_2024_06_04_09_18_0079_lat_10.3017056_lon_105.2719171_alt_20.172m.png,2024_06_04_09,train
DJI_DateTime_2024_06_04_09_18_0080_lat_10.3017541_lon_105.2718854_alt_20.168m,/home/hyggestuen/Downloads/_WeedyRice/WeedyRice-RGBMS-DB/RGB/DJI_DateTime_2024_06_04_09_18_0080_lat_10.3017541_lon_105.2718854_alt_20.168m.JPG,,"[""/home/hyggestuen/Downloads/_WeedyRice/WeedyRice-RGBMS-DB/Multispectral/DJI_DateTime_2024_06_04_09_18_0080_lat_10.3017541_lon_105.2718854_alt_20.168m_G.TIF"", ""/home/hyggestuen/Downloads/_WeedyRice/WeedyRice-RGBMS-DB/Multispectral/DJI_DateTime_2024_06_04_09_18_0080_lat_10.3017541_lon_105.2718854_alt_20.168m_NIR.TIF"", ""/home/hyggestuen/Downloads/_WeedyRice/WeedyRice-RGBMS-DB/Multispectral/DJI_DateTime_2024_06_04_09_18_0080_lat_10.3017541_lon_105.2718854_alt_20.168m_R.TIF"", ""/home/hyggestuen/Downloads/_WeedyRice/WeedyRice-RGBMS-DB/Multispectral/DJI_DateTime_2024_06_04_09_18_0080_lat_10.3017541_lon_105.2718854_alt_20.168m_RE.TIF""]",/home/hyggestuen/Downloads/_WeedyRice/WeedyRice-RGBMS-DB/Masks/DJI_DateTime_2024_06_04_09_18_0080_lat_10.3017541_lon_105.2718854_alt_20.168m.png,2024_06_04_09,train
DJI_DateTime_2024_06_04_09_18_0081_lat_10.3018015_lon_105.2718541_alt_20.194m,/home/hyggestuen/Downloads/_WeedyRice/WeedyRice-RGBMS-DB/RGB/DJI_DateTime_2024_06_04_09_18_0081_lat_10.3018015_lon_105.2718541_alt_20.194m.JPG,,"[""/home/hyggestuen/Downloads/_WeedyRice/WeedyRice-RGBMS-DB/Multispectral/DJI_DateTime_2024_06_04_09_18_0081_lat_10.3018015_lon_105.2718541_alt_20.194m_G.TIF"", ""/home/hyggestuen/Downloads/_WeedyRice/WeedyRice-RGBMS-DB/Multispectral/DJI_DateTime_2024_06_04_09_18_0081_lat_10.3018015_lon_105.2718541_alt_20.194m_NIR.TIF"", ""/home/hyggestuen/Downloads/_WeedyRice/WeedyRice-RGBMS-DB/Multispectral/DJI_DateTime_2024_06_04_09_18_0081_lat_10.3018015_lon_105.2718541_alt_20.194m_R.TIF"", ""/home/hyggestuen/Downloads/_WeedyRice/WeedyRice-RGBMS-DB/Multispectral/DJI_DateTime_2024_06_04_09_18_0081_lat_10.3018015_lon_105.2718541_alt_20.194m_RE.TIF""]",/home/hyggestuen/Downloads/_WeedyRice/WeedyRice-RGBMS-DB/Masks/DJI_DateTime_2024_06_04_09_18_0081_lat_10.3018015_lon_105.2718541_alt_20.194m.png,2024_06_04_09,train
DJI_DateTime_2024_06_04_09_18_0082_lat_10.3018489_lon_105.2718225_alt_20.220m,/home/hyggestuen/Downloads/_WeedyRice/WeedyRice-RGBMS-DB/RGB/DJI_DateTime_2024_06_04_09_18_0082_lat_10.3018489_lon_105.2718225_alt_20.220m.JPG,,"[""/home/hyggestuen/Downloads/_WeedyRice/WeedyRice-RGBMS-DB/Multispectral/DJI_DateTime_2024_06_04_09_18_0082_lat_10.3018489_lon_105.2718225_alt_20.220m_G.TIF"", ""/home/hyggestuen/Downloads/_WeedyRice/WeedyRice-RGBMS-DB/Multispectral/DJI_DateTime_2024_06_04_09_18_0082_lat_10.3018489_lon_105.2718225_alt_20.220m_NIR.TIF"", ""/home/hyggestuen/Downloads/_WeedyRice/WeedyRice-RGBMS-DB/Multispectral/DJI_DateTime_2024_06_04_09_18_0082_lat_10.3018489_lon_105.2718225_alt_20.220m_R.TIF"", ""/home/hyggestuen/Downloads/_WeedyRice/WeedyRice-RGBMS-DB/Multispectral/DJI_DateTime_2024_06_04_09_18_0082_lat_10.3018489_lon_105.2718225_alt_20.220m_RE.TIF""]",/home/hyggestuen/Downloads/_WeedyRice/WeedyRice-RGBMS-DB/Masks/DJI_DateTime_2024_06_04_09_18_0082_lat_10.3018489_lon_105.2718225_alt_20.220m.png,2024_06_04_09,train
DJI_DateTime_2024_06_04_09_18_0083_lat_10.3018969_lon_105.2717908_alt_20.251m,/home/hyggestuen/Downloads/_WeedyRice/WeedyRice-RGBMS-DB/RGB/DJI_DateTime_2024_06_04_09_18_0083_lat_10.3018969_lon_105.2717908_alt_20.251m.JPG,,"[""/home/hyggestuen/Downloads/_WeedyRice/WeedyRice-RGBMS-DB/Multispectral/DJI_DateTime_2024_06_04_09_18_0083_lat_10.3018969_lon_105.2717908_alt_20.251m_G.TIF"", ""/home/hyggestuen/Downloads/_WeedyRice/WeedyRice-RGBMS-DB/Multispectral/DJI_DateTime_2024_06_04_09_18_0083_lat_10.3018969_lon_105.2717908_alt_20.251m_NIR.TIF"", ""/home/hyggestuen/Downloads/_WeedyRice/WeedyRice-RGBMS-DB/Multispectral/DJI_DateTime_2024_06_04_09_18_0083_lat_10.3018969_lon_105.2717908_alt_20.251m_R.TIF"", ""/home/hyggestuen/Downloads/_WeedyRice/WeedyRice-RGBMS-DB/Multispectral/DJI_DateTime_2024_06_04_09_18_0083_lat_10.3018969_lon_105.2717908_alt_20.251m_RE.TIF""]",/home/hyggestuen/Downloads/_WeedyRice/WeedyRice-RGBMS-DB/Masks/DJI_DateTime_2024_06_04_09_18_0083_lat_10.3018969_lon_105.2717908_alt_20.251m.png,2024_06_04_09,train
DJI_DateTime_2024_06_04_09_18_0084_lat_10.3019440_lon_105.2717589_alt_20.237m,/home/hyggestuen/Downloads/_WeedyRice/WeedyRice-RGBMS-DB/RGB/DJI_DateTime_2024_06_04_09_18_0084_lat_10.3019440_lon_105.2717589_alt_20.237m.JPG,,"[""/home/hyggestuen/Downloads/_WeedyRice/WeedyRice-RGBMS-DB/Multispectral/DJI_DateTime_2024_06_04_09_18_0084_lat_10.3019440_lon_105.2717589_alt_20.237m_G.TIF"", ""/home/hyggestuen/Downloads/_WeedyRice/WeedyRice-RGBMS-DB/Multispectral/DJI_DateTime_2024_06_04_09_18_0084_lat_10.3019440_lon_105.2717589_alt_20.237m_NIR.TIF"", ""/home/hyggestuen/Downloads/_WeedyRice/WeedyRice-RGBMS-DB/Multispectral/DJI_DateTime_2024_06_04_09_18_0084_lat_10.3019440_lon_105.2717589_alt_20.237m_R.TIF"", ""/home/hyggestuen/Downloads/_WeedyRice/WeedyRice-RGBMS-DB/Multispectral/DJI_DateTime_2024_06_04_09_18_0084_lat_10.3019440_lon_105.2717589_alt_20.237m_RE.TIF""]",/home/hyggestuen/Downloads/_WeedyRice/WeedyRice-RGBMS-DB/Masks/DJI_DateTime_2024_06_04_09_18_0084_lat_10.3019440_lon_105.2717589_alt_20.237m.png,2024_06_04_09,train
DJI_DateTime_2024_06_04_09_18_0085_lat_10.3019921_lon_105.2717280_alt_20.196m,/home/hyggestuen/Downloads/_WeedyRice/WeedyRice-RGBMS-DB/RGB/DJI_DateTime_2024_06_04_09_18_0085_lat_10.3019921_lon_105.2717280_alt_20.196m.JPG,,"[""/home/hyggestuen/Downloads/_WeedyRice/WeedyRice-RGBMS-DB/Multispectral/DJI_DateTime_2024_06_04_09_18_0085_lat_10.3019921_lon_105.2717280_alt_20.196m_G.TIF"", ""/home/hyggestuen/Downloads/_WeedyRice/WeedyRice-RGBMS-DB/Multispectral/DJI_DateTime_2024_06_04_09_18_0085_lat_10.3019921_lon_105.2717280_alt_20.196m_NIR.TIF"", ""/home/hyggestuen/Downloads/_WeedyRice/WeedyRice-RGBMS-DB/Multispectral/DJI_DateTime_2024_06_04_09_18_0085_lat_10.3019921_lon_105.2717280_alt_20.196m_R.TIF"", ""/home/hyggestuen/Downloads/_WeedyRice/WeedyRice-RGBMS-DB/Multispectral/DJI_DateTime_2024_06_04_09_18_0085_lat_10.3019921_lon_105.2717280_alt_20.196m_RE.TIF""]",/home/hyggestuen/Downloads/_WeedyRice/WeedyRice-RGBMS-DB/Masks/DJI_DateTime_2024_06_04_09_18_0085_lat_10.3019921_lon_105.2717280_alt_20.196m.png,2024_06_04_09,train
DJI_DateTime_2024_06_04_09_18_0086_lat_10.3020406_lon_105.2716959_alt_20.221m,/home/hyggestuen/Downloads/_WeedyRice/WeedyRice-RGBMS-DB/RGB/DJI_DateTime_2024_06_04_09_18_0086_lat_10.3020406_lon_105.2716959_alt_20.221m.JPG,,"[""/home/hyggestuen/Downloads/_WeedyRice/WeedyRice-RGBMS-DB/Multispectral/DJI_DateTime_2024_06_04_09_18_0086_lat_10.3020406_lon_105.2716959_alt_20.221m_G.TIF"", ""/home/hyggestuen/Downloads/_WeedyRice/WeedyRice-RGBMS-DB/Multispectral/DJI_DateTime_2024_06_04_09_18_0086_lat_10.3020406_lon_105.2716959_alt_20.221m_NIR.TIF"", ""/home/hyggestuen/Downloads/_WeedyRice/WeedyRice-RGBMS-DB/Multispectral/DJI_DateTime_2024_06_04_09_18_0086_lat_10.3020406_lon_105.2716959_alt_20.221m_R.TIF"", ""/home/hyggestuen/Downloads/_WeedyRice/WeedyRice-RGBMS-DB/Multispectral/DJI_DateTime_2024_06_04_09_18_0086_lat_10.3020406_lon_105.2716959_alt_20.221m_RE.TIF""]",/home/hyggestuen/Downloads/_WeedyRice/WeedyRice-RGBMS-DB/Masks/DJI_DateTime_2024_06_04_09_18_0086_lat_10.3020406_lon_105.2716959_alt_20.221m.png,2024_06_04_09,train
DJI_DateTime_2024_06_04_09_18_0087_lat_10.3020864_lon_105.2716646_alt_20.189m,/home/hyggestuen/Downloads/_WeedyRice/WeedyRice-RGBMS-DB/RGB/DJI_DateTime_2024_06_04_09_18_0087_lat_10.3020864_lon_105.2716646_alt_20.189m.JPG,,"[""/home/hyggestuen/Downloads/_WeedyRice/WeedyRice-RGBMS-DB/Multispectral/DJI_DateTime_2024_06_04_09_18_0087_lat_10.3020864_lon_105.2716646_alt_20.189m_G.TIF"", ""/home/hyggestuen/Downloads/_WeedyRice/WeedyRice-RGBMS-DB/Multispectral/DJI_DateTime_2024_06_04_09_18_0087_lat_10.3020864_lon_105.2716646_alt_20.189m_NIR.TIF"", ""/home/hyggestuen/Downloads/_WeedyRice/WeedyRice-RGBMS-DB/Multispectral/DJI_DateTime_2024_06_04_09_18_0087_lat_10.3020864_lon_105.2716646_alt_20.189m_R.TIF"", ""/home/hyggestuen/Downloads/_WeedyRice/WeedyRice-RGBMS-DB/Multispectral/DJI_DateTime_2024_06_04_09_18_0087_lat_10.3020864_lon_105.2716646_alt_20.189m_RE.TIF""]",/home/hyggestuen/Downloads/_WeedyRice/WeedyRice-RGBMS-DB/Masks/DJI_DateTime_2024_06_04_09_18_0087_lat_10.3020864_lon_105.2716646_alt_20.189m.png,2024_06_04_09,train
DJI_DateTime_2024_06_04_09_19_0101_lat_10.3019920_lon_105.2718346_alt_20.207m,/home/hyggestuen/Downloads/_WeedyRice/WeedyRice-RGBMS-DB/RGB/DJI_DateTime_2024_06_04_09_19_0101_lat_10.3019920_lon_105.2718346_alt_20.207m.JPG,,"[""/home/hyggestuen/Downloads/_WeedyRice/WeedyRice-RGBMS-DB/Multispectral/DJI_DateTime_2024_06_04_09_19_0101_lat_10.3019920_lon_105.2718346_alt_20.207m_G.TIF"", ""/home/hyggestuen/Downloads/_WeedyRice/WeedyRice-RGBMS-DB/Multispectral/DJI_DateTime_2024_06_04_09_19_0101_lat_10.3019920_lon_105.2718346_alt_20.207m_NIR.TIF"", ""/home/hyggestuen/Downloads/_WeedyRice/WeedyRice-RGBMS-DB/Multispectral/DJI_DateTime_2024_06_04_09_19_0101_lat_10.3019920_lon_105.2718346_alt_20.207m_R.TIF"", ""/home/hyggestuen/Downloads/_WeedyRice/WeedyRice-RGBMS-DB/Multispectral/DJI_DateTime_2024_06_04_09_19_0101_lat_10.3019920_lon_105.2718346_alt_20.207m_RE.TIF""]",/home/hyggestuen/Downloads/_WeedyRice/WeedyRice-RGBMS-DB/Masks/DJI_DateTime_2024_06_04_09_19_0101_lat_10.3019920_lon_105.2718346_alt_20.207m.png,2024_06_04_09,train
DJI_DateTime_2024_06_04_09_19_0102_lat_10.3019443_lon_105.2718668_alt_20.218m,/home/hyggestuen/Downloads/_WeedyRice/WeedyRice-RGBMS-DB/RGB/DJI_DateTime_2024_06_04_09_19_0102_lat_10.3019443_lon_105.2718668_alt_20.218m.JPG,,"[""/home/hyggestuen/Downloads/_WeedyRice/WeedyRice-RGBMS-DB/Multispectral/DJI_DateTime_2024_06_04_09_19_0102_lat_10.3019443_lon_105.2718668_alt_20.218m_G.TIF"", ""/home/hyggestuen/Downloads/_WeedyRice/WeedyRice-RGBMS-DB/Multispectral/DJI_DateTime_2024_06_04_09_19_0102_lat_10.3019443_lon_105.2718668_alt_20.218m_NIR.TIF"", ""/home/hyggestuen/Downloads/_WeedyRice/WeedyRice-RGBMS-DB/Multispectral/DJI_DateTime_2024_06_04_09_19_0102_lat_10.3019443_lon_105.2718668_alt_20.218m_R.TIF"", ""/home/hyggestuen/Downloads/_WeedyRice/WeedyRice-RGBMS-DB/Multispectral/DJI_DateTime_2024_06_04_09_19_0102_lat_10.3019443_lon_105.2718668_alt_20.218m_RE.TIF""]",/home/hyggestuen/Downloads/_WeedyRice/WeedyRice-RGBMS-DB/Masks/DJI_DateTime_2024_06_04_09_19_0102_lat_10.3019443_lon_105.2718668_alt_20.218m.png,2024_06_04_09,train
DJI_DateTime_2024_06_04_09_19_0103_lat_10.3018964_lon_105.2718985_alt_20.239m,/home/hyggestuen/Downloads/_WeedyRice/WeedyRice-RGBMS-DB/RGB/DJI_DateTime_2024_06_04_09_19_0103_lat_10.3018964_lon_105.2718985_alt_20.239m.JPG,,"[""/home/hyggestuen/Downloads/_WeedyRice/WeedyRice-RGBMS-DB/Multispectral/DJI_DateTime_2024_06_04_09_19_0103_lat_10.3018964_lon_105.2718985_alt_20.239m_G.TIF"", ""/home/hyggestuen/Downloads/_WeedyRice/WeedyRice-RGBMS-DB/Multispectral/DJI_DateTime_2024_06_04_09_19_0103_lat_10.3018964_lon_105.2718985_alt_20.239m_NIR.TIF"", ""/home/hyggestuen/Downloads/_WeedyRice/WeedyRice-RGBMS-DB/Multispectral/DJI_DateTime_2024_06_04_09_19_0103_lat_10.3018964_lon_105.2718985_alt_20.239m_R.TIF"", ""/home/hyggestuen/Downloads/_WeedyRice/WeedyRice-RGBMS-DB/Multispectral/DJI_DateTime_2024_06_04_09_19_0103_lat_10.3018964_lon_105.2718985_alt_20.239m_RE.TIF""]",/home/hyggestuen/Downloads/_WeedyRice/WeedyRice-RGBMS-DB/Masks/DJI_DateTime_2024_06_04_09_19_0103_lat_10.3018964_lon_105.2718985_alt_20.239m.png,2024_06_04_09,train
DJI_DateTime_2024_06_04_09_19_0104_lat_10.3018489_lon_105.2719297_alt_20.235m,/home/hyggestuen/Downloads/_WeedyRice/WeedyRice-RGBMS-DB/RGB/DJI_DateTime_2024_06_04_09_19_0104_lat_10.3018489_lon_105.2719297_alt_20.235m.JPG,,"[""/home/hyggestuen/Downloads/_WeedyRice/WeedyRice-RGBMS-DB/Multispectral/DJI_DateTime_2024_06_04_09_19_0104_lat_10.3018489_lon_105.2719297_alt_20.235m_G.TIF"", ""/home/hyggestuen/Downloads/_WeedyRice/WeedyRice-RGBMS-DB/Multispectral/DJI_DateTime_2024_06_04_09_19_0104_lat_10.3018489_lon_105.2719297_alt_20.235m_NIR.TIF"", ""/home/hyggestuen/Downloads/_WeedyRice/WeedyRice-RGBMS-DB/Multispectral/DJI_DateTime_2024_06_04_09_19_0104_lat_10.3018489_lon_105.2719297_alt_20.235m_R.TIF"", ""/home/hyggestuen/Downloads/_WeedyRice/WeedyRice-RGBMS-DB/Multispectral/DJI_DateTime_2024_06_04_09_19_0104_lat_10.3018489_lon_105.2719297_alt_20.235m_RE.TIF""]",/home/hyggestuen/Downloads/_WeedyRice/WeedyRice-RGBMS-DB/Masks/DJI_DateTime_2024_06_04_09_19_0104_lat_10.3018489_lon_105.2719297_alt_20.235m.png,2024_06_04_09,train
DJI_DateTime_2024_06_04_09_20_0105_lat_10.3018006_lon_105.2719609_alt_20.239m,/home/hyggestuen/Downloads/_WeedyRice/WeedyRice-RGBMS-DB/RGB/DJI_DateTime_2024_06_04_09_20_0105_lat_10.3018006_lon_105.2719609_alt_20.239m.JPG,,"[""/home/hyggestuen/Downloads/_WeedyRice/WeedyRice-RGBMS-DB/Multispectral/DJI_DateTime_2024_06_04_09_20_0105_lat_10.3018006_lon_105.2719609_alt_20.239m_G.TIF"", ""/home/hyggestuen/Downloads/_WeedyRice/WeedyRice-RGBMS-DB/Multispectral/DJI_DateTime_2024_06_04_09_20_0105_lat_10.3018006_lon_105.2719609_alt_20.239m_NIR.TIF"", ""/home/hyggestuen/Downloads/_WeedyRice/WeedyRice-RGBMS-DB/Multispectral/DJI_DateTime_2024_06_04_09_20_0105_lat_10.3018006_lon_105.2719609_alt_20.239m_R.TIF"", ""/home/hyggestuen/Downloads/_WeedyRice/WeedyRice-RGBMS-DB/Multispectral/DJI_DateTime_2024_06_04_09_20_0105_lat_10.3018006_lon_105.2719609_alt_20.239m_RE.TIF""]",/home/hyggestuen/Downloads/_WeedyRice/WeedyRice-RGBMS-DB/Masks/DJI_DateTime_2024_06_04_09_20_0105_lat_10.3018006_lon_105.2719609_alt_20.239m.png,2024_06_04_09,train
DJI_DateTime_2024_06_04_09_20_0106_lat_10.3017528_lon_105.2719928_alt_20.256m,/home/hyggestuen/Downloads/_WeedyRice/WeedyRice-RGBMS-DB/RGB/DJI_DateTime_2024_06_04_09_20_0106_lat_10.3017528_lon_105.2719928_alt_20.256m.JPG,,"[""/home/hyggestuen/Downloads/_WeedyRice/WeedyRice-RGBMS-DB/Multispectral/DJI_DateTime_2024_06_04_09_20_0106_lat_10.3017528_lon_105.2719928_alt_20.256m_G.TIF"", ""/home/hyggestuen/Downloads/_WeedyRice/WeedyRice-RGBMS-DB/Multispectral/DJI_DateTime_2024_06_04_09_20_0106_lat_10.3017528_lon_105.2719928_alt_20.256m_NIR.TIF"", ""/home/hyggestuen/Downloads/_WeedyRice/WeedyRice-RGBMS-DB/Multispectral/DJI_DateTime_2024_06_04_09_20_0106_lat_10.3017528_lon_105.2719928_alt_20.256m_R.TIF"", ""/home/hyggestuen/Downloads/_WeedyRice/WeedyRice-RGBMS-DB/Multispectral/DJI_DateTime_2024_06_04_09_20_0106_lat_10.3017528_lon_105.2719928_alt_20.256m_RE.TIF""]",/home/hyggestuen/Downloads/_WeedyRice/WeedyRice-RGBMS-DB/Masks/DJI_DateTime_2024_06_04_09_20_0106_lat_10.3017528_lon_105.2719928_alt_20.256m.png,2024_06_04_09,train
DJI_DateTime_2024_06_04_09_20_0107_lat_10.3017051_lon_105.2720244_alt_20.191m,/home/hyggestuen/Downloads/_WeedyRice/WeedyRice-RGBMS-DB/RGB/DJI_DateTime_2024_06_04_09_20_0107_lat_10.3017051_lon_105.2720244_alt_20.191m.JPG,,"[""/home/hyggestuen/Downloads/_WeedyRice/WeedyRice-RGBMS-DB/Multispectral/DJI_DateTime_2024_06_04_09_20_0107_lat_10.3017051_lon_105.2720244_alt_20.191m_G.TIF"", ""/home/hyggestuen/Downloads/_WeedyRice/WeedyRice-RGBMS-DB/Multispectral/DJI_DateTime_2024_06_04_09_20_0107_lat_10.3017051_lon_105.2720244_alt_20.191m_NIR.TIF"", ""/home/hyggestuen/Downloads/_WeedyRice/WeedyRice-RGBMS-DB/Multispectral/DJI_DateTime_2024_06_04_09_20_0107_lat_10.3017051_lon_105.2720244_alt_20.191m_R.TIF"", ""/home/hyggestuen/Downloads/_WeedyRice/WeedyRice-RGBMS-DB/Multispectral/DJI_DateTime_2024_06_04_09_20_0107_lat_10.3017051_lon_105.2720244_alt_20.191m_RE.TIF""]",/home/hyggestuen/Downloads/_WeedyRice/WeedyRice-RGBMS-DB/Masks/DJI_DateTime_2024_06_04_09_20_0107_lat_10.3017051_lon_105.2720244_alt_20.191m.png,2024_06_04_09,train
DJI_DateTime_2024_06_04_09_20_0108_lat_10.3016570_lon_105.2720565_alt_20.205m,/home/hyggestuen/Downloads/_WeedyRice/WeedyRice-RGBMS-DB/RGB/DJI_DateTime_2024_06_04_09_20_0108_lat_10.3016570_lon_105.2720565_alt_20.205m.JPG,,"[""/home/hyggestuen/Downloads/_WeedyRice/WeedyRice-RGBMS-DB/Multispectral/DJI_DateTime_2024_06_04_09_20_0108_lat_10.3016570_lon_105.2720565_alt_20.205m_G.TIF"", ""/home/hyggestuen/Downloads/_WeedyRice/WeedyRice-RGBMS-DB/Multispectral/DJI_DateTime_2024_06_04_09_20_0108_lat_10.3016570_lon_105.2720565_alt_20.205m_NIR.TIF"", ""/home/hyggestuen/Downloads/_WeedyRice/WeedyRice-RGBMS-DB/Multispectral/DJI_DateTime_2024_06_04_09_20_0108_lat_10.3016570_lon_105.2720565_alt_20.205m_R.TIF"", ""/home/hyggestuen/Downloads/_WeedyRice/WeedyRice-RGBMS-DB/Multispectral/DJI_DateTime_2024_06_04_09_20_0108_lat_10.3016570_lon_105.2720565_alt_20.205m_RE.TIF""]",/home/hyggestuen/Downloads/_WeedyRice/WeedyRice-RGBMS-DB/Masks/DJI_DateTime_2024_06_04_09_20_0108_lat_10.3016570_lon_105.2720565_alt_20.205m.png,2024_06_04_09,train
DJI_DateTime_2024_06_04_09_20_0109_lat_10.3016096_lon_105.2720870_alt_20.218m,/home/hyggestuen/Downloads/_WeedyRice/WeedyRice-RGBMS-DB/RGB/DJI_DateTime_2024_06_04_09_20_0109_lat_10.3016096_lon_105.2720870_alt_20.218m.JPG,,"[""/home/hyggestuen/Downloads/_WeedyRice/WeedyRice-RGBMS-DB/Multispectral/DJI_DateTime_2024_06_04_09_20_0109_lat_10.3016096_lon_105.2720870_alt_20.218m_G.TIF"", ""/home/hyggestuen/Downloads/_WeedyRice/WeedyRice-RGBMS-DB/Multispectral/DJI_DateTime_2024_06_04_09_20_0109_lat_10.3016096_lon_105.2720870_alt_20.218m_NIR.TIF"", ""/home/hyggestuen/Downloads/_WeedyRice/WeedyRice-RGBMS-DB/Multispectral/DJI_DateTime_2024_06_04_09_20_0109_lat_10.3016096_lon_105.2720870_alt_20.218m_R.TIF"", ""/home/hyggestuen/Downloads/_WeedyRice/WeedyRice-RGBMS-DB/Multispectral/DJI_DateTime_2024_06_04_09_20_0109_lat_10.3016096_lon_105.2720870_alt_20.218m_RE.TIF""]",/home/hyggestuen/Downloads/_WeedyRice/WeedyRice-RGBMS-DB/Masks/DJI_DateTime_2024_06_04_09_20_0109_lat_10.3016096_lon_105.2720870_alt_20.218m.png,2024_06_04_09,train
DJI_DateTime_2024_06_04_09_20_0110_lat_10.3015620_lon_105.2721183_alt_20.219m,/home/hyggestuen/Downloads/_WeedyRice/WeedyRice-RGBMS-DB/RGB/DJI_DateTime_2024_06_04_09_20_0110_lat_10.3015620_lon_105.2721183_alt_20.219m.JPG,,"[""/home/hyggestuen/Downloads/_WeedyRice/WeedyRice-RGBMS-DB/Multispectral/DJI_DateTime_2024_06_04_09_20_0110_lat_10.3015620_lon_105.2721183_alt_20.219m_G.TIF"", ""/home/hyggestuen/Downloads/_WeedyRice/WeedyRice-RGBMS-DB/Multispectral/DJI_DateTime_2024_06_04_09_20_0110_lat_10.3015620_lon_105.2721183_alt_20.219m_NIR.TIF"", ""/home/hyggestuen/Downloads/_WeedyRice/WeedyRice-RGBMS-DB/Multispectral/DJI_DateTime_2024_06_04_09_20_0110_lat_10.3015620_lon_105.2721183_alt_20.219m_R.TIF"", ""/home/hyggestuen/Downloads/_WeedyRice/WeedyRice-RGBMS-DB/Multispectral/DJI_DateTime_2024_06_04_09_20_0110_lat_10.3015620_lon_105.2721183_alt_20.219m_RE.TIF""]",/home/hyggestuen/Downloads/_WeedyRice/WeedyRice-RGBMS-DB/Masks/DJI_DateTime_2024_06_04_09_20_0110_lat_10.3015620_lon_105.2721183_alt_20.219m.png,2024_06_04_09,train
DJI_DateTime_2024_06_04_09_20_0111_lat_10.3015142_lon_105.2721497_alt_20.208m,/home/hyggestuen/Downloads/_WeedyRice/WeedyRice-RGBMS-DB/RGB/DJI_DateTime_2024_06_04_09_20_0111_lat_10.3015142_lon_105.2721497_alt_20.208m.JPG,,"[""/home/hyggestuen/Downloads/_WeedyRice/WeedyRice-RGBMS-DB/Multispectral/DJI_DateTime_2024_06_04_09_20_0111_lat_10.3015142_lon_105.2721497_alt_20.208m_G.TIF"", ""/home/hyggestuen/Downloads/_WeedyRice/WeedyRice-RGBMS-DB/Multispectral/DJI_DateTime_2024_06_04_09_20_0111_lat_10.3015142_lon_105.2721497_alt_20.208m_NIR.TIF"", ""/home/hyggestuen/Downloads/_WeedyRice/WeedyRice-RGBMS-DB/Multispectral/DJI_DateTime_2024_06_04_09_20_0111_lat_10.3015142_lon_105.2721497_alt_20.208m_R.TIF"", ""/home/hyggestuen/Downloads/_WeedyRice/WeedyRice-RGBMS-DB/Multispectral/DJI_DateTime_2024_06_04_09_20_0111_lat_10.3015142_lon_105.2721497_alt_20.208m_RE.TIF""]",/home/hyggestuen/Downloads/_WeedyRice/WeedyRice-RGBMS-DB/Masks/DJI_DateTime_2024_06_04_09_20_0111_lat_10.3015142_lon_105.2721497_alt_20.208m.png,2024_06_04_09,train
DJI_DateTime_2024_06_04_09_20_0112_lat_10.3014667_lon_105.2721811_alt_20.208m,/home/hyggestuen/Downloads/_WeedyRice/WeedyRice-RGBMS-DB/RGB/DJI_DateTime_2024_06_04_09_20_0112_lat_10.3014667_lon_105.2721811_alt_20.208m.JPG,,"[""/home/hyggestuen/Downloads/_WeedyRice/WeedyRice-RGBMS-DB/Multispectral/DJI_DateTime_2024_06_04_09_20_0112_lat_10.3014667_lon_105.2721811_alt_20.208m_G.TIF"", ""/home/hyggestuen/Downloads/_WeedyRice/WeedyRice-RGBMS-DB/Multispectral/DJI_DateTime_2024_06_04_09_20_0112_lat_10.3014667_lon_105.2721811_alt_20.208m_NIR.TIF"", ""/home/hyggestuen/Downloads/_WeedyRice/WeedyRice-RGBMS-DB/Multispectral/DJI_DateTime_2024_06_04_09_20_0112_lat_10.3014667_lon_105.2721811_alt_20.208m_R.TIF"", ""/home/hyggestuen/Downloads/_WeedyRice/WeedyRice-RGBMS-DB/Multispectral/DJI_DateTime_2024_06_04_09_20_0112_lat_10.3014667_lon_105.2721811_alt_20.208m_RE.TIF""]",/home/hyggestuen/Downloads/_WeedyRice/WeedyRice-RGBMS-DB/Masks/DJI_DateTime_2024_06_04_09_20_0112_lat_10.3014667_lon_105.2721811_alt_20.208m.png,2024_06_04_09,train
DJI_DateTime_2024_06_04_09_20_0113_lat_10.3014194_lon_105.2722128_alt_20.218m,/home/hyggestuen/Downloads/_WeedyRice/WeedyRice-RGBMS-DB/RGB/DJI_DateTime_2024_06_04_09_20_0113_lat_10.3014194_lon_105.2722128_alt_20.218m.JPG,,"[""/home/hyggestuen/Downloads/_WeedyRice/WeedyRice-RGBMS-DB/Multispectral/DJI_DateTime_2024_06_04_09_20_0113_lat_10.3014194_lon_105.2722128_alt_20.218m_G.TIF"", ""/home/hyggestuen/Downloads/_WeedyRice/WeedyRice-RGBMS-DB/Multispectral/DJI_DateTime_2024_06_04_09_20_0113_lat_10.3014194_lon_105.2722128_alt_20.218m_NIR.TIF"", ""/home/hyggestuen/Downloads/_WeedyRice/WeedyRice-RGBMS-DB/Multispectral/DJI_DateTime_2024_06_04_09_20_0113_lat_10.3014194_lon_105.2722128_alt_20.218m_R.TIF"", ""/home/hyggestuen/Downloads/_WeedyRice/WeedyRice-RGBMS-DB/Multispectral/DJI_DateTime_2024_06_04_09_20_0113_lat_10.3014194_lon_105.2722128_alt_20.218m_RE.TIF""]",/home/hyggestuen/Downloads/_WeedyRice/WeedyRice-RGBMS-DB/Masks/DJI_DateTime_2024_06_04_09_20_0113_lat_10.3014194_lon_105.2722128_alt_20.218m.png,2024_06_04_09,train
DJI_DateTime_2024_06_04_09_20_0114_lat_10.3013718_lon_105.2722446_alt_20.179m,/home/hyggestuen/Downloads/_WeedyRice/WeedyRice-RGBMS-DB/RGB/DJI_DateTime_2024_06_04_09_20_0114_lat_10.3013718_lon_105.2722446_alt_20.179m.JPG,,"[""/home/hyggestuen/Downloads/_WeedyRice/WeedyRice-RGBMS-DB/Multispectral/DJI_DateTime_2024_06_04_09_20_0114_lat_10.3013718_lon_105.2722446_alt_20.179m_G.TIF"", ""/home/hyggestuen/Downloads/_WeedyRice/WeedyRice-RGBMS-DB/Multispectral/DJI_DateTime_2024_06_04_09_20_0114_lat_10.3013718_lon_105.2722446_alt_20.179m_NIR.TIF"", ""/home/hyggestuen/Downloads/_WeedyRice/WeedyRice-RGBMS-DB/Multispectral/DJI_DateTime_2024_06_04_09_20_0114_lat_10.3013718_lon_105.2722446_alt_20.179m_R.TIF"", ""/home/hyggestuen/Downloads/_WeedyRice/WeedyRice-RGBMS-DB/Multispectral/DJI_DateTime_2024_06_04_09_20_0114_lat_10.3013718_lon_105.2722446_alt_20.179m_RE.TIF""]",/home/hyggestuen/Downloads/_WeedyRice/WeedyRice-RGBMS-DB/Masks/DJI_DateTime_2024_06_04_09_20_0114_lat_10.3013718_lon_105.2722446_alt_20.179m.png,2024_06_04_09,train
DJI_DateTime_2024_06_04_09_20_0115_lat_10.3013236_lon_105.2722764_alt_20.223m,/home/hyggestuen/Downloads/_WeedyRice/WeedyRice-RGBMS-DB/RGB/DJI_DateTime_2024_06_04_09_20_0115_lat_10.3013236_lon_105.2722764_alt_20.223m.JPG,,"[""/home/hyggestuen/Downloads/_WeedyRice/WeedyRice-RGBMS-DB/Multispectral/DJI_DateTime_2024_06_04_09_20_0115_lat_10.3013236_lon_105.2722764_alt_20.223m_G.TIF"", ""/home/hyggestuen/Downloads/_WeedyRice/WeedyRice-RGBMS-DB/Multispectral/DJI_DateTime_2024_06_04_09_20_0115_lat_10.3013236_lon_105.2722764_alt_20.223m_NIR.TIF"", ""/home/hyggestuen/Downloads/_WeedyRice/WeedyRice-RGBMS-DB/Multispectral/DJI_DateTime_2024_06_04_09_20_0115_lat_10.3013236_lon_105.2722764_alt_20.223m_R.TIF"", ""/home/hyggestuen/Downloads/_WeedyRice/WeedyRice-RGBMS-DB/Multispectral/DJI_DateTime_2024_06_04_09_20_0115_lat_10.3013236_lon_105.2722764_alt_20.223m_RE.TIF""]",/home/hyggestuen/Downloads/_WeedyRice/WeedyRice-RGBMS-DB/Masks/DJI_DateTime_2024_06_04_09_20_0115_lat_10.3013236_lon_105.2722764_alt_20.223m.png,2024_06_04_09,train
DJI_DateTime_2024_06_04_09_20_0116_lat_10.3012759_lon_105.2723077_alt_20.189m,/home/hyggestuen/Downloads/_WeedyRice/WeedyRice-RGBMS-DB/RGB/DJI_DateTime_2024_06_04_09_20_0116_lat_10.3012759_lon_105.2723077_alt_20.189m.JPG,,"[""/home/hyggestuen/Downloads/_WeedyRice/WeedyRice-RGBMS-DB/Multispectral/DJI_DateTime_2024_06_04_09_20_0116_lat_10.3012759_lon_105.2723077_alt_20.189m_G.TIF"", ""/home/hyggestuen/Downloads/_WeedyRice/WeedyRice-RGBMS-DB/Multispectral/DJI_DateTime_2024_06_04_09_20_0116_lat_10.3012759_lon_105.2723077_alt_20.189m_NIR.TIF"", ""/home/hyggestuen/Downloads/_WeedyRice/WeedyRice-RGBMS-DB/Multispectral/DJI_DateTime_2024_06_04_09_20_0116_lat_10.3012759_lon_105.2723077_alt_20.189m_R.TIF"", ""/home/hyggestuen/Downloads/_WeedyRice/WeedyRice-RGBMS-DB/Multispectral/DJI_DateTime_2024_06_04_09_20_0116_lat_10.3012759_lon_105.2723077_alt_20.189m_RE.TIF""]",/home/hyggestuen/Downloads/_WeedyRice/WeedyRice-RGBMS-DB/Masks/DJI_DateTime_2024_06_04_09_20_0116_lat_10.3012759_lon_105.2723077_alt_20.189m.png,2024_06_04_09,train
DJI_DateTime_2024_06_04_09_20_0117_lat_10.3012285_lon_105.2723387_alt_20.171m,/home/hyggestuen/Downloads/_WeedyRice/WeedyRice-RGBMS-DB/RGB/DJI_DateTime_2024_06_04_09_20_0117_lat_10.3012285_lon_105.2723387_alt_20.171m.JPG,,"[""/home/hyggestuen/Downloads/_WeedyRice/WeedyRice-RGBMS-DB/Multispectral/DJI_DateTime_2024_06_04_09_20_0117_lat_10.3012285_lon_105.2723387_alt_20.171m_G.TIF"", ""/home/hyggestuen/Downloads/_WeedyRice/WeedyRice-RGBMS-DB/Multispectral/DJI_DateTime_2024_06_04_09_20_0117_lat_10.3012285_lon_105.2723387_alt_20.171m_NIR.TIF"", ""/home/hyggestuen/Downloads/_WeedyRice/WeedyRice-RGBMS-DB/Multispectral/DJI_DateTime_2024_06_04_09_20_0117_lat_10.3012285_lon_105.2723387_alt_20.171m_R.TIF"", ""/home/hyggestuen/Downloads/_WeedyRice/WeedyRice-RGBMS-DB/Multispectral/DJI_DateTime_2024_06_04_09_20_0117_lat_10.3012285_lon_105.2723387_alt_20.171m_RE.TIF""]",/home/hyggestuen/Downloads/_WeedyRice/WeedyRice-RGBMS-DB/Masks/DJI_DateTime_2024_06_04_09_20_0117_lat_10.3012285_lon_105.2723387_alt_20.171m.png,2024_06_04_09,train
DJI_DateTime_2024_06_04_09_20_0118_lat_10.3011802_lon_105.2723710_alt_20.195m,/home/hyggestuen/Downloads/_WeedyRice/WeedyRice-RGBMS-DB/RGB/DJI_DateTime_2024_06_04_09_20_0118_lat_10.3011802_lon_105.2723710_alt_20.195m.JPG,,"[""/home/hyggestuen/Downloads/_WeedyRice/WeedyRice-RGBMS-DB/Multispectral/DJI_DateTime_2024_06_04_09_20_0118_lat_10.3011802_lon_105.2723710_alt_20.195m_G.TIF"", ""/home/hyggestuen/Downloads/_WeedyRice/WeedyRice-RGBMS-DB/Multispectral/DJI_DateTime_2024_06_04_09_20_0118_lat_10.3011802_lon_105.2723710_alt_20.195m_NIR.TIF"", ""/home/hyggestuen/Downloads/_WeedyRice/WeedyRice-RGBMS-DB/Multispectral/DJI_DateTime_2024_06_04_09_20_0118_lat_10.3011802_lon_105.2723710_alt_20.195m_R.TIF"", ""/home/hyggestuen/Downloads/_WeedyRice/WeedyRice-RGBMS-DB/Multispectral/DJI_DateTime_2024_06_04_09_20_0118_lat_10.3011802_lon_105.2723710_alt_20.195m_RE.TIF""]",/home/hyggestuen/Downloads/_WeedyRice/WeedyRice-RGBMS-DB/Masks/DJI_DateTime_2024_06_04_09_20_0118_lat_10.3011802_lon_105.2723710_alt_20.195m.png,2024_06_04_09,train
DJI_DateTime_2024_06_04_09_20_0119_lat_10.3011328_lon_105.2724032_alt_20.255m,/home/hyggestuen/Downloads/_WeedyRice/WeedyRice-RGBMS-DB/RGB/DJI_DateTime_2024_06_04_09_20_0119_lat_10.3011328_lon_105.2724032_alt_20.255m.JPG,,"[""/home/hyggestuen/Downloads/_WeedyRice/WeedyRice-RGBMS-DB/Multispectral/DJI_DateTime_2024_06_04_09_20_0119_lat_10.3011328_lon_105.2724032_alt_20.255m_G.TIF"", ""/home/hyggestuen/Downloads/_WeedyRice/WeedyRice-RGBMS-DB/Multispectral/DJI_DateTime_2024_06_04_09_20_0119_lat_10.3011328_lon_105.2724032_alt_20.255m_NIR.TIF"", ""/home/hyggestuen/Downloads/_WeedyRice/WeedyRice-RGBMS-DB/Multispectral/DJI_DateTime_2024_06_04_09_20_0119_lat_10.3011328_lon_105.2724032_alt_20.255m_R.TIF"", ""/home/hyggestuen/Downloads/_WeedyRice/WeedyRice-RGBMS-DB/Multispectral/DJI_DateTime_2024_06_04_09_20_0119_lat_10.3011328_lon_105.2724032_alt_20.255m_RE.TIF""]",/home/hyggestuen/Downloads/_WeedyRice/WeedyRice-RGBMS-DB/Masks/DJI_DateTime_2024_06_04_09_20_0119_lat_10.3011328_lon_105.2724032_alt_20.255m.png,2024_06_04_09,train
DJI_DateTime_2024_06_04_09_20_0120_lat_10.3010847_lon_105.2724341_alt_20.181m,/home/hyggestuen/Downloads/_WeedyRice/WeedyRice-RGBMS-DB/RGB/DJI_DateTime_2024_06_04_09_20_0120_lat_10.3010847_lon_105.2724341_alt_20.181m.JPG,,"[""/home/hyggestuen/Downloads/_WeedyRice/WeedyRice-RGBMS-DB/Multispectral/DJI_DateTime_2024_06_04_09_20_0120_lat_10.3010847_lon_105.2724341_alt_20.181m_G.TIF"", ""/home/hyggestuen/Downloads/_WeedyRice/WeedyRice-RGBMS-DB/Multispectral/DJI_DateTime_2024_06_04_09_20_0120_lat_10.3010847_lon_105.2724341_alt_20.181m_NIR.TIF"", ""/home/hyggestuen/Downloads/_WeedyRice/WeedyRice-RGBMS-DB/Multispectral/DJI_DateTime_2024_06_04_09_20_0120_lat_10.3010847_lon_105.2724341_alt_20.181m_R.TIF"", ""/home/hyggestuen/Downloads/_WeedyRice/WeedyRice-RGBMS-DB/Multispectral/DJI_DateTime_2024_06_04_09_20_0120_lat_10.3010847_lon_105.2724341_alt_20.181m_RE.TIF""]",/home/hyggestuen/Downloads/_WeedyRice/WeedyRice-RGBMS-DB/Masks/DJI_DateTime_2024_06_04_09_20_0120_lat_10.3010847_lon_105.2724341_alt_20.181m.png,2024_06_04_09,train
DJI_DateTime_2024_06_04_09_20_0121_lat_10.3010368_lon_105.2724642_alt_20.195m,/home/hyggestuen/Downloads/_WeedyRice/WeedyRice-RGBMS-DB/RGB/DJI_DateTime_2024_06_04_09_20_0121_lat_10.3010368_lon_105.2724642_alt_20.195m.JPG,,"[""/home/hyggestuen/Downloads/_WeedyRice/WeedyRice-RGBMS-DB/Multispectral/DJI_DateTime_2024_06_04_09_20_0121_lat_10.3010368_lon_105.2724642_alt_20.195m_G.TIF"", ""/home/hyggestuen/Downloads/_WeedyRice/WeedyRice-RGBMS-DB/Multispectral/DJI_DateTime_2024_06_04_09_20_0121_lat_10.3010368_lon_105.2724642_alt_20.195m_NIR.TIF"", ""/home/hyggestuen/Downloads/_WeedyRice/WeedyRice-RGBMS-DB/Multispectral/DJI_DateTime_2024_06_04_09_20_0121_lat_10.3010368_lon_105.2724642_alt_20.195m_R.TIF"", ""/home/hyggestuen/Downloads/_WeedyRice/WeedyRice-RGBMS-DB/Multispectral/DJI_DateTime_2024_06_04_09_20_0121_lat_10.3010368_lon_105.2724642_alt_20.195m_RE.TIF""]",/home/hyggestuen/Downloads/_WeedyRice/WeedyRice-RGBMS-DB/Masks/DJI_DateTime_2024_06_04_09_20_0121_lat_10.3010368_lon_105.2724642_alt_20.195m.png,2024_06_04_09,train
DJI_DateTime_2024_06_04_09_21_0124_lat_10.3011147_lon_105.2725183_alt_20.104m,/home/hyggestuen/Downloads/_WeedyRice/WeedyRice-RGBMS-DB/RGB/DJI_DateTime_2024_06_04_09_21_0124_lat_10.3011147_lon_105.2725183_alt_20.104m.JPG,,"[""/home/hyggestuen/Downloads/_WeedyRice/WeedyRice-RGBMS-DB/Multispectral/DJI_DateTime_2024_06_04_09_21_0124_lat_10.3011147_lon_105.2725183_alt_20.104m_G.TIF"", ""/home/hyggestuen/Downloads/_WeedyRice/WeedyRice-RGBMS-DB/Multispectral/DJI_DateTime_2024_06_04_09_21_0124_lat_10.3011147_lon_105.2725183_alt_20.104m_NIR.TIF"", ""/home/hyggestuen/Downloads/_WeedyRice/WeedyRice-RGBMS-DB/Multispectral/DJI_DateTime_2024_06_04_09_21_0124_lat_10.3011147_lon_105.2725183_alt_20.104m_R.TIF"", ""/home/hyggestuen/Downloads/_WeedyRice/WeedyRice-RGBMS-DB/Multispectral/DJI_DateTime_2024_06_04_09_21_0124_lat_10.3011147_lon_105.2725183_alt_20.104m_RE.TIF""]",/home/hyggestuen/Downloads/_WeedyRice/WeedyRice-RGBMS-DB/Masks/DJI_DateTime_2024_06_04_09_21_0124_lat_10.3011147_lon_105.2725183_alt_20.104m.png,2024_06_04_09,train
DJI_DateTime_2024_06_04_09_21_0125_lat_10.3011630_lon_105.2724863_alt_20.206m,/home/hyggestuen/Downloads/_WeedyRice/WeedyRice-RGBMS-DB/RGB/DJI_DateTime_2024_06_04_09_21_0125_lat_10.3011630_lon_105.2724863_alt_20.206m.JPG,,"[""/home/hyggestuen/Downloads/_WeedyRice/WeedyRice-RGBMS-DB/Multispectral/DJI_DateTime_2024_06_04_09_21_0125_lat_10.3011630_lon_105.2724863_alt_20.206m_G.TIF"", ""/home/hyggestuen/Downloads/_WeedyRice/WeedyRice-RGBMS-DB/Multispectral/DJI_DateTime_2024_06_04_09_21_0125_lat_10.3011630_lon_105.2724863_alt_20.206m_NIR.TIF"", ""/home/hyggestuen/Downloads/_WeedyRice/WeedyRice-RGBMS-DB/Multispectral/DJI_DateTime_2024_06_04_09_21_0125_lat_10.3011630_lon_105.2724863_alt_20.206m_R.TIF"", ""/home/hyggestuen/Downloads/_WeedyRice/WeedyRice-RGBMS-DB/Multispectral/DJI_DateTime_2024_06_04_09_21_0125_lat_10.3011630_lon_105.2724863_alt_20.206m_RE.TIF""]",/home/hyggestuen/Downloads/_WeedyRice/WeedyRice-RGBMS-DB/Masks/DJI_DateTime_2024_06_04_09_21_0125_lat_10.3011630_lon_105.2724863_alt_20.206m.png,2024_06_04_09,train
DJI_DateTime_2024_06_04_09_21_0126_lat_10.3012115_lon_105.2724544_alt_20.201m,/home/hyggestuen/Downloads/_WeedyRice/WeedyRice-RGBMS-DB/RGB/DJI_DateTime_2024_06_04_09_21_0126_lat_10.3012115_lon_105.2724544_alt_20.201m.JPG,,"[""/home/hyggestuen/Downloads/_WeedyRice/WeedyRice-RGBMS-DB/Multispectral/DJI_DateTime_2024_06_04_09_21_0126_lat_10.3012115_lon_105.2724544_alt_20.201m_G.TIF"", ""/home/hyggestuen/Downloads/_WeedyRice/WeedyRice-RGBMS-DB/Multispectral/DJI_DateTime_2024_06_04_09_21_0126_lat_10.3012115_lon_105.2724544_alt_20.201m_NIR.TIF"", ""/home/hyggestuen/Downloads/_WeedyRice/WeedyRice-RGBMS-DB/Multispectral/DJI_DateTime_2024_06_04_09_21_0126_lat_10.3012115_lon_105.2724544_alt_20.201m_R.TIF"", ""/home/hyggestuen/Downloads/_WeedyRice/WeedyRice-RGBMS-DB/Multispectral/DJI_DateTime_2024_06_04_09_21_0126_lat_10.3012115_lon_105.2724544_alt_20.201m_RE.TIF""]",/home/hyggestuen/Downloads/_WeedyRice/WeedyRice-RGBMS-DB/Masks/DJI_DateTime_2024_06_04_09_21_0126_lat_10.3012115_lon_105.2724544_alt_20.201m.png,2024_06_04_09,train
DJI_DateTime_2024_06_04_09_21_0128_lat_10.3013080_lon_105.2723910_alt_20.174m,/home/hyggestuen/Downloads/_WeedyRice/WeedyRice-RGBMS-DB/RGB/DJI_DateTime_2024_06_04_09_21_0128_lat_10.3013080_lon_105.2723910_alt_20.174m.JPG,,"[""/home/hyggestuen/Downloads/_WeedyRice/WeedyRice-RGBMS-DB/Multispectral/DJI_DateTime_2024_06_04_09_21_0128_lat_10.3013080_lon_105.2723910_alt_20.174m_G.TIF"", ""/home/hyggestuen/Downloads/_WeedyRice/WeedyRice-RGBMS-DB/Multispectral/DJI_DateTime_2024_06_04_09_21_0128_lat_10.3013080_lon_105.2723910_alt_20.174m_NIR.TIF"", ""/home/hyggestuen/Downloads/_WeedyRice/WeedyRice-RGBMS-DB/Multispectral/DJI_DateTime_2024_06_04_09_21_0128_lat_10.3013080_lon_105.2723910_alt_20.174m_R.TIF"", ""/home/hyggestuen/Downloads/_WeedyRice/WeedyRice-RGBMS-DB/Multispectral/DJI_DateTime_2024_06_04_09_21_0128_lat_10.3013080_lon_105.2723910_alt_20.174m_RE.TIF""]",/home/hyggestuen/Downloads/_WeedyRice/WeedyRice-RGBMS-DB/Masks/DJI_DateTime_2024_06_04_09_21_0128_lat_10.3013080_lon_105.2723910_alt_20.174m.png,2024_06_04_09,train
DJI_DateTime_2024_06_04_09_21_0129_lat_10.3013543_lon_105.2723608_alt_20.182m,/home/hyggestuen/Downloads/_WeedyRice/WeedyRice-RGBMS-DB/RGB/DJI_DateTime_2024_06_04_09_21_0129_lat_10.3013543_lon_105.2723608_alt_20.182m.JPG,,"[""/home/hyggestuen/Downloads/_WeedyRice/WeedyRice-RGBMS-DB/Multispectral/DJI_DateTime_2024_06_04_09_21_0129_lat_10.3013543_lon_105.2723608_alt_20.182m_G.TIF"", ""/home/hyggestuen/Downloads/_WeedyRice/WeedyRice-RGBMS-DB/Multispectral/DJI_DateTime_2024_06_04_09_21_0129_lat_10.3013543_lon_105.2723608_alt_20.182m_NIR.TIF"", ""/home/hyggestuen/Downloads/_WeedyRice/WeedyRice-RGBMS-DB/Multispectral/DJI_DateTime_2024_06_04_09_21_0129_lat_10.3013543_lon_105.2723608_alt_20.182m_R.TIF"", ""/home/hyggestuen/Downloads/_WeedyRice/WeedyRice-RGBMS-DB/Multispectral/DJI_DateTime_2024_06_04_09_21_0129_lat_10.3013543_lon_105.2723608_alt_20.182m_RE.TIF""]",/home/hyggestuen/Downloads/_WeedyRice/WeedyRice-RGBMS-DB/Masks/DJI_DateTime_2024_06_04_09_21_0129_lat_10.3013543_lon_105.2723608_alt_20.182m.png,2024_06_04_09,train
DJI_DateTime_2024_06_04_09_21_0130_lat_10.3014020_lon_105.2723300_alt_20.194m,/home/hyggestuen/Downloads/_WeedyRice/WeedyRice-RGBMS-DB/RGB/DJI_DateTime_2024_06_04_09_21_0130_lat_10.3014020_lon_105.2723300_alt_20.194m.JPG,,"[""/home/hyggestuen/Downloads/_WeedyRice/WeedyRice-RGBMS-DB/Multispectral/DJI_DateTime_2024_06_04_09_21_0130_lat_10.3014020_lon_105.2723300_alt_20.194m_G.TIF"", ""/home/hyggestuen/Downloads/_WeedyRice/WeedyRice-RGBMS-DB/Multispectral/DJI_DateTime_2024_06_04_09_21_0130_lat_10.3014020_lon_105.2723300_alt_20.194m_NIR.TIF"", ""/home/hyggestuen/Downloads/_WeedyRice/WeedyRice-RGBMS-DB/Multispectral/DJI_DateTime_2024_06_04_09_21_0130_lat_10.3014020_lon_105.2723300_alt_20.194m_R.TIF"", ""/home/hyggestuen/Downloads/_WeedyRice/WeedyRice-RGBMS-DB/Multispectral/DJI_DateTime_2024_06_04_09_21_0130_lat_10.3014020_lon_105.2723300_alt_20.194m_RE.TIF""]",/home/hyggestuen/Downloads/_WeedyRice/WeedyRice-RGBMS-DB/Masks/DJI_DateTime_2024_06_04_09_21_0130_lat_10.3014020_lon_105.2723300_alt_20.194m.png,2024_06_04_09,train
DJI_DateTime_2024_06_04_09_21_0131_lat_10.3014497_lon_105.2722987_alt_20.214m,/home/hyggestuen/Downloads/_WeedyRice/WeedyRice-RGBMS-DB/RGB/DJI_DateTime_2024_06_04_09_21_0131_lat_10.3014497_lon_105.2722987_alt_20.214m.JPG,,"[""/home/hyggestuen/Downloads/_WeedyRice/WeedyRice-RGBMS-DB/Multispectral/DJI_DateTime_2024_06_04_09_21_0131_lat_10.3014497_lon_105.2722987_alt_20.214m_G.TIF"", ""/home/hyggestuen/Downloads/_WeedyRice/WeedyRice-RGBMS-DB/Multispectral/DJI_DateTime_2024_06_04_09_21_0131_lat_10.3014497_lon_105.2722987_alt_20.214m_NIR.TIF"", ""/home/hyggestuen/Downloads/_WeedyRice/WeedyRice-RGBMS-DB/Multispectral/DJI_DateTime_2024_06_04_09_21_0131_lat_10.3014497_lon_105.2722987_alt_20.214m_R.TIF"", ""/home/hyggestuen/Downloads/_WeedyRice/WeedyRice-RGBMS-DB/Multispectral/DJI_DateTime_2024_06_04_09_21_0131_lat_10.3014497_lon_105.2722987_alt_20.214m_RE.TIF""]",/home/hyggestuen/Downloads/_WeedyRice/WeedyRice-RGBMS-DB/Masks/DJI_DateTime_2024_06_04_09_21_0131_lat_10.3014497_lon_105.2722987_alt_20.214m.png,2024_06_04_09,train
DJI_DateTime_2024_06_04_09_21_0132_lat_10.3014971_lon_105.2722675_alt_20.168m,/home/hyggestuen/Downloads/_WeedyRice/WeedyRice-RGBMS-DB/RGB/DJI_DateTime_2024_06_04_09_21_0132_lat_10.3014971_lon_105.2722675_alt_20.168m.JPG,,"[""/home/hyggestuen/Downloads/_WeedyRice/WeedyRice-RGBMS-DB/Multispectral/DJI_DateTime_2024_06_04_09_21_0132_lat_10.3014971_lon_105.2722675_alt_20.168m_G.TIF"", ""/home/hyggestuen/Downloads/_WeedyRice/WeedyRice-RGBMS-DB/Multispectral/DJI_DateTime_2024_06_04_09_21_0132_lat_10.3014971_lon_105.2722675_alt_20.168m_NIR.TIF"", ""/home/hyggestuen/Downloads/_WeedyRice/WeedyRice-RGBMS-DB/Multispectral/DJI_DateTime_2024_06_04_09_21_0132_lat_10.3014971_lon_105.2722675_alt_20.168m_R.TIF"", ""/home/hyggestuen/Downloads/_WeedyRice/WeedyRice-RGBMS-DB/Multispectral/DJI_DateTime_2024_06_04_09_21_0132_lat_10.3014971_lon_105.2722675_alt_20.168m_RE.TIF""]",/home/hyggestuen/Downloads/_WeedyRice/WeedyRice-RGBMS-DB/Masks/DJI_DateTime_2024_06_04_09_21_0132_lat_10.3014971_lon_105.2722675_alt_20.168m.png,2024_06_04_09,train
DJI_DateTime_2024_06_04_09_21_0133_lat_10.3015453_lon_105.2722357_alt_20.198m,/home/hyggestuen/Downloads/_WeedyRice/WeedyRice-RGBMS-DB/RGB/DJI_DateTime_2024_06_04_09_21_0133_lat_10.3015453_lon_105.2722357_alt_20.198m.JPG,,"[""/home/hyggestuen/Downloads/_WeedyRice/WeedyRice-RGBMS-DB/Multispectral/DJI_DateTime_2024_06_04_09_21_0133_lat_10.3015453_lon_105.2722357_alt_20.198m_G.TIF"", ""/home/hyggestuen/Downloads/_WeedyRice/WeedyRice-RGBMS-DB/Multispectral/DJI_DateTime_2024_06_04_09_21_0133_lat_10.3015453_lon_105.2722357_alt_20.198m_NIR.TIF"", ""/home/hyggestuen/Downloads/_WeedyRice/WeedyRice-RGBMS-DB/Multispectral/DJI_DateTime_2024_06_04_09_21_0133_lat_10.3015453_lon_105.2722357_alt_20.198m_R.TIF"", ""/home/hyggestuen/Downloads/_WeedyRice/WeedyRice-RGBMS-DB/Multispectral/DJI_DateTime_2024_06_04_09_21_0133_lat_10.3015453_lon_105.2722357_alt_20.198m_RE.TIF""]",/home/hyggestuen/Downloads/_WeedyRice/WeedyRice-RGBMS-DB/Masks/DJI_DateTime_2024_06_04_09_21_0133_lat_10.3015453_lon_105.2722357_alt_20.198m.png,2024_06_04_09,train
DJI_DateTime_2024_06_04_09_21_0134_lat_10.3015931_lon_105.2722039_alt_20.204m,/home/hyggestuen/Downloads/_WeedyRice/WeedyRice-RGBMS-DB/RGB/DJI_DateTime_2024_06_04_09_21_0134_lat_10.3015931_lon_105.2722039_alt_20.204m.JPG,,"[""/home/hyggestuen/Downloads/_WeedyRice/WeedyRice-RGBMS-DB/Multispectral/DJI_DateTime_2024_06_04_09_21_0134_lat_10.3015931_lon_105.2722039_alt_20.204m_G.TIF"", ""/home/hyggestuen/Downloads/_WeedyRice/WeedyRice-RGBMS-DB/Multispectral/DJI_DateTime_2024_06_04_09_21_0134_lat_10.3015931_lon_105.2722039_alt_20.204m_NIR.TIF"", ""/home/hyggestuen/Downloads/_WeedyRice/WeedyRice-RGBMS-DB/Multispectral/DJI_DateTime_2024_06_04_09_21_0134_lat_10.3015931_lon_105.2722039_alt_20.204m_R.TIF"", ""/home/hyggestuen/Downloads/_WeedyRice/WeedyRice-RGBMS-DB/Multispectral/DJI_DateTime_2024_06_04_09_21_0134_lat_10.3015931_lon_105.2722039_alt_20.204m_RE.TIF""]",/home/hyggestuen/Downloads/_WeedyRice/WeedyRice-RGBMS-DB/Masks/DJI_DateTime_2024_06_04_09_21_0134_lat_10.3015931_lon_105.2722039_alt_20.204m.png,2024_06_04_09,train
DJI_DateTime_2024_06_04_09_21_0135_lat_10.3016416_lon_105.2721720_alt_20.207m,/home/hyggestuen/Downloads/_WeedyRice/WeedyRice-RGBMS-DB/RGB/DJI_DateTime_2024_06_04_09_21_0135_lat_10.3016416_lon_105.2721720_alt_20.207m.JPG,,"[""/home/hyggestuen/Downloads/_WeedyRice/WeedyRice-RGBMS-DB/Multispectral/DJI_DateTime_2024_06_04_09_21_0135_lat_10.3016416_lon_105.2721720_alt_20.207m_G.TIF"", ""/home/hyggestuen/Downloads/_WeedyRice/WeedyRice-RGBMS-DB/Multispectral/DJI_DateTime_2024_06_04_09_21_0135_lat_10.3016416_lon_105.2721720_alt_20.207m_NIR.TIF"", ""/home/hyggestuen/Downloads/_WeedyRice/WeedyRice-RGBMS-DB/Multispectral/DJI_DateTime_2024_06_04_09_21_0135_lat_10.3016416_lon_105.2721720_alt_20.207m_R.TIF"", ""/home/hyggestuen/Downloads/_WeedyRice/WeedyRice-RGBMS-DB/Multispectral/DJI_DateTime_2024_06_04_09_21_0135_lat_10.3016416_lon_105.2721720_alt_20.207m_RE.TIF""]",/home/hyggestuen/Downloads/_WeedyRice/WeedyRice-RGBMS-DB/Masks/DJI_DateTime_2024_06_04_09_21_0135_lat_10.3016416_lon_105.2721720_alt_20.207m.png,2024_06_04_09,train
DJI_DateTime_2024_06_04_09_21_0136_lat_10.3016887_lon_105.2721404_alt_20.130m,/home/hyggestuen/Downloads/_WeedyRice/WeedyRice-RGBMS-DB/RGB/DJI_DateTime_2024_06_04_09_21_0136_lat_10.3016887_lon_105.2721404_alt_20.130m.JPG,,"[""/home/hyggestuen/Downloads/_WeedyRice/WeedyRice-RGBMS-DB/Multispectral/DJI_DateTime_2024_06_04_09_21_0136_lat_10.3016887_lon_105.2721404_alt_20.130m_G.TIF"", ""/home/hyggestuen/Downloads/_WeedyRice/WeedyRice-RGBMS-DB/Multispectral/DJI_DateTime_2024_06_04_09_21_0136_lat_10.3016887_lon_105.2721404_alt_20.130m_NIR.TIF"", ""/home/hyggestuen/Downloads/_WeedyRice/WeedyRice-RGBMS-DB/Multispectral/DJI_DateTime_2024_06_04_09_21_0136_lat_10.3016887_lon_105.2721404_alt_20.130m_R.TIF"", ""/home/hyggestuen/Downloads/_WeedyRice/WeedyRice-RGBMS-DB/Multispectral/DJI_DateTime_2024_06_04_09_21_0136_lat_10.3016887_lon_105.2721404_alt_20.130m_RE.TIF""]",/home/hyggestuen/Downloads/_WeedyRice/WeedyRice-RGBMS-DB/Masks/DJI_DateTime_2024_06_04_09_21_0136_lat_10.3016887_lon_105.2721404_alt_20.130m.png,2024_06_04_09,train
DJI_DateTime_2024_06_04_09_21_0137_lat_10.3017362_lon_105.2721097_alt_20.134m,/home/hyggestuen/Downloads/_WeedyRice/WeedyRice-RGBMS-DB/RGB/DJI_DateTime_2024_06_04_09_21_0137_lat_10.3017362_lon_105.2721097_alt_20.134m.JPG,,"[""/home/hyggestuen/Downloads/_WeedyRice/WeedyRice-RGBMS-DB/Multispectral/DJI_DateTime_2024_06_04_09_21_0137_lat_10.3017362_lon_105.2721097_alt_20.134m_G.TIF"", ""/home/hyggestuen/Downloads/_WeedyRice/WeedyRice-RGBMS-DB/Multispectral/DJI_DateTime_2024_06_04_09_21_0137_lat_10.3017362_lon_105.2721097_alt_20.134m_NIR.TIF"", ""/home/hyggestuen/Downloads/_WeedyRice/WeedyRice-RGBMS-DB/Multispectral/DJI_DateTime_2024_06_04_09_21_0137_lat_10.3017362_lon_105.2721097_alt_20.134m_R.TIF"", ""/home/hyggestuen/Downloads/_WeedyRice/WeedyRice-RGBMS-DB/Multispectral/DJI_DateTime_2024_06_04_09_21_0137_lat_10.3017362_lon_105.2721097_alt_20.134m_RE.TIF""]",/home/hyggestuen/Downloads/_WeedyRice/WeedyRice-RGBMS-DB/Masks/DJI_DateTime_2024_06_04_09_21_0137_lat_10.3017362_lon_105.2721097_alt_20.134m.png,2024_06_04_09,train
DJI_DateTime_2024_06_04_09_21_0138_lat_10.3017845_lon_105.2720785_alt_20.271m,/home/hyggestuen/Downloads/_WeedyRice/WeedyRice-RGBMS-DB/RGB/DJI_DateTime_2024_06_04_09_21_0138_lat_10.3017845_lon_105.2720785_alt_20.271m.JPG,,"[""/home/hyggestuen/Downloads/_WeedyRice/WeedyRice-RGBMS-DB/Multispectral/DJI_DateTime_2024_06_04_09_21_0138_lat_10.3017845_lon_105.2720785_alt_20.271m_G.TIF"", ""/home/hyggestuen/Downloads/_WeedyRice/WeedyRice-RGBMS-DB/Multispectral/DJI_DateTime_2024_06_04_09_21_0138_lat_10.3017845_lon_105.2720785_alt_20.271m_NIR.TIF"", ""/home/hyggestuen/Downloads/_WeedyRice/WeedyRice-RGBMS-DB/Multispectral/DJI_DateTime_2024_06_04_09_21_0138_lat_10.3017845_lon_105.2720785_alt_20.271m_R.TIF"", ""/home/hyggestuen/Downloads/_WeedyRice/WeedyRice-RGBMS-DB/Multispectral/DJI_DateTime_2024_06_04_09_21_0138_lat_10.3017845_lon_105.2720785_alt_20.271m_RE.TIF""]",/home/hyggestuen/Downloads/_WeedyRice/WeedyRice-RGBMS-DB/Masks/DJI_DateTime_2024_06_04_09_21_0138_lat_10.3017845_lon_105.2720785_alt_20.271m.png,2024_06_04_09,train
DJI_DateTime_2024_06_04_09_22_0139_lat_10.3018322_lon_105.2720472_alt_20.167m,/home/hyggestuen/Downloads/_WeedyRice/WeedyRice-RGBMS-DB/RGB/DJI_DateTime_2024_06_04_09_22_0139_lat_10.3018322_lon_105.2720472_alt_20.167m.JPG,,"[""/home/hyggestuen/Downloads/_WeedyRice/WeedyRice-RGBMS-DB/Multispectral/DJI_DateTime_2024_06_04_09_22_0139_lat_10.3018322_lon_105.2720472_alt_20.167m_G.TIF"", ""/home/hyggestuen/Downloads/_WeedyRice/WeedyRice-RGBMS-DB/Multispectral/DJI_DateTime_2024_06_04_09_22_0139_lat_10.3018322_lon_105.2720472_alt_20.167m_NIR.TIF"", ""/home/hyggestuen/Downloads/_WeedyRice/WeedyRice-RGBMS-DB/Multispectral/DJI_DateTime_2024_06_04_09_22_0139_lat_10.3018322_lon_105.2720472_alt_20.167m_R.TIF"", ""/home/hyggestuen/Downloads/_WeedyRice/WeedyRice-RGBMS-DB/Multispectral/DJI_DateTime_2024_06_04_09_22_0139_lat_10.3018322_lon_105.2720472_alt_20.167m_RE.TIF""]",/home/hyggestuen/Downloads/_WeedyRice/WeedyRice-RGBMS-DB/Masks/DJI_DateTime_2024_06_04_09_22_0139_lat_10.3018322_lon_105.2720472_alt_20.167m.png,2024_06_04_09,train
DJI_DateTime_2024_06_04_09_22_0140_lat_10.3018809_lon_105.2720157_alt_20.195m,/home/hyggestuen/Downloads/_WeedyRice/WeedyRice-RGBMS-DB/RGB/DJI_DateTime_2024_06_04_09_22_0140_lat_10.3018809_lon_105.2720157_alt_20.195m.JPG,,"[""/home/hyggestuen/Downloads/_WeedyRice/WeedyRice-RGBMS-DB/Multispectral/DJI_DateTime_2024_06_04_09_22_0140_lat_10.3018809_lon_105.2720157_alt_20.195m_G.TIF"", ""/home/hyggestuen/Downloads/_WeedyRice/WeedyRice-RGBMS-DB/Multispectral/DJI_DateTime_2024_06_04_09_22_0140_lat_10.3018809_lon_105.2720157_alt_20.195m_NIR.TIF"", ""/home/hyggestuen/Downloads/_WeedyRice/WeedyRice-RGBMS-DB/Multispectral/DJI_DateTime_2024_06_04_09_22_0140_lat_10.3018809_lon_105.2720157_alt_20.195m_R.TIF"", ""/home/hyggestuen/Downloads/_WeedyRice/WeedyRice-RGBMS-DB/Multispectral/DJI_DateTime_2024_06_04_09_22_0140_lat_10.3018809_lon_105.2720157_alt_20.195m_RE.TIF""]",/home/hyggestuen/Downloads/_WeedyRice/WeedyRice-RGBMS-DB/Masks/DJI_DateTime_2024_06_04_09_22_0140_lat_10.3018809_lon_105.2720157_alt_20.195m.png,2024_06_04_09,train
DJI_DateTime_2024_06_04_09_22_0141_lat_10.3019288_lon_105.2719840_alt_20.173m,/home/hyggestuen/Downloads/_WeedyRice/WeedyRice-RGBMS-DB/RGB/DJI_DateTime_2024_06_04_09_22_0141_lat_10.3019288_lon_105.2719840_alt_20.173m.JPG,,"[""/home/hyggestuen/Downloads/_WeedyRice/WeedyRice-RGBMS-DB/Multispectral/DJI_DateTime_2024_06_04_09_22_0141_lat_10.3019288_lon_105.2719840_alt_20.173m_G.TIF"", ""/home/hyggestuen/Downloads/_WeedyRice/WeedyRice-RGBMS-DB/Multispectral/DJI_DateTime_2024_06_04_09_22_0141_lat_10.3019288_lon_105.2719840_alt_20.173m_NIR.TIF"", ""/home/hyggestuen/Downloads/_WeedyRice/WeedyRice-RGBMS-DB/Multispectral/DJI_DateTime_2024_06_04_09_22_0141_lat_10.3019288_lon_105.2719840_alt_20.173m_R.TIF"", ""/home/hyggestuen/Downloads/_WeedyRice/WeedyRice-RGBMS-DB/Multispectral/DJI_DateTime_2024_06_04_09_22_0141_lat_10.3019288_lon_105.2719840_alt_20.173m_RE.TIF""]",/home/hyggestuen/Downloads/_WeedyRice/WeedyRice-RGBMS-DB/Masks/DJI_DateTime_2024_06_04_09_22_0141_lat_10.3019288_lon_105.2719840_alt_20.173m.png,2024_06_04_09,train
DJI_DateTime_2024_06_04_09_22_0142_lat_10.3019774_lon_105.2719526_alt_20.209m,/home/hyggestuen/Downloads/_WeedyRice/WeedyRice-RGBMS-DB/RGB/DJI_DateTime_2024_06_04_09_22_0142_lat_10.3019774_lon_105.2719526_alt_20.209m.JPG,,"[""/home/hyggestuen/Downloads/_WeedyRice/WeedyRice-RGBMS-DB/Multispectral/DJI_DateTime_2024_06_04_09_22_0142_lat_10.3019774_lon_105.2719526_alt_20.209m_G.TIF"", ""/home/hyggestuen/Downloads/_WeedyRice/WeedyRice-RGBMS-DB/Multispectral/DJI_DateTime_2024_06_04_09_22_0142_lat_10.3019774_lon_105.2719526_alt_20.209m_NIR.TIF"", ""/home/hyggestuen/Downloads/_WeedyRice/WeedyRice-RGBMS-DB/Multispectral/DJI_DateTime_2024_06_04_09_22_0142_lat_10.3019774_lon_105.2719526_alt_20.209m_R.TIF"", ""/home/hyggestuen/Downloads/_WeedyRice/WeedyRice-RGBMS-DB/Multispectral/DJI_DateTime_2024_06_04_09_22_0142_lat_10.3019774_lon_105.2719526_alt_20.209m_RE.TIF""]",/home/hyggestuen/Downloads/_WeedyRice/WeedyRice-RGBMS-DB/Masks/DJI_DateTime_2024_06_04_09_22_0142_lat_10.3019774_lon_105.2719526_alt_20.209m.png,2024_06_04_09,train
DJI_DateTime_2024_06_04_09_22_0143_lat_10.3020244_lon_105.2719216_alt_20.239m,/home/hyggestuen/Downloads/_WeedyRice/WeedyRice-RGBMS-DB/RGB/DJI_DateTime_2024_06_04_09_22_0143_lat_10.3020244_lon_105.2719216_alt_20.239m.JPG,,"[""/home/hyggestuen/Downloads/_WeedyRice/WeedyRice-RGBMS-DB/Multispectral/DJI_DateTime_2024_06_04_09_22_0143_lat_10.3020244_lon_105.2719216_alt_20.239m_G.TIF"", ""/home/hyggestuen/Downloads/_WeedyRice/WeedyRice-RGBMS-DB/Multispectral/DJI_DateTime_2024_06_04_09_22_0143_lat_10.3020244_lon_105.2719216_alt_20.239m_NIR.TIF"", ""/home/hyggestuen/Downloads/_WeedyRice/WeedyRice-RGBMS-DB/Multispectral/DJI_DateTime_2024_06_04_09_22_0143_lat_10.3020244_lon_105.2719216_alt_20.239m_R.TIF"", ""/home/hyggestuen/Downloads/_WeedyRice/WeedyRice-RGBMS-DB/Multispectral/DJI_DateTime_2024_06_04_09_22_0143_lat_10.3020244_lon_105.2719216_alt_20.239m_RE.TIF""]",/home/hyggestuen/Downloads/_WeedyRice/WeedyRice-RGBMS-DB/Masks/DJI_DateTime_2024_06_04_09_22_0143_lat_10.3020244_lon_105.2719216_alt_20.239m.png,2024_06_04_09,train
DJI_DateTime_2024_06_04_09_23_0162_lat_10.3020826_lon_105.2719921_alt_20.180m,/home/hyggestuen/Downloads/_WeedyRice/WeedyRice-RGBMS-DB/RGB/DJI_DateTime_2024_06_04_09_23_0162_lat_10.3020826_lon_105.2719921_alt_20.180m.JPG,,"[""/home/hyggestuen/Downloads/_WeedyRice/WeedyRice-RGBMS-DB/Multispectral/DJI_DateTime_2024_06_04_09_23_0162_lat_10.3020826_lon_105.2719921_alt_20.180m_G.TIF"", ""/home/hyggestuen/Downloads/_WeedyRice/WeedyRice-RGBMS-DB/Multispectral/DJI_DateTime_2024_06_04_09_23_0162_lat_10.3020826_lon_105.2719921_alt_20.180m_NIR.TIF"", ""/home/hyggestuen/Downloads/_WeedyRice/WeedyRice-RGBMS-DB/Multispectral/DJI_DateTime_2024_06_04_09_23_0162_lat_10.3020826_lon_105.2719921_alt_20.180m_R.TIF"", ""/home/hyggestuen/Downloads/_WeedyRice/WeedyRice-RGBMS-DB/Multispectral/DJI_DateTime_2024_06_04_09_23_0162_lat_10.3020826_lon_105.2719921_alt_20.180m_RE.TIF""]",/home/hyggestuen/Downloads/_WeedyRice/WeedyRice-RGBMS-DB/Masks/DJI_DateTime_2024_06_04_09_23_0162_lat_10.3020826_lon_105.2719921_alt_20.180m.png,2024_06_04_09,train
DJI_DateTime_2024_06_04_09_23_0163_lat_10.3020355_lon_105.2720236_alt_20.197m,/home/hyggestuen/Downloads/_WeedyRice/WeedyRice-RGBMS-DB/RGB/DJI_DateTime_2024_06_04_09_23_0163_lat_10.3020355_lon_105.2720236_alt_20.197m.JPG,,"[""/home/hyggestuen/Downloads/_WeedyRice/WeedyRice-RGBMS-DB/Multispectral/DJI_DateTime_2024_06_04_09_23_0163_lat_10.3020355_lon_105.2720236_alt_20.197m_G.TIF"", ""/home/hyggestuen/Downloads/_WeedyRice/WeedyRice-RGBMS-DB/Multispectral/DJI_DateTime_2024_06_04_09_23_0163_lat_10.3020355_lon_105.2720236_alt_20.197m_NIR.TIF"", ""/home/hyggestuen/Downloads/_WeedyRice/WeedyRice-RGBMS-DB/Multispectral/DJI_DateTime_2024_06_04_09_23_0163_lat_10.3020355_lon_105.2720236_alt_20.197m_R.TIF"", ""/home/hyggestuen/Downloads/_WeedyRice/WeedyRice-RGBMS-DB/Multispectral/DJI_DateTime_2024_06_04_09_23_0163_lat_10.3020355_lon_105.2720236_alt_20.197m_RE.TIF""]",/home/hyggestuen/Downloads/_WeedyRice/WeedyRice-RGBMS-DB/Masks/DJI_DateTime_2024_06_04_09_23_0163_lat_10.3020355_lon_105.2720236_alt_20.197m.png,2024_06_04_09,train
DJI_DateTime_2024_06_04_09_23_0164_lat_10.3019874_lon_105.2720552_alt_20.206m,/home/hyggestuen/Downloads/_WeedyRice/WeedyRice-RGBMS-DB/RGB/DJI_DateTime_2024_06_04_09_23_0164_lat_10.3019874_lon_105.2720552_alt_20.206m.JPG,,"[""/home/hyggestuen/Downloads/_WeedyRice/WeedyRice-RGBMS-DB/Multispectral/DJI_DateTime_2024_06_04_09_23_0164_lat_10.3019874_lon_105.2720552_alt_20.206m_G.TIF"", ""/home/hyggestuen/Downloads/_WeedyRice/WeedyRice-RGBMS-DB/Multispectral/DJI_DateTime_2024_06_04_09_23_0164_lat_10.3019874_lon_105.2720552_alt_20.206m_NIR.TIF"", ""/home/hyggestuen/Downloads/_WeedyRice/WeedyRice-RGBMS-DB/Multispectral/DJI_DateTime_2024_06_04_09_23_0164_lat_10.3019874_lon_105.2720552_alt_20.206m_R.TIF"", ""/home/hyggestuen/Downloads/_WeedyRice/WeedyRice-RGBMS-DB/Multispectral/DJI_DateTime_2024_06_04_09_23_0164_lat_10.3019874_lon_105.2720552_alt_20.206m_RE.TIF""]",/home/hyggestuen/Downloads/_WeedyRice/WeedyRice-RGBMS-DB/Masks/DJI_DateTime_2024_06_04_09_23_0164_lat_10.3019874_lon_105.2720552_alt_20.206m.png,2024_06_04_09,train
DJI_DateTime_2024_06_04_09_23_0165_lat_10.3019395_lon_105.2720873_alt_20.217m,/home/hyggestuen/Downloads/_WeedyRice/WeedyRice-RGBMS-DB/RGB/DJI_DateTime_2024_06_04_09_23_0165_lat_10.3019395_lon_105.2720873_alt_20.217m.JPG,,"[""/home/hyggestuen/Downloads/_WeedyRice/WeedyRice-RGBMS-DB/Multispectral/DJI_DateTime_2024_06_04_09_23_0165_lat_10.3019395_lon_105.2720873_alt_20.217m_G.TIF"", ""/home/hyggestuen/Downloads/_WeedyRice/WeedyRice-RGBMS-DB/Multispectral/DJI_DateTime_2024_06_04_09_23_0165_lat_10.3019395_lon_105.2720873_alt_20.217m_NIR.TIF"", ""/home/hyggestuen/Downloads/_WeedyRice/WeedyRice-RGBMS-DB/Multispectral/DJI_DateTime_2024_06_04_09_23_0165_lat_10.3019395_lon_105.2720873_alt_20.217m_R.TIF"", ""/home/hyggestuen/Downloads/_WeedyRice/WeedyRice-RGBMS-DB/Multispectral/DJI_DateTime_2024_06_04_09_23_0165_lat_10.3019395_lon_105.2720873_alt_20.217m_RE.TIF""]",/home/hyggestuen/Downloads/_WeedyRice/WeedyRice-RGBMS-DB/Masks/DJI_DateTime_2024_06_04_09_23_0165_lat_10.3019395_lon_105.2720873_alt_20.217m.png,2024_06_04_09,train
DJI_DateTime_2024_06_04_09_23_0166_lat_10.3018916_lon_105.2721180_alt_20.216m,/home/hyggestuen/Downloads/_WeedyRice/WeedyRice-RGBMS-DB/RGB/DJI_DateTime_2024_06_04_09_23_0166_lat_10.3018916_lon_105.2721180_alt_20.216m.JPG,,"[""/home/hyggestuen/Downloads/_WeedyRice/WeedyRice-RGBMS-DB/Multispectral/DJI_DateTime_2024_06_04_09_23_0166_lat_10.3018916_lon_105.2721180_alt_20.216m_G.TIF"", ""/home/hyggestuen/Downloads/_WeedyRice/WeedyRice-RGBMS-DB/Multispectral/DJI_DateTime_2024_06_04_09_23_0166_lat_10.3018916_lon_105.2721180_alt_20.216m_NIR.TIF"", ""/home/hyggestuen/Downloads/_WeedyRice/WeedyRice-RGBMS-DB/Multispectral/DJI_DateTime_2024_06_04_09_23_0166_lat_10.3018916_lon_105.2721180_alt_20.216m_R.TIF"", ""/home/hyggestuen/Downloads/_WeedyRice/WeedyRice-RGBMS-DB/Multispectral/DJI_DateTime_2024_06_04_09_23_0166_lat_10.3018916_lon_105.2721180_alt_20.216m_RE.TIF""]",/home/hyggestuen/Downloads/_WeedyRice/WeedyRice-RGBMS-DB/Masks/DJI_DateTime_2024_06_04_09_23_0166_lat_10.3018916_lon_105.2721180_alt_20.216m.png,2024_06_04_09,train
DJI_DateTime_2024_06_04_09_23_0167_lat_10.3018444_lon_105.2721492_alt_20.200m,/home/hyggestuen/Downloads/_WeedyRice/WeedyRice-RGBMS-DB/RGB/DJI_DateTime_2024_06_04_09_23_0167_lat_10.3018444_lon_105.2721492_alt_20.200m.JPG,,"[""/home/hyggestuen/Downloads/_WeedyRice/WeedyRice-RGBMS-DB/Multispectral/DJI_DateTime_2024_06_04_09_23_0167_lat_10.3018444_lon_105.2721492_alt_20.200m_G.TIF"", ""/home/hyggestuen/Downloads/_WeedyRice/WeedyRice-RGBMS-DB/Multispectral/DJI_DateTime_2024_06_04_09_23_0167_lat_10.3018444_lon_105.2721492_alt_20.200m_NIR.TIF"", ""/home/hyggestuen/Downloads/_WeedyRice/WeedyRice-RGBMS-DB/Multispectral/DJI_DateTime_2024_06_04_09_23_0167_lat_10.3018444_lon_105.2721492_alt_20.200m_R.TIF"", ""/home/hyggestuen/Downloads/_WeedyRice/WeedyRice-RGBMS-DB/Multispectral/DJI_DateTime_2024_06_04_09_23_0167_lat_10.3018444_lon_105.2721492_alt_20.200m_RE.TIF""]",/home/hyggestuen/Downloads/_WeedyRice/WeedyRice-RGBMS-DB/Masks/DJI_DateTime_2024_06_04_09_23_0167_lat_10.3018444_lon_105.2721492_alt_20.200m.png,2024_06_04_09,train
DJI_DateTime_2024_06_04_09_23_0168_lat_10.3017967_lon_105.2721809_alt_20.213m,/home/hyggestuen/Downloads/_WeedyRice/WeedyRice-RGBMS-DB/RGB/DJI_DateTime_2024_06_04_09_23_0168_lat_10.3017967_lon_105.2721809_alt_20.213m.JPG,,"[""/home/hyggestuen/Downloads/_WeedyRice/WeedyRice-RGBMS-DB/Multispectral/DJI_DateTime_2024_06_04_09_23_0168_lat_10.3017967_lon_105.2721809_alt_20.213m_G.TIF"", ""/home/hyggestuen/Downloads/_WeedyRice/WeedyRice-RGBMS-DB/Multispectral/DJI_DateTime_2024_06_04_09_23_0168_lat_10.3017967_lon_105.2721809_alt_20.213m_NIR.TIF"", ""/home/hyggestuen/Downloads/_WeedyRice/WeedyRice-RGBMS-DB/Multispectral/DJI_DateTime_2024_06_04_09_23_0168_lat_10.3017967_lon_105.2721809_alt_20.213m_R.TIF"", ""/home/hyggestuen/Downloads/_WeedyRice/WeedyRice-RGBMS-DB/Multispectral/DJI_DateTime_2024_06_04_09_23_0168_lat_10.3017967_lon_105.2721809_alt_20.213m_RE.TIF""]",/home/hyggestuen/Downloads/_WeedyRice/WeedyRice-RGBMS-DB/Masks/DJI_DateTime_2024_06_04_09_23_0168_lat_10.3017967_lon_105.2721809_alt_20.213m.png,2024_06_04_09,train
DJI_DateTime_2024_06_04_09_23_0169_lat_10.3017493_lon_105.2722121_alt_20.167m,/home/hyggestuen/Downloads/_WeedyRice/WeedyRice-RGBMS-DB/RGB/DJI_DateTime_2024_06_04_09_23_0169_lat_10.3017493_lon_105.2722121_alt_20.167m.JPG,,"[""/home/hyggestuen/Downloads/_WeedyRice/WeedyRice-RGBMS-DB/Multispectral/DJI_DateTime_2024_06_04_09_23_0169_lat_10.3017493_lon_105.2722121_alt_20.167m_G.TIF"", ""/home/hyggestuen/Downloads/_WeedyRice/WeedyRice-RGBMS-DB/Multispectral/DJI_DateTime_2024_06_04_09_23_0169_lat_10.3017493_lon_105.2722121_alt_20.167m_NIR.TIF"", ""/home/hyggestuen/Downloads/_WeedyRice/WeedyRice-RGBMS-DB/Multispectral/DJI_DateTime_2024_06_04_09_23_0169_lat_10.3017493_lon_105.2722121_alt_20.167m_R.TIF"", ""/home/hyggestuen/Downloads/_WeedyRice/WeedyRice-RGBMS-DB/Multispectral/DJI_DateTime_2024_06_04_09_23_0169_lat_10.3017493_lon_105.2722121_alt_20.167m_RE.TIF""]",/home/hyggestuen/Downloads/_WeedyRice/WeedyRice-RGBMS-DB/Masks/DJI_DateTime_2024_06_04_09_23_0169_lat_10.3017493_lon_105.2722121_alt_20.167m.png,2024_06_04_09,train
DJI_DateTime_2024_06_04_09_23_0170_lat_10.3017010_lon_105.2722449_alt_20.225m,/home/hyggestuen/Downloads/_WeedyRice/WeedyRice-RGBMS-DB/RGB/DJI_DateTime_2024_06_04_09_23_0170_lat_10.3017010_lon_105.2722449_alt_20.225m.JPG,,"[""/home/hyggestuen/Downloads/_WeedyRice/WeedyRice-RGBMS-DB/Multispectral/DJI_DateTime_2024_06_04_09_23_0170_lat_10.3017010_lon_105.2722449_alt_20.225m_G.TIF"", ""/home/hyggestuen/Downloads/_WeedyRice/WeedyRice-RGBMS-DB/Multispectral/DJI_DateTime_2024_06_04_09_23_0170_lat_10.3017010_lon_105.2722449_alt_20.225m_NIR.TIF"", ""/home/hyggestuen/Downloads/_WeedyRice/WeedyRice-RGBMS-DB/Multispectral/DJI_DateTime_2024_06_04_09_23_0170_lat_10.3017010_lon_105.2722449_alt_20.225m_R.TIF"", ""/home/hyggestuen/Downloads/_WeedyRice/WeedyRice-RGBMS-DB/Multispectral/DJI_DateTime_2024_06_04_09_23_0170_lat_10.3017010_lon_105.2722449_alt_20.225m_RE.TIF""]",/home/hyggestuen/Downloads/_WeedyRice/WeedyRice-RGBMS-DB/Masks/DJI_DateTime_2024_06_04_09_23_0170_lat_10.3017010_lon_105.2722449_alt_20.225m.png,2024_06_04_09,train
DJI_DateTime_2024_06_04_09_23_0171_lat_10.3016535_lon_105.2722765_alt_20.192m,/home/hyggestuen/Downloads/_WeedyRice/WeedyRice-RGBMS-DB/RGB/DJI_DateTime_2024_06_04_09_23_0171_lat_10.3016535_lon_105.2722765_alt_20.192m.JPG,,"[""/home/hyggestuen/Downloads/_WeedyRice/WeedyRice-RGBMS-DB/Multispectral/DJI_DateTime_2024_06_04_09_23_0171_lat_10.3016535_lon_105.2722765_alt_20.192m_G.TIF"", ""/home/hyggestuen/Downloads/_WeedyRice/WeedyRice-RGBMS-DB/Multispectral/DJI_DateTime_2024_06_04_09_23_0171_lat_10.3016535_lon_105.2722765_alt_20.192m_NIR.TIF"", ""/home/hyggestuen/Downloads/_WeedyRice/WeedyRice-RGBMS-DB/Multispectral/DJI_DateTime_2024_06_04_09_23_0171_lat_10.3016535_lon_105.2722765_alt_20.192m_R.TIF"", ""/home/hyggestuen/Downloads/_WeedyRice/WeedyRice-RGBMS-DB/Multispectral/DJI_DateTime_2024_06_04_09_23_0171_lat_10.3016535_lon_105.2722765_alt_20.192m_RE.TIF""]",/home/hyggestuen/Downloads/_WeedyRice/WeedyRice-RGBMS-DB/Masks/DJI_DateTime_2024_06_04_09_23_0171_lat_10.3016535_lon_105.2722765_alt_20.192m.png,2024_06_04_09,train
DJI_DateTime_2024_06_04_09_23_0172_lat_10.3016064_lon_105.2723081_alt_20.252m,/home/hyggestuen/Downloads/_WeedyRice/WeedyRice-RGBMS-DB/RGB/DJI_DateTime_2024_06_04_09_23_0172_lat_10.3016064_lon_105.2723081_alt_20.252m.JPG,,"[""/home/hyggestuen/Downloads/_WeedyRice/WeedyRice-RGBMS-DB/Multispectral/DJI_DateTime_2024_06_04_09_23_0172_lat_10.3016064_lon_105.2723081_alt_20.252m_G.TIF"", ""/home/hyggestuen/Downloads/_WeedyRice/WeedyRice-RGBMS-DB/Multispectral/DJI_DateTime_2024_06_04_09_23_0172_lat_10.3016064_lon_105.2723081_alt_20.252m_NIR.TIF"", ""/home/hyggestuen/Downloads/_WeedyRice/WeedyRice-RGBMS-DB/Multispectral/DJI_DateTime_2024_06_04_09_23_0172_lat_10.3016064_lon_105.2723081_alt_20.252m_R.TIF"", ""/home/hyggestuen/Downloads/_WeedyRice/WeedyRice-RGBMS-DB/Multispectral/DJI_DateTime_2024_06_04_09_23_0172_lat_10.3016064_lon_105.2723081_alt_20.252m_RE.TIF""]",/home/hyggestuen/Downloads/_WeedyRice/WeedyRice-RGBMS-DB/Masks/DJI_DateTime_2024_06_04_09_23_0172_lat_10.3016064_lon_105.2723081_alt_20.252m.png,2024_06_04_09,train
DJI_DateTime_2024_06_04_09_24_0173_lat_10.3015593_lon_105.2723398_alt_20.219m,/home/hyggestuen/Downloads/_WeedyRice/WeedyRice-RGBMS-DB/RGB/DJI_DateTime_2024_06_04_09_24_0173_lat_10.3015593_lon_105.2723398_alt_20.219m.JPG,,"[""/home/hyggestuen/Downloads/_WeedyRice/WeedyRice-RGBMS-DB/Multispectral/DJI_DateTime_2024_06_04_09_24_0173_lat_10.3015593_lon_105.2723398_alt_20.219m_G.TIF"", ""/home/hyggestuen/Downloads/_WeedyRice/WeedyRice-RGBMS-DB/Multispectral/DJI_DateTime_2024_06_04_09_24_0173_lat_10.3015593_lon_105.2723398_alt_20.219m_NIR.TIF"", ""/home/hyggestuen/Downloads/_WeedyRice/WeedyRice-RGBMS-DB/Multispectral/DJI_DateTime_2024_06_04_09_24_0173_lat_10.3015593_lon_105.2723398_alt_20.219m_R.TIF"", ""/home/hyggestuen/Downloads/_WeedyRice/WeedyRice-RGBMS-DB/Multispectral/DJI_DateTime_2024_06_04_09_24_0173_lat_10.3015593_lon_105.2723398_alt_20.219m_RE.TIF""]",/home/hyggestuen/Downloads/_WeedyRice/WeedyRice-RGBMS-DB/Masks/DJI_DateTime_2024_06_04_09_24_0173_lat_10.3015593_lon_105.2723398_alt_20.219m.png,2024_06_04_09,train
DJI_DateTime_2024_06_04_09_24_0174_lat_10.3015115_lon_105.2723709_alt_20.136m,/home/hyggestuen/Downloads/_WeedyRice/WeedyRice-RGBMS-DB/RGB/DJI_DateTime_2024_06_04_09_24_0174_lat_10.3015115_lon_105.2723709_alt_20.136m.JPG,,"[""/home/hyggestuen/Downloads/_WeedyRice/WeedyRice-RGBMS-DB/Multispectral/DJI_DateTime_2024_06_04_09_24_0174_lat_10.3015115_lon_105.2723709_alt_20.136m_G.TIF"", ""/home/hyggestuen/Downloads/_WeedyRice/WeedyRice-RGBMS-DB/Multispectral/DJI_DateTime_2024_06_04_09_24_0174_lat_10.3015115_lon_105.2723709_alt_20.136m_NIR.TIF"", ""/home/hyggestuen/Downloads/_WeedyRice/WeedyRice-RGBMS-DB/Multispectral/DJI_DateTime_2024_06_04_09_24_0174_lat_10.3015115_lon_105.2723709_alt_20.136m_R.TIF"", ""/home/hyggestuen/Downloads/_WeedyRice/WeedyRice-RGBMS-DB/Multispectral/DJI_DateTime_2024_06_04_09_24_0174_lat_10.3015115_lon_105.2723709_alt_20.136m_RE.TIF""]",/home/hyggestuen/Downloads/_WeedyRice/WeedyRice-RGBMS-DB/Masks/DJI_DateTime_2024_06_04_09_24_0174_lat_10.3015115_lon_105.2723709_alt_20.136m.png,2024_06_04_09,train
DJI_DateTime_2024_06_04_09_24_0175_lat_10.3014636_lon_105.2724023_alt_20.169m,/home/hyggestuen/Downloads/_WeedyRice/WeedyRice-RGBMS-DB/RGB/DJI_DateTime_2024_06_04_09_24_0175_lat_10.3014636_lon_105.2724023_alt_20.169m.JPG,,"[""/home/hyggestuen/Downloads/_WeedyRice/WeedyRice-RGBMS-DB/Multispectral/DJI_DateTime_2024_06_04_09_24_0175_lat_10.3014636_lon_105.2724023_alt_20.169m_G.TIF"", ""/home/hyggestuen/Downloads/_WeedyRice/WeedyRice-RGBMS-DB/Multispectral/DJI_DateTime_2024_06_04_09_24_0175_lat_10.3014636_lon_105.2724023_alt_20.169m_NIR.TIF"", ""/home/hyggestuen/Downloads/_WeedyRice/WeedyRice-RGBMS-DB/Multispectral/DJI_DateTime_2024_06_04_09_24_0175_lat_10.3014636_lon_105.2724023_alt_20.169m_R.TIF"", ""/home/hyggestuen/Downloads/_WeedyRice/WeedyRice-RGBMS-DB/Multispectral/DJI_DateTime_2024_06_04_09_24_0175_lat_10.3014636_lon_105.2724023_alt_20.169m_RE.TIF""]",/home/hyggestuen/Downloads/_WeedyRice/WeedyRice-RGBMS-DB/Masks/DJI_DateTime_2024_06_04_09_24_0175_lat_10.3014636_lon_105.2724023_alt_20.169m.png,2024_06_04_09,train
DJI_DateTime_2024_06_04_09_24_0176_lat_10.3014159_lon_105.2724334_alt_20.217m,/home/hyggestuen/Downloads/_WeedyRice/WeedyRice-RGBMS-DB/RGB/DJI_DateTime_2024_06_04_09_24_0176_lat_10.3014159_lon_105.2724334_alt_20.217m.JPG,,"[""/home/hyggestuen/Downloads/_WeedyRice/WeedyRice-RGBMS-DB/Multispectral/DJI_DateTime_2024_06_04_09_24_0176_lat_10.3014159_lon_105.2724334_alt_20.217m_G.TIF"", ""/home/hyggestuen/Downloads/_WeedyRice/WeedyRice-RGBMS-DB/Multispectral/DJI_DateTime_2024_06_04_09_24_0176_lat_10.3014159_lon_105.2724334_alt_20.217m_NIR.TIF"", ""/home/hyggestuen/Downloads/_WeedyRice/WeedyRice-RGBMS-DB/Multispectral/DJI_DateTime_2024_06_04_09_24_0176_lat_10.3014159_lon_105.2724334_alt_20.217m_R.TIF"", ""/home/hyggestuen/Downloads/_WeedyRice/WeedyRice-RGBMS-DB/Multispectral/DJI_DateTime_2024_06_04_09_24_0176_lat_10.3014159_lon_105.2724334_alt_20.217m_RE.TIF""]",/home/hyggestuen/Downloads/_WeedyRice/WeedyRice-RGBMS-DB/Masks/DJI_DateTime_2024_06_04_09_24_0176_lat_10.3014159_lon_105.2724334_alt_20.217m.png,2024_06_04_09,train
DJI_DateTime_2024_06_04_09_24_0177_lat_10.3013684_lon_105.2724650_alt_20.185m,/home/hyggestuen/Downloads/_WeedyRice/WeedyRice-RGBMS-DB/RGB/DJI_DateTime_2024_06_04_09_24_0177_lat_10.3013684_lon_105.2724650_alt_20.185m.JPG,,"[""/home/hyggestuen/Downloads/_WeedyRice/WeedyRice-RGBMS-DB/Multispectral/DJI_DateTime_2024_06_04_09_24_0177_lat_10.3013684_lon_105.2724650_alt_20.185m_G.TIF"", ""/home/hyggestuen/Downloads/_WeedyRice/WeedyRice-RGBMS-DB/Multispectral/DJI_DateTime_2024_06_04_09_24_0177_lat_10.3013684_lon_105.2724650_alt_20.185m_NIR.TIF"", ""/home/hyggestuen/Downloads/_WeedyRice/WeedyRice-RGBMS-DB/Multispectral/DJI_DateTime_2024_06_04_09_24_0177_lat_10.3013684_lon_105.2724650_alt_20.185m_R.TIF"", ""/home/hyggestuen/Downloads/_WeedyRice/WeedyRice-RGBMS-DB/Multispectral/DJI_DateTime_2024_06_04_09_24_0177_lat_10.3013684_lon_105.2724650_alt_20.185m_RE.TIF""]",/home/hyggestuen/Downloads/_WeedyRice/WeedyRice-RGBMS-DB/Masks/DJI_DateTime_2024_06_04_09_24_0177_lat_10.3013684_lon_105.2724650_alt_20.185m.png,2024_06_04_09,train
DJI_DateTime_2024_06_04_09_24_0178_lat_10.3013215_lon_105.2724959_alt_20.194m,/home/hyggestuen/Downloads/_WeedyRice/WeedyRice-RGBMS-DB/RGB/DJI_DateTime_2024_06_04_09_24_0178_lat_10.3013215_lon_105.2724959_alt_20.194m.JPG,,"[""/home/hyggestuen/Downloads/_WeedyRice/WeedyRice-RGBMS-DB/Multispectral/DJI_DateTime_2024_06_04_09_24_0178_lat_10.3013215_lon_105.2724959_alt_20.194m_G.TIF"", ""/home/hyggestuen/Downloads/_WeedyRice/WeedyRice-RGBMS-DB/Multispectral/DJI_DateTime_2024_06_04_09_24_0178_lat_10.3013215_lon_105.2724959_alt_20.194m_NIR.TIF"", ""/home/hyggestuen/Downloads/_WeedyRice/WeedyRice-RGBMS-DB/Multispectral/DJI_DateTime_2024_06_04_09_24_0178_lat_10.3013215_lon_105.2724959_alt_20.194m_R.TIF"", ""/home/hyggestuen/Downloads/_WeedyRice/WeedyRice-RGBMS-DB/Multispectral/DJI_DateTime_2024_06_04_09_24_0178_lat_10.3013215_lon_105.2724959_alt_20.194m_RE.TIF""]",/home/hyggestuen/Downloads/_WeedyRice/WeedyRice-RGBMS-DB/Masks/DJI_DateTime_2024_06_04_09_24_0178_lat_10.3013215_lon_105.2724959_alt_20.194m.png,2024_06_04_09,train
DJI_DateTime_2024_06_04_09_24_0179_lat_10.3012734_lon_105.2725273_alt_20.228m,/home/hyggestuen/Downloads/_WeedyRice/WeedyRice-RGBMS-DB/RGB/DJI_DateTime_2024_06_04_09_24_0179_lat_10.3012734_lon_105.2725273_alt_20.228m.JPG,,"[""/home/hyggestuen/Downloads/_WeedyRice/WeedyRice-RGBMS-DB/Multispectral/DJI_DateTime_2024_06_04_09_24_0179_lat_10.3012734_lon_105.2725273_alt_20.228m_G.TIF"", ""/home/hyggestuen/Downloads/_WeedyRice/WeedyRice-RGBMS-DB/Multispectral/DJI_DateTime_2024_06_04_09_24_0179_lat_10.3012734_lon_105.2725273_alt_20.228m_NIR.TIF"", ""/home/hyggestuen/Downloads/_WeedyRice/WeedyRice-RGBMS-DB/Multispectral/DJI_DateTime_2024_06_04_09_24_0179_lat_10.3012734_lon_105.2725273_alt_20.228m_R.TIF"", ""/home/hyggestuen/Downloads/_WeedyRice/WeedyRice-RGBMS-DB/Multispectral/DJI_DateTime_2024_06_04_09_24_0179_lat_10.3012734_lon_105.2725273_alt_20.228m_RE.TIF""]",/home/hyggestuen/Downloads/_WeedyRice/WeedyRice-RGBMS-DB/Masks/DJI_DateTime_2024_06_04_09_24_0179_lat_10.3012734_lon_105.2725273_alt_20.228m.png,2024_06_04_09,train
DJI_DateTime_2024_06_04_09_24_0180_lat_10.3012258_lon_105.2725595_alt_20.219m,/home/hyggestuen/Downloads/_WeedyRice/WeedyRice-RGBMS-DB/RGB/DJI_DateTime_2024_06_04_09_24_0180_lat_10.3012258_lon_105.2725595_alt_20.219m.JPG,,"[""/home/hyggestuen/Downloads/_WeedyRice/WeedyRice-RGBMS-DB/Multispectral/DJI_DateTime_2024_06_04_09_24_0180_lat_10.3012258_lon_105.2725595_alt_20.219m_G.TIF"", ""/home/hyggestuen/Downloads/_WeedyRice/WeedyRice-RGBMS-DB/Multispectral/DJI_DateTime_2024_06_04_09_24_0180_lat_10.3012258_lon_105.2725595_alt_20.219m_NIR.TIF"", ""/home/hyggestuen/Downloads/_WeedyRice/WeedyRice-RGBMS-DB/Multispectral/DJI_DateTime_2024_06_04_09_24_0180_lat_10.3012258_lon_105.2725595_alt_20.219m_R.TIF"", ""/home/hyggestuen/Downloads/_WeedyRice/WeedyRice-RGBMS-DB/Multispectral/DJI_DateTime_2024_06_04_09_24_0180_lat_10.3012258_lon_105.2725595_alt_20.219m_RE.TIF""]",/home/hyggestuen/Downloads/_WeedyRice/WeedyRice-RGBMS-DB/Masks/DJI_DateTime_2024_06_04_09_24_0180_lat_10.3012258_lon_105.2725595_alt_20.219m.png,2024_06_04_09,train
DJI_DateTime_2024_06_04_09_24_0184_lat_10.3012866_lon_105.2726258_alt_20.047m,/home/hyggestuen/Downloads/_WeedyRice/WeedyRice-RGBMS-DB/RGB/DJI_DateTime_2024_06_04_09_24_0184_lat_10.3012866_lon_105.2726258_alt_20.047m.JPG,,"[""/home/hyggestuen/Downloads/_WeedyRice/WeedyRice-RGBMS-DB/Multispectral/DJI_DateTime_2024_06_04_09_24_0184_lat_10.3012866_lon_105.2726258_alt_20.047m_G.TIF"", ""/home/hyggestuen/Downloads/_WeedyRice/WeedyRice-RGBMS-DB/Multispectral/DJI_DateTime_2024_06_04_09_24_0184_lat_10.3012866_lon_105.2726258_alt_20.047m_NIR.TIF"", ""/home/hyggestuen/Downloads/_WeedyRice/WeedyRice-RGBMS-DB/Multispectral/DJI_DateTime_2024_06_04_09_24_0184_lat_10.3012866_lon_105.2726258_alt_20.047m_R.TIF"", ""/home/hyggestuen/Downloads/_WeedyRice/WeedyRice-RGBMS-DB/Multispectral/DJI_DateTime_2024_06_04_09_24_0184_lat_10.3012866_lon_105.2726258_alt_20.047m_RE.TIF""]",/home/hyggestuen/Downloads/_WeedyRice/WeedyRice-RGBMS-DB/Masks/DJI_DateTime_2024_06_04_09_24_0184_lat_10.3012866_lon_105.2726258_alt_20.047m.png,2024_06_04_09,train
DJI_DateTime_2024_06_04_09_24_0185_lat_10.3013346_lon_105.2725940_alt_20.140m,/home/hyggestuen/Downloads/_WeedyRice/WeedyRice-RGBMS-DB/RGB/DJI_DateTime_2024_06_04_09_24_0185_lat_10.3013346_lon_105.2725940_alt_20.140m.JPG,,"[""/home/hyggestuen/Downloads/_WeedyRice/WeedyRice-RGBMS-DB/Multispectral/DJI_DateTime_2024_06_04_09_24_0185_lat_10.3013346_lon_105.2725940_alt_20.140m_G.TIF"", ""/home/hyggestuen/Downloads/_WeedyRice/WeedyRice-RGBMS-DB/Multispectral/DJI_DateTime_2024_06_04_09_24_0185_lat_10.3013346_lon_105.2725940_alt_20.140m_NIR.TIF"", ""/home/hyggestuen/Downloads/_WeedyRice/WeedyRice-RGBMS-DB/Multispectral/DJI_DateTime_2024_06_04_09_24_0185_lat_10.3013346_lon_105.2725940_alt_20.140m_R.TIF"", ""/home/hyggestuen/Downloads/_WeedyRice/WeedyRice-RGBMS-DB/Multispectral/DJI_DateTime_2024_06_04_09_24_0185_lat_10.3013346_lon_105.2725940_alt_20.140m_RE.TIF""]",/home/hyggestuen/Downloads/_WeedyRice/WeedyRice-RGBMS-DB/Masks/DJI_DateTime_2024_06_04_09_24_0185_lat_10.3013346_lon_105.2725940_alt_20.140m.png,2024_06_04_09,train
DJI_DateTime_2024_06_04_09_24_0186_lat_10.3013824_lon_105.2725620_alt_20.183m,/home/hyggestuen/Downloads/_WeedyRice/WeedyRice-RGBMS-DB/RGB/DJI_DateTime_2024_06_04_09_24_0186_lat_10.3013824_lon_105.2725620_alt_20.183m.JPG,,"[""/home/hyggestuen/Downloads/_WeedyRice/WeedyRice-RGBMS-DB/Multispectral/DJI_DateTime_2024_06_04_09_24_0186_lat_10.3013824_lon_105.2725620_alt_20.183m_G.TIF"", ""/home/hyggestuen/Downloads/_WeedyRice/WeedyRice-RGBMS-DB/Multispectral/DJI_DateTime_2024_06_04_09_24_0186_lat_10.3013824_lon_105.2725620_alt_20.183m_NIR.TIF"", ""/home/hyggestuen/Downloads/_WeedyRice/WeedyRice-RGBMS-DB/Multispectral/DJI_DateTime_2024_06_04_09_24_0186_lat_10.3013824_lon_105.2725620_alt_20.183m_R.TIF"", ""/home/hyggestuen/Downloads/_WeedyRice/WeedyRice-RGBMS-DB/Multispectral/DJI_DateTime_2024_06_04_09_24_0186_lat_10.3013824_lon_105.2725620_alt_20.183m_RE.TIF""]",/home/hyggestuen/Downloads/_WeedyRice/WeedyRice-RGBMS-DB/Masks/DJI_DateTime_2024_06_04_09_24_0186_lat_10.3013824_lon_105.2725620_alt_20.183m.png,2024_06_04_09,train
DJI_DateTime_2024_06_04_09_24_0187_lat_10.3014308_lon_105.2725307_alt_20.320m,/home/hyggestuen/Downloads/_WeedyRice/WeedyRice-RGBMS-DB/RGB/DJI_DateTime_2024_06_04_09_24_0187_lat_10.3014308_lon_105.2725307_alt_20.320m.JPG,,"[""/home/hyggestuen/Downloads/_WeedyRice/WeedyRice-RGBMS-DB/Multispectral/DJI_DateTime_2024_06_04_09_24_0187_lat_10.3014308_lon_105.2725307_alt_20.320m_G.TIF"", ""/home/hyggestuen/Downloads/_WeedyRice/WeedyRice-RGBMS-DB/Multispectral/DJI_DateTime_2024_06_04_09_24_0187_lat_10.3014308_lon_105.2725307_alt_20.320m_NIR.TIF"", ""/home/hyggestuen/Downloads/_WeedyRice/WeedyRice-RGBMS-DB/Multispectral/DJI_DateTime_2024_06_04_09_24_0187_lat_10.3014308_lon_105.2725307_alt_20.320m_R.TIF"", ""/home/hyggestuen/Downloads/_WeedyRice/WeedyRice-RGBMS-DB/Multispectral/DJI_DateTime_2024_06_04_09_24_0187_lat_10.3014308_lon_105.2725307_alt_20.320m_RE.TIF""]",/home/hyggestuen/Downloads/_WeedyRice/WeedyRice-RGBMS-DB/Masks/DJI_DateTime_2024_06_04_09_24_0187_lat_10.3014308_lon_105.2725307_alt_20.320m.png,2024_06_04_09,train
DJI_DateTime_2024_06_04_09_24_0188_lat_10.3014779_lon_105.2724987_alt_20.177m,/home/hyggestuen/Downloads/_WeedyRice/WeedyRice-RGBMS-DB/RGB/DJI_DateTime_2024_06_04_09_24_0188_lat_10.3014779_lon_105.2724987_alt_20.177m.JPG,,"[""/home/hyggestuen/Downloads/_WeedyRice/WeedyRice-RGBMS-DB/Multispectral/DJI_DateTime_2024_06_04_09_24_0188_lat_10.3014779_lon_105.2724987_alt_20.177m_G.TIF"", ""/home/hyggestuen/Downloads/_WeedyRice/WeedyRice-RGBMS-DB/Multispectral/DJI_DateTime_2024_06_04_09_24_0188_lat_10.3014779_lon_105.2724987_alt_20.177m_NIR.TIF"", ""/home/hyggestuen/Downloads/_WeedyRice/WeedyRice-RGBMS-DB/Multispectral/DJI_DateTime_2024_06_04_09_24_0188_lat_10.3014779_lon_105.2724987_alt_20.177m_R.TIF"", ""/home/hyggestuen/Downloads/_WeedyRice/WeedyRice-RGBMS-DB/Multispectral/DJI_DateTime_2024_06_04_09_24_0188_lat_10.3014779_lon_105.2724987_alt_20.177m_RE.TIF""]",/home/hyggestuen/Downloads/_WeedyRice/WeedyRice-RGBMS-DB/Masks/DJI_DateTime_2024_06_04_09_24_0188_lat_10.3014779_lon_105.2724987_alt_20.177m.png,2024_06_04_09,train
DJI_DateTime_2024_06_04_09_24_0189_lat_10.3015258_lon_105.2724678_alt_20.250m,/home/hyggestuen/Downloads/_WeedyRice/WeedyRice-RGBMS-DB/RGB/DJI_DateTime_2024_06_04_09_24_0189_lat_10.3015258_lon_105.2724678_alt_20.250m.JPG,,"[""/home/hyggestuen/Downloads/_WeedyRice/WeedyRice-RGBMS-DB/Multispectral/DJI_DateTime_2024_06_04_09_24_0189_lat_10.3015258_lon_105.2724678_alt_20.250m_G.TIF"", ""/home/hyggestuen/Downloads/_WeedyRice/WeedyRice-RGBMS-DB/Multispectral/DJI_DateTime_2024_06_04_09_24_0189_lat_10.3015258_lon_105.2724678_alt_20.250m_NIR.TIF"", ""/home/hyggestuen/Downloads/_WeedyRice/WeedyRice-RGBMS-DB/Multispectral/DJI_DateTime_2024_06_04_09_24_0189_lat_10.3015258_lon_105.2724678_alt_20.250m_R.TIF"", ""/home/hyggestuen/Downloads/_WeedyRice/WeedyRice-RGBMS-DB/Multispectral/DJI_DateTime_2024_06_04_09_24_0189_lat_10.3015258_lon_105.2724678_alt_20.250m_RE.TIF""]",/home/hyggestuen/Downloads/_WeedyRice/WeedyRice-RGBMS-DB/Masks/DJI_DateTime_2024_06_04_09_24_0189_lat_10.3015258_lon_105.2724678_alt_20.250m.png,2024_06_04_09,train
DJI_DateTime_2024_06_04_09_24_0190_lat_10.3015732_lon_105.2724356_alt_20.144m,/home/hyggestuen/Downloads/_WeedyRice/WeedyRice-RGBMS-DB/RGB/DJI_DateTime_2024_06_04_09_24_0190_lat_10.3015732_lon_105.2724356_alt_20.144m.JPG,,"[""/home/hyggestuen/Downloads/_WeedyRice/WeedyRice-RGBMS-DB/Multispectral/DJI_DateTime_2024_06_04_09_24_0190_lat_10.3015732_lon_105.2724356_alt_20.144m_G.TIF"", ""/home/hyggestuen/Downloads/_WeedyRice/WeedyRice-RGBMS-DB/Multispectral/DJI_DateTime_2024_06_04_09_24_0190_lat_10.3015732_lon_105.2724356_alt_20.144m_NIR.TIF"", ""/home/hyggestuen/Downloads/_WeedyRice/WeedyRice-RGBMS-DB/Multispectral/DJI_DateTime_2024_06_04_09_24_0190_lat_10.3015732_lon_105.2724356_alt_20.144m_R.TIF"", ""/home/hyggestuen/Downloads/_WeedyRice/WeedyRice-RGBMS-DB/Multispectral/DJI_DateTime_2024_06_04_09_24_0190_lat_10.3015732_lon_105.2724356_alt_20.144m_RE.TIF""]",/home/hyggestuen/Downloads/_WeedyRice/WeedyRice-RGBMS-DB/Masks/DJI_DateTime_2024_06_04_09_24_0190_lat_10.3015732_lon_105.2724356_alt_20.144m.png,2024_06_04_09,train
DJI_DateTime_2024_06_04_09_25_0191_lat_10.3016221_lon_105.2724034_alt_20.236m,/home/hyggestuen/Downloads/_WeedyRice/WeedyRice-RGBMS-DB/RGB/DJI_DateTime_2024_06_04_09_25_0191_lat_10.3016221_lon_105.2724034_alt_20.236m.JPG,,"[""/home/hyggestuen/Downloads/_WeedyRice/WeedyRice-RGBMS-DB/Multispectral/DJI_DateTime_2024_06_04_09_25_0191_lat_10.3016221_lon_105.2724034_alt_20.236m_G.TIF"", ""/home/hyggestuen/Downloads/_WeedyRice/WeedyRice-RGBMS-DB/Multispectral/DJI_DateTime_2024_06_04_09_25_0191_lat_10.3016221_lon_105.2724034_alt_20.236m_NIR.TIF"", ""/home/hyggestuen/Downloads/_WeedyRice/WeedyRice-RGBMS-DB/Multispectral/DJI_DateTime_2024_06_04_09_25_0191_lat_10.3016221_lon_105.2724034_alt_20.236m_R.TIF"", ""/home/hyggestuen/Downloads/_WeedyRice/WeedyRice-RGBMS-DB/Multispectral/DJI_DateTime_2024_06_04_09_25_0191_lat_10.3016221_lon_105.2724034_alt_20.236m_RE.TIF""]",/home/hyggestuen/Downloads/_WeedyRice/WeedyRice-RGBMS-DB/Masks/DJI_DateTime_2024_06_04_09_25_0191_lat_10.3016221_lon_105.2724034_alt_20.236m.png,2024_06_04_09,train
DJI_DateTime_2024_06_04_09_25_0192_lat_10.3016683_lon_105.2723725_alt_20.226m,/home/hyggestuen/Downloads/_WeedyRice/WeedyRice-RGBMS-DB/RGB/DJI_DateTime_2024_06_04_09_25_0192_lat_10.3016683_lon_105.2723725_alt_20.226m.JPG,,"[""/home/hyggestuen/Downloads/_WeedyRice/WeedyRice-RGBMS-DB/Multispectral/DJI_DateTime_2024_06_04_09_25_0192_lat_10.3016683_lon_105.2723725_alt_20.226m_G.TIF"", ""/home/hyggestuen/Downloads/_WeedyRice/WeedyRice-RGBMS-DB/Multispectral/DJI_DateTime_2024_06_04_09_25_0192_lat_10.3016683_lon_105.2723725_alt_20.226m_NIR.TIF"", ""/home/hyggestuen/Downloads/_WeedyRice/WeedyRice-RGBMS-DB/Multispectral/DJI_DateTime_2024_06_04_09_25_0192_lat_10.3016683_lon_105.2723725_alt_20.226m_R.TIF"", ""/home/hyggestuen/Downloads/_WeedyRice/WeedyRice-RGBMS-DB/Multispectral/DJI_DateTime_2024_06_04_09_25_0192_lat_10.3016683_lon_105.2723725_alt_20.226m_RE.TIF""]",/home/hyggestuen/Downloads/_WeedyRice/WeedyRice-RGBMS-DB/Masks/DJI_DateTime_2024_06_04_09_25_0192_lat_10.3016683_lon_105.2723725_alt_20.226m.png,2024_06_04_09,train
DJI_DateTime_2024_06_04_09_25_0193_lat_10.3017165_lon_105.2723406_alt_20.212m,/home/hyggestuen/Downloads/_WeedyRice/WeedyRice-RGBMS-DB/RGB/DJI_DateTime_2024_06_04_09_25_0193_lat_10.3017165_lon_105.2723406_alt_20.212m.JPG,,"[""/home/hyggestuen/Downloads/_WeedyRice/WeedyRice-RGBMS-DB/Multispectral/DJI_DateTime_2024_06_04_09_25_0193_lat_10.3017165_lon_105.2723406_alt_20.212m_G.TIF"", ""/home/hyggestuen/Downloads/_WeedyRice/WeedyRice-RGBMS-DB/Multispectral/DJI_DateTime_2024_06_04_09_25_0193_lat_10.3017165_lon_105.2723406_alt_20.212m_NIR.TIF"", ""/home/hyggestuen/Downloads/_WeedyRice/WeedyRice-RGBMS-DB/Multispectral/DJI_DateTime_2024_06_04_09_25_0193_lat_10.3017165_lon_105.2723406_alt_20.212m_R.TIF"", ""/home/hyggestuen/Downloads/_WeedyRice/WeedyRice-RGBMS-DB/Multispectral/DJI_DateTime_2024_06_04_09_25_0193_lat_10.3017165_lon_105.2723406_alt_20.212m_RE.TIF""]",/home/hyggestuen/Downloads/_WeedyRice/WeedyRice-RGBMS-DB/Masks/DJI_DateTime_2024_06_04_09_25_0193_lat_10.3017165_lon_105.2723406_alt_20.212m.png,2024_06_04_09,train
DJI_DateTime_2024_06_04_09_25_0194_lat_10.3017640_lon_105.2723092_alt_20.187m,/home/hyggestuen/Downloads/_WeedyRice/WeedyRice-RGBMS-DB/RGB/DJI_DateTime_2024_06_04_09_25_0194_lat_10.3017640_lon_105.2723092_alt_20.187m.JPG,,"[""/home/hyggestuen/Downloads/_WeedyRice/WeedyRice-RGBMS-DB/Multispectral/DJI_DateTime_2024_06_04_09_25_0194_lat_10.3017640_lon_105.2723092_alt_20.187m_G.TIF"", ""/home/hyggestuen/Downloads/_WeedyRice/WeedyRice-RGBMS-DB/Multispectral/DJI_DateTime_2024_06_04_09_25_0194_lat_10.3017640_lon_105.2723092_alt_20.187m_NIR.TIF"", ""/home/hyggestuen/Downloads/_WeedyRice/WeedyRice-RGBMS-DB/Multispectral/DJI_DateTime_2024_06_04_09_25_0194_lat_10.3017640_lon_105.2723092_alt_20.187m_R.TIF"", ""/home/hyggestuen/Downloads/_WeedyRice/WeedyRice-RGBMS-DB/Multispectral/DJI_DateTime_2024_06_04_09_25_0194_lat_10.3017640_lon_105.2723092_alt_20.187m_RE.TIF""]",/home/hyggestuen/Downloads/_WeedyRice/WeedyRice-RGBMS-DB/Masks/DJI_DateTime_2024_06_04_09_25_0194_lat_10.3017640_lon_105.2723092_alt_20.187m.png,2024_06_04_09,train
DJI_DateTime_2024_06_04_09_25_0195_lat_10.3018121_lon_105.2722776_alt_20.315m,/home/hyggestuen/Downloads/_WeedyRice/WeedyRice-RGBMS-DB/RGB/DJI_DateTime_2024_06_04_09_25_0195_lat_10.3018121_lon_105.2722776_alt_20.315m.JPG,,"[""/home/hyggestuen/Downloads/_WeedyRice/WeedyRice-RGBMS-DB/Multispectral/DJI_DateTime_2024_06_04_09_25_0195_lat_10.3018121_lon_105.2722776_alt_20.315m_G.TIF"", ""/home/hyggestuen/Downloads/_WeedyRice/WeedyRice-RGBMS-DB/Multispectral/DJI_DateTime_2024_06_04_09_25_0195_lat_10.3018121_lon_105.2722776_alt_20.315m_NIR.TIF"", ""/home/hyggestuen/Downloads/_WeedyRice/WeedyRice-RGBMS-DB/Multispectral/DJI_DateTime_2024_06_04_09_25_0195_lat_10.3018121_lon_105.2722776_alt_20.315m_R.TIF"", ""/home/hyggestuen/Downloads/_WeedyRice/WeedyRice-RGBMS-DB/Multispectral/DJI_DateTime_2024_06_04_09_25_0195_lat_10.3018121_lon_105.2722776_alt_20.315m_RE.TIF""]",/home/hyggestuen/Downloads/_WeedyRice/WeedyRice-RGBMS-DB/Masks/DJI_DateTime_2024_06_04_09_25_0195_lat_10.3018121_lon_105.2722776_alt_20.315m.png,2024_06_04_09,train
DJI_DateTime_2024_06_04_09_25_0196_lat_10.3018593_lon_105.2722463_alt_20.195m,/home/hyggestuen/Downloads/_WeedyRice/WeedyRice-RGBMS-DB/RGB/DJI_DateTime_2024_06_04_09_25_0196_lat_10.3018593_lon_105.2722463_alt_20.195m.JPG,,"[""/home/hyggestuen/Downloads/_WeedyRice/WeedyRice-RGBMS-DB/Multispectral/DJI_DateTime_2024_06_04_09_25_0196_lat_10.3018593_lon_105.2722463_alt_20.195m_G.TIF"", ""/home/hyggestuen/Downloads/_WeedyRice/WeedyRice-RGBMS-DB/Multispectral/DJI_DateTime_2024_06_04_09_25_0196_lat_10.3018593_lon_105.2722463_alt_20.195m_NIR.TIF"", ""/home/hyggestuen/Downloads/_WeedyRice/WeedyRice-RGBMS-DB/Multispectral/DJI_DateTime_2024_06_04_09_25_0196_lat_10.3018593_lon_105.2722463_alt_20.195m_R.TIF"", ""/home/hyggestuen/Downloads/_WeedyRice/WeedyRice-RGBMS-DB/Multispectral/DJI_DateTime_2024_06_04_09_25_0196_lat_10.3018593_lon_105.2722463_alt_20.195m_RE.TIF""]",/home/hyggestuen/Downloads/_WeedyRice/WeedyRice-RGBMS-DB/Masks/DJI_DateTime_2024_06_04_09_25_0196_lat_10.3018593_lon_105.2722463_alt_20.195m.png,2024_06_04_09,train
DJI_DateTime_2024_06_04_09_25_0197_lat_10.3019069_lon_105.2722148_alt_20.287m,/home/hyggestuen/Downloads/_WeedyRice/WeedyRice-RGBMS-DB/RGB/DJI_DateTime_2024_06_04_09_25_0197_lat_10.3019069_lon_105.2722148_alt_20.287m.JPG,,"[""/home/hyggestuen/Downloads/_WeedyRice/WeedyRice-RGBMS-DB/Multispectral/DJI_DateTime_2024_06_04_09_25_0197_lat_10.3019069_lon_105.2722148_alt_20.287m_G.TIF"", ""/home/hyggestuen/Downloads/_WeedyRice/WeedyRice-RGBMS-DB/Multispectral/DJI_DateTime_2024_06_04_09_25_0197_lat_10.3019069_lon_105.2722148_alt_20.287m_NIR.TIF"", ""/home/hyggestuen/Downloads/_WeedyRice/WeedyRice-RGBMS-DB/Multispectral/DJI_DateTime_2024_06_04_09_25_0197_lat_10.3019069_lon_105.2722148_alt_20.287m_R.TIF"", ""/home/hyggestuen/Downloads/_WeedyRice/WeedyRice-RGBMS-DB/Multispectral/DJI_DateTime_2024_06_04_09_25_0197_lat_10.3019069_lon_105.2722148_alt_20.287m_RE.TIF""]",/home/hyggestuen/Downloads/_WeedyRice/WeedyRice-RGBMS-DB/Masks/DJI_DateTime_2024_06_04_09_25_0197_lat_10.3019069_lon_105.2722148_alt_20.287m.png,2024_06_04_09,train
DJI_DateTime_2024_06_04_09_25_0198_lat_10.3019546_lon_105.2721829_alt_20.210m,/home/hyggestuen/Downloads/_WeedyRice/WeedyRice-RGBMS-DB/RGB/DJI_DateTime_2024_06_04_09_25_0198_lat_10.3019546_lon_105.2721829_alt_20.210m.JPG,,"[""/home/hyggestuen/Downloads/_WeedyRice/WeedyRice-RGBMS-DB/Multispectral/DJI_DateTime_2024_06_04_09_25_0198_lat_10.3019546_lon_105.2721829_alt_20.210m_G.TIF"", ""/home/hyggestuen/Downloads/_WeedyRice/WeedyRice-RGBMS-DB/Multispectral/DJI_DateTime_2024_06_04_09_25_0198_lat_10.3019546_lon_105.2721829_alt_20.210m_NIR.TIF"", ""/home/hyggestuen/Downloads/_WeedyRice/WeedyRice-RGBMS-DB/Multispectral/DJI_DateTime_2024_06_04_09_25_0198_lat_10.3019546_lon_105.2721829_alt_20.210m_R.TIF"", ""/home/hyggestuen/Downloads/_WeedyRice/WeedyRice-RGBMS-DB/Multispectral/DJI_DateTime_2024_06_04_09_25_0198_lat_10.3019546_lon_105.2721829_alt_20.210m_RE.TIF""]",/home/hyggestuen/Downloads/_WeedyRice/WeedyRice-RGBMS-DB/Masks/DJI_DateTime_2024_06_04_09_25_0198_lat_10.3019546_lon_105.2721829_alt_20.210m.png,2024_06_04_09,train
DJI_DateTime_2024_06_04_09_25_0199_lat_10.3020021_lon_105.2721516_alt_20.218m,/home/hyggestuen/Downloads/_WeedyRice/WeedyRice-RGBMS-DB/RGB/DJI_DateTime_2024_06_04_09_25_0199_lat_10.3020021_lon_105.2721516_alt_20.218m.JPG,,"[""/home/hyggestuen/Downloads/_WeedyRice/WeedyRice-RGBMS-DB/Multispectral/DJI_DateTime_2024_06_04_09_25_0199_lat_10.3020021_lon_105.2721516_alt_20.218m_G.TIF"", ""/home/hyggestuen/Downloads/_WeedyRice/WeedyRice-RGBMS-DB/Multispectral/DJI_DateTime_2024_06_04_09_25_0199_lat_10.3020021_lon_105.2721516_alt_20.218m_NIR.TIF"", ""/home/hyggestuen/Downloads/_WeedyRice/WeedyRice-RGBMS-DB/Multispectral/DJI_DateTime_2024_06_04_09_25_0199_lat_10.3020021_lon_105.2721516_alt_20.218m_R.TIF"", ""/home/hyggestuen/Downloads/_WeedyRice/WeedyRice-RGBMS-DB/Multispectral/DJI_DateTime_2024_06_04_09_25_0199_lat_10.3020021_lon_105.2721516_alt_20.218m_RE.TIF""]",/home/hyggestuen/Downloads/_WeedyRice/WeedyRice-RGBMS-DB/Masks/DJI_DateTime_2024_06_04_09_25_0199_lat_10.3020021_lon_105.2721516_alt_20.218m.png,2024_06_04_09,train
DJI_DateTime_2024_06_04_09_26_0209_lat_10.3024781_lon_105.2718372_alt_20.132m,/home/hyggestuen/Downloads/_WeedyRice/WeedyRice-RGBMS-DB/RGB/DJI_DateTime_2024_06_04_09_26_0209_lat_10.3024781_lon_105.2718372_alt_20.132m.JPG,,"[""/home/hyggestuen/Downloads/_WeedyRice/WeedyRice-RGBMS-DB/Multispectral/DJI_DateTime_2024_06_04_09_26_0209_lat_10.3024781_lon_105.2718372_alt_20.132m_G.TIF"", ""/home/hyggestuen/Downloads/_WeedyRice/WeedyRice-RGBMS-DB/Multispectral/DJI_DateTime_2024_06_04_09_26_0209_lat_10.3024781_lon_105.2718372_alt_20.132m_NIR.TIF"", ""/home/hyggestuen/Downloads/_WeedyRice/WeedyRice-RGBMS-DB/Multispectral/DJI_DateTime_2024_06_04_09_26_0209_lat_10.3024781_lon_105.2718372_alt_20.132m_R.TIF"", ""/home/hyggestuen/Downloads/_WeedyRice/WeedyRice-RGBMS-DB/Multispectral/DJI_DateTime_2024_06_04_09_26_0209_lat_10.3024781_lon_105.2718372_alt_20.132m_RE.TIF""]",/home/hyggestuen/Downloads/_WeedyRice/WeedyRice-RGBMS-DB/Masks/DJI_DateTime_2024_06_04_09_26_0209_lat_10.3024781_lon_105.2718372_alt_20.132m.png,2024_06_04_09,train
DJI_DateTime_2024_06_04_09_26_0210_lat_10.3025261_lon_105.2718057_alt_20.389m,/home/hyggestuen/Downloads/_WeedyRice/WeedyRice-RGBMS-DB/RGB/DJI_DateTime_2024_06_04_09_26_0210_lat_10.3025261_lon_105.2718057_alt_20.389m.JPG,,"[""/home/hyggestuen/Downloads/_WeedyRice/WeedyRice-RGBMS-DB/Multispectral/DJI_DateTime_2024_06_04_09_26_0210_lat_10.3025261_lon_105.2718057_alt_20.389m_G.TIF"", ""/home/hyggestuen/Downloads/_WeedyRice/WeedyRice-RGBMS-DB/Multispectral/DJI_DateTime_2024_06_04_09_26_0210_lat_10.3025261_lon_105.2718057_alt_20.389m_NIR.TIF"", ""/home/hyggestuen/Downloads/_WeedyRice/WeedyRice-RGBMS-DB/Multispectral/DJI_DateTime_2024_06_04_09_26_0210_lat_10.3025261_lon_105.2718057_alt_20.389m_R.TIF"", ""/home/hyggestuen/Downloads/_WeedyRice/WeedyRice-RGBMS-DB/Multispectral/DJI_DateTime_2024_06_04_09_26_0210_lat_10.3025261_lon_105.2718057_alt_20.389m_RE.TIF""]",/home/hyggestuen/Downloads/_WeedyRice/WeedyRice-RGBMS-DB/Masks/DJI_DateTime_2024_06_04_09_26_0210_lat_10.3025261_lon_105.2718057_alt_20.389m.png,2024_06_04_09,train
DJI_DateTime_2024_06_04_09_26_0211_lat_10.3025769_lon_105.2717793_alt_20.287m,/home/hyggestuen/Downloads/_WeedyRice/WeedyRice-RGBMS-DB/RGB/DJI_DateTime_2024_06_04_09_26_0211_lat_10.3025769_lon_105.2717793_alt_20.287m.JPG,,"[""/home/hyggestuen/Downloads/_WeedyRice/WeedyRice-RGBMS-DB/Multispectral/DJI_DateTime_2024_06_04_09_26_0211_lat_10.3025769_lon_105.2717793_alt_20.287m_G.TIF"", ""/home/hyggestuen/Downloads/_WeedyRice/WeedyRice-RGBMS-DB/Multispectral/DJI_DateTime_2024_06_04_09_26_0211_lat_10.3025769_lon_105.2717793_alt_20.287m_NIR.TIF"", ""/home/hyggestuen/Downloads/_WeedyRice/WeedyRice-RGBMS-DB/Multispectral/DJI_DateTime_2024_06_04_09_26_0211_lat_10.3025769_lon_105.2717793_alt_20.287m_R.TIF"", ""/home/hyggestuen/Downloads/_WeedyRice/WeedyRice-RGBMS-DB/Multispectral/DJI_DateTime_2024_06_04_09_26_0211_lat_10.3025769_lon_105.2717793_alt_20.287m_RE.TIF""]",/home/hyggestuen/Downloads/_WeedyRice/WeedyRice-RGBMS-DB/Masks/DJI_DateTime_2024_06_04_09_26_0211_lat_10.3025769_lon_105.2717793_alt_20.287m.png,2024_06_04_09,train
DJI_DateTime_2024_06_04_09_26_0212_lat_10.3026284_lon_105.2718096_alt_20.211m,/home/hyggestuen/Downloads/_WeedyRice/WeedyRice-RGBMS-DB/RGB/DJI_DateTime_2024_06_04_09_26_0212_lat_10.3026284_lon_105.2718096_alt_20.211m.JPG,,"[""/home/hyggestuen/Downloads/_WeedyRice/WeedyRice-RGBMS-DB/Multispectral/DJI_DateTime_2024_06_04_09_26_0212_lat_10.3026284_lon_105.2718096_alt_20.211m_G.TIF"", ""/home/hyggestuen/Downloads/_WeedyRice/WeedyRice-RGBMS-DB/Multispectral/DJI_DateTime_2024_06_04_09_26_0212_lat_10.3026284_lon_105.2718096_alt_20.211m_NIR.TIF"", ""/home/hyggestuen/Downloads/_WeedyRice/WeedyRice-RGBMS-DB/Multispectral/DJI_DateTime_2024_06_04_09_26_0212_lat_10.3026284_lon_105.2718096_alt_20.211m_R.TIF"", ""/home/hyggestuen/Downloads/_WeedyRice/WeedyRice-RGBMS-DB/Multispectral/DJI_DateTime_2024_06_04_09_26_0212_lat_10.3026284_lon_105.2718096_alt_20.211m_RE.TIF""]",/home/hyggestuen/Downloads/_WeedyRice/WeedyRice-RGBMS-DB/Masks/DJI_DateTime_2024_06_04_09_26_0212_lat_10.3026284_lon_105.2718096_alt_20.211m.png,2024_06_04_09,train
DJI_DateTime_2024_06_04_09_26_0213_lat_10.3026111_lon_105.2718559_alt_20.265m,/home/hyggestuen/Downloads/_WeedyRice/WeedyRice-RGBMS-DB/RGB/DJI_DateTime_2024_06_04_09_26_0213_lat_10.3026111_lon_105.2718559_alt_20.265m.JPG,,"[""/home/hyggestuen/Downloads/_WeedyRice/WeedyRice-RGBMS-DB/Multispectral/DJI_DateTime_2024_06_04_09_26_0213_lat_10.3026111_lon_105.2718559_alt_20.265m_G.TIF"", ""/home/hyggestuen/Downloads/_WeedyRice/WeedyRice-RGBMS-DB/Multispectral/DJI_DateTime_2024_06_04_09_26_0213_lat_10.3026111_lon_105.2718559_alt_20.265m_NIR.TIF"", ""/home/hyggestuen/Downloads/_WeedyRice/WeedyRice-RGBMS-DB/Multispectral/DJI_DateTime_2024_06_04_09_26_0213_lat_10.3026111_lon_105.2718559_alt_20.265m_R.TIF"", ""/home/hyggestuen/Downloads/_WeedyRice/WeedyRice-RGBMS-DB/Multispectral/DJI_DateTime_2024_06_04_09_26_0213_lat_10.3026111_lon_105.2718559_alt_20.265m_RE.TIF""]",/home/hyggestuen/Downloads/_WeedyRice/WeedyRice-RGBMS-DB/Masks/DJI_DateTime_2024_06_04_09_26_0213_lat_10.3026111_lon_105.2718559_alt_20.265m.png,2024_06_04_09,train
DJI_DateTime_2024_06_04_09_26_0214_lat_10.3025642_lon_105.2718864_alt_20.257m,/home/hyggestuen/Downloads/_WeedyRice/WeedyRice-RGBMS-DB/RGB/DJI_DateTime_2024_06_04_09_26_0214_lat_10.3025642_lon_105.2718864_alt_20.257m.JPG,,"[""/home/hyggestuen/Downloads/_WeedyRice/WeedyRice-RGBMS-DB/Multispectral/DJI_DateTime_2024_06_04_09_26_0214_lat_10.3025642_lon_105.2718864_alt_20.257m_G.TIF"", ""/home/hyggestuen/Downloads/_WeedyRice/WeedyRice-RGBMS-DB/Multispectral/DJI_DateTime_2024_06_04_09_26_0214_lat_10.3025642_lon_105.2718864_alt_20.257m_NIR.TIF"", ""/home/hyggestuen/Downloads/_WeedyRice/WeedyRice-RGBMS-DB/Multispectral/DJI_DateTime_2024_06_04_09_26_0214_lat_10.3025642_lon_105.2718864_alt_20.257m_R.TIF"", ""/home/hyggestuen/Downloads/_WeedyRice/WeedyRice-RGBMS-DB/Multispectral/DJI_DateTime_2024_06_04_09_26_0214_lat_10.3025642_lon_105.2718864_alt_20.257m_RE.TIF""]",/home/hyggestuen/Downloads/_WeedyRice/WeedyRice-RGBMS-DB/Masks/DJI_DateTime_2024_06_04_09_26_0214_lat_10.3025642_lon_105.2718864_alt_20.257m.png,2024_06_04_09,train
DJI_DateTime_2024_06_04_09_26_0215_lat_10.3025151_lon_105.2719187_alt_20.220m,/home/hyggestuen/Downloads/_WeedyRice/WeedyRice-RGBMS-DB/RGB/DJI_DateTime_2024_06_04_09_26_0215_lat_10.3025151_lon_105.2719187_alt_20.220m.JPG,,"[""/home/hyggestuen/Downloads/_WeedyRice/WeedyRice-RGBMS-DB/Multispectral/DJI_DateTime_2024_06_04_09_26_0215_lat_10.3025151_lon_105.2719187_alt_20.220m_G.TIF"", ""/home/hyggestuen/Downloads/_WeedyRice/WeedyRice-RGBMS-DB/Multispectral/DJI_DateTime_2024_06_04_09_26_0215_lat_10.3025151_lon_105.2719187_alt_20.220m_NIR.TIF"", ""/home/hyggestuen/Downloads/_WeedyRice/WeedyRice-RGBMS-DB/Multispectral/DJI_DateTime_2024_06_04_09_26_0215_lat_10.3025151_lon_105.2719187_alt_20.220m_R.TIF"", ""/home/hyggestuen/Downloads/_WeedyRice/WeedyRice-RGBMS-DB/Multispectral/DJI_DateTime_2024_06_04_09_26_0215_lat_10.3025151_lon_105.2719187_alt_20.220m_RE.TIF""]",/home/hyggestuen/Downloads/_WeedyRice/WeedyRice-RGBMS-DB/Masks/DJI_DateTime_2024_06_04_09_26_0215_lat_10.3025151_lon_105.2719187_alt_20.220m.png,2024_06_04_09,train
DJI_DateTime_2024_06_04_09_27_0228_lat_10.3018942_lon_105.2723262_alt_20.196m,/home/hyggestuen/Downloads/_WeedyRice/WeedyRice-RGBMS-DB/RGB/DJI_DateTime_2024_06_04_09_27_0228_lat_10.3018942_lon_105.2723262_alt_20.196m.JPG,,"[""/home/hyggestuen/Downloads/_WeedyRice/WeedyRice-RGBMS-DB/Multispectral/DJI_DateTime_2024_06_04_09_27_0228_lat_10.3018942_lon_105.2723262_alt_20.196m_G.TIF"", ""/home/hyggestuen/Downloads/_WeedyRice/WeedyRice-RGBMS-DB/Multispectral/DJI_DateTime_2024_06_04_09_27_0228_lat_10.3018942_lon_105.2723262_alt_20.196m_NIR.TIF"", ""/home/hyggestuen/Downloads/_WeedyRice/WeedyRice-RGBMS-DB/Multispectral/DJI_DateTime_2024_06_04_09_27_0228_lat_10.3018942_lon_105.2723262_alt_20.196m_R.TIF"", ""/home/hyggestuen/Downloads/_WeedyRice/WeedyRice-RGBMS-DB/Multispectral/DJI_DateTime_2024_06_04_09_27_0228_lat_10.3018942_lon_105.2723262_alt_20.196m_RE.TIF""]",/home/hyggestuen/Downloads/_WeedyRice/WeedyRice-RGBMS-DB/Masks/DJI_DateTime_2024_06_04_09_27_0228_lat_10.3018942_lon_105.2723262_alt_20.196m.png,2024_06_04_09,train
DJI_DateTime_2024_06_04_09_27_0229_lat_10.3018467_lon_105.2723577_alt_20.169m,/home/hyggestuen/Downloads/_WeedyRice/WeedyRice-RGBMS-DB/RGB/DJI_DateTime_2024_06_04_09_27_0229_lat_10.3018467_lon_105.2723577_alt_20.169m.JPG,,"[""/home/hyggestuen/Downloads/_WeedyRice/WeedyRice-RGBMS-DB/Multispectral/DJI_DateTime_2024_06_04_09_27_0229_lat_10.3018467_lon_105.2723577_alt_20.169m_G.TIF"", ""/home/hyggestuen/Downloads/_WeedyRice/WeedyRice-RGBMS-DB/Multispectral/DJI_DateTime_2024_06_04_09_27_0229_lat_10.3018467_lon_105.2723577_alt_20.169m_NIR.TIF"", ""/home/hyggestuen/Downloads/_WeedyRice/WeedyRice-RGBMS-DB/Multispectral/DJI_DateTime_2024_06_04_09_27_0229_lat_10.3018467_lon_105.2723577_alt_20.169m_R.TIF"", ""/home/hyggestuen/Downloads/_WeedyRice/WeedyRice-RGBMS-DB/Multispectral/DJI_DateTime_2024_06_04_09_27_0229_lat_10.3018467_lon_105.2723577_alt_20.169m_RE.TIF""]",/home/hyggestuen/Downloads/_WeedyRice/WeedyRice-RGBMS-DB/Masks/DJI_DateTime_2024_06_04_09_27_0229_lat_10.3018467_lon_105.2723577_alt_20.169m.png,2024_06_04_09,train
DJI_DateTime_2024_06_04_09_27_0230_lat_10.3017990_lon_105.2723890_alt_20.221m,/home/hyggestuen/Downloads/_WeedyRice/WeedyRice-RGBMS-DB/RGB/DJI_DateTime_2024_06_04_09_27_0230_lat_10.3017990_lon_105.2723890_alt_20.221m.JPG,,"[""/home/hyggestuen/Downloads/_WeedyRice/WeedyRice-RGBMS-DB/Multispectral/DJI_DateTime_2024_06_04_09_27_0230_lat_10.3017990_lon_105.2723890_alt_20.221m_G.TIF"", ""/home/hyggestuen/Downloads/_WeedyRice/WeedyRice-RGBMS-DB/Multispectral/DJI_DateTime_2024_06_04_09_27_0230_lat_10.3017990_lon_105.2723890_alt_20.221m_NIR.TIF"", ""/home/hyggestuen/Downloads/_WeedyRice/WeedyRice-RGBMS-DB/Multispectral/DJI_DateTime_2024_06_04_09_27_0230_lat_10.3017990_lon_105.2723890_alt_20.221m_R.TIF"", ""/home/hyggestuen/Downloads/_WeedyRice/WeedyRice-RGBMS-DB/Multispectral/DJI_DateTime_2024_06_04_09_27_0230_lat_10.3017990_lon_105.2723890_alt_20.221m_RE.TIF""]",/home/hyggestuen/Downloads/_WeedyRice/WeedyRice-RGBMS-DB/Masks/DJI_DateTime_2024_06_04_09_27_0230_lat_10.3017990_lon_105.2723890_alt_20.221m.png,2024_06_04_09,train
DJI_DateTime_2024_06_04_09_27_0231_lat_10.3017514_lon_105.2724202_alt_20.218m,/home/hyggestuen/Downloads/_WeedyRice/WeedyRice-RGBMS-DB/RGB/DJI_DateTime_2024_06_04_09_27_0231_lat_10.3017514_lon_105.2724202_alt_20.218m.JPG,,"[""/home/hyggestuen/Downloads/_WeedyRice/WeedyRice-RGBMS-DB/Multispectral/DJI_DateTime_2024_06_04_09_27_0231_lat_10.3017514_lon_105.2724202_alt_20.218m_G.TIF"", ""/home/hyggestuen/Downloads/_WeedyRice/WeedyRice-RGBMS-DB/Multispectral/DJI_DateTime_2024_06_04_09_27_0231_lat_10.3017514_lon_105.2724202_alt_20.218m_NIR.TIF"", ""/home/hyggestuen/Downloads/_WeedyRice/WeedyRice-RGBMS-DB/Multispectral/DJI_DateTime_2024_06_04_09_27_0231_lat_10.3017514_lon_105.2724202_alt_20.218m_R.TIF"", ""/home/hyggestuen/Downloads/_WeedyRice/WeedyRice-RGBMS-DB/Multispectral/DJI_DateTime_2024_06_04_09_27_0231_lat_10.3017514_lon_105.2724202_alt_20.218m_RE.TIF""]",/home/hyggestuen/Downloads/_WeedyRice/WeedyRice-RGBMS-DB/Masks/DJI_DateTime_2024_06_04_09_27_0231_lat_10.3017514_lon_105.2724202_alt_20.218m.png,2024_06_04_09,train
DJI_DateTime_2024_06_04_09_27_0232_lat_10.3017035_lon_105.2724514_alt_20.204m,/home/hyggestuen/Downloads/_WeedyRice/WeedyRice-RGBMS-DB/RGB/DJI_DateTime_2024_06_04_09_27_0232_lat_10.3017035_lon_105.2724514_alt_20.204m.JPG,,"[""/home/hyggestuen/Downloads/_WeedyRice/WeedyRice-RGBMS-DB/Multispectral/DJI_DateTime_2024_06_04_09_27_0232_lat_10.3017035_lon_105.2724514_alt_20.204m_G.TIF"", ""/home/hyggestuen/Downloads/_WeedyRice/WeedyRice-RGBMS-DB/Multispectral/DJI_DateTime_2024_06_04_09_27_0232_lat_10.3017035_lon_105.2724514_alt_20.204m_NIR.TIF"", ""/home/hyggestuen/Downloads/_WeedyRice/WeedyRice-RGBMS-DB/Multispectral/DJI_DateTime_2024_06_04_09_27_0232_lat_10.3017035_lon_105.2724514_alt_20.204m_R.TIF"", ""/home/hyggestuen/Downloads/_WeedyRice/WeedyRice-RGBMS-DB/Multispectral/DJI_DateTime_2024_06_04_09_27_0232_lat_10.3017035_lon_105.2724514_alt_20.204m_RE.TIF""]",/home/hyggestuen/Downloads/_WeedyRice/WeedyRice-RGBMS-DB/Masks/DJI_DateTime_2024_06_04_09_27_0232_lat_10.3017035_lon_105.2724514_alt_20.204m.png,2024_06_04_09,train
DJI_DateTime_2024_06_04_09_27_0233_lat_10.3016549_lon_105.2724834_alt_20.183m,/home/hyggestuen/Downloads/_WeedyRice/WeedyRice-RGBMS-DB/RGB/DJI_DateTime_2024_06_04_09_27_0233_lat_10.3016549_lon_105.2724834_alt_20.183m.JPG,,"[""/home/hyggestuen/Downloads/_WeedyRice/WeedyRice-RGBMS-DB/Multispectral/DJI_DateTime_2024_06_04_09_27_0233_lat_10.3016549_lon_105.2724834_alt_20.183m_G.TIF"", ""/home/hyggestuen/Downloads/_WeedyRice/WeedyRice-RGBMS-DB/Multispectral/DJI_DateTime_2024_06_04_09_27_0233_lat_10.3016549_lon_105.2724834_alt_20.183m_NIR.TIF"", ""/home/hyggestuen/Downloads/_WeedyRice/WeedyRice-RGBMS-DB/Multispectral/DJI_DateTime_2024_06_04_09_27_0233_lat_10.3016549_lon_105.2724834_alt_20.183m_R.TIF"", ""/home/hyggestuen/Downloads/_WeedyRice/WeedyRice-RGBMS-DB/Multispectral/DJI_DateTime_2024_06_04_09_27_0233_lat_10.3016549_lon_105.2724834_alt_20.183m_RE.TIF""]",/home/hyggestuen/Downloads/_WeedyRice/WeedyRice-RGBMS-DB/Masks/DJI_DateTime_2024_06_04_09_27_0233_lat_10.3016549_lon_105.2724834_alt_20.183m.png,2024_06_04_09,train
DJI_DateTime_2024_06_04_09_27_0234_lat_10.3016079_lon_105.2725150_alt_20.198m,/home/hyggestuen/Downloads/_WeedyRice/WeedyRice-RGBMS-DB/RGB/DJI_DateTime_2024_06_04_09_27_0234_lat_10.3016079_lon_105.2725150_alt_20.198m.JPG,,"[""/home/hyggestuen/Downloads/_WeedyRice/WeedyRice-RGBMS-DB/Multispectral/DJI_DateTime_2024_06_04_09_27_0234_lat_10.3016079_lon_105.2725150_alt_20.198m_G.TIF"", ""/home/hyggestuen/Downloads/_WeedyRice/WeedyRice-RGBMS-DB/Multispectral/DJI_DateTime_2024_06_04_09_27_0234_lat_10.3016079_lon_105.2725150_alt_20.198m_NIR.TIF"", ""/home/hyggestuen/Downloads/_WeedyRice/WeedyRice-RGBMS-DB/Multispectral/DJI_DateTime_2024_06_04_09_27_0234_lat_10.3016079_lon_105.2725150_alt_20.198m_R.TIF"", ""/home/hyggestuen/Downloads/_WeedyRice/WeedyRice-RGBMS-DB/Multispectral/DJI_DateTime_2024_06_04_09_27_0234_lat_10.3016079_lon_105.2725150_alt_20.198m_RE.TIF""]",/home/hyggestuen/Downloads/_WeedyRice/WeedyRice-RGBMS-DB/Masks/DJI_DateTime_2024_06_04_09_27_0234_lat_10.3016079_lon_105.2725150_alt_20.198m.png,2024_06_04_09,train
DJI_DateTime_2024_06_04_09_27_0235_lat_10.3015606_lon_105.2725460_alt_20.188m,/home/hyggestuen/Downloads/_WeedyRice/WeedyRice-RGBMS-DB/RGB/DJI_DateTime_2024_06_04_09_27_0235_lat_10.3015606_lon_105.2725460_alt_20.188m.JPG,,"[""/home/hyggestuen/Downloads/_WeedyRice/WeedyRice-RGBMS-DB/Multispectral/DJI_DateTime_2024_06_04_09_27_0235_lat_10.3015606_lon_105.2725460_alt_20.188m_G.TIF"", ""/home/hyggestuen/Downloads/_WeedyRice/WeedyRice-RGBMS-DB/Multispectral/DJI_DateTime_2024_06_04_09_27_0235_lat_10.3015606_lon_105.2725460_alt_20.188m_NIR.TIF"", ""/home/hyggestuen/Downloads/_WeedyRice/WeedyRice-RGBMS-DB/Multispectral/DJI_DateTime_2024_06_04_09_27_0235_lat_10.3015606_lon_105.2725460_alt_20.188m_R.TIF"", ""/home/hyggestuen/Downloads/_WeedyRice/WeedyRice-RGBMS-DB/Multispectral/DJI_DateTime_2024_06_04_09_27_0235_lat_10.3015606_lon_105.2725460_alt_20.188m_RE.TIF""]",/home/hyggestuen/Downloads/_WeedyRice/WeedyRice-RGBMS-DB/Masks/DJI_DateTime_2024_06_04_09_27_0235_lat_10.3015606_lon_105.2725460_alt_20.188m.png,2024_06_04_09,train
DJI_DateTime_2024_06_04_09_27_0236_lat_10.3015125_lon_105.2725782_alt_20.177m,/home/hyggestuen/Downloads/_WeedyRice/WeedyRice-RGBMS-DB/RGB/DJI_DateTime_2024_06_04_09_27_0236_lat_10.3015125_lon_105.2725782_alt_20.177m.JPG,,"[""/home/hyggestuen/Downloads/_WeedyRice/WeedyRice-RGBMS-DB/Multispectral/DJI_DateTime_2024_06_04_09_27_0236_lat_10.3015125_lon_105.2725782_alt_20.177m_G.TIF"", ""/home/hyggestuen/Downloads/_WeedyRice/WeedyRice-RGBMS-DB/Multispectral/DJI_DateTime_2024_06_04_09_27_0236_lat_10.3015125_lon_105.2725782_alt_20.177m_NIR.TIF"", ""/home/hyggestuen/Downloads/_WeedyRice/WeedyRice-RGBMS-DB/Multispectral/DJI_DateTime_2024_06_04_09_27_0236_lat_10.3015125_lon_105.2725782_alt_20.177m_R.TIF"", ""/home/hyggestuen/Downloads/_WeedyRice/WeedyRice-RGBMS-DB/Multispectral/DJI_DateTime_2024_06_04_09_27_0236_lat_10.3015125_lon_105.2725782_alt_20.177m_RE.TIF""]",/home/hyggestuen/Downloads/_WeedyRice/WeedyRice-RGBMS-DB/Masks/DJI_DateTime_2024_06_04_09_27_0236_lat_10.3015125_lon_105.2725782_alt_20.177m.png,2024_06_04_09,train
DJI_DateTime_2024_06_04_09_27_0237_lat_10.3014656_lon_105.2726094_alt_20.182m,/home/hyggestuen/Downloads/_WeedyRice/WeedyRice-RGBMS-DB/RGB/DJI_DateTime_2024_06_04_09_27_0237_lat_10.3014656_lon_105.2726094_alt_20.182m.JPG,,"[""/home/hyggestuen/Downloads/_WeedyRice/WeedyRice-RGBMS-DB/Multispectral/DJI_DateTime_2024_06_04_09_27_0237_lat_10.3014656_lon_105.2726094_alt_20.182m_G.TIF"", ""/home/hyggestuen/Downloads/_WeedyRice/WeedyRice-RGBMS-DB/Multispectral/DJI_DateTime_2024_06_04_09_27_0237_lat_10.3014656_lon_105.2726094_alt_20.182m_NIR.TIF"", ""/home/hyggestuen/Downloads/_WeedyRice/WeedyRice-RGBMS-DB/Multispectral/DJI_DateTime_2024_06_04_09_27_0237_lat_10.3014656_lon_105.2726094_alt_20.182m_R.TIF"", ""/home/hyggestuen/Downloads/_WeedyRice/WeedyRice-RGBMS-DB/Multispectral/DJI_DateTime_2024_06_04_09_27_0237_lat_10.3014656_lon_105.2726094_alt_20.182m_RE.TIF""]",/home/hyggestuen/Downloads/_WeedyRice/WeedyRice-RGBMS-DB/Masks/DJI_DateTime_2024_06_04_09_27_0237_lat_10.3014656_lon_105.2726094_alt_20.182m.png,2024_06_04_09,train
DJI_DateTime_2024_06_04_09_27_0238_lat_10.3014178_lon_105.2726413_alt_20.222m,/home/hyggestuen/Downloads/_WeedyRice/WeedyRice-RGBMS-DB/RGB/DJI_DateTime_2024_06_04_09_27_0238_lat_10.3014178_lon_105.2726413_alt_20.222m.JPG,,"[""/home/hyggestuen/Downloads/_WeedyRice/WeedyRice-RGBMS-DB/Multispectral/DJI_DateTime_2024_06_04_09_27_0238_lat_10.3014178_lon_105.2726413_alt_20.222m_G.TIF"", ""/home/hyggestuen/Downloads/_WeedyRice/WeedyRice-RGBMS-DB/Multispectral/DJI_DateTime_2024_06_04_09_27_0238_lat_10.3014178_lon_105.2726413_alt_20.222m_NIR.TIF"", ""/home/hyggestuen/Downloads/_WeedyRice/WeedyRice-RGBMS-DB/Multispectral/DJI_DateTime_2024_06_04_09_27_0238_lat_10.3014178_lon_105.2726413_alt_20.222m_R.TIF"", ""/home/hyggestuen/Downloads/_WeedyRice/WeedyRice-RGBMS-DB/Multispectral/DJI_DateTime_2024_06_04_09_27_0238_lat_10.3014178_lon_105.2726413_alt_20.222m_RE.TIF""]",/home/hyggestuen/Downloads/_WeedyRice/WeedyRice-RGBMS-DB/Masks/DJI_DateTime_2024_06_04_09_27_0238_lat_10.3014178_lon_105.2726413_alt_20.222m.png,2024_06_04_09,train
DJI_DateTime_2024_06_04_09_27_0239_lat_10.3013699_lon_105.2726722_alt_20.197m,/home/hyggestuen/Downloads/_WeedyRice/WeedyRice-RGBMS-DB/RGB/DJI_DateTime_2024_06_04_09_27_0239_lat_10.3013699_lon_105.2726722_alt_20.197m.JPG,,"[""/home/hyggestuen/Downloads/_WeedyRice/WeedyRice-RGBMS-DB/Multispectral/DJI_DateTime_2024_06_04_09_27_0239_lat_10.3013699_lon_105.2726722_alt_20.197m_G.TIF"", ""/home/hyggestuen/Downloads/_WeedyRice/WeedyRice-RGBMS-DB/Multispectral/DJI_DateTime_2024_06_04_09_27_0239_lat_10.3013699_lon_105.2726722_alt_20.197m_NIR.TIF"", ""/home/hyggestuen/Downloads/_WeedyRice/WeedyRice-RGBMS-DB/Multispectral/DJI_DateTime_2024_06_04_09_27_0239_lat_10.3013699_lon_105.2726722_alt_20.197m_R.TIF"", ""/home/hyggestuen/Downloads/_WeedyRice/WeedyRice-RGBMS-DB/Multispectral/DJI_DateTime_2024_06_04_09_27_0239_lat_10.3013699_lon_105.2726722_alt_20.197m_RE.TIF""]",/home/hyggestuen/Downloads/_WeedyRice/WeedyRice-RGBMS-DB/Masks/DJI_DateTime_2024_06_04_09_27_0239_lat_10.3013699_lon_105.2726722_alt_20.197m.png,2024_06_04_09,train
DJI_DateTime_2024_06_04_09_28_0244_lat_10.3014972_lon_105.2726932_alt_20.149m,/home/hyggestuen/Downloads/_WeedyRice/WeedyRice-RGBMS-DB/RGB/DJI_DateTime_2024_06_04_09_28_0244_lat_10.3014972_lon_105.2726932_alt_20.149m.JPG,,"[""/home/hyggestuen/Downloads/_WeedyRice/WeedyRice-RGBMS-DB/Multispectral/DJI_DateTime_2024_06_04_09_28_0244_lat_10.3014972_lon_105.2726932_alt_20.149m_G.TIF"", ""/home/hyggestuen/Downloads/_WeedyRice/WeedyRice-RGBMS-DB/Multispectral/DJI_DateTime_2024_06_04_09_28_0244_lat_10.3014972_lon_105.2726932_alt_20.149m_NIR.TIF"", ""/home/hyggestuen/Downloads/_WeedyRice/WeedyRice-RGBMS-DB/Multispectral/DJI_DateTime_2024_06_04_09_28_0244_lat_10.3014972_lon_105.2726932_alt_20.149m_R.TIF"", ""/home/hyggestuen/Downloads/_WeedyRice/WeedyRice-RGBMS-DB/Multispectral/DJI_DateTime_2024_06_04_09_28_0244_lat_10.3014972_lon_105.2726932_alt_20.149m_RE.TIF""]",/home/hyggestuen/Downloads/_WeedyRice/WeedyRice-RGBMS-DB/Masks/DJI_DateTime_2024_06_04_09_28_0244_lat_10.3014972_lon_105.2726932_alt_20.149m.png,2024_06_04_09,train
DJI_DateTime_2024_06_04_09_28_0245_lat_10.3015445_lon_105.2726616_alt_20.192m,/home/hyggestuen/Downloads/_WeedyRice/WeedyRice-RGBMS-DB/RGB/DJI_DateTime_2024_06_04_09_28_0245_lat_10.3015445_lon_105.2726616_alt_20.192m.JPG,,"[""/home/hyggestuen/Downloads/_WeedyRice/WeedyRice-RGBMS-DB/Multispectral/DJI_DateTime_2024_06_04_09_28_0245_lat_10.3015445_lon_105.2726616_alt_20.192m_G.TIF"", ""/home/hyggestuen/Downloads/_WeedyRice/WeedyRice-RGBMS-DB/Multispectral/DJI_DateTime_2024_06_04_09_28_0245_lat_10.3015445_lon_105.2726616_alt_20.192m_NIR.TIF"", ""/home/hyggestuen/Downloads/_WeedyRice/WeedyRice-RGBMS-DB/Multispectral/DJI_DateTime_2024_06_04_09_28_0245_lat_10.3015445_lon_105.2726616_alt_20.192m_R.TIF"", ""/home/hyggestuen/Downloads/_WeedyRice/WeedyRice-RGBMS-DB/Multispectral/DJI_DateTime_2024_06_04_09_28_0245_lat_10.3015445_lon_105.2726616_alt_20.192m_RE.TIF""]",/home/hyggestuen/Downloads/_WeedyRice/WeedyRice-RGBMS-DB/Masks/DJI_DateTime_2024_06_04_09_28_0245_lat_10.3015445_lon_105.2726616_alt_20.192m.png,2024_06_04_09,train
DJI_DateTime_2024_06_04_09_28_0246_lat_10.3015928_lon_105.2726302_alt_20.241m,/home/hyggestuen/Downloads/_WeedyRice/WeedyRice-RGBMS-DB/RGB/DJI_DateTime_2024_06_04_09_28_0246_lat_10.3015928_lon_105.2726302_alt_20.241m.JPG,,"[""/home/hyggestuen/Downloads/_WeedyRice/WeedyRice-RGBMS-DB/Multispectral/DJI_DateTime_2024_06_04_09_28_0246_lat_10.3015928_lon_105.2726302_alt_20.241m_G.TIF"", ""/home/hyggestuen/Downloads/_WeedyRice/WeedyRice-RGBMS-DB/Multispectral/DJI_DateTime_2024_06_04_09_28_0246_lat_10.3015928_lon_105.2726302_alt_20.241m_NIR.TIF"", ""/home/hyggestuen/Downloads/_WeedyRice/WeedyRice-RGBMS-DB/Multispectral/DJI_DateTime_2024_06_04_09_28_0246_lat_10.3015928_lon_105.2726302_alt_20.241m_R.TIF"", ""/home/hyggestuen/Downloads/_WeedyRice/WeedyRice-RGBMS-DB/Multispectral/DJI_DateTime_2024_06_04_09_28_0246_lat_10.3015928_lon_105.2726302_alt_20.241m_RE.TIF""]",/home/hyggestuen/Downloads/_WeedyRice/WeedyRice-RGBMS-DB/Masks/DJI_DateTime_2024_06_04_09_28_0246_lat_10.3015928_lon_105.2726302_alt_20.241m.png,2024_06_04_09,train
DJI_DateTime_2024_06_04_09_28_0247_lat_10.3016401_lon_105.2725989_alt_20.190m,/home/hyggestuen/Downloads/_WeedyRice/WeedyRice-RGBMS-DB/RGB/DJI_DateTime_2024_06_04_09_28_0247_lat_10.3016401_lon_105.2725989_alt_20.190m.JPG,,"[""/home/hyggestuen/Downloads/_WeedyRice/WeedyRice-RGBMS-DB/Multispectral/DJI_DateTime_2024_06_04_09_28_0247_lat_10.3016401_lon_105.2725989_alt_20.190m_G.TIF"", ""/home/hyggestuen/Downloads/_WeedyRice/WeedyRice-RGBMS-DB/Multispectral/DJI_DateTime_2024_06_04_09_28_0247_lat_10.3016401_lon_105.2725989_alt_20.190m_NIR.TIF"", ""/home/hyggestuen/Downloads/_WeedyRice/WeedyRice-RGBMS-DB/Multispectral/DJI_DateTime_2024_06_04_09_28_0247_lat_10.3016401_lon_105.2725989_alt_20.190m_R.TIF"", ""/home/hyggestuen/Downloads/_WeedyRice/WeedyRice-RGBMS-DB/Multispectral/DJI_DateTime_2024_06_04_09_28_0247_lat_10.3016401_lon_105.2725989_alt_20.190m_RE.TIF""]",/home/hyggestuen/Downloads/_WeedyRice/WeedyRice-RGBMS-DB/Masks/DJI_DateTime_2024_06_04_09_28_0247_lat_10.3016401_lon_105.2725989_alt_20.190m.png,2024_06_04_09,train
DJI_DateTime_2024_06_04_09_28_0248_lat_10.3016893_lon_105.2725664_alt_20.168m,/home/hyggestuen/Downloads/_WeedyRice/WeedyRice-RGBMS-DB/RGB/DJI_DateTime_2024_06_04_09_28_0248_lat_10.3016893_lon_105.2725664_alt_20.168m.JPG,,"[""/home/hyggestuen/Downloads/_WeedyRice/WeedyRice-RGBMS-DB/Multispectral/DJI_DateTime_2024_06_04_09_28_0248_lat_10.3016893_lon_105.2725664_alt_20.168m_G.TIF"", ""/home/hyggestuen/Downloads/_WeedyRice/WeedyRice-RGBMS-DB/Multispectral/DJI_DateTime_2024_06_04_09_28_0248_lat_10.3016893_lon_105.2725664_alt_20.168m_NIR.TIF"", ""/home/hyggestuen/Downloads/_WeedyRice/WeedyRice-RGBMS-DB/Multispectral/DJI_DateTime_2024_06_04_09_28_0248_lat_10.3016893_lon_105.2725664_alt_20.168m_R.TIF"", ""/home/hyggestuen/Downloads/_WeedyRice/WeedyRice-RGBMS-DB/Multispectral/DJI_DateTime_2024_06_04_09_28_0248_lat_10.3016893_lon_105.2725664_alt_20.168m_RE.TIF""]",/home/hyggestuen/Downloads/_WeedyRice/WeedyRice-RGBMS-DB/Masks/DJI_DateTime_2024_06_04_09_28_0248_lat_10.3016893_lon_105.2725664_alt_20.168m.png,2024_06_04_09,train
DJI_DateTime_2024_06_04_09_28_0249_lat_10.3017351_lon_105.2725361_alt_20.209m,/home/hyggestuen/Downloads/_WeedyRice/WeedyRice-RGBMS-DB/RGB/DJI_DateTime_2024_06_04_09_28_0249_lat_10.3017351_lon_105.2725361_alt_20.209m.JPG,,"[""/home/hyggestuen/Downloads/_WeedyRice/WeedyRice-RGBMS-DB/Multispectral/DJI_DateTime_2024_06_04_09_28_0249_lat_10.3017351_lon_105.2725361_alt_20.209m_G.TIF"", ""/home/hyggestuen/Downloads/_WeedyRice/WeedyRice-RGBMS-DB/Multispectral/DJI_DateTime_2024_06_04_09_28_0249_lat_10.3017351_lon_105.2725361_alt_20.209m_NIR.TIF"", ""/home/hyggestuen/Downloads/_WeedyRice/WeedyRice-RGBMS-DB/Multispectral/DJI_DateTime_2024_06_04_09_28_0249_lat_10.3017351_lon_105.2725361_alt_20.209m_R.TIF"", ""/home/hyggestuen/Downloads/_WeedyRice/WeedyRice-RGBMS-DB/Multispectral/DJI_DateTime_2024_06_04_09_28_0249_lat_10.3017351_lon_105.2725361_alt_20.209m_RE.TIF""]",/home/hyggestuen/Downloads/_WeedyRice/WeedyRice-RGBMS-DB/Masks/DJI_DateTime_2024_06_04_09_28_0249_lat_10.3017351_lon_105.2725361_alt_20.209m.png,2024_06_04_09,train
DJI_DateTime_2024_06_04_09_28_0250_lat_10.3017831_lon_105.2725047_alt_20.260m,/home/hyggestuen/Downloads/_WeedyRice/WeedyRice-RGBMS-DB/RGB/DJI_DateTime_2024_06_04_09_28_0250_lat_10.3017831_lon_105.2725047_alt_20.260m.JPG,,"[""/home/hyggestuen/Downloads/_WeedyRice/WeedyRice-RGBMS-DB/Multispectral/DJI_DateTime_2024_06_04_09_28_0250_lat_10.3017831_lon_105.2725047_alt_20.260m_G.TIF"", ""/home/hyggestuen/Downloads/_WeedyRice/WeedyRice-RGBMS-DB/Multispectral/DJI_DateTime_2024_06_04_09_28_0250_lat_10.3017831_lon_105.2725047_alt_20.260m_NIR.TIF"", ""/home/hyggestuen/Downloads/_WeedyRice/WeedyRice-RGBMS-DB/Multispectral/DJI_DateTime_2024_06_04_09_28_0250_lat_10.3017831_lon_105.2725047_alt_20.260m_R.TIF"", ""/home/hyggestuen/Downloads/_WeedyRice/WeedyRice-RGBMS-DB/Multispectral/DJI_DateTime_2024_06_04_09_28_0250_lat_10.3017831_lon_105.2725047_alt_20.260m_RE.TIF""]",/home/hyggestuen/Downloads/_WeedyRice/WeedyRice-RGBMS-DB/Masks/DJI_DateTime_2024_06_04_09_28_0250_lat_10.3017831_lon_105.2725047_alt_20.260m.png,2024_06_04_09,train
DJI_DateTime_2024_06_04_09_28_0251_lat_10.3018302_lon_105.2724727_alt_20.159m,/home/hyggestuen/Downloads/_WeedyRice/WeedyRice-RGBMS-DB/RGB/DJI_DateTime_2024_06_04_09_28_0251_lat_10.3018302_lon_105.2724727_alt_20.159m.JPG,,"[""/home/hyggestuen/Downloads/_WeedyRice/WeedyRice-RGBMS-DB/Multispectral/DJI_DateTime_2024_06_04_09_28_0251_lat_10.3018302_lon_105.2724727_alt_20.159m_G.TIF"", ""/home/hyggestuen/Downloads/_WeedyRice/WeedyRice-RGBMS-DB/Multispectral/DJI_DateTime_2024_06_04_09_28_0251_lat_10.3018302_lon_105.2724727_alt_20.159m_NIR.TIF"", ""/home/hyggestuen/Downloads/_WeedyRice/WeedyRice-RGBMS-DB/Multispectral/DJI_DateTime_2024_06_04_09_28_0251_lat_10.3018302_lon_105.2724727_alt_20.159m_R.TIF"", ""/home/hyggestuen/Downloads/_WeedyRice/WeedyRice-RGBMS-DB/Multispectral/DJI_DateTime_2024_06_04_09_28_0251_lat_10.3018302_lon_105.2724727_alt_20.159m_RE.TIF""]",/home/hyggestuen/Downloads/_WeedyRice/WeedyRice-RGBMS-DB/Masks/DJI_DateTime_2024_06_04_09_28_0251_lat_10.3018302_lon_105.2724727_alt_20.159m.png,2024_06_04_09,train
DJI_DateTime_2024_06_04_09_28_0257_lat_10.3021169_lon_105.2722819_alt_20.194m,/home/hyggestuen/Downloads/_WeedyRice/WeedyRice-RGBMS-DB/RGB/DJI_DateTime_2024_06_04_09_28_0257_lat_10.3021169_lon_105.2722819_alt_20.194m.JPG,,"[""/home/hyggestuen/Downloads/_WeedyRice/WeedyRice-RGBMS-DB/Multispectral/DJI_DateTime_2024_06_04_09_28_0257_lat_10.3021169_lon_105.2722819_alt_20.194m_G.TIF"", ""/home/hyggestuen/Downloads/_WeedyRice/WeedyRice-RGBMS-DB/Multispectral/DJI_DateTime_2024_06_04_09_28_0257_lat_10.3021169_lon_105.2722819_alt_20.194m_NIR.TIF"", ""/home/hyggestuen/Downloads/_WeedyRice/WeedyRice-RGBMS-DB/Multispectral/DJI_DateTime_2024_06_04_09_28_0257_lat_10.3021169_lon_105.2722819_alt_20.194m_R.TIF"", ""/home/hyggestuen/Downloads/_WeedyRice/WeedyRice-RGBMS-DB/Multispectral/DJI_DateTime_2024_06_04_09_28_0257_lat_10.3021169_lon_105.2722819_alt_20.194m_RE.TIF""]",/home/hyggestuen/Downloads/_WeedyRice/WeedyRice-RGBMS-DB/Masks/DJI_DateTime_2024_06_04_09_28_0257_lat_10.3021169_lon_105.2722819_alt_20.194m.png,2024_06_04_09,train
DJI_DateTime_2024_06_04_09_28_0258_lat_10.3021631_lon_105.2722511_alt_20.228m,/home/hyggestuen/Downloads/_WeedyRice/WeedyRice-RGBMS-DB/RGB/DJI_DateTime_2024_06_04_09_28_0258_lat_10.3021631_lon_105.2722511_alt_20.228m.JPG,,"[""/home/hyggestuen/Downloads/_WeedyRice/WeedyRice-RGBMS-DB/Multispectral/DJI_DateTime_2024_06_04_09_28_0258_lat_10.3021631_lon_105.2722511_alt_20.228m_G.TIF"", ""/home/hyggestuen/Downloads/_WeedyRice/WeedyRice-RGBMS-DB/Multispectral/DJI_DateTime_2024_06_04_09_28_0258_lat_10.3021631_lon_105.2722511_alt_20.228m_NIR.TIF"", ""/home/hyggestuen/Downloads/_WeedyRice/WeedyRice-RGBMS-DB/Multispectral/DJI_DateTime_2024_06_04_09_28_0258_lat_10.3021631_lon_105.2722511_alt_20.228m_R.TIF"", ""/home/hyggestuen/Downloads/_WeedyRice/WeedyRice-RGBMS-DB/Multispectral/DJI_DateTime_2024_06_04_09_28_0258_lat_10.3021631_lon_105.2722511_alt_20.228m_RE.TIF""]",/home/hyggestuen/Downloads/_WeedyRice/WeedyRice-RGBMS-DB/Masks/DJI_DateTime_2024_06_04_09_28_0258_lat_10.3021631_lon_105.2722511_alt_20.228m.png,2024_06_04_09,train
DJI_DateTime_2024_06_04_09_29_0259_lat_10.3022109_lon_105.2722200_alt_20.255m,/home/hyggestuen/Downloads/_WeedyRice/WeedyRice-RGBMS-DB/RGB/DJI_DateTime_2024_06_04_09_29_0259_lat_10.3022109_lon_105.2722200_alt_20.255m.JPG,,"[""/home/hyggestuen/Downloads/_WeedyRice/WeedyRice-RGBMS-DB/Multispectral/DJI_DateTime_2024_06_04_09_29_0259_lat_10.3022109_lon_105.2722200_alt_20.255m_G.TIF"", ""/home/hyggestuen/Downloads/_WeedyRice/WeedyRice-RGBMS-DB/Multispectral/DJI_DateTime_2024_06_04_09_29_0259_lat_10.3022109_lon_105.2722200_alt_20.255m_NIR.TIF"", ""/home/hyggestuen/Downloads/_WeedyRice/WeedyRice-RGBMS-DB/Multispectral/DJI_DateTime_2024_06_04_09_29_0259_lat_10.3022109_lon_105.2722200_alt_20.255m_R.TIF"", ""/home/hyggestuen/Downloads/_WeedyRice/WeedyRice-RGBMS-DB/Multispectral/DJI_DateTime_2024_06_04_09_29_0259_lat_10.3022109_lon_105.2722200_alt_20.255m_RE.TIF""]",/home/hyggestuen/Downloads/_WeedyRice/WeedyRice-RGBMS-DB/Masks/DJI_DateTime_2024_06_04_09_29_0259_lat_10.3022109_lon_105.2722200_alt_20.255m.png,2024_06_04_09,train
DJI_DateTime_2024_06_04_09_29_0264_lat_10.3024495_lon_105.2720651_alt_20.153m,/home/hyggestuen/Downloads/_WeedyRice/WeedyRice-RGBMS-DB/RGB/DJI_DateTime_2024_06_04_09_29_0264_lat_10.3024495_lon_105.2720651_alt_20.153m.JPG,,"[""/home/hyggestuen/Downloads/_WeedyRice/WeedyRice-RGBMS-DB/Multispectral/DJI_DateTime_2024_06_04_09_29_0264_lat_10.3024495_lon_105.2720651_alt_20.153m_G.TIF"", ""/home/hyggestuen/Downloads/_WeedyRice/WeedyRice-RGBMS-DB/Multispectral/DJI_DateTime_2024_06_04_09_29_0264_lat_10.3024495_lon_105.2720651_alt_20.153m_NIR.TIF"", ""/home/hyggestuen/Downloads/_WeedyRice/WeedyRice-RGBMS-DB/Multispectral/DJI_DateTime_2024_06_04_09_29_0264_lat_10.3024495_lon_105.2720651_alt_20.153m_R.TIF"", ""/home/hyggestuen/Downloads/_WeedyRice/WeedyRice-RGBMS-DB/Multispectral/DJI_DateTime_2024_06_04_09_29_0264_lat_10.3024495_lon_105.2720651_alt_20.153m_RE.TIF""]",/home/hyggestuen/Downloads/_WeedyRice/WeedyRice-RGBMS-DB/Masks/DJI_DateTime_2024_06_04_09_29_0264_lat_10.3024495_lon_105.2720651_alt_20.153m.png,2024_06_04_09,train
DJI_DateTime_2024_06_04_09_29_0265_lat_10.3024972_lon_105.2720341_alt_20.255m,/home/hyggestuen/Downloads/_WeedyRice/WeedyRice-RGBMS-DB/RGB/DJI_DateTime_2024_06_04_09_29_0265_lat_10.3024972_lon_105.2720341_alt_20.255m.JPG,,"[""/home/hyggestuen/Downloads/_WeedyRice/WeedyRice-RGBMS-DB/Multispectral/DJI_DateTime_2024_06_04_09_29_0265_lat_10.3024972_lon_105.2720341_alt_20.255m_G.TIF"", ""/home/hyggestuen/Downloads/_WeedyRice/WeedyRice-RGBMS-DB/Multispectral/DJI_DateTime_2024_06_04_09_29_0265_lat_10.3024972_lon_105.2720341_alt_20.255m_NIR.TIF"", ""/home/hyggestuen/Downloads/_WeedyRice/WeedyRice-RGBMS-DB/Multispectral/DJI_DateTime_2024_06_04_09_29_0265_lat_10.3024972_lon_105.2720341_alt_20.255m_R.TIF"", ""/home/hyggestuen/Downloads/_WeedyRice/WeedyRice-RGBMS-DB/Multispectral/DJI_DateTime_2024_06_04_09_29_0265_lat_10.3024972_lon_105.2720341_alt_20.255m_RE.TIF""]",/home/hyggestuen/Downloads/_WeedyRice/WeedyRice-RGBMS-DB/Masks/DJI_DateTime_2024_06_04_09_29_0265_lat_10.3024972_lon_105.2720341_alt_20.255m.png,2024_06_04_09,train
DJI_DateTime_2024_06_04_09_29_0266_lat_10.3025451_lon_105.2720019_alt_20.135m,/home/hyggestuen/Downloads/_WeedyRice/WeedyRice-RGBMS-DB/RGB/DJI_DateTime_2024_06_04_09_29_0266_lat_10.3025451_lon_105.2720019_alt_20.135m.JPG,,"[""/home/hyggestuen/Downloads/_WeedyRice/WeedyRice-RGBMS-DB/Multispectral/DJI_DateTime_2024_06_04_09_29_0266_lat_10.3025451_lon_105.2720019_alt_20.135m_G.TIF"", ""/home/hyggestuen/Downloads/_WeedyRice/WeedyRice-RGBMS-DB/Multispectral/DJI_DateTime_2024_06_04_09_29_0266_lat_10.3025451_lon_105.2720019_alt_20.135m_NIR.TIF"", ""/home/hyggestuen/Downloads/_WeedyRice/WeedyRice-RGBMS-DB/Multispectral/DJI_DateTime_2024_06_04_09_29_0266_lat_10.3025451_lon_105.2720019_alt_20.135m_R.TIF"", ""/home/hyggestuen/Downloads/_WeedyRice/WeedyRice-RGBMS-DB/Multispectral/DJI_DateTime_2024_06_04_09_29_0266_lat_10.3025451_lon_105.2720019_alt_20.135m_RE.TIF""]",/home/hyggestuen/Downloads/_WeedyRice/WeedyRice-RGBMS-DB/Masks/DJI_DateTime_2024_06_04_09_29_0266_lat_10.3025451_lon_105.2720019_alt_20.135m.png,2024_06_04_09,train
DJI_DateTime_2024_06_04_09_29_0267_lat_10.3025928_lon_105.2719709_alt_20.197m,/home/hyggestuen/Downloads/_WeedyRice/WeedyRice-RGBMS-DB/RGB/DJI_DateTime_2024_06_04_09_29_0267_lat_10.3025928_lon_105.2719709_alt_20.197m.JPG,,"[""/home/hyggestuen/Downloads/_WeedyRice/WeedyRice-RGBMS-DB/Multispectral/DJI_DateTime_2024_06_04_09_29_0267_lat_10.3025928_lon_105.2719709_alt_20.197m_G.TIF"", ""/home/hyggestuen/Downloads/_WeedyRice/WeedyRice-RGBMS-DB/Multispectral/DJI_DateTime_2024_06_04_09_29_0267_lat_10.3025928_lon_105.2719709_alt_20.197m_NIR.TIF"", ""/home/hyggestuen/Downloads/_WeedyRice/WeedyRice-RGBMS-DB/Multispectral/DJI_DateTime_2024_06_04_09_29_0267_lat_10.3025928_lon_105.2719709_alt_20.197m_R.TIF"", ""/home/hyggestuen/Downloads/_WeedyRice/WeedyRice-RGBMS-DB/Multispectral/DJI_DateTime_2024_06_04_09_29_0267_lat_10.3025928_lon_105.2719709_alt_20.197m_RE.TIF""]",/home/hyggestuen/Downloads/_WeedyRice/WeedyRice-RGBMS-DB/Masks/DJI_DateTime_2024_06_04_09_29_0267_lat_10.3025928_lon_105.2719709_alt_20.197m.png,2024_06_04_09,train
DJI_DateTime_2024_06_04_09_29_0268_lat_10.3026409_lon_105.2719393_alt_20.269m,/home/hyggestuen/Downloads/_WeedyRice/WeedyRice-RGBMS-DB/RGB/DJI_DateTime_2024_06_04_09_29_0268_lat_10.3026409_lon_105.2719393_alt_20.269m.JPG,,"[""/home/hyggestuen/Downloads/_WeedyRice/WeedyRice-RGBMS-DB/Multispectral/DJI_DateTime_2024_06_04_09_29_0268_lat_10.3026409_lon_105.2719393_alt_20.269m_G.TIF"", ""/home/hyggestuen/Downloads/_WeedyRice/WeedyRice-RGBMS-DB/Multispectral/DJI_DateTime_2024_06_04_09_29_0268_lat_10.3026409_lon_105.2719393_alt_20.269m_NIR.TIF"", ""/home/hyggestuen/Downloads/_WeedyRice/WeedyRice-RGBMS-DB/Multispectral/DJI_DateTime_2024_06_04_09_29_0268_lat_10.3026409_lon_105.2719393_alt_20.269m_R.TIF"", ""/home/hyggestuen/Downloads/_WeedyRice/WeedyRice-RGBMS-DB/Multispectral/DJI_DateTime_2024_06_04_09_29_0268_lat_10.3026409_lon_105.2719393_alt_20.269m_RE.TIF""]",/home/hyggestuen/Downloads/_WeedyRice/WeedyRice-RGBMS-DB/Masks/DJI_DateTime_2024_06_04_09_29_0268_lat_10.3026409_lon_105.2719393_alt_20.269m.png,2024_06_04_09,train
DJI_DateTime_2024_06_04_09_29_0269_lat_10.3026902_lon_105.2719149_alt_20.208m,/home/hyggestuen/Downloads/_WeedyRice/WeedyRice-RGBMS-DB/RGB/DJI_DateTime_2024_06_04_09_29_0269_lat_10.3026902_lon_105.2719149_alt_20.208m.JPG,,"[""/home/hyggestuen/Downloads/_WeedyRice/WeedyRice-RGBMS-DB/Multispectral/DJI_DateTime_2024_06_04_09_29_0269_lat_10.3026902_lon_105.2719149_alt_20.208m_G.TIF"", ""/home/hyggestuen/Downloads/_WeedyRice/WeedyRice-RGBMS-DB/Multispectral/DJI_DateTime_2024_06_04_09_29_0269_lat_10.3026902_lon_105.2719149_alt_20.208m_NIR.TIF"", ""/home/hyggestuen/Downloads/_WeedyRice/WeedyRice-RGBMS-DB/Multispectral/DJI_DateTime_2024_06_04_09_29_0269_lat_10.3026902_lon_105.2719149_alt_20.208m_R.TIF"", ""/home/hyggestuen/Downloads/_WeedyRice/WeedyRice-RGBMS-DB/Multispectral/DJI_DateTime_2024_06_04_09_29_0269_lat_10.3026902_lon_105.2719149_alt_20.208m_RE.TIF""]",/home/hyggestuen/Downloads/_WeedyRice/WeedyRice-RGBMS-DB/Masks/DJI_DateTime_2024_06_04_09_29_0269_lat_10.3026902_lon_105.2719149_alt_20.208m.png,2024_06_04_09,train
DJI_DateTime_2024_06_04_09_29_0270_lat_10.3026944_lon_105.2719671_alt_20.256m,/home/hyggestuen/Downloads/_WeedyRice/WeedyRice-RGBMS-DB/RGB/DJI_DateTime_2024_06_04_09_29_0270_lat_10.3026944_lon_105.2719671_alt_20.256m.JPG,,"[""/home/hyggestuen/Downloads/_WeedyRice/WeedyRice-RGBMS-DB/Multispectral/DJI_DateTime_2024_06_04_09_29_0270_lat_10.3026944_lon_105.2719671_alt_20.256m_G.TIF"", ""/home/hyggestuen/Downloads/_WeedyRice/WeedyRice-RGBMS-DB/Multispectral/DJI_DateTime_2024_06_04_09_29_0270_lat_10.3026944_lon_105.2719671_alt_20.256m_NIR.TIF"", ""/home/hyggestuen/Downloads/_WeedyRice/WeedyRice-RGBMS-DB/Multispectral/DJI_DateTime_2024_06_04_09_29_0270_lat_10.3026944_lon_105.2719671_alt_20.256m_R.TIF"", ""/home/hyggestuen/Downloads/_WeedyRice/WeedyRice-RGBMS-DB/Multispectral/DJI_DateTime_2024_06_04_09_29_0270_lat_10.3026944_lon_105.2719671_alt_20.256m_RE.TIF""]",/home/hyggestuen/Downloads/_WeedyRice/WeedyRice-RGBMS-DB/Masks/DJI_DateTime_2024_06_04_09_29_0270_lat_10.3026944_lon_105.2719671_alt_20.256m.png,2024_06_04_09,train
DJI_DateTime_2024_06_04_09_29_0271_lat_10.3026701_lon_105.2720178_alt_20.296m,/home/hyggestuen/Downloads/_WeedyRice/WeedyRice-RGBMS-DB/RGB/DJI_DateTime_2024_06_04_09_29_0271_lat_10.3026701_lon_105.2720178_alt_20.296m.JPG,,"[""/home/hyggestuen/Downloads/_WeedyRice/WeedyRice-RGBMS-DB/Multispectral/DJI_DateTime_2024_06_04_09_29_0271_lat_10.3026701_lon_105.2720178_alt_20.296m_G.TIF"", ""/home/hyggestuen/Downloads/_WeedyRice/WeedyRice-RGBMS-DB/Multispectral/DJI_DateTime_2024_06_04_09_29_0271_lat_10.3026701_lon_105.2720178_alt_20.296m_NIR.TIF"", ""/home/hyggestuen/Downloads/_WeedyRice/WeedyRice-RGBMS-DB/Multispectral/DJI_DateTime_2024_06_04_09_29_0271_lat_10.3026701_lon_105.2720178_alt_20.296m_R.TIF"", ""/home/hyggestuen/Downloads/_WeedyRice/WeedyRice-RGBMS-DB/Multispectral/DJI_DateTime_2024_06_04_09_29_0271_lat_10.3026701_lon_105.2720178_alt_20.296m_RE.TIF""]",/home/hyggestuen/Downloads/_WeedyRice/WeedyRice-RGBMS-DB/Masks/DJI_DateTime_2024_06_04_09_29_0271_lat_10.3026701_lon_105.2720178_alt_20.296m.png,2024_06_04_09,train
DJI_DateTime_2024_06_04_09_29_0272_lat_10.3026261_lon_105.2720549_alt_20.257m,/home/hyggestuen/Downloads/_WeedyRice/WeedyRice-RGBMS-DB/RGB/DJI_DateTime_2024_06_04_09_29_0272_lat_10.3026261_lon_105.2720549_alt_20.257m.JPG,,"[""/home/hyggestuen/Downloads/_WeedyRice/WeedyRice-RGBMS-DB/Multispectral/DJI_DateTime_2024_06_04_09_29_0272_lat_10.3026261_lon_105.2720549_alt_20.257m_G.TIF"", ""/home/hyggestuen/Downloads/_WeedyRice/WeedyRice-RGBMS-DB/Multispectral/DJI_DateTime_2024_06_04_09_29_0272_lat_10.3026261_lon_105.2720549_alt_20.257m_NIR.TIF"", ""/home/hyggestuen/Downloads/_WeedyRice/WeedyRice-RGBMS-DB/Multispectral/DJI_DateTime_2024_06_04_09_29_0272_lat_10.3026261_lon_105.2720549_alt_20.257m_R.TIF"", ""/home/hyggestuen/Downloads/_WeedyRice/WeedyRice-RGBMS-DB/Multispectral/DJI_DateTime_2024_06_04_09_29_0272_lat_10.3026261_lon_105.2720549_alt_20.257m_RE.TIF""]",/home/hyggestuen/Downloads/_WeedyRice/WeedyRice-RGBMS-DB/Masks/DJI_DateTime_2024_06_04_09_29_0272_lat_10.3026261_lon_105.2720549_alt_20.257m.png,2024_06_04_09,train
DJI_DateTime_2024_06_04_09_29_0273_lat_10.3025787_lon_105.2720860_alt_20.243m,/home/hyggestuen/Downloads/_WeedyRice/WeedyRice-RGBMS-DB/RGB/DJI_DateTime_2024_06_04_09_29_0273_lat_10.3025787_lon_105.2720860_alt_20.243m.JPG,,"[""/home/hyggestuen/Downloads/_WeedyRice/WeedyRice-RGBMS-DB/Multispectral/DJI_DateTime_2024_06_04_09_29_0273_lat_10.3025787_lon_105.2720860_alt_20.243m_G.TIF"", ""/home/hyggestuen/Downloads/_WeedyRice/WeedyRice-RGBMS-DB/Multispectral/DJI_DateTime_2024_06_04_09_29_0273_lat_10.3025787_lon_105.2720860_alt_20.243m_NIR.TIF"", ""/home/hyggestuen/Downloads/_WeedyRice/WeedyRice-RGBMS-DB/Multispectral/DJI_DateTime_2024_06_04_09_29_0273_lat_10.3025787_lon_105.2720860_alt_20.243m_R.TIF"", ""/home/hyggestuen/Downloads/_WeedyRice/WeedyRice-RGBMS-DB/Multispectral/DJI_DateTime_2024_06_04_09_29_0273_lat_10.3025787_lon_105.2720860_alt_20.243m_RE.TIF""]",/home/hyggestuen/Downloads/_WeedyRice/WeedyRice-RGBMS-DB/Masks/DJI_DateTime_2024_06_04_09_29_0273_lat_10.3025787_lon_105.2720860_alt_20.243m.png,2024_06_04_09,train
DJI_DateTime_2024_06_04_09_29_0274_lat_10.3025312_lon_105.2721172_alt_20.210m,/home/hyggestuen/Downloads/_WeedyRice/WeedyRice-RGBMS-DB/RGB/DJI_DateTime_2024_06_04_09_29_0274_lat_10.3025312_lon_105.2721172_alt_20.210m.JPG,,"[""/home/hyggestuen/Downloads/_WeedyRice/WeedyRice-RGBMS-DB/Multispectral/DJI_DateTime_2024_06_04_09_29_0274_lat_10.3025312_lon_105.2721172_alt_20.210m_G.TIF"", ""/home/hyggestuen/Downloads/_WeedyRice/WeedyRice-RGBMS-DB/Multispectral/DJI_DateTime_2024_06_04_09_29_0274_lat_10.3025312_lon_105.2721172_alt_20.210m_NIR.TIF"", ""/home/hyggestuen/Downloads/_WeedyRice/WeedyRice-RGBMS-DB/Multispectral/DJI_DateTime_2024_06_04_09_29_0274_lat_10.3025312_lon_105.2721172_alt_20.210m_R.TIF"", ""/home/hyggestuen/Downloads/_WeedyRice/WeedyRice-RGBMS-DB/Multispectral/DJI_DateTime_2024_06_04_09_29_0274_lat_10.3025312_lon_105.2721172_alt_20.210m_RE.TIF""]",/home/hyggestuen/Downloads/_WeedyRice/WeedyRice-RGBMS-DB/Masks/DJI_DateTime_2024_06_04_09_29_0274_lat_10.3025312_lon_105.2721172_alt_20.210m.png,2024_06_04_09,train
DJI_DateTime_2024_06_04_09_29_0275_lat_10.3024834_lon_105.2721485_alt_20.190m,/home/hyggestuen/Downloads/_WeedyRice/WeedyRice-RGBMS-DB/RGB/DJI_DateTime_2024_06_04_09_29_0275_lat_10.3024834_lon_105.2721485_alt_20.190m.JPG,,"[""/home/hyggestuen/Downloads/_WeedyRice/WeedyRice-RGBMS-DB/Multispectral/DJI_DateTime_2024_06_04_09_29_0275_lat_10.3024834_lon_105.2721485_alt_20.190m_G.TIF"", ""/home/hyggestuen/Downloads/_WeedyRice/WeedyRice-RGBMS-DB/Multispectral/DJI_DateTime_2024_06_04_09_29_0275_lat_10.3024834_lon_105.2721485_alt_20.190m_NIR.TIF"", ""/home/hyggestuen/Downloads/_WeedyRice/WeedyRice-RGBMS-DB/Multispectral/DJI_DateTime_2024_06_04_09_29_0275_lat_10.3024834_lon_105.2721485_alt_20.190m_R.TIF"", ""/home/hyggestuen/Downloads/_WeedyRice/WeedyRice-RGBMS-DB/Multispectral/DJI_DateTime_2024_06_04_09_29_0275_lat_10.3024834_lon_105.2721485_alt_20.190m_RE.TIF""]",/home/hyggestuen/Downloads/_WeedyRice/WeedyRice-RGBMS-DB/Masks/DJI_DateTime_2024_06_04_09_29_0275_lat_10.3024834_lon_105.2721485_alt_20.190m.png,2024_06_04_09,train
DJI_DateTime_2024_06_04_09_30_0279_lat_10.3022919_lon_105.2722751_alt_20.180m,/home/hyggestuen/Downloads/_WeedyRice/WeedyRice-RGBMS-DB/RGB/DJI_DateTime_2024_06_04_09_30_0279_lat_10.3022919_lon_105.2722751_alt_20.180m.JPG,,"[""/home/hyggestuen/Downloads/_WeedyRice/WeedyRice-RGBMS-DB/Multispectral/DJI_DateTime_2024_06_04_09_30_0279_lat_10.3022919_lon_105.2722751_alt_20.180m_G.TIF"", ""/home/hyggestuen/Downloads/_WeedyRice/WeedyRice-RGBMS-DB/Multispectral/DJI_DateTime_2024_06_04_09_30_0279_lat_10.3022919_lon_105.2722751_alt_20.180m_NIR.TIF"", ""/home/hyggestuen/Downloads/_WeedyRice/WeedyRice-RGBMS-DB/Multispectral/DJI_DateTime_2024_06_04_09_30_0279_lat_10.3022919_lon_105.2722751_alt_20.180m_R.TIF"", ""/home/hyggestuen/Downloads/_WeedyRice/WeedyRice-RGBMS-DB/Multispectral/DJI_DateTime_2024_06_04_09_30_0279_lat_10.3022919_lon_105.2722751_alt_20.180m_RE.TIF""]",/home/hyggestuen/Downloads/_WeedyRice/WeedyRice-RGBMS-DB/Masks/DJI_DateTime_2024_06_04_09_30_0279_lat_10.3022919_lon_105.2722751_alt_20.180m.png,2024_06_04_09,train
DJI_DateTime_2024_06_04_09_30_0280_lat_10.3022441_lon_105.2723070_alt_20.230m,/home/hyggestuen/Downloads/_WeedyRice/WeedyRice-RGBMS-DB/RGB/DJI_DateTime_2024_06_04_09_30_0280_lat_10.3022441_lon_105.2723070_alt_20.230m.JPG,,"[""/home/hyggestuen/Downloads/_WeedyRice/WeedyRice-RGBMS-DB/Multispectral/DJI_DateTime_2024_06_04_09_30_0280_lat_10.3022441_lon_105.2723070_alt_20.230m_G.TIF"", ""/home/hyggestuen/Downloads/_WeedyRice/WeedyRice-RGBMS-DB/Multispectral/DJI_DateTime_2024_06_04_09_30_0280_lat_10.3022441_lon_105.2723070_alt_20.230m_NIR.TIF"", ""/home/hyggestuen/Downloads/_WeedyRice/WeedyRice-RGBMS-DB/Multispectral/DJI_DateTime_2024_06_04_09_30_0280_lat_10.3022441_lon_105.2723070_alt_20.230m_R.TIF"", ""/home/hyggestuen/Downloads/_WeedyRice/WeedyRice-RGBMS-DB/Multispectral/DJI_DateTime_2024_06_04_09_30_0280_lat_10.3022441_lon_105.2723070_alt_20.230m_RE.TIF""]",/home/hyggestuen/Downloads/_WeedyRice/WeedyRice-RGBMS-DB/Masks/DJI_DateTime_2024_06_04_09_30_0280_lat_10.3022441_lon_105.2723070_alt_20.230m.png,2024_06_04_09,train
DJI_DateTime_2024_06_04_09_30_0281_lat_10.3021962_lon_105.2723383_alt_20.217m,/home/hyggestuen/Downloads/_WeedyRice/WeedyRice-RGBMS-DB/RGB/DJI_DateTime_2024_06_04_09_30_0281_lat_10.3021962_lon_105.2723383_alt_20.217m.JPG,,"[""/home/hyggestuen/Downloads/_WeedyRice/WeedyRice-RGBMS-DB/Multispectral/DJI_DateTime_2024_06_04_09_30_0281_lat_10.3021962_lon_105.2723383_alt_20.217m_G.TIF"", ""/home/hyggestuen/Downloads/_WeedyRice/WeedyRice-RGBMS-DB/Multispectral/DJI_DateTime_2024_06_04_09_30_0281_lat_10.3021962_lon_105.2723383_alt_20.217m_NIR.TIF"", ""/home/hyggestuen/Downloads/_WeedyRice/WeedyRice-RGBMS-DB/Multispectral/DJI_DateTime_2024_06_04_09_30_0281_lat_10.3021962_lon_105.2723383_alt_20.217m_R.TIF"", ""/home/hyggestuen/Downloads/_WeedyRice/WeedyRice-RGBMS-DB/Multispectral/DJI_DateTime_2024_06_04_09_30_0281_lat_10.3021962_lon_105.2723383_alt_20.217m_RE.TIF""]",/home/hyggestuen/Downloads/_WeedyRice/WeedyRice-RGBMS-DB/Masks/DJI_DateTime_2024_06_04_09_30_0281_lat_10.3021962_lon_105.2723383_alt_20.217m.png,2024_06_04_09,train
DJI_DateTime_2024_06_04_09_30_0282_lat_10.3021486_lon_105.2723695_alt_20.189m,/home/hyggestuen/Downloads/_WeedyRice/WeedyRice-RGBMS-DB/RGB/DJI_DateTime_2024_06_04_09_30_0282_lat_10.3021486_lon_105.2723695_alt_20.189m.JPG,,"[""/home/hyggestuen/Downloads/_WeedyRice/WeedyRice-RGBMS-DB/Multispectral/DJI_DateTime_2024_06_04_09_30_0282_lat_10.3021486_lon_105.2723695_alt_20.189m_G.TIF"", ""/home/hyggestuen/Downloads/_WeedyRice/WeedyRice-RGBMS-DB/Multispectral/DJI_DateTime_2024_06_04_09_30_0282_lat_10.3021486_lon_105.2723695_alt_20.189m_NIR.TIF"", ""/home/hyggestuen/Downloads/_WeedyRice/WeedyRice-RGBMS-DB/Multispectral/DJI_DateTime_2024_06_04_09_30_0282_lat_10.3021486_lon_105.2723695_alt_20.189m_R.TIF"", ""/home/hyggestuen/Downloads/_WeedyRice/WeedyRice-RGBMS-DB/Multispectral/DJI_DateTime_2024_06_04_09_30_0282_lat_10.3021486_lon_105.2723695_alt_20.189m_RE.TIF""]",/home/hyggestuen/Downloads/_WeedyRice/WeedyRice-RGBMS-DB/Masks/DJI_DateTime_2024_06_04_09_30_0282_lat_10.3021486_lon_105.2723695_alt_20.189m.png,2024_06_04_09,train
DJI_DateTime_2024_06_04_09_30_0283_lat_10.3021011_lon_105.2724008_alt_20.217m,/home/hyggestuen/Downloads/_WeedyRice/WeedyRice-RGBMS-DB/RGB/DJI_DateTime_2024_06_04_09_30_0283_lat_10.3021011_lon_105.2724008_alt_20.217m.JPG,,"[""/home/hyggestuen/Downloads/_WeedyRice/WeedyRice-RGBMS-DB/Multispectral/DJI_DateTime_2024_06_04_09_30_0283_lat_10.3021011_lon_105.2724008_alt_20.217m_G.TIF"", ""/home/hyggestuen/Downloads/_WeedyRice/WeedyRice-RGBMS-DB/Multispectral/DJI_DateTime_2024_06_04_09_30_0283_lat_10.3021011_lon_105.2724008_alt_20.217m_NIR.TIF"", ""/home/hyggestuen/Downloads/_WeedyRice/WeedyRice-RGBMS-DB/Multispectral/DJI_DateTime_2024_06_04_09_30_0283_lat_10.3021011_lon_105.2724008_alt_20.217m_R.TIF"", ""/home/hyggestuen/Downloads/_WeedyRice/WeedyRice-RGBMS-DB/Multispectral/DJI_DateTime_2024_06_04_09_30_0283_lat_10.3021011_lon_105.2724008_alt_20.217m_RE.TIF""]",/home/hyggestuen/Downloads/_WeedyRice/WeedyRice-RGBMS-DB/Masks/DJI_DateTime_2024_06_04_09_30_0283_lat_10.3021011_lon_105.2724008_alt_20.217m.png,2024_06_04_09,train
DJI_DateTime_2024_06_04_09_31_0293_lat_10.3016248_lon_105.2727146_alt_20.203m,/home/hyggestuen/Downloads/_WeedyRice/WeedyRice-RGBMS-DB/RGB/DJI_DateTime_2024_06_04_09_31_0293_lat_10.3016248_lon_105.2727146_alt_20.203m.JPG,,"[""/home/hyggestuen/Downloads/_WeedyRice/WeedyRice-RGBMS-DB/Multispectral/DJI_DateTime_2024_06_04_09_31_0293_lat_10.3016248_lon_105.2727146_alt_20.203m_G.TIF"", ""/home/hyggestuen/Downloads/_WeedyRice/WeedyRice-RGBMS-DB/Multispectral/DJI_DateTime_2024_06_04_09_31_0293_lat_10.3016248_lon_105.2727146_alt_20.203m_NIR.TIF"", ""/home/hyggestuen/Downloads/_WeedyRice/WeedyRice-RGBMS-DB/Multispectral/DJI_DateTime_2024_06_04_09_31_0293_lat_10.3016248_lon_105.2727146_alt_20.203m_R.TIF"", ""/home/hyggestuen/Downloads/_WeedyRice/WeedyRice-RGBMS-DB/Multispectral/DJI_DateTime_2024_06_04_09_31_0293_lat_10.3016248_lon_105.2727146_alt_20.203m_RE.TIF""]",/home/hyggestuen/Downloads/_WeedyRice/WeedyRice-RGBMS-DB/Masks/DJI_DateTime_2024_06_04_09_31_0293_lat_10.3016248_lon_105.2727146_alt_20.203m.png,2024_06_04_09,train
DJI_DateTime_2024_06_04_09_31_0294_lat_10.3015776_lon_105.2727464_alt_20.214m,/home/hyggestuen/Downloads/_WeedyRice/WeedyRice-RGBMS-DB/RGB/DJI_DateTime_2024_06_04_09_31_0294_lat_10.3015776_lon_105.2727464_alt_20.214m.JPG,,"[""/home/hyggestuen/Downloads/_WeedyRice/WeedyRice-RGBMS-DB/Multispectral/DJI_DateTime_2024_06_04_09_31_0294_lat_10.3015776_lon_105.2727464_alt_20.214m_G.TIF"", ""/home/hyggestuen/Downloads/_WeedyRice/WeedyRice-RGBMS-DB/Multispectral/DJI_DateTime_2024_06_04_09_31_0294_lat_10.3015776_lon_105.2727464_alt_20.214m_NIR.TIF"", ""/home/hyggestuen/Downloads/_WeedyRice/WeedyRice-RGBMS-DB/Multispectral/DJI_DateTime_2024_06_04_09_31_0294_lat_10.3015776_lon_105.2727464_alt_20.214m_R.TIF"", ""/home/hyggestuen/Downloads/_WeedyRice/WeedyRice-RGBMS-DB/Multispectral/DJI_DateTime_2024_06_04_09_31_0294_lat_10.3015776_lon_105.2727464_alt_20.214m_RE.TIF""]",/home/hyggestuen/Downloads/_WeedyRice/WeedyRice-RGBMS-DB/Masks/DJI_DateTime_2024_06_04_09_31_0294_lat_10.3015776_lon_105.2727464_alt_20.214m.png,2024_06_04_09,train
DJI_DateTime_2024_06_04_09_31_0300_lat_10.3016456_lon_105.2728074_alt_20.232m,/home/hyggestuen/Downloads/_WeedyRice/WeedyRice-RGBMS-DB/RGB/DJI_DateTime_2024_06_04_09_31_0300_lat_10.3016456_lon_105.2728074_alt_20.232m.JPG,,"[""/home/hyggestuen/Downloads/_WeedyRice/WeedyRice-RGBMS-DB/Multispectral/DJI_DateTime_2024_06_04_09_31_0300_lat_10.3016456_lon_105.2728074_alt_20.232m_G.TIF"", ""/home/hyggestuen/Downloads/_WeedyRice/WeedyRice-RGBMS-DB/Multispectral/DJI_DateTime_2024_06_04_09_31_0300_lat_10.3016456_lon_105.2728074_alt_20.232m_NIR.TIF"", ""/home/hyggestuen/Downloads/_WeedyRice/WeedyRice-RGBMS-DB/Multispectral/DJI_DateTime_2024_06_04_09_31_0300_lat_10.3016456_lon_105.2728074_alt_20.232m_R.TIF"", ""/home/hyggestuen/Downloads/_WeedyRice/WeedyRice-RGBMS-DB/Multispectral/DJI_DateTime_2024_06_04_09_31_0300_lat_10.3016456_lon_105.2728074_alt_20.232m_RE.TIF""]",/home/hyggestuen/Downloads/_WeedyRice/WeedyRice-RGBMS-DB/Masks/DJI_DateTime_2024_06_04_09_31_0300_lat_10.3016456_lon_105.2728074_alt_20.232m.png,2024_06_04_09,train
DJI_DateTime_2024_06_04_09_32_0310_lat_10.3021220_lon_105.2724914_alt_20.149m,/home/hyggestuen/Downloads/_WeedyRice/WeedyRice-RGBMS-DB/RGB/DJI_DateTime_2024_06_04_09_32_0310_lat_10.3021220_lon_105.2724914_alt_20.149m.JPG,,"[""/home/hyggestuen/Downloads/_WeedyRice/WeedyRice-RGBMS-DB/Multispectral/DJI_DateTime_2024_06_04_09_32_0310_lat_10.3021220_lon_105.2724914_alt_20.149m_G.TIF"", ""/home/hyggestuen/Downloads/_WeedyRice/WeedyRice-RGBMS-DB/Multispectral/DJI_DateTime_2024_06_04_09_32_0310_lat_10.3021220_lon_105.2724914_alt_20.149m_NIR.TIF"", ""/home/hyggestuen/Downloads/_WeedyRice/WeedyRice-RGBMS-DB/Multispectral/DJI_DateTime_2024_06_04_09_32_0310_lat_10.3021220_lon_105.2724914_alt_20.149m_R.TIF"", ""/home/hyggestuen/Downloads/_WeedyRice/WeedyRice-RGBMS-DB/Multispectral/DJI_DateTime_2024_06_04_09_32_0310_lat_10.3021220_lon_105.2724914_alt_20.149m_RE.TIF""]",/home/hyggestuen/Downloads/_WeedyRice/WeedyRice-RGBMS-DB/Masks/DJI_DateTime_2024_06_04_09_32_0310_lat_10.3021220_lon_105.2724914_alt_20.149m.png,2024_06_04_09,train
DJI_DateTime_2024_06_04_09_32_0311_lat_10.3021700_lon_105.2724599_alt_20.221m,/home/hyggestuen/Downloads/_WeedyRice/WeedyRice-RGBMS-DB/RGB/DJI_DateTime_2024_06_04_09_32_0311_lat_10.3021700_lon_105.2724599_alt_20.221m.JPG,,"[""/home/hyggestuen/Downloads/_WeedyRice/WeedyRice-RGBMS-DB/Multispectral/DJI_DateTime_2024_06_04_09_32_0311_lat_10.3021700_lon_105.2724599_alt_20.221m_G.TIF"", ""/home/hyggestuen/Downloads/_WeedyRice/WeedyRice-RGBMS-DB/Multispectral/DJI_DateTime_2024_06_04_09_32_0311_lat_10.3021700_lon_105.2724599_alt_20.221m_NIR.TIF"", ""/home/hyggestuen/Downloads/_WeedyRice/WeedyRice-RGBMS-DB/Multispectral/DJI_DateTime_2024_06_04_09_32_0311_lat_10.3021700_lon_105.2724599_alt_20.221m_R.TIF"", ""/home/hyggestuen/Downloads/_WeedyRice/WeedyRice-RGBMS-DB/Multispectral/DJI_DateTime_2024_06_04_09_32_0311_lat_10.3021700_lon_105.2724599_alt_20.221m_RE.TIF""]",/home/hyggestuen/Downloads/_WeedyRice/WeedyRice-RGBMS-DB/Masks/DJI_DateTime_2024_06_04_09_32_0311_lat_10.3021700_lon_105.2724599_alt_20.221m.png,2024_06_04_09,train
DJI_DateTime_2024_06_04_09_32_0312_lat_10.3022181_lon_105.2724278_alt_20.205m,/home/hyggestuen/Downloads/_WeedyRice/WeedyRice-RGBMS-DB/RGB/DJI_DateTime_2024_06_04_09_32_0312_lat_10.3022181_lon_105.2724278_alt_20.205m.JPG,,"[""/home/hyggestuen/Downloads/_WeedyRice/WeedyRice-RGBMS-DB/Multispectral/DJI_DateTime_2024_06_04_09_32_0312_lat_10.3022181_lon_105.2724278_alt_20.205m_G.TIF"", ""/home/hyggestuen/Downloads/_WeedyRice/WeedyRice-RGBMS-DB/Multispectral/DJI_DateTime_2024_06_04_09_32_0312_lat_10.3022181_lon_105.2724278_alt_20.205m_NIR.TIF"", ""/home/hyggestuen/Downloads/_WeedyRice/WeedyRice-RGBMS-DB/Multispectral/DJI_DateTime_2024_06_04_09_32_0312_lat_10.3022181_lon_105.2724278_alt_20.205m_R.TIF"", ""/home/hyggestuen/Downloads/_WeedyRice/WeedyRice-RGBMS-DB/Multispectral/DJI_DateTime_2024_06_04_09_32_0312_lat_10.3022181_lon_105.2724278_alt_20.205m_RE.TIF""]",/home/hyggestuen/Downloads/_WeedyRice/WeedyRice-RGBMS-DB/Masks/DJI_DateTime_2024_06_04_09_32_0312_lat_10.3022181_lon_105.2724278_alt_20.205m.png,2024_06_04_09,train
DJI_DateTime_2024_06_04_09_32_0313_lat_10.3022652_lon_105.2723968_alt_20.232m,/home/hyggestuen/Downloads/_WeedyRice/WeedyRice-RGBMS-DB/RGB/DJI_DateTime_2024_06_04_09_32_0313_lat_10.3022652_lon_105.2723968_alt_20.232m.JPG,,"[""/home/hyggestuen/Downloads/_WeedyRice/WeedyRice-RGBMS-DB/Multispectral/DJI_DateTime_2024_06_04_09_32_0313_lat_10.3022652_lon_105.2723968_alt_20.232m_G.TIF"", ""/home/hyggestuen/Downloads/_WeedyRice/WeedyRice-RGBMS-DB/Multispectral/DJI_DateTime_2024_06_04_09_32_0313_lat_10.3022652_lon_105.2723968_alt_20.232m_NIR.TIF"", ""/home/hyggestuen/Downloads/_WeedyRice/WeedyRice-RGBMS-DB/Multispectral/DJI_DateTime_2024_06_04_09_32_0313_lat_10.3022652_lon_105.2723968_alt_20.232m_R.TIF"", ""/home/hyggestuen/Downloads/_WeedyRice/WeedyRice-RGBMS-DB/Multispectral/DJI_DateTime_2024_06_04_09_32_0313_lat_10.3022652_lon_105.2723968_alt_20.232m_RE.TIF""]",/home/hyggestuen/Downloads/_WeedyRice/WeedyRice-RGBMS-DB/Masks/DJI_DateTime_2024_06_04_09_32_0313_lat_10.3022652_lon_105.2723968_alt_20.232m.png,2024_06_04_09,train
DJI_DateTime_2024_06_04_09_32_0314_lat_10.3023123_lon_105.2723649_alt_20.248m,/home/hyggestuen/Downloads/_WeedyRice/WeedyRice-RGBMS-DB/RGB/DJI_DateTime_2024_06_04_09_32_0314_lat_10.3023123_lon_105.2723649_alt_20.248m.JPG,,"[""/home/hyggestuen/Downloads/_WeedyRice/WeedyRice-RGBMS-DB/Multispectral/DJI_DateTime_2024_06_04_09_32_0314_lat_10.3023123_lon_105.2723649_alt_20.248m_G.TIF"", ""/home/hyggestuen/Downloads/_WeedyRice/WeedyRice-RGBMS-DB/Multispectral/DJI_DateTime_2024_06_04_09_32_0314_lat_10.3023123_lon_105.2723649_alt_20.248m_NIR.TIF"", ""/home/hyggestuen/Downloads/_WeedyRice/WeedyRice-RGBMS-DB/Multispectral/DJI_DateTime_2024_06_04_09_32_0314_lat_10.3023123_lon_105.2723649_alt_20.248m_R.TIF"", ""/home/hyggestuen/Downloads/_WeedyRice/WeedyRice-RGBMS-DB/Multispectral/DJI_DateTime_2024_06_04_09_32_0314_lat_10.3023123_lon_105.2723649_alt_20.248m_RE.TIF""]",/home/hyggestuen/Downloads/_WeedyRice/WeedyRice-RGBMS-DB/Masks/DJI_DateTime_2024_06_04_09_32_0314_lat_10.3023123_lon_105.2723649_alt_20.248m.png,2024_06_04_09,train
DJI_DateTime_2024_06_04_09_32_0317_lat_10.3024551_lon_105.2722706_alt_20.048m,/home/hyggestuen/Downloads/_WeedyRice/WeedyRice-RGBMS-DB/RGB/DJI_DateTime_2024_06_04_09_32_0317_lat_10.3024551_lon_105.2722706_alt_20.048m.JPG,,"[""/home/hyggestuen/Downloads/_WeedyRice/WeedyRice-RGBMS-DB/Multispectral/DJI_DateTime_2024_06_04_09_32_0317_lat_10.3024551_lon_105.2722706_alt_20.048m_G.TIF"", ""/home/hyggestuen/Downloads/_WeedyRice/WeedyRice-RGBMS-DB/Multispectral/DJI_DateTime_2024_06_04_09_32_0317_lat_10.3024551_lon_105.2722706_alt_20.048m_NIR.TIF"", ""/home/hyggestuen/Downloads/_WeedyRice/WeedyRice-RGBMS-DB/Multispectral/DJI_DateTime_2024_06_04_09_32_0317_lat_10.3024551_lon_105.2722706_alt_20.048m_R.TIF"", ""/home/hyggestuen/Downloads/_WeedyRice/WeedyRice-RGBMS-DB/Multispectral/DJI_DateTime_2024_06_04_09_32_0317_lat_10.3024551_lon_105.2722706_alt_20.048m_RE.TIF""]",/home/hyggestuen/Downloads/_WeedyRice/WeedyRice-RGBMS-DB/Masks/DJI_DateTime_2024_06_04_09_32_0317_lat_10.3024551_lon_105.2722706_alt_20.048m.png,2024_06_04_09,train
DJI_DateTime_2024_06_04_09_32_0318_lat_10.3024965_lon_105.2722791_alt_20.322m,/home/hyggestuen/Downloads/_WeedyRice/WeedyRice-RGBMS-DB/RGB/DJI_DateTime_2024_06_04_09_32_0318_lat_10.3024965_lon_105.2722791_alt_20.322m.JPG,,"[""/home/hyggestuen/Downloads/_WeedyRice/WeedyRice-RGBMS-DB/Multispectral/DJI_DateTime_2024_06_04_09_32_0318_lat_10.3024965_lon_105.2722791_alt_20.322m_G.TIF"", ""/home/hyggestuen/Downloads/_WeedyRice/WeedyRice-RGBMS-DB/Multispectral/DJI_DateTime_2024_06_04_09_32_0318_lat_10.3024965_lon_105.2722791_alt_20.322m_NIR.TIF"", ""/home/hyggestuen/Downloads/_WeedyRice/WeedyRice-RGBMS-DB/Multispectral/DJI_DateTime_2024_06_04_09_32_0318_lat_10.3024965_lon_105.2722791_alt_20.322m_R.TIF"", ""/home/hyggestuen/Downloads/_WeedyRice/WeedyRice-RGBMS-DB/Multispectral/DJI_DateTime_2024_06_04_09_32_0318_lat_10.3024965_lon_105.2722791_alt_20.322m_RE.TIF""]",/home/hyggestuen/Downloads/_WeedyRice/WeedyRice-RGBMS-DB/Masks/DJI_DateTime_2024_06_04_09_32_0318_lat_10.3024965_lon_105.2722791_alt_20.322m.png,2024_06_04_09,train
DJI_DateTime_2024_06_04_09_32_0319_lat_10.3024618_lon_105.2723258_alt_20.255m,/home/hyggestuen/Downloads/_WeedyRice/WeedyRice-RGBMS-DB/RGB/DJI_DateTime_2024_06_04_09_32_0319_lat_10.3024618_lon_105.2723258_alt_20.255m.JPG,,"[""/home/hyggestuen/Downloads/_WeedyRice/WeedyRice-RGBMS-DB/Multispectral/DJI_DateTime_2024_06_04_09_32_0319_lat_10.3024618_lon_105.2723258_alt_20.255m_G.TIF"", ""/home/hyggestuen/Downloads/_WeedyRice/WeedyRice-RGBMS-DB/Multispectral/DJI_DateTime_2024_06_04_09_32_0319_lat_10.3024618_lon_105.2723258_alt_20.255m_NIR.TIF"", ""/home/hyggestuen/Downloads/_WeedyRice/WeedyRice-RGBMS-DB/Multispectral/DJI_DateTime_2024_06_04_09_32_0319_lat_10.3024618_lon_105.2723258_alt_20.255m_R.TIF"", ""/home/hyggestuen/Downloads/_WeedyRice/WeedyRice-RGBMS-DB/Multispectral/DJI_DateTime_2024_06_04_09_32_0319_lat_10.3024618_lon_105.2723258_alt_20.255m_RE.TIF""]",/home/hyggestuen/Downloads/_WeedyRice/WeedyRice-RGBMS-DB/Masks/DJI_DateTime_2024_06_04_09_32_0319_lat_10.3024618_lon_105.2723258_alt_20.255m.png,2024_06_04_09,train
DJI_DateTime_2024_06_04_09_32_0326_lat_10.3021523_lon_105.2725750_alt_20.203m,/home/hyggestuen/Downloads/_WeedyRice/WeedyRice-RGBMS-DB/RGB/DJI_DateTime_2024_06_04_09_32_0326_lat_10.3021523_lon_105.2725750_alt_20.203m.JPG,,"[""/home/hyggestuen/Downloads/_WeedyRice/WeedyRice-RGBMS-DB/Multispectral/DJI_DateTime_2024_06_04_09_32_0326_lat_10.3021523_lon_105.2725750_alt_20.203m_G.TIF"", ""/home/hyggestuen/Downloads/_WeedyRice/WeedyRice-RGBMS-DB/Multispectral/DJI_DateTime_2024_06_04_09_32_0326_lat_10.3021523_lon_105.2725750_alt_20.203m_NIR.TIF"", ""/home/hyggestuen/Downloads/_WeedyRice/WeedyRice-RGBMS-DB/Multispectral/DJI_DateTime_2024_06_04_09_32_0326_lat_10.3021523_lon_105.2725750_alt_20.203m_R.TIF"", ""/home/hyggestuen/Downloads/_WeedyRice/WeedyRice-RGBMS-DB/Multispectral/DJI_DateTime_2024_06_04_09_32_0326_lat_10.3021523_lon_105.2725750_alt_20.203m_RE.TIF""]",/home/hyggestuen/Downloads/_WeedyRice/WeedyRice-RGBMS-DB/Masks/DJI_DateTime_2024_06_04_09_32_0326_lat_10.3021523_lon_105.2725750_alt_20.203m.png,2024_06_04_09,train
DJI_DateTime_2024_06_04_09_32_0327_lat_10.3021045_lon_105.2726066_alt_20.214m,/home/hyggestuen/Downloads/_WeedyRice/WeedyRice-RGBMS-DB/RGB/DJI_DateTime_2024_06_04_09_32_0327_lat_10.3021045_lon_105.2726066_alt_20.214m.JPG,,"[""/home/hyggestuen/Downloads/_WeedyRice/WeedyRice-RGBMS-DB/Multispectral/DJI_DateTime_2024_06_04_09_32_0327_lat_10.3021045_lon_105.2726066_alt_20.214m_G.TIF"", ""/home/hyggestuen/Downloads/_WeedyRice/WeedyRice-RGBMS-DB/Multispectral/DJI_DateTime_2024_06_04_09_32_0327_lat_10.3021045_lon_105.2726066_alt_20.214m_NIR.TIF"", ""/home/hyggestuen/Downloads/_WeedyRice/WeedyRice-RGBMS-DB/Multispectral/DJI_DateTime_2024_06_04_09_32_0327_lat_10.3021045_lon_105.2726066_alt_20.214m_R.TIF"", ""/home/hyggestuen/Downloads/_WeedyRice/WeedyRice-RGBMS-DB/Multispectral/DJI_DateTime_2024_06_04_09_32_0327_lat_10.3021045_lon_105.2726066_alt_20.214m_RE.TIF""]",/home/hyggestuen/Downloads/_WeedyRice/WeedyRice-RGBMS-DB/Masks/DJI_DateTime_2024_06_04_09_32_0327_lat_10.3021045_lon_105.2726066_alt_20.214m.png,2024_06_04_09,train
DJI_DateTime_2024_06_04_09_33_0328_lat_10.3020564_lon_105.2726386_alt_20.201m,/home/hyggestuen/Downloads/_WeedyRice/WeedyRice-RGBMS-DB/RGB/DJI_DateTime_2024_06_04_09_33_0328_lat_10.3020564_lon_105.2726386_alt_20.201m.JPG,,"[""/home/hyggestuen/Downloads/_WeedyRice/WeedyRice-RGBMS-DB/Multispectral/DJI_DateTime_2024_06_04_09_33_0328_lat_10.3020564_lon_105.2726386_alt_20.201m_G.TIF"", ""/home/hyggestuen/Downloads/_WeedyRice/WeedyRice-RGBMS-DB/Multispectral/DJI_DateTime_2024_06_04_09_33_0328_lat_10.3020564_lon_105.2726386_alt_20.201m_NIR.TIF"", ""/home/hyggestuen/Downloads/_WeedyRice/WeedyRice-RGBMS-DB/Multispectral/DJI_DateTime_2024_06_04_09_33_0328_lat_10.3020564_lon_105.2726386_alt_20.201m_R.TIF"", ""/home/hyggestuen/Downloads/_WeedyRice/WeedyRice-RGBMS-DB/Multispectral/DJI_DateTime_2024_06_04_09_33_0328_lat_10.3020564_lon_105.2726386_alt_20.201m_RE.TIF""]",/home/hyggestuen/Downloads/_WeedyRice/WeedyRice-RGBMS-DB/Masks/DJI_DateTime_2024_06_04_09_33_0328_lat_10.3020564_lon_105.2726386_alt_20.201m.png,2024_06_04_09,train
DJI_DateTime_2024_06_04_11_04_0010_lat_10.3007998_lon_105.2714125_alt_20.212m,/home/hyggestuen/Downloads/_WeedyRice/WeedyRice-RGBMS-DB/RGB/DJI_DateTime_2024_06_04_11_04_0010_lat_10.3007998_lon_105.2714125_alt_20.212m.JPG,,"[""/home/hyggestuen/Downloads/_WeedyRice/WeedyRice-RGBMS-DB/Multispectral/DJI_DateTime_2024_06_04_11_04_0010_lat_10.3007998_lon_105.2714125_alt_20.212m_G.TIF"", ""/home/hyggestuen/Downloads/_WeedyRice/WeedyRice-RGBMS-DB/Multispectral/DJI_DateTime_2024_06_04_11_04_0010_lat_10.3007998_lon_105.2714125_alt_20.212m_NIR.TIF"", ""/home/hyggestuen/Downloads/_WeedyRice/WeedyRice-RGBMS-DB/Multispectral/DJI_DateTime_2024_06_04_11_04_0010_lat_10.3007998_lon_105.2714125_alt_20.212m_R.TIF"", ""/home/hyggestuen/Downloads/_WeedyRice/WeedyRice-RGBMS-DB/Multispectral/DJI_DateTime_2024_06_04_11_04_0010_lat_10.3007998_lon_105.2714125_alt_20.212m_RE.TIF""]",/home/hyggestuen/Downloads/_WeedyRice/WeedyRice-RGBMS-DB/Masks/DJI_DateTime_2024_06_04_11_04_0010_lat_10.3007998_lon_105.2714125_alt_20.212m.png,2024_06_04_11,train
DJI_DateTime_2024_06_04_11_04_0011_lat_10.3007796_lon_105.2714577_alt_20.234m,/home/hyggestuen/Downloads/_WeedyRice/WeedyRice-RGBMS-DB/RGB/DJI_DateTime_2024_06_04_11_04_0011_lat_10.3007796_lon_105.2714577_alt_20.234m.JPG,,"[""/home/hyggestuen/Downloads/_WeedyRice/WeedyRice-RGBMS-DB/Multispectral/DJI_DateTime_2024_06_04_11_04_0011_lat_10.3007796_lon_105.2714577_alt_20.234m_G.TIF"", ""/home/hyggestuen/Downloads/_WeedyRice/WeedyRice-RGBMS-DB/Multispectral/DJI_DateTime_2024_06_04_11_04_0011_lat_10.3007796_lon_105.2714577_alt_20.234m_NIR.TIF"", ""/home/hyggestuen/Downloads/_WeedyRice/WeedyRice-RGBMS-DB/Multispectral/DJI_DateTime_2024_06_04_11_04_0011_lat_10.3007796_lon_105.2714577_alt_20.234m_R.TIF"", ""/home/hyggestuen/Downloads/_WeedyRice/WeedyRice-RGBMS-DB/Multispectral/DJI_DateTime_2024_06_04_11_04_0011_lat_10.3007796_lon_105.2714577_alt_20.234m_RE.TIF""]",/home/hyggestuen/Downloads/_WeedyRice/WeedyRice-RGBMS-DB/Masks/DJI_DateTime_2024_06_04_11_04_0011_lat_10.3007796_lon_105.2714577_alt_20.234m.png,2024_06_04_11,train
DJI_DateTime_2024_06_04_11_04_0012_lat_10.3007593_lon_105.2715027_alt_20.262m,/home/hyggestuen/Downloads/_WeedyRice/WeedyRice-RGBMS-DB/RGB/DJI_DateTime_2024_06_04_11_04_0012_lat_10.3007593_lon_105.2715027_alt_20.262m.JPG,,"[""/home/hyggestuen/Downloads/_WeedyRice/WeedyRice-RGBMS-DB/Multispectral/DJI_DateTime_2024_06_04_11_04_0012_lat_10.3007593_lon_105.2715027_alt_20.262m_G.TIF"", ""/home/hyggestuen/Downloads/_WeedyRice/WeedyRice-RGBMS-DB/Multispectral/DJI_DateTime_2024_06_04_11_04_0012_lat_10.3007593_lon_105.2715027_alt_20.262m_NIR.TIF"", ""/home/hyggestuen/Downloads/_WeedyRice/WeedyRice-RGBMS-DB/Multispectral/DJI_DateTime_2024_06_04_11_04_0012_lat_10.3007593_lon_105.2715027_alt_20.262m_R.TIF"", ""/home/hyggestuen/Downloads/_WeedyRice/WeedyRice-RGBMS-DB/Multispectral/DJI_DateTime_2024_06_04_11_04_0012_lat_10.3007593_lon_105.2715027_alt_20.262m_RE.TIF""]",/home/hyggestuen/Downloads/_WeedyRice/WeedyRice-RGBMS-DB/Masks/DJI_DateTime_2024_06_04_11_04_0012_lat_10.3007593_lon_105.2715027_alt_20.262m.png,2024_06_04_11,train
DJI_DateTime_2024_06_04_11_04_0013_lat_10.3007395_lon_105.2715476_alt_20.223m,/home/hyggestuen/Downloads/_WeedyRice/WeedyRice-RGBMS-DB/RGB/DJI_DateTime_2024_06_04_11_04_0013_lat_10.3007395_lon_105.2715476_alt_20.223m.JPG,,"[""/home/hyggestuen/Downloads/_WeedyRice/WeedyRice-RGBMS-DB/Multispectral/DJI_DateTime_2024_06_04_11_04_0013_lat_10.3007395_lon_105.2715476_alt_20.223m_G.TIF"", ""/home/hyggestuen/Downloads/_WeedyRice/WeedyRice-RGBMS-DB/Multispectral/DJI_DateTime_2024_06_04_11_04_0013_lat_10.3007395_lon_105.2715476_alt_20.223m_NIR.TIF"", ""/home/hyggestuen/Downloads/_WeedyRice/WeedyRice-RGBMS-DB/Multispectral/DJI_DateTime_2024_06_04_11_04_0013_lat_10.3007395_lon_105.2715476_alt_20.223m_R.TIF"", ""/home/hyggestuen/Downloads/_WeedyRice/WeedyRice-RGBMS-DB/Multispectral/DJI_DateTime_2024_06_04_11_04_0013_lat_10.3007395_lon_105.2715476_alt_20.223m_RE.TIF""]",/home/hyggestuen/Downloads/_WeedyRice/WeedyRice-RGBMS-DB/Masks/DJI_DateTime_2024_06_04_11_04_0013_lat_10.3007395_lon_105.2715476_alt_20.223m.png,2024_06_04_11,train
DJI_DateTime_2024_06_04_11_04_0014_lat_10.3007193_lon_105.2715932_alt_20.214m,/home/hyggestuen/Downloads/_WeedyRice/WeedyRice-RGBMS-DB/RGB/DJI_DateTime_2024_06_04_11_04_0014_lat_10.3007193_lon_105.2715932_alt_20.214m.JPG,,"[""/home/hyggestuen/Downloads/_WeedyRice/WeedyRice-RGBMS-DB/Multispectral/DJI_DateTime_2024_06_04_11_04_0014_lat_10.3007193_lon_105.2715932_alt_20.214m_G.TIF"", ""/home/hyggestuen/Downloads/_WeedyRice/WeedyRice-RGBMS-DB/Multispectral/DJI_DateTime_2024_06_04_11_04_0014_lat_10.3007193_lon_105.2715932_alt_20.214m_NIR.TIF"", ""/home/hyggestuen/Downloads/_WeedyRice/WeedyRice-RGBMS-DB/Multispectral/DJI_DateTime_2024_06_04_11_04_0014_lat_10.3007193_lon_105.2715932_alt_20.214m_R.TIF"", ""/home/hyggestuen/Downloads/_WeedyRice/WeedyRice-RGBMS-DB/Multispectral/DJI_DateTime_2024_06_04_11_04_0014_lat_10.3007193_lon_105.2715932_alt_20.214m_RE.TIF""]",/home/hyggestuen/Downloads/_WeedyRice/WeedyRice-RGBMS-DB/Masks/DJI_DateTime_2024_06_04_11_04_0014_lat_10.3007193_lon_105.2715932_alt_20.214m.png,2024_06_04_11,train
DJI_DateTime_2024_06_04_11_04_0015_lat_10.3006991_lon_105.2716387_alt_20.189m,/home/hyggestuen/Downloads/_WeedyRice/WeedyRice-RGBMS-DB/RGB/DJI_DateTime_2024_06_04_11_04_0015_lat_10.3006991_lon_105.2716387_alt_20.189m.JPG,,"[""/home/hyggestuen/Downloads/_WeedyRice/WeedyRice-RGBMS-DB/Multispectral/DJI_DateTime_2024_06_04_11_04_0015_lat_10.3006991_lon_105.2716387_alt_20.189m_G.TIF"", ""/home/hyggestuen/Downloads/_WeedyRice/WeedyRice-RGBMS-DB/Multispectral/DJI_DateTime_2024_06_04_11_04_0015_lat_10.3006991_lon_105.2716387_alt_20.189m_NIR.TIF"", ""/home/hyggestuen/Downloads/_WeedyRice/WeedyRice-RGBMS-DB/Multispectral/DJI_DateTime_2024_06_04_11_04_0015_lat_10.3006991_lon_105.2716387_alt_20.189m_R.TIF"", ""/home/hyggestuen/Downloads/_WeedyRice/WeedyRice-RGBMS-DB/Multispectral/DJI_DateTime_2024_06_04_11_04_0015_lat_10.3006991_lon_105.2716387_alt_20.189m_RE.TIF""]",/home/hyggestuen/Downloads/_WeedyRice/WeedyRice-RGBMS-DB/Masks/DJI_DateTime_2024_06_04_11_04_0015_lat_10.3006991_lon_105.2716387_alt_20.189m.png,2024_06_04_11,train
DJI_DateTime_2024_06_04_11_04_0016_lat_10.3006791_lon_105.2716841_alt_20.211m,/home/hyggestuen/Downloads/_WeedyRice/WeedyRice-RGBMS-DB/RGB/DJI_DateTime_2024_06_04_11_04_0016_lat_10.3006791_lon_105.2716841_alt_20.211m.JPG,,"[""/home/hyggestuen/Downloads/_WeedyRice/WeedyRice-RGBMS-DB/Multispectral/DJI_DateTime_2024_06_04_11_04_0016_lat_10.3006791_lon_105.2716841_alt_20.211m_G.TIF"", ""/home/hyggestuen/Downloads/_WeedyRice/WeedyRice-RGBMS-DB/Multispectral/DJI_DateTime_2024_06_04_11_04_0016_lat_10.3006791_lon_105.2716841_alt_20.211m_NIR.TIF"", ""/home/hyggestuen/Downloads/_WeedyRice/WeedyRice-RGBMS-DB/Multispectral/DJI_DateTime_2024_06_04_11_04_0016_lat_10.3006791_lon_105.2716841_alt_20.211m_R.TIF"", ""/home/hyggestuen/Downloads/_WeedyRice/WeedyRice-RGBMS-DB/Multispectral/DJI_DateTime_2024_06_04_11_04_0016_lat_10.3006791_lon_105.2716841_alt_20.211m_RE.TIF""]",/home/hyggestuen/Downloads/_WeedyRice/WeedyRice-RGBMS-DB/Masks/DJI_DateTime_2024_06_04_11_04_0016_lat_10.3006791_lon_105.2716841_alt_20.211m.png,2024_06_04_11,train
DJI_DateTime_2024_06_04_11_04_0017_lat_10.3006592_lon_105.2717285_alt_20.182m,/home/hyggestuen/Downloads/_WeedyRice/WeedyRice-RGBMS-DB/RGB/DJI_DateTime_2024_06_04_11_04_0017_lat_10.3006592_lon_105.2717285_alt_20.182m.JPG,,"[""/home/hyggestuen/Downloads/_WeedyRice/WeedyRice-RGBMS-DB/Multispectral/DJI_DateTime_2024_06_04_11_04_0017_lat_10.3006592_lon_105.2717285_alt_20.182m_G.TIF"", ""/home/hyggestuen/Downloads/_WeedyRice/WeedyRice-RGBMS-DB/Multispectral/DJI_DateTime_2024_06_04_11_04_0017_lat_10.3006592_lon_105.2717285_alt_20.182m_NIR.TIF"", ""/home/hyggestuen/Downloads/_WeedyRice/WeedyRice-RGBMS-DB/Multispectral/DJI_DateTime_2024_06_04_11_04_0017_lat_10.3006592_lon_105.2717285_alt_20.182m_R.TIF"", ""/home/hyggestuen/Downloads/_WeedyRice/WeedyRice-RGBMS-DB/Multispectral/DJI_DateTime_2024_06_04_11_04_0017_lat_10.3006592_lon_105.2717285_alt_20.182m_RE.TIF""]",/home/hyggestuen/Downloads/_WeedyRice/WeedyRice-RGBMS-DB/Masks/DJI_DateTime_2024_06_04_11_04_0017_lat_10.3006592_lon_105.2717285_alt_20.182m.png,2024_06_04_11,train
DJI_DateTime_2024_06_04_11_05_0018_lat_10.3006394_lon_105.2717733_alt_20.185m,/home/hyggestuen/Downloads/_WeedyRice/WeedyRice-RGBMS-DB/RGB/DJI_DateTime_2024_06_04_11_05_0018_lat_10.3006394_lon_105.2717733_alt_20.185m.JPG,,"[""/home/hyggestuen/Downloads/_WeedyRice/WeedyRice-RGBMS-DB/Multispectral/DJI_DateTime_2024_06_04_11_05_0018_lat_10.3006394_lon_105.2717733_alt_20.185m_G.TIF"", ""/home/hyggestuen/Downloads/_WeedyRice/WeedyRice-RGBMS-DB/Multispectral/DJI_DateTime_2024_06_04_11_05_0018_lat_10.3006394_lon_105.2717733_alt_20.185m_NIR.TIF"", ""/home/hyggestuen/Downloads/_WeedyRice/WeedyRice-RGBMS-DB/Multispectral/DJI_DateTime_2024_06_04_11_05_0018_lat_10.3006394_lon_105.2717733_alt_20.185m_R.TIF"", ""/home/hyggestuen/Downloads/_WeedyRice/WeedyRice-RGBMS-DB/Multispectral/DJI_DateTime_2024_06_04_11_05_0018_lat_10.3006394_lon_105.2717733_alt_20.185m_RE.TIF""]",/home/hyggestuen/Downloads/_WeedyRice/WeedyRice-RGBMS-DB/Masks/DJI_DateTime_2024_06_04_11_05_0018_lat_10.3006394_lon_105.2717733_alt_20.185m.png,2024_06_04_11,train
DJI_DateTime_2024_06_04_11_05_0019_lat_10.3006201_lon_105.2718183_alt_20.210m,/home/hyggestuen/Downloads/_WeedyRice/WeedyRice-RGBMS-DB/RGB/DJI_DateTime_2024_06_04_11_05_0019_lat_10.3006201_lon_105.2718183_alt_20.210m.JPG,,"[""/home/hyggestuen/Downloads/_WeedyRice/WeedyRice-RGBMS-DB/Multispectral/DJI_DateTime_2024_06_04_11_05_0019_lat_10.3006201_lon_105.2718183_alt_20.210m_G.TIF"", ""/home/hyggestuen/Downloads/_WeedyRice/WeedyRice-RGBMS-DB/Multispectral/DJI_DateTime_2024_06_04_11_05_0019_lat_10.3006201_lon_105.2718183_alt_20.210m_NIR.TIF"", ""/home/hyggestuen/Downloads/_WeedyRice/WeedyRice-RGBMS-DB/Multispectral/DJI_DateTime_2024_06_04_11_05_0019_lat_10.3006201_lon_105.2718183_alt_20.210m_R.TIF"", ""/home/hyggestuen/Downloads/_WeedyRice/WeedyRice-RGBMS-DB/Multispectral/DJI_DateTime_2024_06_04_11_05_0019_lat_10.3006201_lon_105.2718183_alt_20.210m_RE.TIF""]",/home/hyggestuen/Downloads/_WeedyRice/WeedyRice-RGBMS-DB/Masks/DJI_DateTime_2024_06_04_11_05_0019_lat_10.3006201_lon_105.2718183_alt_20.210m.png,2024_06_04_11,train
DJI_DateTime_2024_06_04_11_05_0020_lat_10.3006000_lon_105.2718634_alt_20.247m,/home/hyggestuen/Downloads/_WeedyRice/WeedyRice-RGBMS-DB/RGB/DJI_DateTime_2024_06_04_11_05_0020_lat_10.3006000_lon_105.2718634_alt_20.247m.JPG,,"[""/home/hyggestuen/Downloads/_WeedyRice/WeedyRice-RGBMS-DB/Multispectral/DJI_DateTime_2024_06_04_11_05_0020_lat_10.3006000_lon_105.2718634_alt_20.247m_G.TIF"", ""/home/hyggestuen/Downloads/_WeedyRice/WeedyRice-RGBMS-DB/Multispectral/DJI_DateTime_2024_06_04_11_05_0020_lat_10.3006000_lon_105.2718634_alt_20.247m_NIR.TIF"", ""/home/hyggestuen/Downloads/_WeedyRice/WeedyRice-RGBMS-DB/Multispectral/DJI_DateTime_2024_06_04_11_05_0020_lat_10.3006000_lon_105.2718634_alt_20.247m_R.TIF"", ""/home/hyggestuen/Downloads/_WeedyRice/WeedyRice-RGBMS-DB/Multispectral/DJI_DateTime_2024_06_04_11_05_0020_lat_10.3006000_lon_105.2718634_alt_20.247m_RE.TIF""]",/home/hyggestuen/Downloads/_WeedyRice/WeedyRice-RGBMS-DB/Masks/DJI_DateTime_2024_06_04_11_05_0020_lat_10.3006000_lon_105.2718634_alt_20.247m.png,2024_06_04_11,train
DJI_DateTime_2024_06_04_11_05_0021_lat_10.3005793_lon_105.2719091_alt_20.213m,/home/hyggestuen/Downloads/_WeedyRice/WeedyRice-RGBMS-DB/RGB/DJI_DateTime_2024_06_04_11_05_0021_lat_10.3005793_lon_105.2719091_alt_20.213m.JPG,,"[""/home/hyggestuen/Downloads/_WeedyRice/WeedyRice-RGBMS-DB/Multispectral/DJI_DateTime_2024_06_04_11_05_0021_lat_10.3005793_lon_105.2719091_alt_20.213m_G.TIF"", ""/home/hyggestuen/Downloads/_WeedyRice/WeedyRice-RGBMS-DB/Multispectral/DJI_DateTime_2024_06_04_11_05_0021_lat_10.3005793_lon_105.2719091_alt_20.213m_NIR.TIF"", ""/home/hyggestuen/Downloads/_WeedyRice/WeedyRice-RGBMS-DB/Multispectral/DJI_DateTime_2024_06_04_11_05_0021_lat_10.3005793_lon_105.2719091_alt_20.213m_R.TIF"", ""/home/hyggestuen/Downloads/_WeedyRice/WeedyRice-RGBMS-DB/Multispectral/DJI_DateTime_2024_06_04_11_05_0021_lat_10.3005793_lon_105.2719091_alt_20.213m_RE.TIF""]",/home/hyggestuen/Downloads/_WeedyRice/WeedyRice-RGBMS-DB/Masks/DJI_DateTime_2024_06_04_11_05_0021_lat_10.3005793_lon_105.2719091_alt_20.213m.png,2024_06_04_11,train
DJI_DateTime_2024_06_04_11_05_0022_lat_10.3005594_lon_105.2719537_alt_20.208m,/home/hyggestuen/Downloads/_WeedyRice/WeedyRice-RGBMS-DB/RGB/DJI_DateTime_2024_06_04_11_05_0022_lat_10.3005594_lon_105.2719537_alt_20.208m.JPG,,"[""/home/hyggestuen/Downloads/_WeedyRice/WeedyRice-RGBMS-DB/Multispectral/DJI_DateTime_2024_06_04_11_05_0022_lat_10.3005594_lon_105.2719537_alt_20.208m_G.TIF"", ""/home/hyggestuen/Downloads/_WeedyRice/WeedyRice-RGBMS-DB/Multispectral/DJI_DateTime_2024_06_04_11_05_0022_lat_10.3005594_lon_105.2719537_alt_20.208m_NIR.TIF"", ""/home/hyggestuen/Downloads/_WeedyRice/WeedyRice-RGBMS-DB/Multispectral/DJI_DateTime_2024_06_04_11_05_0022_lat_10.3005594_lon_105.2719537_alt_20.208m_R.TIF"", ""/home/hyggestuen/Downloads/_WeedyRice/WeedyRice-RGBMS-DB/Multispectral/DJI_DateTime_2024_06_04_11_05_0022_lat_10.3005594_lon_105.2719537_alt_20.208m_RE.TIF""]",/home/hyggestuen/Downloads/_WeedyRice/WeedyRice-RGBMS-DB/Masks/DJI_DateTime_2024_06_04_11_05_0022_lat_10.3005594_lon_105.2719537_alt_20.208m.png,2024_06_04_11,train
DJI_DateTime_2024_06_04_11_05_0023_lat_10.3005394_lon_105.2719989_alt_20.198m,/home/hyggestuen/Downloads/_WeedyRice/WeedyRice-RGBMS-DB/RGB/DJI_DateTime_2024_06_04_11_05_0023_lat_10.3005394_lon_105.2719989_alt_20.198m.JPG,,"[""/home/hyggestuen/Downloads/_WeedyRice/WeedyRice-RGBMS-DB/Multispectral/DJI_DateTime_2024_06_04_11_05_0023_lat_10.3005394_lon_105.2719989_alt_20.198m_G.TIF"", ""/home/hyggestuen/Downloads/_WeedyRice/WeedyRice-RGBMS-DB/Multispectral/DJI_DateTime_2024_06_04_11_05_0023_lat_10.3005394_lon_105.2719989_alt_20.198m_NIR.TIF"", ""/home/hyggestuen/Downloads/_WeedyRice/WeedyRice-RGBMS-DB/Multispectral/DJI_DateTime_2024_06_04_11_05_0023_lat_10.3005394_lon_105.2719989_alt_20.198m_R.TIF"", ""/home/hyggestuen/Downloads/_WeedyRice/WeedyRice-RGBMS-DB/Multispectral/DJI_DateTime_2024_06_04_11_05_0023_lat_10.3005394_lon_105.2719989_alt_20.198m_RE.TIF""]",/home/hyggestuen/Downloads/_WeedyRice/WeedyRice-RGBMS-DB/Masks/DJI_DateTime_2024_06_04_11_05_0023_lat_10.3005394_lon_105.2719989_alt_20.198m.png,2024_06_04_11,train
DJI_DateTime_2024_06_04_11_05_0027_lat_10.3004513_lon_105.2720383_alt_20.164m,/home/hyggestuen/Downloads/_WeedyRice/WeedyRice-RGBMS-DB/RGB/DJI_DateTime_2024_06_04_11_05_0027_lat_10.3004513_lon_105.2720383_alt_20.164m.JPG,,"[""/home/hyggestuen/Downloads/_WeedyRice/WeedyRice-RGBMS-DB/Multispectral/DJI_DateTime_2024_06_04_11_05_0027_lat_10.3004513_lon_105.2720383_alt_20.164m_G.TIF"", ""/home/hyggestuen/Downloads/_WeedyRice/WeedyRice-RGBMS-DB/Multispectral/DJI_DateTime_2024_06_04_11_05_0027_lat_10.3004513_lon_105.2720383_alt_20.164m_NIR.TIF"", ""/home/hyggestuen/Downloads/_WeedyRice/WeedyRice-RGBMS-DB/Multispectral/DJI_DateTime_2024_06_04_11_05_0027_lat_10.3004513_lon_105.2720383_alt_20.164m_R.TIF"", ""/home/hyggestuen/Downloads/_WeedyRice/WeedyRice-RGBMS-DB/Multispectral/DJI_DateTime_2024_06_04_11_05_0027_lat_10.3004513_lon_105.2720383_alt_20.164m_RE.TIF""]",/home/hyggestuen/Downloads/_WeedyRice/WeedyRice-RGBMS-DB/Masks/DJI_DateTime_2024_06_04_11_05_0027_lat_10.3004513_lon_105.2720383_alt_20.164m.png,2024_06_04_11,train
DJI_DateTime_2024_06_04_11_05_0028_lat_10.3004702_lon_105.2719928_alt_20.195m,/home/hyggestuen/Downloads/_WeedyRice/WeedyRice-RGBMS-DB/RGB/DJI_DateTime_2024_06_04_11_05_0028_lat_10.3004702_lon_105.2719928_alt_20.195m.JPG,,"[""/home/hyggestuen/Downloads/_WeedyRice/WeedyRice-RGBMS-DB/Multispectral/DJI_DateTime_2024_06_04_11_05_0028_lat_10.3004702_lon_105.2719928_alt_20.195m_G.TIF"", ""/home/hyggestuen/Downloads/_WeedyRice/WeedyRice-RGBMS-DB/Multispectral/DJI_DateTime_2024_06_04_11_05_0028_lat_10.3004702_lon_105.2719928_alt_20.195m_NIR.TIF"", ""/home/hyggestuen/Downloads/_WeedyRice/WeedyRice-RGBMS-DB/Multispectral/DJI_DateTime_2024_06_04_11_05_0028_lat_10.3004702_lon_105.2719928_alt_20.195m_R.TIF"", ""/home/hyggestuen/Downloads/_WeedyRice/WeedyRice-RGBMS-DB/Multispectral/DJI_DateTime_2024_06_04_11_05_0028_lat_10.3004702_lon_105.2719928_alt_20.195m_RE.TIF""]",/home/hyggestuen/Downloads/_WeedyRice/WeedyRice-RGBMS-DB/Masks/DJI_DateTime_2024_06_04_11_05_0028_lat_10.3004702_lon_105.2719928_alt_20.195m.png,2024_06_04_11,train
DJI_DateTime_2024_06_04_11_05_0029_lat_10.3004899_lon_105.2719473_alt_20.172m,/home/hyggestuen/Downloads/_WeedyRice/WeedyRice-RGBMS-DB/RGB/DJI_DateTime_2024_06_04_11_05_0029_lat_10.3004899_lon_105.2719473_alt_20.172m.JPG,,"[""/home/hyggestuen/Downloads/_WeedyRice/WeedyRice-RGBMS-DB/Multispectral/DJI_DateTime_2024_06_04_11_05_0029_lat_10.3004899_lon_105.2719473_alt_20.172m_G.TIF"", ""/home/hyggestuen/Downloads/_WeedyRice/WeedyRice-RGBMS-DB/Multispectral/DJI_DateTime_2024_06_04_11_05_0029_lat_10.3004899_lon_105.2719473_alt_20.172m_NIR.TIF"", ""/home/hyggestuen/Downloads/_WeedyRice/WeedyRice-RGBMS-DB/Multispectral/DJI_DateTime_2024_06_04_11_05_0029_lat_10.3004899_lon_105.2719473_alt_20.172m_R.TIF"", ""/home/hyggestuen/Downloads/_WeedyRice/WeedyRice-RGBMS-DB/Multispectral/DJI_DateTime_2024_06_04_11_05_0029_lat_10.3004899_lon_105.2719473_alt_20.172m_RE.TIF""]",/home/hyggestuen/Downloads/_WeedyRice/WeedyRice-RGBMS-DB/Masks/DJI_DateTime_2024_06_04_11_05_0029_lat_10.3004899_lon_105.2719473_alt_20.172m.png,2024_06_04_11,train
DJI_DateTime_2024_06_04_11_05_0030_lat_10.3005093_lon_105.2719015_alt_20.201m,/home/hyggestuen/Downloads/_WeedyRice/WeedyRice-RGBMS-DB/RGB/DJI_DateTime_2024_06_04_11_05_0030_lat_10.3005093_lon_105.2719015_alt_20.201m.JPG,,"[""/home/hyggestuen/Downloads/_WeedyRice/WeedyRice-RGBMS-DB/Multispectral/DJI_DateTime_2024_06_04_11_05_0030_lat_10.3005093_lon_105.2719015_alt_20.201m_G.TIF"", ""/home/hyggestuen/Downloads/_WeedyRice/WeedyRice-RGBMS-DB/Multispectral/DJI_DateTime_2024_06_04_11_05_0030_lat_10.3005093_lon_105.2719015_alt_20.201m_NIR.TIF"", ""/home/hyggestuen/Downloads/_WeedyRice/WeedyRice-RGBMS-DB/Multispectral/DJI_DateTime_2024_06_04_11_05_0030_lat_10.3005093_lon_105.2719015_alt_20.201m_R.TIF"", ""/home/hyggestuen/Downloads/_WeedyRice/WeedyRice-RGBMS-DB/Multispectral/DJI_DateTime_2024_06_04_11_05_0030_lat_10.3005093_lon_105.2719015_alt_20.201m_RE.TIF""]",/home/hyggestuen/Downloads/_WeedyRice/WeedyRice-RGBMS-DB/Masks/DJI_DateTime_2024_06_04_11_05_0030_lat_10.3005093_lon_105.2719015_alt_20.201m.png,2024_06_04_11,train
DJI_DateTime_2024_06_04_11_05_0031_lat_10.3005292_lon_105.2718553_alt_20.205m,/home/hyggestuen/Downloads/_WeedyRice/WeedyRice-RGBMS-DB/RGB/DJI_DateTime_2024_06_04_11_05_0031_lat_10.3005292_lon_105.2718553_alt_20.205m.JPG,,"[""/home/hyggestuen/Downloads/_WeedyRice/WeedyRice-RGBMS-DB/Multispectral/DJI_DateTime_2024_06_04_11_05_0031_lat_10.3005292_lon_105.2718553_alt_20.205m_G.TIF"", ""/home/hyggestuen/Downloads/_WeedyRice/WeedyRice-RGBMS-DB/Multispectral/DJI_DateTime_2024_06_04_11_05_0031_lat_10.3005292_lon_105.2718553_alt_20.205m_NIR.TIF"", ""/home/hyggestuen/Downloads/_WeedyRice/WeedyRice-RGBMS-DB/Multispectral/DJI_DateTime_2024_06_04_11_05_0031_lat_10.3005292_lon_105.2718553_alt_20.205m_R.TIF"", ""/home/hyggestuen/Downloads/_WeedyRice/WeedyRice-RGBMS-DB/Multispectral/DJI_DateTime_2024_06_04_11_05_0031_lat_10.3005292_lon_105.2718553_alt_20.205m_RE.TIF""]",/home/hyggestuen/Downloads/_WeedyRice/WeedyRice-RGBMS-DB/Masks/DJI_DateTime_2024_06_04_11_05_0031_lat_10.3005292_lon_105.2718553_alt_20.205m.png,2024_06_04_11,train
DJI_DateTime_2024_06_04_11_05_0032_lat_10.3005490_lon_105.2718103_alt_20.152m,/home/hyggestuen/Downloads/_WeedyRice/WeedyRice-RGBMS-DB/RGB/DJI_DateTime_2024_06_04_11_05_0032_lat_10.3005490_lon_105.2718103_alt_20.152m.JPG,,"[""/home/hyggestuen/Downloads/_WeedyRice/WeedyRice-RGBMS-DB/Multispectral/DJI_DateTime_2024_06_04_11_05_0032_lat_10.3005490_lon_105.2718103_alt_20.152m_G.TIF"", ""/home/hyggestuen/Downloads/_WeedyRice/WeedyRice-RGBMS-DB/Multispectral/DJI_DateTime_2024_06_04_11_05_0032_lat_10.3005490_lon_105.2718103_alt_20.152m_NIR.TIF"", ""/home/hyggestuen/Downloads/_WeedyRice/WeedyRice-RGBMS-DB/Multispectral/DJI_DateTime_2024_06_04_11_05_0032_lat_10.3005490_lon_105.2718103_alt_20.152m_R.TIF"", ""/home/hyggestuen/Downloads/_WeedyRice/WeedyRice-RGBMS-DB/Multispectral/DJI_DateTime_2024_06_04_11_05_0032_lat_10.3005490_lon_105.2718103_alt_20.152m_RE.TIF""]",/home/hyggestuen/Downloads/_WeedyRice/WeedyRice-RGBMS-DB/Masks/DJI_DateTime_2024_06_04_11_05_0032_lat_10.3005490_lon_105.2718103_alt_20.152m.png,2024_06_04_11,train
DJI_DateTime_2024_06_04_11_05_0033_lat_10.3005688_lon_105.2717652_alt_20.203m,/home/hyggestuen/Downloads/_WeedyRice/WeedyRice-RGBMS-DB/RGB/DJI_DateTime_2024_06_04_11_05_0033_lat_10.3005688_lon_105.2717652_alt_20.203m.JPG,,"[""/home/hyggestuen/Downloads/_WeedyRice/WeedyRice-RGBMS-DB/Multispectral/DJI_DateTime_2024_06_04_11_05_0033_lat_10.3005688_lon_105.2717652_alt_20.203m_G.TIF"", ""/home/hyggestuen/Downloads/_WeedyRice/WeedyRice-RGBMS-DB/Multispectral/DJI_DateTime_2024_06_04_11_05_0033_lat_10.3005688_lon_105.2717652_alt_20.203m_NIR.TIF"", ""/home/hyggestuen/Downloads/_WeedyRice/WeedyRice-RGBMS-DB/Multispectral/DJI_DateTime_2024_06_04_11_05_0033_lat_10.3005688_lon_105.2717652_alt_20.203m_R.TIF"", ""/home/hyggestuen/Downloads/_WeedyRice/WeedyRice-RGBMS-DB/Multispectral/DJI_DateTime_2024_06_04_11_05_0033_lat_10.3005688_lon_105.2717652_alt_20.203m_RE.TIF""]",/home/hyggestuen/Downloads/_WeedyRice/WeedyRice-RGBMS-DB/Masks/DJI_DateTime_2024_06_04_11_05_0033_lat_10.3005688_lon_105.2717652_alt_20.203m.png,2024_06_04_11,train
DJI_DateTime_2024_06_04_11_05_0034_lat_10.3005883_lon_105.2717202_alt_20.221m,/home/hyggestuen/Downloads/_WeedyRice/WeedyRice-RGBMS-DB/RGB/DJI_DateTime_2024_06_04_11_05_0034_lat_10.3005883_lon_105.2717202_alt_20.221m.JPG,,"[""/home/hyggestuen/Downloads/_WeedyRice/WeedyRice-RGBMS-DB/Multispectral/DJI_DateTime_2024_06_04_11_05_0034_lat_10.3005883_lon_105.2717202_alt_20.221m_G.TIF"", ""/home/hyggestuen/Downloads/_WeedyRice/WeedyRice-RGBMS-DB/Multispectral/DJI_DateTime_2024_06_04_11_05_0034_lat_10.3005883_lon_105.2717202_alt_20.221m_NIR.TIF"", ""/home/hyggestuen/Downloads/_WeedyRice/WeedyRice-RGBMS-DB/Multispectral/DJI_DateTime_2024_06_04_11_05_0034_lat_10.3005883_lon_105.2717202_alt_20.221m_R.TIF"", ""/home/hyggestuen/Downloads/_WeedyRice/WeedyRice-RGBMS-DB/Multispectral/DJI_DateTime_2024_06_04_11_05_0034_lat_10.3005883_lon_105.2717202_alt_20.221m_RE.TIF""]",/home/hyggestuen/Downloads/_WeedyRice/WeedyRice-RGBMS-DB/Masks/DJI_DateTime_2024_06_04_11_05_0034_lat_10.3005883_lon_105.2717202_alt_20.221m.png,2024_06_04_11,train
DJI_DateTime_2024_06_04_11_05_0035_lat_10.3006080_lon_105.2716746_alt_20.186m,/home/hyggestuen/Downloads/_WeedyRice/WeedyRice-RGBMS-DB/RGB/DJI_DateTime_2024_06_04_11_05_0035_lat_10.3006080_lon_105.2716746_alt_20.186m.JPG,,"[""/home/hyggestuen/Downloads/_WeedyRice/WeedyRice-RGBMS-DB/Multispectral/DJI_DateTime_2024_06_04_11_05_0035_lat_10.3006080_lon_105.2716746_alt_20.186m_G.TIF"", ""/home/hyggestuen/Downloads/_WeedyRice/WeedyRice-RGBMS-DB/Multispectral/DJI_DateTime_2024_06_04_11_05_0035_lat_10.3006080_lon_105.2716746_alt_20.186m_NIR.TIF"", ""/home/hyggestuen/Downloads/_WeedyRice/WeedyRice-RGBMS-DB/Multispectral/DJI_DateTime_2024_06_04_11_05_0035_lat_10.3006080_lon_105.2716746_alt_20.186m_R.TIF"", ""/home/hyggestuen/Downloads/_WeedyRice/WeedyRice-RGBMS-DB/Multispectral/DJI_DateTime_2024_06_04_11_05_0035_lat_10.3006080_lon_105.2716746_alt_20.186m_RE.TIF""]",/home/hyggestuen/Downloads/_WeedyRice/WeedyRice-RGBMS-DB/Masks/DJI_DateTime_2024_06_04_11_05_0035_lat_10.3006080_lon_105.2716746_alt_20.186m.png,2024_06_04_11,train
DJI_DateTime_2024_06_04_11_05_0036_lat_10.3006278_lon_105.2716288_alt_20.177m,/home/hyggestuen/Downloads/_WeedyRice/WeedyRice-RGBMS-DB/RGB/DJI_DateTime_2024_06_04_11_05_0036_lat_10.3006278_lon_105.2716288_alt_20.177m.JPG,,"[""/home/hyggestuen/Downloads/_WeedyRice/WeedyRice-RGBMS-DB/Multispectral/DJI_DateTime_2024_06_04_11_05_0036_lat_10.3006278_lon_105.2716288_alt_20.177m_G.TIF"", ""/home/hyggestuen/Downloads/_WeedyRice/WeedyRice-RGBMS-DB/Multispectral/DJI_DateTime_2024_06_04_11_05_0036_lat_10.3006278_lon_105.2716288_alt_20.177m_NIR.TIF"", ""/home/hyggestuen/Downloads/_WeedyRice/WeedyRice-RGBMS-DB/Multispectral/DJI_DateTime_2024_06_04_11_05_0036_lat_10.3006278_lon_105.2716288_alt_20.177m_R.TIF"", ""/home/hyggestuen/Downloads/_WeedyRice/WeedyRice-RGBMS-DB/Multispectral/DJI_DateTime_2024_06_04_11_05_0036_lat_10.3006278_lon_105.2716288_alt_20.177m_RE.TIF""]",/home/hyggestuen/Downloads/_WeedyRice/WeedyRice-RGBMS-DB/Masks/DJI_DateTime_2024_06_04_11_05_0036_lat_10.3006278_lon_105.2716288_alt_20.177m.png,2024_06_04_11,train
DJI_DateTime_2024_06_04_11_06_0037_lat_10.3006470_lon_105.2715836_alt_20.186m,/home/hyggestuen/Downloads/_WeedyRice/WeedyRice-RGBMS-DB/RGB/DJI_DateTime_2024_06_04_11_06_0037_lat_10.3006470_lon_105.2715836_alt_20.186m.JPG,,"[""/home/hyggestuen/Downloads/_WeedyRice/WeedyRice-RGBMS-DB/Multispectral/DJI_DateTime_2024_06_04_11_06_0037_lat_10.3006470_lon_105.2715836_alt_20.186m_G.TIF"", ""/home/hyggestuen/Downloads/_WeedyRice/WeedyRice-RGBMS-DB/Multispectral/DJI_DateTime_2024_06_04_11_06_0037_lat_10.3006470_lon_105.2715836_alt_20.186m_NIR.TIF"", ""/home/hyggestuen/Downloads/_WeedyRice/WeedyRice-RGBMS-DB/Multispectral/DJI_DateTime_2024_06_04_11_06_0037_lat_10.3006470_lon_105.2715836_alt_20.186m_R.TIF"", ""/home/hyggestuen/Downloads/_WeedyRice/WeedyRice-RGBMS-DB/Multispectral/DJI_DateTime_2024_06_04_11_06_0037_lat_10.3006470_lon_105.2715836_alt_20.186m_RE.TIF""]",/home/hyggestuen/Downloads/_WeedyRice/WeedyRice-RGBMS-DB/Masks/DJI_DateTime_2024_06_04_11_06_0037_lat_10.3006470_lon_105.2715836_alt_20.186m.png,2024_06_04_11,train
DJI_DateTime_2024_06_04_11_06_0038_lat_10.3006672_lon_105.2715379_alt_20.241m,/home/hyggestuen/Downloads/_WeedyRice/WeedyRice-RGBMS-DB/RGB/DJI_DateTime_2024_06_04_11_06_0038_lat_10.3006672_lon_105.2715379_alt_20.241m.JPG,,"[""/home/hyggestuen/Downloads/_WeedyRice/WeedyRice-RGBMS-DB/Multispectral/DJI_DateTime_2024_06_04_11_06_0038_lat_10.3006672_lon_105.2715379_alt_20.241m_G.TIF"", ""/home/hyggestuen/Downloads/_WeedyRice/WeedyRice-RGBMS-DB/Multispectral/DJI_DateTime_2024_06_04_11_06_0038_lat_10.3006672_lon_105.2715379_alt_20.241m_NIR.TIF"", ""/home/hyggestuen/Downloads/_WeedyRice/WeedyRice-RGBMS-DB/Multispectral/DJI_DateTime_2024_06_04_11_06_0038_lat_10.3006672_lon_105.2715379_alt_20.241m_R.TIF"", ""/home/hyggestuen/Downloads/_WeedyRice/WeedyRice-RGBMS-DB/Multispectral/DJI_DateTime_2024_06_04_11_06_0038_lat_10.3006672_lon_105.2715379_alt_20.241m_RE.TIF""]",/home/hyggestuen/Downloads/_WeedyRice/WeedyRice-RGBMS-DB/Masks/DJI_DateTime_2024_06_04_11_06_0038_lat_10.3006672_lon_105.2715379_alt_20.241m.png,2024_06_04_11,train
DJI_DateTime_2024_06_04_11_06_0039_lat_10.3006871_lon_105.2714925_alt_20.206m,/home/hyggestuen/Downloads/_WeedyRice/WeedyRice-RGBMS-DB/RGB/DJI_DateTime_2024_06_04_11_06_0039_lat_10.3006871_lon_105.2714925_alt_20.206m.JPG,,"[""/home/hyggestuen/Downloads/_WeedyRice/WeedyRice-RGBMS-DB/Multispectral/DJI_DateTime_2024_06_04_11_06_0039_lat_10.3006871_lon_105.2714925_alt_20.206m_G.TIF"", ""/home/hyggestuen/Downloads/_WeedyRice/WeedyRice-RGBMS-DB/Multispectral/DJI_DateTime_2024_06_04_11_06_0039_lat_10.3006871_lon_105.2714925_alt_20.206m_NIR.TIF"", ""/home/hyggestuen/Downloads/_WeedyRice/WeedyRice-RGBMS-DB/Multispectral/DJI_DateTime_2024_06_04_11_06_0039_lat_10.3006871_lon_105.2714925_alt_20.206m_R.TIF"", ""/home/hyggestuen/Downloads/_WeedyRice/WeedyRice-RGBMS-DB/Multispectral/DJI_DateTime_2024_06_04_11_06_0039_lat_10.3006871_lon_105.2714925_alt_20.206m_RE.TIF""]",/home/hyggestuen/Downloads/_WeedyRice/WeedyRice-RGBMS-DB/Masks/DJI_DateTime_2024_06_04_11_06_0039_lat_10.3006871_lon_105.2714925_alt_20.206m.png,2024_06_04_11,train
DJI_DateTime_2024_06_04_11_06_0040_lat_10.3007072_lon_105.2714476_alt_20.274m,/home/hyggestuen/Downloads/_WeedyRice/WeedyRice-RGBMS-DB/RGB/DJI_DateTime_2024_06_04_11_06_0040_lat_10.3007072_lon_105.2714476_alt_20.274m.JPG,,"[""/home/hyggestuen/Downloads/_WeedyRice/WeedyRice-RGBMS-DB/Multispectral/DJI_DateTime_2024_06_04_11_06_0040_lat_10.3007072_lon_105.2714476_alt_20.274m_G.TIF"", ""/home/hyggestuen/Downloads/_WeedyRice/WeedyRice-RGBMS-DB/Multispectral/DJI_DateTime_2024_06_04_11_06_0040_lat_10.3007072_lon_105.2714476_alt_20.274m_NIR.TIF"", ""/home/hyggestuen/Downloads/_WeedyRice/WeedyRice-RGBMS-DB/Multispectral/DJI_DateTime_2024_06_04_11_06_0040_lat_10.3007072_lon_105.2714476_alt_20.274m_R.TIF"", ""/home/hyggestuen/Downloads/_WeedyRice/WeedyRice-RGBMS-DB/Multispectral/DJI_DateTime_2024_06_04_11_06_0040_lat_10.3007072_lon_105.2714476_alt_20.274m_RE.TIF""]",/home/hyggestuen/Downloads/_WeedyRice/WeedyRice-RGBMS-DB/Masks/DJI_DateTime_2024_06_04_11_06_0040_lat_10.3007072_lon_105.2714476_alt_20.274m.png,2024_06_04_11,train
DJI_DateTime_2024_06_04_11_06_0041_lat_10.3007267_lon_105.2714017_alt_20.188m,/home/hyggestuen/Downloads/_WeedyRice/WeedyRice-RGBMS-DB/RGB/DJI_DateTime_2024_06_04_11_06_0041_lat_10.3007267_lon_105.2714017_alt_20.188m.JPG,,"[""/home/hyggestuen/Downloads/_WeedyRice/WeedyRice-RGBMS-DB/Multispectral/DJI_DateTime_2024_06_04_11_06_0041_lat_10.3007267_lon_105.2714017_alt_20.188m_G.TIF"", ""/home/hyggestuen/Downloads/_WeedyRice/WeedyRice-RGBMS-DB/Multispectral/DJI_DateTime_2024_06_04_11_06_0041_lat_10.3007267_lon_105.2714017_alt_20.188m_NIR.TIF"", ""/home/hyggestuen/Downloads/_WeedyRice/WeedyRice-RGBMS-DB/Multispectral/DJI_DateTime_2024_06_04_11_06_0041_lat_10.3007267_lon_105.2714017_alt_20.188m_R.TIF"", ""/home/hyggestuen/Downloads/_WeedyRice/WeedyRice-RGBMS-DB/Multispectral/DJI_DateTime_2024_06_04_11_06_0041_lat_10.3007267_lon_105.2714017_alt_20.188m_RE.TIF""]",/home/hyggestuen/Downloads/_WeedyRice/WeedyRice-RGBMS-DB/Masks/DJI_DateTime_2024_06_04_11_06_0041_lat_10.3007267_lon_105.2714017_alt_20.188m.png,2024_06_04_11,train
DJI_DateTime_2024_06_04_11_06_0042_lat_10.3007462_lon_105.2713576_alt_20.174m,/home/hyggestuen/Downloads/_WeedyRice/WeedyRice-RGBMS-DB/RGB/DJI_DateTime_2024_06_04_11_06_0042_lat_10.3007462_lon_105.2713576_alt_20.174m.JPG,,"[""/home/hyggestuen/Downloads/_WeedyRice/WeedyRice-RGBMS-DB/Multispectral/DJI_DateTime_2024_06_04_11_06_0042_lat_10.3007462_lon_105.2713576_alt_20.174m_G.TIF"", ""/home/hyggestuen/Downloads/_WeedyRice/WeedyRice-RGBMS-DB/Multispectral/DJI_DateTime_2024_06_04_11_06_0042_lat_10.3007462_lon_105.2713576_alt_20.174m_NIR.TIF"", ""/home/hyggestuen/Downloads/_WeedyRice/WeedyRice-RGBMS-DB/Multispectral/DJI_DateTime_2024_06_04_11_06_0042_lat_10.3007462_lon_105.2713576_alt_20.174m_R.TIF"", ""/home/hyggestuen/Downloads/_WeedyRice/WeedyRice-RGBMS-DB/Multispectral/DJI_DateTime_2024_06_04_11_06_0042_lat_10.3007462_lon_105.2713576_alt_20.174m_RE.TIF""]",/home/hyggestuen/Downloads/_WeedyRice/WeedyRice-RGBMS-DB/Masks/DJI_DateTime_2024_06_04_11_06_0042_lat_10.3007462_lon_105.2713576_alt_20.174m.png,2024_06_04_11,train
DJI_DateTime_2024_06_04_11_07_0060_lat_10.3006877_lon_105.2713276_alt_20.193m,/home/hyggestuen/Downloads/_WeedyRice/WeedyRice-RGBMS-DB/RGB/DJI_DateTime_2024_06_04_11_07_0060_lat_10.3006877_lon_105.2713276_alt_20.193m.JPG,,"[""/home/hyggestuen/Downloads/_WeedyRice/WeedyRice-RGBMS-DB/Multispectral/DJI_DateTime_2024_06_04_11_07_0060_lat_10.3006877_lon_105.2713276_alt_20.193m_G.TIF"", ""/home/hyggestuen/Downloads/_WeedyRice/WeedyRice-RGBMS-DB/Multispectral/DJI_DateTime_2024_06_04_11_07_0060_lat_10.3006877_lon_105.2713276_alt_20.193m_NIR.TIF"", ""/home/hyggestuen/Downloads/_WeedyRice/WeedyRice-RGBMS-DB/Multispectral/DJI_DateTime_2024_06_04_11_07_0060_lat_10.3006877_lon_105.2713276_alt_20.193m_R.TIF"", ""/home/hyggestuen/Downloads/_WeedyRice/WeedyRice-RGBMS-DB/Multispectral/DJI_DateTime_2024_06_04_11_07_0060_lat_10.3006877_lon_105.2713276_alt_20.193m_RE.TIF""]",/home/hyggestuen/Downloads/_WeedyRice/WeedyRice-RGBMS-DB/Masks/DJI_DateTime_2024_06_04_11_07_0060_lat_10.3006877_lon_105.2713276_alt_20.193m.png,2024_06_04_11,train
DJI_DateTime_2024_06_04_11_07_0061_lat_10.3006686_lon_105.2713718_alt_20.244m,/home/hyggestuen/Downloads/_WeedyRice/WeedyRice-RGBMS-DB/RGB/DJI_DateTime_2024_06_04_11_07_0061_lat_10.3006686_lon_105.2713718_alt_20.244m.JPG,,"[""/home/hyggestuen/Downloads/_WeedyRice/WeedyRice-RGBMS-DB/Multispectral/DJI_DateTime_2024_06_04_11_07_0061_lat_10.3006686_lon_105.2713718_alt_20.244m_G.TIF"", ""/home/hyggestuen/Downloads/_WeedyRice/WeedyRice-RGBMS-DB/Multispectral/DJI_DateTime_2024_06_04_11_07_0061_lat_10.3006686_lon_105.2713718_alt_20.244m_NIR.TIF"", ""/home/hyggestuen/Downloads/_WeedyRice/WeedyRice-RGBMS-DB/Multispectral/DJI_DateTime_2024_06_04_11_07_0061_lat_10.3006686_lon_105.2713718_alt_20.244m_R.TIF"", ""/home/hyggestuen/Downloads/_WeedyRice/WeedyRice-RGBMS-DB/Multispectral/DJI_DateTime_2024_06_04_11_07_0061_lat_10.3006686_lon_105.2713718_alt_20.244m_RE.TIF""]",/home/hyggestuen/Downloads/_WeedyRice/WeedyRice-RGBMS-DB/Masks/DJI_DateTime_2024_06_04_11_07_0061_lat_10.3006686_lon_105.2713718_alt_20.244m.png,2024_06_04_11,train
DJI_DateTime_2024_06_04_11_07_0062_lat_10.3006495_lon_105.2714165_alt_20.349m,/home/hyggestuen/Downloads/_WeedyRice/WeedyRice-RGBMS-DB/RGB/DJI_DateTime_2024_06_04_11_07_0062_lat_10.3006495_lon_105.2714165_alt_20.349m.JPG,,"[""/home/hyggestuen/Downloads/_WeedyRice/WeedyRice-RGBMS-DB/Multispectral/DJI_DateTime_2024_06_04_11_07_0062_lat_10.3006495_lon_105.2714165_alt_20.349m_G.TIF"", ""/home/hyggestuen/Downloads/_WeedyRice/WeedyRice-RGBMS-DB/Multispectral/DJI_DateTime_2024_06_04_11_07_0062_lat_10.3006495_lon_105.2714165_alt_20.349m_NIR.TIF"", ""/home/hyggestuen/Downloads/_WeedyRice/WeedyRice-RGBMS-DB/Multispectral/DJI_DateTime_2024_06_04_11_07_0062_lat_10.3006495_lon_105.2714165_alt_20.349m_R.TIF"", ""/home/hyggestuen/Downloads/_WeedyRice/WeedyRice-RGBMS-DB/Multispectral/DJI_DateTime_2024_06_04_11_07_0062_lat_10.3006495_lon_105.2714165_alt_20.349m_RE.TIF""]",/home/hyggestuen/Downloads/_WeedyRice/WeedyRice-RGBMS-DB/Masks/DJI_DateTime_2024_06_04_11_07_0062_lat_10.3006495_lon_105.2714165_alt_20.349m.png,2024_06_04_11,train
DJI_DateTime_2024_06_04_11_07_0063_lat_10.3006295_lon_105.2714615_alt_20.306m,/home/hyggestuen/Downloads/_WeedyRice/WeedyRice-RGBMS-DB/RGB/DJI_DateTime_2024_06_04_11_07_0063_lat_10.3006295_lon_105.2714615_alt_20.306m.JPG,,"[""/home/hyggestuen/Downloads/_WeedyRice/WeedyRice-RGBMS-DB/Multispectral/DJI_DateTime_2024_06_04_11_07_0063_lat_10.3006295_lon_105.2714615_alt_20.306m_G.TIF"", ""/home/hyggestuen/Downloads/_WeedyRice/WeedyRice-RGBMS-DB/Multispectral/DJI_DateTime_2024_06_04_11_07_0063_lat_10.3006295_lon_105.2714615_alt_20.306m_NIR.TIF"", ""/home/hyggestuen/Downloads/_WeedyRice/WeedyRice-RGBMS-DB/Multispectral/DJI_DateTime_2024_06_04_11_07_0063_lat_10.3006295_lon_105.2714615_alt_20.306m_R.TIF"", ""/home/hyggestuen/Downloads/_WeedyRice/WeedyRice-RGBMS-DB/Multispectral/DJI_DateTime_2024_06_04_11_07_0063_lat_10.3006295_lon_105.2714615_alt_20.306m_RE.TIF""]",/home/hyggestuen/Downloads/_WeedyRice/WeedyRice-RGBMS-DB/Masks/DJI_DateTime_2024_06_04_11_07_0063_lat_10.3006295_lon_105.2714615_alt_20.306m.png,2024_06_04_11,train
DJI_DateTime_2024_06_04_11_07_0064_lat_10.3006092_lon_105.2715067_alt_20.209m,/home/hyggestuen/Downloads/_WeedyRice/WeedyRice-RGBMS-DB/RGB/DJI_DateTime_2024_06_04_11_07_0064_lat_10.3006092_lon_105.2715067_alt_20.209m.JPG,,"[""/home/hyggestuen/Downloads/_WeedyRice/WeedyRice-RGBMS-DB/Multispectral/DJI_DateTime_2024_06_04_11_07_0064_lat_10.3006092_lon_105.2715067_alt_20.209m_G.TIF"", ""/home/hyggestuen/Downloads/_WeedyRice/WeedyRice-RGBMS-DB/Multispectral/DJI_DateTime_2024_06_04_11_07_0064_lat_10.3006092_lon_105.2715067_alt_20.209m_NIR.TIF"", ""/home/hyggestuen/Downloads/_WeedyRice/WeedyRice-RGBMS-DB/Multispectral/DJI_DateTime_2024_06_04_11_07_0064_lat_10.3006092_lon_105.2715067_alt_20.209m_R.TIF"", ""/home/hyggestuen/Downloads/_WeedyRice/WeedyRice-RGBMS-DB/Multispectral/DJI_DateTime_2024_06_04_11_07_0064_lat_10.3006092_lon_105.2715067_alt_20.209m_RE.TIF""]",/home/hyggestuen/Downloads/_WeedyRice/WeedyRice-RGBMS-DB/Masks/DJI_DateTime_2024_06_04_11_07_0064_lat_10.3006092_lon_105.2715067_alt_20.209m.png,2024_06_04_11,train
DJI_DateTime_2024_06_04_11_07_0065_lat_10.3005895_lon_105.2715524_alt_20.205m,/home/hyggestuen/Downloads/_WeedyRice/WeedyRice-RGBMS-DB/RGB/DJI_DateTime_2024_06_04_11_07_0065_lat_10.3005895_lon_105.2715524_alt_20.205m.JPG,,"[""/home/hyggestuen/Downloads/_WeedyRice/WeedyRice-RGBMS-DB/Multispectral/DJI_DateTime_2024_06_04_11_07_0065_lat_10.3005895_lon_105.2715524_alt_20.205m_G.TIF"", ""/home/hyggestuen/Downloads/_WeedyRice/WeedyRice-RGBMS-DB/Multispectral/DJI_DateTime_2024_06_04_11_07_0065_lat_10.3005895_lon_105.2715524_alt_20.205m_NIR.TIF"", ""/home/hyggestuen/Downloads/_WeedyRice/WeedyRice-RGBMS-DB/Multispectral/DJI_DateTime_2024_06_04_11_07_0065_lat_10.3005895_lon_105.2715524_alt_20.205m_R.TIF"", ""/home/hyggestuen/Downloads/_WeedyRice/WeedyRice-RGBMS-DB/Multispectral/DJI_DateTime_2024_06_04_11_07_0065_lat_10.3005895_lon_105.2715524_alt_20.205m_RE.TIF""]",/home/hyggestuen/Downloads/_WeedyRice/WeedyRice-RGBMS-DB/Masks/DJI_DateTime_2024_06_04_11_07_0065_lat_10.3005895_lon_105.2715524_alt_20.205m.png,2024_06_04_11,train
DJI_DateTime_2024_06_04_11_07_0066_lat_10.3005700_lon_105.2715969_alt_20.223m,/home/hyggestuen/Downloads/_WeedyRice/WeedyRice-RGBMS-DB/RGB/DJI_DateTime_2024_06_04_11_07_0066_lat_10.3005700_lon_105.2715969_alt_20.223m.JPG,,"[""/home/hyggestuen/Downloads/_WeedyRice/WeedyRice-RGBMS-DB/Multispectral/DJI_DateTime_2024_06_04_11_07_0066_lat_10.3005700_lon_105.2715969_alt_20.223m_G.TIF"", ""/home/hyggestuen/Downloads/_WeedyRice/WeedyRice-RGBMS-DB/Multispectral/DJI_DateTime_2024_06_04_11_07_0066_lat_10.3005700_lon_105.2715969_alt_20.223m_NIR.TIF"", ""/home/hyggestuen/Downloads/_WeedyRice/WeedyRice-RGBMS-DB/Multispectral/DJI_DateTime_2024_06_04_11_07_0066_lat_10.3005700_lon_105.2715969_alt_20.223m_R.TIF"", ""/home/hyggestuen/Downloads/_WeedyRice/WeedyRice-RGBMS-DB/Multispectral/DJI_DateTime_2024_06_04_11_07_0066_lat_10.3005700_lon_105.2715969_alt_20.223m_RE.TIF""]",/home/hyggestuen/Downloads/_WeedyRice/WeedyRice-RGBMS-DB/Masks/DJI_DateTime_2024_06_04_11_07_0066_lat_10.3005700_lon_105.2715969_alt_20.223m.png,2024_06_04_11,train
DJI_DateTime_2024_06_04_11_07_0067_lat_10.3005498_lon_105.2716425_alt_20.234m,/home/hyggestuen/Downloads/_WeedyRice/WeedyRice-RGBMS-DB/RGB/DJI_DateTime_2024_06_04_11_07_0067_lat_10.3005498_lon_105.2716425_alt_20.234m.JPG,,"[""/home/hyggestuen/Downloads/_WeedyRice/WeedyRice-RGBMS-DB/Multispectral/DJI_DateTime_2024_06_04_11_07_0067_lat_10.3005498_lon_105.2716425_alt_20.234m_G.TIF"", ""/home/hyggestuen/Downloads/_WeedyRice/WeedyRice-RGBMS-DB/Multispectral/DJI_DateTime_2024_06_04_11_07_0067_lat_10.3005498_lon_105.2716425_alt_20.234m_NIR.TIF"", ""/home/hyggestuen/Downloads/_WeedyRice/WeedyRice-RGBMS-DB/Multispectral/DJI_DateTime_2024_06_04_11_07_0067_lat_10.3005498_lon_105.2716425_alt_20.234m_R.TIF"", ""/home/hyggestuen/Downloads/_WeedyRice/WeedyRice-RGBMS-DB/Multispectral/DJI_DateTime_2024_06_04_11_07_0067_lat_10.3005498_lon_105.2716425_alt_20.234m_RE.TIF""]",/home/hyggestuen/Downloads/_WeedyRice/WeedyRice-RGBMS-DB/Masks/DJI_DateTime_2024_06_04_11_07_0067_lat_10.3005498_lon_105.2716425_alt_20.234m.png,2024_06_04_11,train
DJI_DateTime_2024_06_04_11_07_0068_lat_10.3005301_lon_105.2716881_alt_20.218m,/home/hyggestuen/Downloads/_WeedyRice/WeedyRice-RGBMS-DB/RGB/DJI_DateTime_2024_06_04_11_07_0068_lat_10.3005301_lon_105.2716881_alt_20.218m.JPG,,"[""/home/hyggestuen/Downloads/_WeedyRice/WeedyRice-RGBMS-DB/Multispectral/DJI_DateTime_2024_06_04_11_07_0068_lat_10.3005301_lon_105.2716881_alt_20.218m_G.TIF"", ""/home/hyggestuen/Downloads/_WeedyRice/WeedyRice-RGBMS-DB/Multispectral/DJI_DateTime_2024_06_04_11_07_0068_lat_10.3005301_lon_105.2716881_alt_20.218m_NIR.TIF"", ""/home/hyggestuen/Downloads/_WeedyRice/WeedyRice-RGBMS-DB/Multispectral/DJI_DateTime_2024_06_04_11_07_0068_lat_10.3005301_lon_105.2716881_alt_20.218m_R.TIF"", ""/home/hyggestuen/Downloads/_WeedyRice/WeedyRice-RGBMS-DB/Multispectral/DJI_DateTime_2024_06_04_11_07_0068_lat_10.3005301_lon_105.2716881_alt_20.218m_RE.TIF""]",/home/hyggestuen/Downloads/_WeedyRice/WeedyRice-RGBMS-DB/Masks/DJI_DateTime_2024_06_04_11_07_0068_lat_10.3005301_lon_105.2716881_alt_20.218m.png,2024_06_04_11,train
DJI_DateTime_2024_06_04_11_07_0069_lat_10.3005105_lon_105.2717330_alt_20.180m,/home/hyggestuen/Downloads/_WeedyRice/WeedyRice-RGBMS-DB/RGB/DJI_DateTime_2024_06_04_11_07_0069_lat_10.3005105_lon_105.2717330_alt_20.180m.JPG,,"[""/home/hyggestuen/Downloads/_WeedyRice/WeedyRice-RGBMS-DB/Multispectral/DJI_DateTime_2024_06_04_11_07_0069_lat_10.3005105_lon_105.2717330_alt_20.180m_G.TIF"", ""/home/hyggestuen/Downloads/_WeedyRice/WeedyRice-RGBMS-DB/Multispectral/DJI_DateTime_2024_06_04_11_07_0069_lat_10.3005105_lon_105.2717330_alt_20.180m_NIR.TIF"", ""/home/hyggestuen/Downloads/_WeedyRice/WeedyRice-RGBMS-DB/Multispectral/DJI_DateTime_2024_06_04_11_07_0069_lat_10.3005105_lon_105.2717330_alt_20.180m_R.TIF"", ""/home/hyggestuen/Downloads/_WeedyRice/WeedyRice-RGBMS-DB/Multispectral/DJI_DateTime_2024_06_04_11_07_0069_lat_10.3005105_lon_105.2717330_alt_20.180m_RE.TIF""]",/home/hyggestuen/Downloads/_WeedyRice/WeedyRice-RGBMS-DB/Masks/DJI_DateTime_2024_06_04_11_07_0069_lat_10.3005105_lon_105.2717330_alt_20.180m.png,2024_06_04_11,train
DJI_DateTime_2024_06_04_11_07_0070_lat_10.3004911_lon_105.2717775_alt_20.199m,/home/hyggestuen/Downloads/_WeedyRice/WeedyRice-RGBMS-DB/RGB/DJI_DateTime_2024_06_04_11_07_0070_lat_10.3004911_lon_105.2717775_alt_20.199m.JPG,,"[""/home/hyggestuen/Downloads/_WeedyRice/WeedyRice-RGBMS-DB/Multispectral/DJI_DateTime_2024_06_04_11_07_0070_lat_10.3004911_lon_105.2717775_alt_20.199m_G.TIF"", ""/home/hyggestuen/Downloads/_WeedyRice/WeedyRice-RGBMS-DB/Multispectral/DJI_DateTime_2024_06_04_11_07_0070_lat_10.3004911_lon_105.2717775_alt_20.199m_NIR.TIF"", ""/home/hyggestuen/Downloads/_WeedyRice/WeedyRice-RGBMS-DB/Multispectral/DJI_DateTime_2024_06_04_11_07_0070_lat_10.3004911_lon_105.2717775_alt_20.199m_R.TIF"", ""/home/hyggestuen/Downloads/_WeedyRice/WeedyRice-RGBMS-DB/Multispectral/DJI_DateTime_2024_06_04_11_07_0070_lat_10.3004911_lon_105.2717775_alt_20.199m_RE.TIF""]",/home/hyggestuen/Downloads/_WeedyRice/WeedyRice-RGBMS-DB/Masks/DJI_DateTime_2024_06_04_11_07_0070_lat_10.3004911_lon_105.2717775_alt_20.199m.png,2024_06_04_11,train
DJI_DateTime_2024_06_04_11_07_0071_lat_10.3004709_lon_105.2718235_alt_20.190m,/home/hyggestuen/Downloads/_WeedyRice/WeedyRice-RGBMS-DB/RGB/DJI_DateTime_2024_06_04_11_07_0071_lat_10.3004709_lon_105.2718235_alt_20.190m.JPG,,"[""/home/hyggestuen/Downloads/_WeedyRice/WeedyRice-RGBMS-DB/Multispectral/DJI_DateTime_2024_06_04_11_07_0071_lat_10.3004709_lon_105.2718235_alt_20.190m_G.TIF"", ""/home/hyggestuen/Downloads/_WeedyRice/WeedyRice-RGBMS-DB/Multispectral/DJI_DateTime_2024_06_04_11_07_0071_lat_10.3004709_lon_105.2718235_alt_20.190m_NIR.TIF"", ""/home/hyggestuen/Downloads/_WeedyRice/WeedyRice-RGBMS-DB/Multispectral/DJI_DateTime_2024_06_04_11_07_0071_lat_10.3004709_lon_105.2718235_alt_20.190m_R.TIF"", ""/home/hyggestuen/Downloads/_WeedyRice/WeedyRice-RGBMS-DB/Multispectral/DJI_DateTime_2024_06_04_11_07_0071_lat_10.3004709_lon_105.2718235_alt_20.190m_RE.TIF""]",/home/hyggestuen/Downloads/_WeedyRice/WeedyRice-RGBMS-DB/Masks/DJI_DateTime_2024_06_04_11_07_0071_lat_10.3004709_lon_105.2718235_alt_20.190m.png,2024_06_04_11,train
DJI_DateTime_2024_06_04_11_07_0072_lat_10.3004509_lon_105.2718686_alt_20.232m,/home/hyggestuen/Downloads/_WeedyRice/WeedyRice-RGBMS-DB/RGB/DJI_DateTime_2024_06_04_11_07_0072_lat_10.3004509_lon_105.2718686_alt_20.232m.JPG,,"[""/home/hyggestuen/Downloads/_WeedyRice/WeedyRice-RGBMS-DB/Multispectral/DJI_DateTime_2024_06_04_11_07_0072_lat_10.3004509_lon_105.2718686_alt_20.232m_G.TIF"", ""/home/hyggestuen/Downloads/_WeedyRice/WeedyRice-RGBMS-DB/Multispectral/DJI_DateTime_2024_06_04_11_07_0072_lat_10.3004509_lon_105.2718686_alt_20.232m_NIR.TIF"", ""/home/hyggestuen/Downloads/_WeedyRice/WeedyRice-RGBMS-DB/Multispectral/DJI_DateTime_2024_06_04_11_07_0072_lat_10.3004509_lon_105.2718686_alt_20.232m_R.TIF"", ""/home/hyggestuen/Downloads/_WeedyRice/WeedyRice-RGBMS-DB/Multispectral/DJI_DateTime_2024_06_04_11_07_0072_lat_10.3004509_lon_105.2718686_alt_20.232m_RE.TIF""]",/home/hyggestuen/Downloads/_WeedyRice/WeedyRice-RGBMS-DB/Masks/DJI_DateTime_2024_06_04_11_07_0072_lat_10.3004509_lon_105.2718686_alt_20.232m.png,2024_06_04_11,train
DJI_DateTime_2024_06_04_11_07_0073_lat_10.3004313_lon_105.2719142_alt_20.230m,/home/hyggestuen/Downloads/_WeedyRice/WeedyRice-RGBMS-DB/RGB/DJI_DateTime_2024_06_04_11_07_0073_lat_10.3004313_lon_105.2719142_alt_20.230m.JPG,,"[""/home/hyggestuen/Downloads/_WeedyRice/WeedyRice-RGBMS-DB/Multispectral/DJI_DateTime_2024_06_04_11_07_0073_lat_10.3004313_lon_105.2719142_alt_20.230m_G.TIF"", ""/home/hyggestuen/Downloads/_WeedyRice/WeedyRice-RGBMS-DB/Multispectral/DJI_DateTime_2024_06_04_11_07_0073_lat_10.3004313_lon_105.2719142_alt_20.230m_NIR.TIF"", ""/home/hyggestuen/Downloads/_WeedyRice/WeedyRice-RGBMS-DB/Multispectral/DJI_DateTime_2024_06_04_11_07_0073_lat_10.3004313_lon_105.2719142_alt_20.230m_R.TIF"", ""/home/hyggestuen/Downloads/_WeedyRice/WeedyRice-RGBMS-DB/Multispectral/DJI_DateTime_2024_06_04_11_07_0073_lat_10.3004313_lon_105.2719142_alt_20.230m_RE.TIF""]",/home/hyggestuen/Downloads/_WeedyRice/WeedyRice-RGBMS-DB/Masks/DJI_DateTime_2024_06_04_11_07_0073_lat_10.3004313_lon_105.2719142_alt_20.230m.png,2024_06_04_11,train
DJI_DateTime_2024_06_04_11_07_0074_lat_10.3004121_lon_105.2719597_alt_20.253m,/home/hyggestuen/Downloads/_WeedyRice/WeedyRice-RGBMS-DB/RGB/DJI_DateTime_2024_06_04_11_07_0074_lat_10.3004121_lon_105.2719597_alt_20.253m.JPG,,"[""/home/hyggestuen/Downloads/_WeedyRice/WeedyRice-RGBMS-DB/Multispectral/DJI_DateTime_2024_06_04_11_07_0074_lat_10.3004121_lon_105.2719597_alt_20.253m_G.TIF"", ""/home/hyggestuen/Downloads/_WeedyRice/WeedyRice-RGBMS-DB/Multispectral/DJI_DateTime_2024_06_04_11_07_0074_lat_10.3004121_lon_105.2719597_alt_20.253m_NIR.TIF"", ""/home/hyggestuen/Downloads/_WeedyRice/WeedyRice-RGBMS-DB/Multispectral/DJI_DateTime_2024_06_04_11_07_0074_lat_10.3004121_lon_105.2719597_alt_20.253m_R.TIF"", ""/home/hyggestuen/Downloads/_WeedyRice/WeedyRice-RGBMS-DB/Multispectral/DJI_DateTime_2024_06_04_11_07_0074_lat_10.3004121_lon_105.2719597_alt_20.253m_RE.TIF""]",/home/hyggestuen/Downloads/_WeedyRice/WeedyRice-RGBMS-DB/Masks/DJI_DateTime_2024_06_04_11_07_0074_lat_10.3004121_lon_105.2719597_alt_20.253m.png,2024_06_04_11,train
DJI_DateTime_2024_06_04_11_08_0075_lat_10.3003920_lon_105.2720048_alt_20.253m,/home/hyggestuen/Downloads/_WeedyRice/WeedyRice-RGBMS-DB/RGB/DJI_DateTime_2024_06_04_11_08_0075_lat_10.3003920_lon_105.2720048_alt_20.253m.JPG,,"[""/home/hyggestuen/Downloads/_WeedyRice/WeedyRice-RGBMS-DB/Multispectral/DJI_DateTime_2024_06_04_11_08_0075_lat_10.3003920_lon_105.2720048_alt_20.253m_G.TIF"", ""/home/hyggestuen/Downloads/_WeedyRice/WeedyRice-RGBMS-DB/Multispectral/DJI_DateTime_2024_06_04_11_08_0075_lat_10.3003920_lon_105.2720048_alt_20.253m_NIR.TIF"", ""/home/hyggestuen/Downloads/_WeedyRice/WeedyRice-RGBMS-DB/Multispectral/DJI_DateTime_2024_06_04_11_08_0075_lat_10.3003920_lon_105.2720048_alt_20.253m_R.TIF"", ""/home/hyggestuen/Downloads/_WeedyRice/WeedyRice-RGBMS-DB/Multispectral/DJI_DateTime_2024_06_04_11_08_0075_lat_10.3003920_lon_105.2720048_alt_20.253m_RE.TIF""]",/home/hyggestuen/Downloads/_WeedyRice/WeedyRice-RGBMS-DB/Masks/DJI_DateTime_2024_06_04_11_08_0075_lat_10.3003920_lon_105.2720048_alt_20.253m.png,2024_06_04_11,train
DJI_DateTime_2024_06_04_11_08_0076_lat_10.3003600_lon_105.2720315_alt_20.120m,/home/hyggestuen/Downloads/_WeedyRice/WeedyRice-RGBMS-DB/RGB/DJI_DateTime_2024_06_04_11_08_0076_lat_10.3003600_lon_105.2720315_alt_20.120m.JPG,,"[""/home/hyggestuen/Downloads/_WeedyRice/WeedyRice-RGBMS-DB/Multispectral/DJI_DateTime_2024_06_04_11_08_0076_lat_10.3003600_lon_105.2720315_alt_20.120m_G.TIF"", ""/home/hyggestuen/Downloads/_WeedyRice/WeedyRice-RGBMS-DB/Multispectral/DJI_DateTime_2024_06_04_11_08_0076_lat_10.3003600_lon_105.2720315_alt_20.120m_NIR.TIF"", ""/home/hyggestuen/Downloads/_WeedyRice/WeedyRice-RGBMS-DB/Multispectral/DJI_DateTime_2024_06_04_11_08_0076_lat_10.3003600_lon_105.2720315_alt_20.120m_R.TIF"", ""/home/hyggestuen/Downloads/_WeedyRice/WeedyRice-RGBMS-DB/Multispectral/DJI_DateTime_2024_06_04_11_08_0076_lat_10.3003600_lon_105.2720315_alt_20.120m_RE.TIF""]",/home/hyggestuen/Downloads/_WeedyRice/WeedyRice-RGBMS-DB/Masks/DJI_DateTime_2024_06_04_11_08_0076_lat_10.3003600_lon_105.2720315_alt_20.120m.png,2024_06_04_11,train
DJI_DateTime_2024_06_04_11_08_0077_lat_10.3003264_lon_105.2720048_alt_20.066m,/home/hyggestuen/Downloads/_WeedyRice/WeedyRice-RGBMS-DB/RGB/DJI_DateTime_2024_06_04_11_08_0077_lat_10.3003264_lon_105.2720048_alt_20.066m.JPG,,"[""/home/hyggestuen/Downloads/_WeedyRice/WeedyRice-RGBMS-DB/Multispectral/DJI_DateTime_2024_06_04_11_08_0077_lat_10.3003264_lon_105.2720048_alt_20.066m_G.TIF"", ""/home/hyggestuen/Downloads/_WeedyRice/WeedyRice-RGBMS-DB/Multispectral/DJI_DateTime_2024_06_04_11_08_0077_lat_10.3003264_lon_105.2720048_alt_20.066m_NIR.TIF"", ""/home/hyggestuen/Downloads/_WeedyRice/WeedyRice-RGBMS-DB/Multispectral/DJI_DateTime_2024_06_04_11_08_0077_lat_10.3003264_lon_105.2720048_alt_20.066m_R.TIF"", ""/home/hyggestuen/Downloads/_WeedyRice/WeedyRice-RGBMS-DB/Multispectral/DJI_DateTime_2024_06_04_11_08_0077_lat_10.3003264_lon_105.2720048_alt_20.066m_RE.TIF""]",/home/hyggestuen/Downloads/_WeedyRice/WeedyRice-RGBMS-DB/Masks/DJI_DateTime_2024_06_04_11_08_0077_lat_10.3003264_lon_105.2720048_alt_20.066m.png,2024_06_04_11,train
DJI_DateTime_2024_06_04_11_08_0078_lat_10.3003411_lon_105.2719602_alt_20.150m,/home/hyggestuen/Downloads/_WeedyRice/WeedyRice-RGBMS-DB/RGB/DJI_DateTime_2024_06_04_11_08_0078_lat_10.3003411_lon_105.2719602_alt_20.150m.JPG,,"[""/home/hyggestuen/Downloads/_WeedyRice/WeedyRice-RGBMS-DB/Multispectral/DJI_DateTime_2024_06_04_11_08_0078_lat_10.3003411_lon_105.2719602_alt_20.150m_G.TIF"", ""/home/hyggestuen/Downloads/_WeedyRice/WeedyRice-RGBMS-DB/Multispectral/DJI_DateTime_2024_06_04_11_08_0078_lat_10.3003411_lon_105.2719602_alt_20.150m_NIR.TIF"", ""/home/hyggestuen/Downloads/_WeedyRice/WeedyRice-RGBMS-DB/Multispectral/DJI_DateTime_2024_06_04_11_08_0078_lat_10.3003411_lon_105.2719602_alt_20.150m_R.TIF"", ""/home/hyggestuen/Downloads/_WeedyRice/WeedyRice-RGBMS-DB/Multispectral/DJI_DateTime_2024_06_04_11_08_0078_lat_10.3003411_lon_105.2719602_alt_20.150m_RE.TIF""]",/home/hyggestuen/Downloads/_WeedyRice/WeedyRice-RGBMS-DB/Masks/DJI_DateTime_2024_06_04_11_08_0078_lat_10.3003411_lon_105.2719602_alt_20.150m.png,2024_06_04_11,train
DJI_DateTime_2024_06_04_11_08_0079_lat_10.3003599_lon_105.2719149_alt_20.186m,/home/hyggestuen/Downloads/_WeedyRice/WeedyRice-RGBMS-DB/RGB/DJI_DateTime_2024_06_04_11_08_0079_lat_10.3003599_lon_105.2719149_alt_20.186m.JPG,,"[""/home/hyggestuen/Downloads/_WeedyRice/WeedyRice-RGBMS-DB/Multispectral/DJI_DateTime_2024_06_04_11_08_0079_lat_10.3003599_lon_105.2719149_alt_20.186m_G.TIF"", ""/home/hyggestuen/Downloads/_WeedyRice/WeedyRice-RGBMS-DB/Multispectral/DJI_DateTime_2024_06_04_11_08_0079_lat_10.3003599_lon_105.2719149_alt_20.186m_NIR.TIF"", ""/home/hyggestuen/Downloads/_WeedyRice/WeedyRice-RGBMS-DB/Multispectral/DJI_DateTime_2024_06_04_11_08_0079_lat_10.3003599_lon_105.2719149_alt_20.186m_R.TIF"", ""/home/hyggestuen/Downloads/_WeedyRice/WeedyRice-RGBMS-DB/Multispectral/DJI_DateTime_2024_06_04_11_08_0079_lat_10.3003599_lon_105.2719149_alt_20.186m_RE.TIF""]",/home/hyggestuen/Downloads/_WeedyRice/WeedyRice-RGBMS-DB/Masks/DJI_DateTime_2024_06_04_11_08_0079_lat_10.3003599_lon_105.2719149_alt_20.186m.png,2024_06_04_11,train
DJI_DateTime_2024_06_04_11_08_0080_lat_10.3003798_lon_105.2718697_alt_20.123m,/home/hyggestuen/Downloads/_WeedyRice/WeedyRice-RGBMS-DB/RGB/DJI_DateTime_2024_06_04_11_08_0080_lat_10.3003798_lon_105.2718697_alt_20.123m.JPG,,"[""/home/hyggestuen/Downloads/_WeedyRice/WeedyRice-RGBMS-DB/Multispectral/DJI_DateTime_2024_06_04_11_08_0080_lat_10.3003798_lon_105.2718697_alt_20.123m_G.TIF"", ""/home/hyggestuen/Downloads/_WeedyRice/WeedyRice-RGBMS-DB/Multispectral/DJI_DateTime_2024_06_04_11_08_0080_lat_10.3003798_lon_105.2718697_alt_20.123m_NIR.TIF"", ""/home/hyggestuen/Downloads/_WeedyRice/WeedyRice-RGBMS-DB/Multispectral/DJI_DateTime_2024_06_04_11_08_0080_lat_10.3003798_lon_105.2718697_alt_20.123m_R.TIF"", ""/home/hyggestuen/Downloads/_WeedyRice/WeedyRice-RGBMS-DB/Multispectral/DJI_DateTime_2024_06_04_11_08_0080_lat_10.3003798_lon_105.2718697_alt_20.123m_RE.TIF""]",/home/hyggestuen/Downloads/_WeedyRice/WeedyRice-RGBMS-DB/Masks/DJI_DateTime_2024_06_04_11_08_0080_lat_10.3003798_lon_105.2718697_alt_20.123m.png,2024_06_04_11,train
DJI_DateTime_2024_06_04_11_08_0081_lat_10.3003999_lon_105.2718246_alt_20.181m,/home/hyggestuen/Downloads/_WeedyRice/WeedyRice-RGBMS-DB/RGB/DJI_DateTime_2024_06_04_11_08_0081_lat_10.3003999_lon_105.2718246_alt_20.181m.JPG,,"[""/home/hyggestuen/Downloads/_WeedyRice/WeedyRice-RGBMS-DB/Multispectral/DJI_DateTime_2024_06_04_11_08_0081_lat_10.3003999_lon_105.2718246_alt_20.181m_G.TIF"", ""/home/hyggestuen/Downloads/_WeedyRice/WeedyRice-RGBMS-DB/Multispectral/DJI_DateTime_2024_06_04_11_08_0081_lat_10.3003999_lon_105.2718246_alt_20.181m_NIR.TIF"", ""/home/hyggestuen/Downloads/_WeedyRice/WeedyRice-RGBMS-DB/Multispectral/DJI_DateTime_2024_06_04_11_08_0081_lat_10.3003999_lon_105.2718246_alt_20.181m_R.TIF"", ""/home/hyggestuen/Downloads/_WeedyRice/WeedyRice-RGBMS-DB/Multispectral/DJI_DateTime_2024_06_04_11_08_0081_lat_10.3003999_lon_105.2718246_alt_20.181m_RE.TIF""]",/home/hyggestuen/Downloads/_WeedyRice/WeedyRice-RGBMS-DB/Masks/DJI_DateTime_2024_06_04_11_08_0081_lat_10.3003999_lon_105.2718246_alt_20.181m.png,2024_06_04_11,train
DJI_DateTime_2024_06_04_11_08_0082_lat_10.3004191_lon_105.2717789_alt_20.174m,/home/hyggestuen/Downloads/_WeedyRice/WeedyRice-RGBMS-DB/RGB/DJI_DateTime_2024_06_04_11_08_0082_lat_10.3004191_lon_105.2717789_alt_20.174m.JPG,,"[""/home/hyggestuen/Downloads/_WeedyRice/WeedyRice-RGBMS-DB/Multispectral/DJI_DateTime_2024_06_04_11_08_0082_lat_10.3004191_lon_105.2717789_alt_20.174m_G.TIF"", ""/home/hyggestuen/Downloads/_WeedyRice/WeedyRice-RGBMS-DB/Multispectral/DJI_DateTime_2024_06_04_11_08_0082_lat_10.3004191_lon_105.2717789_alt_20.174m_NIR.TIF"", ""/home/hyggestuen/Downloads/_WeedyRice/WeedyRice-RGBMS-DB/Multispectral/DJI_DateTime_2024_06_04_11_08_0082_lat_10.3004191_lon_105.2717789_alt_20.174m_R.TIF"", ""/home/hyggestuen/Downloads/_WeedyRice/WeedyRice-RGBMS-DB/Multispectral/DJI_DateTime_2024_06_04_11_08_0082_lat_10.3004191_lon_105.2717789_alt_20.174m_RE.TIF""]",/home/hyggestuen/Downloads/_WeedyRice/WeedyRice-RGBMS-DB/Masks/DJI_DateTime_2024_06_04_11_08_0082_lat_10.3004191_lon_105.2717789_alt_20.174m.png,2024_06_04_11,train
DJI_DateTime_2024_06_04_11_08_0083_lat_10.3004388_lon_105.2717336_alt_20.190m,/home/hyggestuen/Downloads/_WeedyRice/WeedyRice-RGBMS-DB/RGB/DJI_DateTime_2024_06_04_11_08_0083_lat_10.3004388_lon_105.2717336_alt_20.190m.JPG,,"[""/home/hyggestuen/Downloads/_WeedyRice/WeedyRice-RGBMS-DB/Multispectral/DJI_DateTime_2024_06_04_11_08_0083_lat_10.3004388_lon_105.2717336_alt_20.190m_G.TIF"", ""/home/hyggestuen/Downloads/_WeedyRice/WeedyRice-RGBMS-DB/Multispectral/DJI_DateTime_2024_06_04_11_08_0083_lat_10.3004388_lon_105.2717336_alt_20.190m_NIR.TIF"", ""/home/hyggestuen/Downloads/_WeedyRice/WeedyRice-RGBMS-DB/Multispectral/DJI_DateTime_2024_06_04_11_08_0083_lat_10.3004388_lon_105.2717336_alt_20.190m_R.TIF"", ""/home/hyggestuen/Downloads/_WeedyRice/WeedyRice-RGBMS-DB/Multispectral/DJI_DateTime_2024_06_04_11_08_0083_lat_10.3004388_lon_105.2717336_alt_20.190m_RE.TIF""]",/home/hyggestuen/Downloads/_WeedyRice/WeedyRice-RGBMS-DB/Masks/DJI_DateTime_2024_06_04_11_08_0083_lat_10.3004388_lon_105.2717336_alt_20.190m.png,2024_06_04_11,train
DJI_DateTime_2024_06_04_11_08_0084_lat_10.3004583_lon_105.2716883_alt_20.218m,/home/hyggestuen/Downloads/_WeedyRice/WeedyRice-RGBMS-DB/RGB/DJI_DateTime_2024_06_04_11_08_0084_lat_10.3004583_lon_105.2716883_alt_20.218m.JPG,,"[""/home/hyggestuen/Downloads/_WeedyRice/WeedyRice-RGBMS-DB/Multispectral/DJI_DateTime_2024_06_04_11_08_0084_lat_10.3004583_lon_105.2716883_alt_20.218m_G.TIF"", ""/home/hyggestuen/Downloads/_WeedyRice/WeedyRice-RGBMS-DB/Multispectral/DJI_DateTime_2024_06_04_11_08_0084_lat_10.3004583_lon_105.2716883_alt_20.218m_NIR.TIF"", ""/home/hyggestuen/Downloads/_WeedyRice/WeedyRice-RGBMS-DB/Multispectral/DJI_DateTime_2024_06_04_11_08_0084_lat_10.3004583_lon_105.2716883_alt_20.218m_R.TIF"", ""/home/hyggestuen/Downloads/_WeedyRice/WeedyRice-RGBMS-DB/Multispectral/DJI_DateTime_2024_06_04_11_08_0084_lat_10.3004583_lon_105.2716883_alt_20.218m_RE.TIF""]",/home/hyggestuen/Downloads/_WeedyRice/WeedyRice-RGBMS-DB/Masks/DJI_DateTime_2024_06_04_11_08_0084_lat_10.3004583_lon_105.2716883_alt_20.218m.png,2024_06_04_11,train
DJI_DateTime_2024_06_04_11_08_0085_lat_10.3004784_lon_105.2716427_alt_20.194m,/home/hyggestuen/Downloads/_WeedyRice/WeedyRice-RGBMS-DB/RGB/DJI_DateTime_2024_06_04_11_08_0085_lat_10.3004784_lon_105.2716427_alt_20.194m.JPG,,"[""/home/hyggestuen/Downloads/_WeedyRice/WeedyRice-RGBMS-DB/Multispectral/DJI_DateTime_2024_06_04_11_08_0085_lat_10.3004784_lon_105.2716427_alt_20.194m_G.TIF"", ""/home/hyggestuen/Downloads/_WeedyRice/WeedyRice-RGBMS-DB/Multispectral/DJI_DateTime_2024_06_04_11_08_0085_lat_10.3004784_lon_105.2716427_alt_20.194m_NIR.TIF"", ""/home/hyggestuen/Downloads/_WeedyRice/WeedyRice-RGBMS-DB/Multispectral/DJI_DateTime_2024_06_04_11_08_0085_lat_10.3004784_lon_105.2716427_alt_20.194m_R.TIF"", ""/home/hyggestuen/Downloads/_WeedyRice/WeedyRice-RGBMS-DB/Multispectral/DJI_DateTime_2024_06_04_11_08_0085_lat_10.3004784_lon_105.2716427_alt_20.194m_RE.TIF""]",/home/hyggestuen/Downloads/_WeedyRice/WeedyRice-RGBMS-DB/Masks/DJI_DateTime_2024_06_04_11_08_0085_lat_10.3004784_lon_105.2716427_alt_20.194m.png,2024_06_04_11,train
DJI_DateTime_2024_06_04_11_08_0086_lat_10.3004984_lon_105.2715972_alt_20.192m,/home/hyggestuen/Downloads/_WeedyRice/WeedyRice-RGBMS-DB/RGB/DJI_DateTime_2024_06_04_11_08_0086_lat_10.3004984_lon_105.2715972_alt_20.192m.JPG,,"[""/home/hyggestuen/Downloads/_WeedyRice/WeedyRice-RGBMS-DB/Multispectral/DJI_DateTime_2024_06_04_11_08_0086_lat_10.3004984_lon_105.2715972_alt_20.192m_G.TIF"", ""/home/hyggestuen/Downloads/_WeedyRice/WeedyRice-RGBMS-DB/Multispectral/DJI_DateTime_2024_06_04_11_08_0086_lat_10.3004984_lon_105.2715972_alt_20.192m_NIR.TIF"", ""/home/hyggestuen/Downloads/_WeedyRice/WeedyRice-RGBMS-DB/Multispectral/DJI_DateTime_2024_06_04_11_08_0086_lat_10.3004984_lon_105.2715972_alt_20.192m_R.TIF"", ""/home/hyggestuen/Downloads/_WeedyRice/WeedyRice-RGBMS-DB/Multispectral/DJI_DateTime_2024_06_04_11_08_0086_lat_10.3004984_lon_105.2715972_alt_20.192m_RE.TIF""]",/home/hyggestuen/Downloads/_WeedyRice/WeedyRice-RGBMS-DB/Masks/DJI_DateTime_2024_06_04_11_08_0086_lat_10.3004984_lon_105.2715972_alt_20.192m.png,2024_06_04_11,train
DJI_DateTime_2024_06_04_11_08_0087_lat_10.3005181_lon_105.2715517_alt_20.255m,/home/hyggestuen/Downloads/_WeedyRice/WeedyRice-RGBMS-DB/RGB/DJI_DateTime_2024_06_04_11_08_0087_lat_10.3005181_lon_105.2715517_alt_20.255m.JPG,,"[""/home/hyggestuen/Downloads/_WeedyRice/WeedyRice-RGBMS-DB/Multispectral/DJI_DateTime_2024_06_04_11_08_0087_lat_10.3005181_lon_105.2715517_alt_20.255m_G.TIF"", ""/home/hyggestuen/Downloads/_WeedyRice/WeedyRice-RGBMS-DB/Multispectral/DJI_DateTime_2024_06_04_11_08_0087_lat_10.3005181_lon_105.2715517_alt_20.255m_NIR.TIF"", ""/home/hyggestuen/Downloads/_WeedyRice/WeedyRice-RGBMS-DB/Multispectral/DJI_DateTime_2024_06_04_11_08_0087_lat_10.3005181_lon_105.2715517_alt_20.255m_R.TIF"", ""/home/hyggestuen/Downloads/_WeedyRice/WeedyRice-RGBMS-DB/Multispectral/DJI_DateTime_2024_06_04_11_08_0087_lat_10.3005181_lon_105.2715517_alt_20.255m_RE.TIF""]",/home/hyggestuen/Downloads/_WeedyRice/WeedyRice-RGBMS-DB/Masks/DJI_DateTime_2024_06_04_11_08_0087_lat_10.3005181_lon_105.2715517_alt_20.255m.png,2024_06_04_11,train
DJI_DateTime_2024_06_04_11_08_0088_lat_10.3005383_lon_105.2715066_alt_20.182m,/home/hyggestuen/Downloads/_WeedyRice/WeedyRice-RGBMS-DB/RGB/DJI_DateTime_2024_06_04_11_08_0088_lat_10.3005383_lon_105.2715066_alt_20.182m.JPG,,"[""/home/hyggestuen/Downloads/_WeedyRice/WeedyRice-RGBMS-DB/Multispectral/DJI_DateTime_2024_06_04_11_08_0088_lat_10.3005383_lon_105.2715066_alt_20.182m_G.TIF"", ""/home/hyggestuen/Downloads/_WeedyRice/WeedyRice-RGBMS-DB/Multispectral/DJI_DateTime_2024_06_04_11_08_0088_lat_10.3005383_lon_105.2715066_alt_20.182m_NIR.TIF"", ""/home/hyggestuen/Downloads/_WeedyRice/WeedyRice-RGBMS-DB/Multispectral/DJI_DateTime_2024_06_04_11_08_0088_lat_10.3005383_lon_105.2715066_alt_20.182m_R.TIF"", ""/home/hyggestuen/Downloads/_WeedyRice/WeedyRice-RGBMS-DB/Multispectral/DJI_DateTime_2024_06_04_11_08_0088_lat_10.3005383_lon_105.2715066_alt_20.182m_RE.TIF""]",/home/hyggestuen/Downloads/_WeedyRice/WeedyRice-RGBMS-DB/Masks/DJI_DateTime_2024_06_04_11_08_0088_lat_10.3005383_lon_105.2715066_alt_20.182m.png,2024_06_04_11,train
DJI_DateTime_2024_06_04_11_08_0089_lat_10.3005576_lon_105.2714620_alt_20.133m,/home/hyggestuen/Downloads/_WeedyRice/WeedyRice-RGBMS-DB/RGB/DJI_DateTime_2024_06_04_11_08_0089_lat_10.3005576_lon_105.2714620_alt_20.133m.JPG,,"[""/home/hyggestuen/Downloads/_WeedyRice/WeedyRice-RGBMS-DB/Multispectral/DJI_DateTime_2024_06_04_11_08_0089_lat_10.3005576_lon_105.2714620_alt_20.133m_G.TIF"", ""/home/hyggestuen/Downloads/_WeedyRice/WeedyRice-RGBMS-DB/Multispectral/DJI_DateTime_2024_06_04_11_08_0089_lat_10.3005576_lon_105.2714620_alt_20.133m_NIR.TIF"", ""/home/hyggestuen/Downloads/_WeedyRice/WeedyRice-RGBMS-DB/Multispectral/DJI_DateTime_2024_06_04_11_08_0089_lat_10.3005576_lon_105.2714620_alt_20.133m_R.TIF"", ""/home/hyggestuen/Downloads/_WeedyRice/WeedyRice-RGBMS-DB/Multispectral/DJI_DateTime_2024_06_04_11_08_0089_lat_10.3005576_lon_105.2714620_alt_20.133m_RE.TIF""]",/home/hyggestuen/Downloads/_WeedyRice/WeedyRice-RGBMS-DB/Masks/DJI_DateTime_2024_06_04_11_08_0089_lat_10.3005576_lon_105.2714620_alt_20.133m.png,2024_06_04_11,train
DJI_DateTime_2024_06_04_11_08_0090_lat_10.3005779_lon_105.2714156_alt_20.184m,/home/hyggestuen/Downloads/_WeedyRice/WeedyRice-RGBMS-DB/RGB/DJI_DateTime_2024_06_04_11_08_0090_lat_10.3005779_lon_105.2714156_alt_20.184m.JPG,,"[""/home/hyggestuen/Downloads/_WeedyRice/WeedyRice-RGBMS-DB/Multispectral/DJI_DateTime_2024_06_04_11_08_0090_lat_10.3005779_lon_105.2714156_alt_20.184m_G.TIF"", ""/home/hyggestuen/Downloads/_WeedyRice/WeedyRice-RGBMS-DB/Multispectral/DJI_DateTime_2024_06_04_11_08_0090_lat_10.3005779_lon_105.2714156_alt_20.184m_NIR.TIF"", ""/home/hyggestuen/Downloads/_WeedyRice/WeedyRice-RGBMS-DB/Multispectral/DJI_DateTime_2024_06_04_11_08_0090_lat_10.3005779_lon_105.2714156_alt_20.184m_R.TIF"", ""/home/hyggestuen/Downloads/_WeedyRice/WeedyRice-RGBMS-DB/Multispectral/DJI_DateTime_2024_06_04_11_08_0090_lat_10.3005779_lon_105.2714156_alt_20.184m_RE.TIF""]",/home/hyggestuen/Downloads/_WeedyRice/WeedyRice-RGBMS-DB/Masks/DJI_DateTime_2024_06_04_11_08_0090_lat_10.3005779_lon_105.2714156_alt_20.184m.png,2024_06_04_11,train
DJI_DateTime_2024_06_04_11_08_0091_lat_10.3005974_lon_105.2713709_alt_20.150m,/home/hyggestuen/Downloads/_WeedyRice/WeedyRice-RGBMS-DB/RGB/DJI_DateTime_2024_06_04_11_08_0091_lat_10.3005974_lon_105.2713709_alt_20.150m.JPG,,"[""/home/hyggestuen/Downloads/_WeedyRice/WeedyRice-RGBMS-DB/Multispectral/DJI_DateTime_2024_06_04_11_08_0091_lat_10.3005974_lon_105.2713709_alt_20.150m_G.TIF"", ""/home/hyggestuen/Downloads/_WeedyRice/WeedyRice-RGBMS-DB/Multispectral/DJI_DateTime_2024_06_04_11_08_0091_lat_10.3005974_lon_105.2713709_alt_20.150m_NIR.TIF"", ""/home/hyggestuen/Downloads/_WeedyRice/WeedyRice-RGBMS-DB/Multispectral/DJI_DateTime_2024_06_04_11_08_0091_lat_10.3005974_lon_105.2713709_alt_20.150m_R.TIF"", ""/home/hyggestuen/Downloads/_WeedyRice/WeedyRice-RGBMS-DB/Multispectral/DJI_DateTime_2024_06_04_11_08_0091_lat_10.3005974_lon_105.2713709_alt_20.150m_RE.TIF""]",/home/hyggestuen/Downloads/_WeedyRice/WeedyRice-RGBMS-DB/Masks/DJI_DateTime_2024_06_04_11_08_0091_lat_10.3005974_lon_105.2713709_alt_20.150m.png,2024_06_04_11,train
DJI_DateTime_2024_06_04_11_08_0092_lat_10.3006174_lon_105.2713269_alt_20.198m,/home/hyggestuen/Downloads/_WeedyRice/WeedyRice-RGBMS-DB/RGB/DJI_DateTime_2024_06_04_11_08_0092_lat_10.3006174_lon_105.2713269_alt_20.198m.JPG,,"[""/home/hyggestuen/Downloads/_WeedyRice/WeedyRice-RGBMS-DB/Multispectral/DJI_DateTime_2024_06_04_11_08_0092_lat_10.3006174_lon_105.2713269_alt_20.198m_G.TIF"", ""/home/hyggestuen/Downloads/_WeedyRice/WeedyRice-RGBMS-DB/Multispectral/DJI_DateTime_2024_06_04_11_08_0092_lat_10.3006174_lon_105.2713269_alt_20.198m_NIR.TIF"", ""/home/hyggestuen/Downloads/_WeedyRice/WeedyRice-RGBMS-DB/Multispectral/DJI_DateTime_2024_06_04_11_08_0092_lat_10.3006174_lon_105.2713269_alt_20.198m_R.TIF"", ""/home/hyggestuen/Downloads/_WeedyRice/WeedyRice-RGBMS-DB/Multispectral/DJI_DateTime_2024_06_04_11_08_0092_lat_10.3006174_lon_105.2713269_alt_20.198m_RE.TIF""]",/home/hyggestuen/Downloads/_WeedyRice/WeedyRice-RGBMS-DB/Masks/DJI_DateTime_2024_06_04_11_08_0092_lat_10.3006174_lon_105.2713269_alt_20.198m.png,2024_06_04_11,train
DJI_DateTime_2024_06_04_11_09_0093_lat_10.3006372_lon_105.2712811_alt_20.224m,/home/hyggestuen/Downloads/_WeedyRice/WeedyRice-RGBMS-DB/RGB/DJI_DateTime_2024_06_04_11_09_0093_lat_10.3006372_lon_105.2712811_alt_20.224m.JPG,,"[""/home/hyggestuen/Downloads/_WeedyRice/WeedyRice-RGBMS-DB/Multispectral/DJI_DateTime_2024_06_04_11_09_0093_lat_10.3006372_lon_105.2712811_alt_20.224m_G.TIF"", ""/home/hyggestuen/Downloads/_WeedyRice/WeedyRice-RGBMS-DB/Multispectral/DJI_DateTime_2024_06_04_11_09_0093_lat_10.3006372_lon_105.2712811_alt_20.224m_NIR.TIF"", ""/home/hyggestuen/Downloads/_WeedyRice/WeedyRice-RGBMS-DB/Multispectral/DJI_DateTime_2024_06_04_11_09_0093_lat_10.3006372_lon_105.2712811_alt_20.224m_R.TIF"", ""/home/hyggestuen/Downloads/_WeedyRice/WeedyRice-RGBMS-DB/Multispectral/DJI_DateTime_2024_06_04_11_09_0093_lat_10.3006372_lon_105.2712811_alt_20.224m_RE.TIF""]",/home/hyggestuen/Downloads/_WeedyRice/WeedyRice-RGBMS-DB/Masks/DJI_DateTime_2024_06_04_11_09_0093_lat_10.3006372_lon_105.2712811_alt_20.224m.png,2024_06_04_11,train
DJI_DateTime_2024_06_04_11_09_0111_lat_10.3005641_lon_105.2712811_alt_20.159m,/home/hyggestuen/Downloads/_WeedyRice/WeedyRice-RGBMS-DB/RGB/DJI_DateTime_2024_06_04_11_09_0111_lat_10.3005641_lon_105.2712811_alt_20.159m.JPG,,"[""/home/hyggestuen/Downloads/_WeedyRice/WeedyRice-RGBMS-DB/Multispectral/DJI_DateTime_2024_06_04_11_09_0111_lat_10.3005641_lon_105.2712811_alt_20.159m_G.TIF"", ""/home/hyggestuen/Downloads/_WeedyRice/WeedyRice-RGBMS-DB/Multispectral/DJI_DateTime_2024_06_04_11_09_0111_lat_10.3005641_lon_105.2712811_alt_20.159m_NIR.TIF"", ""/home/hyggestuen/Downloads/_WeedyRice/WeedyRice-RGBMS-DB/Multispectral/DJI_DateTime_2024_06_04_11_09_0111_lat_10.3005641_lon_105.2712811_alt_20.159m_R.TIF"", ""/home/hyggestuen/Downloads/_WeedyRice/WeedyRice-RGBMS-DB/Multispectral/DJI_DateTime_2024_06_04_11_09_0111_lat_10.3005641_lon_105.2712811_alt_20.159m_RE.TIF""]",/home/hyggestuen/Downloads/_WeedyRice/WeedyRice-RGBMS-DB/Masks/DJI_DateTime_2024_06_04_11_09_0111_lat_10.3005641_lon_105.2712811_alt_20.159m.png,2024_06_04_11,train
DJI_DateTime_2024_06_04_11_10_0112_lat_10.3005441_lon_105.2713268_alt_20.226m,/home/hyggestuen/Downloads/_WeedyRice/WeedyRice-RGBMS-DB/RGB/DJI_DateTime_2024_06_04_11_10_0112_lat_10.3005441_lon_105.2713268_alt_20.226m.JPG,,"[""/home/hyggestuen/Downloads/_WeedyRice/WeedyRice-RGBMS-DB/Multispectral/DJI_DateTime_2024_06_04_11_10_0112_lat_10.3005441_lon_105.2713268_alt_20.226m_G.TIF"", ""/home/hyggestuen/Downloads/_WeedyRice/WeedyRice-RGBMS-DB/Multispectral/DJI_DateTime_2024_06_04_11_10_0112_lat_10.3005441_lon_105.2713268_alt_20.226m_NIR.TIF"", ""/home/hyggestuen/Downloads/_WeedyRice/WeedyRice-RGBMS-DB/Multispectral/DJI_DateTime_2024_06_04_11_10_0112_lat_10.3005441_lon_105.2713268_alt_20.226m_R.TIF"", ""/home/hyggestuen/Downloads/_WeedyRice/WeedyRice-RGBMS-DB/Multispectral/DJI_DateTime_2024_06_04_11_10_0112_lat_10.3005441_lon_105.2713268_alt_20.226m_RE.TIF""]",/home/hyggestuen/Downloads/_WeedyRice/WeedyRice-RGBMS-DB/Masks/DJI_DateTime_2024_06_04_11_10_0112_lat_10.3005441_lon_105.2713268_alt_20.226m.png,2024_06_04_11,train
DJI_DateTime_2024_06_04_11_10_0113_lat_10.3005235_lon_105.2713722_alt_20.217m,/home/hyggestuen/Downloads/_WeedyRice/WeedyRice-RGBMS-DB/RGB/DJI_DateTime_2024_06_04_11_10_0113_lat_10.3005235_lon_105.2713722_alt_20.217m.JPG,,"[""/home/hyggestuen/Downloads/_WeedyRice/WeedyRice-RGBMS-DB/Multispectral/DJI_DateTime_2024_06_04_11_10_0113_lat_10.3005235_lon_105.2713722_alt_20.217m_G.TIF"", ""/home/hyggestuen/Downloads/_WeedyRice/WeedyRice-RGBMS-DB/Multispectral/DJI_DateTime_2024_06_04_11_10_0113_lat_10.3005235_lon_105.2713722_alt_20.217m_NIR.TIF"", ""/home/hyggestuen/Downloads/_WeedyRice/WeedyRice-RGBMS-DB/Multispectral/DJI_DateTime_2024_06_04_11_10_0113_lat_10.3005235_lon_105.2713722_alt_20.217m_R.TIF"", ""/home/hyggestuen/Downloads/_WeedyRice/WeedyRice-RGBMS-DB/Multispectral/DJI_DateTime_2024_06_04_11_10_0113_lat_10.3005235_lon_105.2713722_alt_20.217m_RE.TIF""]",/home/hyggestuen/Downloads/_WeedyRice/WeedyRice-RGBMS-DB/Masks/DJI_DateTime_2024_06_04_11_10_0113_lat_10.3005235_lon_105.2713722_alt_20.217m.png,2024_06_04_11,train
DJI_DateTime_2024_06_04_11_10_0114_lat_10.3005041_lon_105.2714172_alt_20.200m,/home/hyggestuen/Downloads/_WeedyRice/WeedyRice-RGBMS-DB/RGB/DJI_DateTime_2024_06_04_11_10_0114_lat_10.3005041_lon_105.2714172_alt_20.200m.JPG,,"[""/home/hyggestuen/Downloads/_WeedyRice/WeedyRice-RGBMS-DB/Multispectral/DJI_DateTime_2024_06_04_11_10_0114_lat_10.3005041_lon_105.2714172_alt_20.200m_G.TIF"", ""/home/hyggestuen/Downloads/_WeedyRice/WeedyRice-RGBMS-DB/Multispectral/DJI_DateTime_2024_06_04_11_10_0114_lat_10.3005041_lon_105.2714172_alt_20.200m_NIR.TIF"", ""/home/hyggestuen/Downloads/_WeedyRice/WeedyRice-RGBMS-DB/Multispectral/DJI_DateTime_2024_06_04_11_10_0114_lat_10.3005041_lon_105.2714172_alt_20.200m_R.TIF"", ""/home/hyggestuen/Downloads/_WeedyRice/WeedyRice-RGBMS-DB/Multispectral/DJI_DateTime_2024_06_04_11_10_0114_lat_10.3005041_lon_105.2714172_alt_20.200m_RE.TIF""]",/home/hyggestuen/Downloads/_WeedyRice/WeedyRice-RGBMS-DB/Masks/DJI_DateTime_2024_06_04_11_10_0114_lat_10.3005041_lon_105.2714172_alt_20.200m.png,2024_06_04_11,train
DJI_DateTime_2024_06_04_11_10_0115_lat_10.3004839_lon_105.2714630_alt_20.320m,/home/hyggestuen/Downloads/_WeedyRice/WeedyRice-RGBMS-DB/RGB/DJI_DateTime_2024_06_04_11_10_0115_lat_10.3004839_lon_105.2714630_alt_20.320m.JPG,,"[""/home/hyggestuen/Downloads/_WeedyRice/WeedyRice-RGBMS-DB/Multispectral/DJI_DateTime_2024_06_04_11_10_0115_lat_10.3004839_lon_105.2714630_alt_20.320m_G.TIF"", ""/home/hyggestuen/Downloads/_WeedyRice/WeedyRice-RGBMS-DB/Multispectral/DJI_DateTime_2024_06_04_11_10_0115_lat_10.3004839_lon_105.2714630_alt_20.320m_NIR.TIF"", ""/home/hyggestuen/Downloads/_WeedyRice/WeedyRice-RGBMS-DB/Multispectral/DJI_DateTime_2024_06_04_11_10_0115_lat_10.3004839_lon_105.2714630_alt_20.320m_R.TIF"", ""/home/hyggestuen/Downloads/_WeedyRice/WeedyRice-RGBMS-DB/Multispectral/DJI_DateTime_2024_06_04_11_10_0115_lat_10.3004839_lon_105.2714630_alt_20.320m_RE.TIF""]",/home/hyggestuen/Downloads/_WeedyRice/WeedyRice-RGBMS-DB/Masks/DJI_DateTime_2024_06_04_11_10_0115_lat_10.3004839_lon_105.2714630_alt_20.320m.png,2024_06_04_11,train
DJI_DateTime_2024_06_04_11_10_0116_lat_10.3004642_lon_105.2715076_alt_20.236m,/home/hyggestuen/Downloads/_WeedyRice/WeedyRice-RGBMS-DB/RGB/DJI_DateTime_2024_06_04_11_10_0116_lat_10.3004642_lon_105.2715076_alt_20.236m.JPG,,"[""/home/hyggestuen/Downloads/_WeedyRice/WeedyRice-RGBMS-DB/Multispectral/DJI_DateTime_2024_06_04_11_10_0116_lat_10.3004642_lon_105.2715076_alt_20.236m_G.TIF"", ""/home/hyggestuen/Downloads/_WeedyRice/WeedyRice-RGBMS-DB/Multispectral/DJI_DateTime_2024_06_04_11_10_0116_lat_10.3004642_lon_105.2715076_alt_20.236m_NIR.TIF"", ""/home/hyggestuen/Downloads/_WeedyRice/WeedyRice-RGBMS-DB/Multispectral/DJI_DateTime_2024_06_04_11_10_0116_lat_10.3004642_lon_105.2715076_alt_20.236m_R.TIF"", ""/home/hyggestuen/Downloads/_WeedyRice/WeedyRice-RGBMS-DB/Multispectral/DJI_DateTime_2024_06_04_11_10_0116_lat_10.3004642_lon_105.2715076_alt_20.236m_RE.TIF""]",/home/hyggestuen/Downloads/_WeedyRice/WeedyRice-RGBMS-DB/Masks/DJI_DateTime_2024_06_04_11_10_0116_lat_10.3004642_lon_105.2715076_alt_20.236m.png,2024_06_04_11,train
DJI_DateTime_2024_06_04_11_10_0117_lat_10.3004436_lon_105.2715544_alt_20.238m,/home/hyggestuen/Downloads/_WeedyRice/WeedyRice-RGBMS-DB/RGB/DJI_DateTime_2024_06_04_11_10_0117_lat_10.3004436_lon_105.2715544_alt_20.238m.JPG,,"[""/home/hyggestuen/Downloads/_WeedyRice/WeedyRice-RGBMS-DB/Multispectral/DJI_DateTime_2024_06_04_11_10_0117_lat_10.3004436_lon_105.2715544_alt_20.238m_G.TIF"", ""/home/hyggestuen/Downloads/_WeedyRice/WeedyRice-RGBMS-DB/Multispectral/DJI_DateTime_2024_06_04_11_10_0117_lat_10.3004436_lon_105.2715544_alt_20.238m_NIR.TIF"", ""/home/hyggestuen/Downloads/_WeedyRice/WeedyRice-RGBMS-DB/Multispectral/DJI_DateTime_2024_06_04_11_10_0117_lat_10.3004436_lon_105.2715544_alt_20.238m_R.TIF"", ""/home/hyggestuen/Downloads/_WeedyRice/WeedyRice-RGBMS-DB/Multispectral/DJI_DateTime_2024_06_04_11_10_0117_lat_10.3004436_lon_105.2715544_alt_20.238m_RE.TIF""]",/home/hyggestuen/Downloads/_WeedyRice/WeedyRice-RGBMS-DB/Masks/DJI_DateTime_2024_06_04_11_10_0117_lat_10.3004436_lon_105.2715544_alt_20.238m.png,2024_06_04_11,train
DJI_DateTime_2024_06_04_11_10_0118_lat_10.3004243_lon_105.2715983_alt_20.173m,/home/hyggestuen/Downloads/_WeedyRice/WeedyRice-RGBMS-DB/RGB/DJI_DateTime_2024_06_04_11_10_0118_lat_10.3004243_lon_105.2715983_alt_20.173m.JPG,,"[""/home/hyggestuen/Downloads/_WeedyRice/WeedyRice-RGBMS-DB/Multispectral/DJI_DateTime_2024_06_04_11_10_0118_lat_10.3004243_lon_105.2715983_alt_20.173m_G.TIF"", ""/home/hyggestuen/Downloads/_WeedyRice/WeedyRice-RGBMS-DB/Multispectral/DJI_DateTime_2024_06_04_11_10_0118_lat_10.3004243_lon_105.2715983_alt_20.173m_NIR.TIF"", ""/home/hyggestuen/Downloads/_WeedyRice/WeedyRice-RGBMS-DB/Multispectral/DJI_DateTime_2024_06_04_11_10_0118_lat_10.3004243_lon_105.2715983_alt_20.173m_R.TIF"", ""/home/hyggestuen/Downloads/_WeedyRice/WeedyRice-RGBMS-DB/Multispectral/DJI_DateTime_2024_06_04_11_10_0118_lat_10.3004243_lon_105.2715983_alt_20.173m_RE.TIF""]",/home/hyggestuen/Downloads/_WeedyRice/WeedyRice-RGBMS-DB/Masks/DJI_DateTime_2024_06_04_11_10_0118_lat_10.3004243_lon_105.2715983_alt_20.173m.png,2024_06_04_11,train
DJI_DateTime_2024_06_04_11_10_0119_lat_10.3004038_lon_105.2716442_alt_20.186m,/home/hyggestuen/Downloads/_WeedyRice/WeedyRice-RGBMS-DB/RGB/DJI_DateTime_2024_06_04_11_10_0119_lat_10.3004038_lon_105.2716442_alt_20.186m.JPG,,"[""/home/hyggestuen/Downloads/_WeedyRice/WeedyRice-RGBMS-DB/Multispectral/DJI_DateTime_2024_06_04_11_10_0119_lat_10.3004038_lon_105.2716442_alt_20.186m_G.TIF"", ""/home/hyggestuen/Downloads/_WeedyRice/WeedyRice-RGBMS-DB/Multispectral/DJI_DateTime_2024_06_04_11_10_0119_lat_10.3004038_lon_105.2716442_alt_20.186m_NIR.TIF"", ""/home/hyggestuen/Downloads/_WeedyRice/WeedyRice-RGBMS-DB/Multispectral/DJI_DateTime_2024_06_04_11_10_0119_lat_10.3004038_lon_105.2716442_alt_20.186m_R.TIF"", ""/home/hyggestuen/Downloads/_WeedyRice/WeedyRice-RGBMS-DB/Multispectral/DJI_DateTime_2024_06_04_11_10_0119_lat_10.3004038_lon_105.2716442_alt_20.186m_RE.TIF""]",/home/hyggestuen/Downloads/_WeedyRice/WeedyRice-RGBMS-DB/Masks/DJI_DateTime_2024_06_04_11_10_0119_lat_10.3004038_lon_105.2716442_alt_20.186m.png,2024_06_04_11,train
DJI_DateTime_2024_06_04_11_10_0120_lat_10.3003840_lon_105.2716886_alt_20.201m,/home/hyggestuen/Downloads/_WeedyRice/WeedyRice-RGBMS-DB/RGB/DJI_DateTime_2024_06_04_11_10_0120_lat_10.3003840_lon_105.2716886_alt_20.201m.JPG,,"[""/home/hyggestuen/Downloads/_WeedyRice/WeedyRice-RGBMS-DB/Multispectral/DJI_DateTime_2024_06_04_11_10_0120_lat_10.3003840_lon_105.2716886_alt_20.201m_G.TIF"", ""/home/hyggestuen/Downloads/_WeedyRice/WeedyRice-RGBMS-DB/Multispectral/DJI_DateTime_2024_06_04_11_10_0120_lat_10.3003840_lon_105.2716886_alt_20.201m_NIR.TIF"", ""/home/hyggestuen/Downloads/_WeedyRice/WeedyRice-RGBMS-DB/Multispectral/DJI_DateTime_2024_06_04_11_10_0120_lat_10.3003840_lon_105.2716886_alt_20.201m_R.TIF"", ""/home/hyggestuen/Downloads/_WeedyRice/WeedyRice-RGBMS-DB/Multispectral/DJI_DateTime_2024_06_04_11_10_0120_lat_10.3003840_lon_105.2716886_alt_20.201m_RE.TIF""]",/home/hyggestuen/Downloads/_WeedyRice/WeedyRice-RGBMS-DB/Masks/DJI_DateTime_2024_06_04_11_10_0120_lat_10.3003840_lon_105.2716886_alt_20.201m.png,2024_06_04_11,train
DJI_DateTime_2024_06_04_11_10_0121_lat_10.3003641_lon_105.2717343_alt_20.211m,/home/hyggestuen/Downloads/_WeedyRice/WeedyRice-RGBMS-DB/RGB/DJI_DateTime_2024_06_04_11_10_0121_lat_10.3003641_lon_105.2717343_alt_20.211m.JPG,,"[""/home/hyggestuen/Downloads/_WeedyRice/WeedyRice-RGBMS-DB/Multispectral/DJI_DateTime_2024_06_04_11_10_0121_lat_10.3003641_lon_105.2717343_alt_20.211m_G.TIF"", ""/home/hyggestuen/Downloads/_WeedyRice/WeedyRice-RGBMS-DB/Multispectral/DJI_DateTime_2024_06_04_11_10_0121_lat_10.3003641_lon_105.2717343_alt_20.211m_NIR.TIF"", ""/home/hyggestuen/Downloads/_WeedyRice/WeedyRice-RGBMS-DB/Multispectral/DJI_DateTime_2024_06_04_11_10_0121_lat_10.3003641_lon_105.2717343_alt_20.211m_R.TIF"", ""/home/hyggestuen/Downloads/_WeedyRice/WeedyRice-RGBMS-DB/Multispectral/DJI_DateTime_2024_06_04_11_10_0121_lat_10.3003641_lon_105.2717343_alt_20.211m_RE.TIF""]",/home/hyggestuen/Downloads/_WeedyRice/WeedyRice-RGBMS-DB/Masks/DJI_DateTime_2024_06_04_11_10_0121_lat_10.3003641_lon_105.2717343_alt_20.211m.png,2024_06_04_11,train
DJI_DateTime_2024_06_04_11_10_0122_lat_10.3003442_lon_105.2717796_alt_20.224m,/home/hyggestuen/Downloads/_WeedyRice/WeedyRice-RGBMS-DB/RGB/DJI_DateTime_2024_06_04_11_10_0122_lat_10.3003442_lon_105.2717796_alt_20.224m.JPG,,"[""/home/hyggestuen/Downloads/_WeedyRice/WeedyRice-RGBMS-DB/Multispectral/DJI_DateTime_2024_06_04_11_10_0122_lat_10.3003442_lon_105.2717796_alt_20.224m_G.TIF"", ""/home/hyggestuen/Downloads/_WeedyRice/WeedyRice-RGBMS-DB/Multispectral/DJI_DateTime_2024_06_04_11_10_0122_lat_10.3003442_lon_105.2717796_alt_20.224m_NIR.TIF"", ""/home/hyggestuen/Downloads/_WeedyRice/WeedyRice-RGBMS-DB/Multispectral/DJI_DateTime_2024_06_04_11_10_0122_lat_10.3003442_lon_105.2717796_alt_20.224m_R.TIF"", ""/home/hyggestuen/Downloads/_WeedyRice/WeedyRice-RGBMS-DB/Multispectral/DJI_DateTime_2024_06_04_11_10_0122_lat_10.3003442_lon_105.2717796_alt_20.224m_RE.TIF""]",/home/hyggestuen/Downloads/_WeedyRice/WeedyRice-RGBMS-DB/Masks/DJI_DateTime_2024_06_04_11_10_0122_lat_10.3003442_lon_105.2717796_alt_20.224m.png,2024_06_04_11,train
DJI_DateTime_2024_06_04_11_10_0123_lat_10.3003244_lon_105.2718251_alt_20.207m,/home/hyggestuen/Downloads/_WeedyRice/WeedyRice-RGBMS-DB/RGB/DJI_DateTime_2024_06_04_11_10_0123_lat_10.3003244_lon_105.2718251_alt_20.207m.JPG,,"[""/home/hyggestuen/Downloads/_WeedyRice/WeedyRice-RGBMS-DB/Multispectral/DJI_DateTime_2024_06_04_11_10_0123_lat_10.3003244_lon_105.2718251_alt_20.207m_G.TIF"", ""/home/hyggestuen/Downloads/_WeedyRice/WeedyRice-RGBMS-DB/Multispectral/DJI_DateTime_2024_06_04_11_10_0123_lat_10.3003244_lon_105.2718251_alt_20.207m_NIR.TIF"", ""/home/hyggestuen/Downloads/_WeedyRice/WeedyRice-RGBMS-DB/Multispectral/DJI_DateTime_2024_06_04_11_10_0123_lat_10.3003244_lon_105.2718251_alt_20.207m_R.TIF"", ""/home/hyggestuen/Downloads/_WeedyRice/WeedyRice-RGBMS-DB/Multispectral/DJI_DateTime_2024_06_04_11_10_0123_lat_10.3003244_lon_105.2718251_alt_20.207m_RE.TIF""]",/home/hyggestuen/Downloads/_WeedyRice/WeedyRice-RGBMS-DB/Masks/DJI_DateTime_2024_06_04_11_10_0123_lat_10.3003244_lon_105.2718251_alt_20.207m.png,2024_06_04_11,train
DJI_DateTime_2024_06_04_11_10_0124_lat_10.3003052_lon_105.2718704_alt_20.334m,/home/hyggestuen/Downloads/_WeedyRice/WeedyRice-RGBMS-DB/RGB/DJI_DateTime_2024_06_04_11_10_0124_lat_10.3003052_lon_105.2718704_alt_20.334m.JPG,,"[""/home/hyggestuen/Downloads/_WeedyRice/WeedyRice-RGBMS-DB/Multispectral/DJI_DateTime_2024_06_04_11_10_0124_lat_10.3003052_lon_105.2718704_alt_20.334m_G.TIF"", ""/home/hyggestuen/Downloads/_WeedyRice/WeedyRice-RGBMS-DB/Multispectral/DJI_DateTime_2024_06_04_11_10_0124_lat_10.3003052_lon_105.2718704_alt_20.334m_NIR.TIF"", ""/home/hyggestuen/Downloads/_WeedyRice/WeedyRice-RGBMS-DB/Multispectral/DJI_DateTime_2024_06_04_11_10_0124_lat_10.3003052_lon_105.2718704_alt_20.334m_R.TIF"", ""/home/hyggestuen/Downloads/_WeedyRice/WeedyRice-RGBMS-DB/Multispectral/DJI_DateTime_2024_06_04_11_10_0124_lat_10.3003052_lon_105.2718704_alt_20.334m_RE.TIF""]",/home/hyggestuen/Downloads/_WeedyRice/WeedyRice-RGBMS-DB/Masks/DJI_DateTime_2024_06_04_11_10_0124_lat_10.3003052_lon_105.2718704_alt_20.334m.png,2024_06_04_11,train
DJI_DateTime_2024_06_04_11_10_0125_lat_10.3002852_lon_105.2719144_alt_20.273m,/home/hyggestuen/Downloads/_WeedyRice/WeedyRice-RGBMS-DB/RGB/DJI_DateTime_2024_06_04_11_10_0125_lat_10.3002852_lon_105.2719144_alt_20.273m.JPG,,"[""/home/hyggestuen/Downloads/_WeedyRice/WeedyRice-RGBMS-DB/Multispectral/DJI_DateTime_2024_06_04_11_10_0125_lat_10.3002852_lon_105.2719144_alt_20.273m_G.TIF"", ""/home/hyggestuen/Downloads/_WeedyRice/WeedyRice-RGBMS-DB/Multispectral/DJI_DateTime_2024_06_04_11_10_0125_lat_10.3002852_lon_105.2719144_alt_20.273m_NIR.TIF"", ""/home/hyggestuen/Downloads/_WeedyRice/WeedyRice-RGBMS-DB/Multispectral/DJI_DateTime_2024_06_04_11_10_0125_lat_10.3002852_lon_105.2719144_alt_20.273m_R.TIF"", ""/home/hyggestuen/Downloads/_WeedyRice/WeedyRice-RGBMS-DB/Multispectral/DJI_DateTime_2024_06_04_11_10_0125_lat_10.3002852_lon_105.2719144_alt_20.273m_RE.TIF""]",/home/hyggestuen/Downloads/_WeedyRice/WeedyRice-RGBMS-DB/Masks/DJI_DateTime_2024_06_04_11_10_0125_lat_10.3002852_lon_105.2719144_alt_20.273m.png,2024_06_04_11,train
DJI_DateTime_2024_06_04_11_10_0126_lat_10.3002650_lon_105.2719594_alt_20.176m,/home/hyggestuen/Downloads/_WeedyRice/WeedyRice-RGBMS-DB/RGB/DJI_DateTime_2024_06_04_11_10_0126_lat_10.3002650_lon_105.2719594_alt_20.176m.JPG,,"[""/home/hyggestuen/Downloads/_WeedyRice/WeedyRice-RGBMS-DB/Multispectral/DJI_DateTime_2024_06_04_11_10_0126_lat_10.3002650_lon_105.2719594_alt_20.176m_G.TIF"", ""/home/hyggestuen/Downloads/_WeedyRice/WeedyRice-RGBMS-DB/Multispectral/DJI_DateTime_2024_06_04_11_10_0126_lat_10.3002650_lon_105.2719594_alt_20.176m_NIR.TIF"", ""/home/hyggestuen/Downloads/_WeedyRice/WeedyRice-RGBMS-DB/Multispectral/DJI_DateTime_2024_06_04_11_10_0126_lat_10.3002650_lon_105.2719594_alt_20.176m_R.TIF"", ""/home/hyggestuen/Downloads/_WeedyRice/WeedyRice-RGBMS-DB/Multispectral/DJI_DateTime_2024_06_04_11_10_0126_lat_10.3002650_lon_105.2719594_alt_20.176m_RE.TIF""]",/home/hyggestuen/Downloads/_WeedyRice/WeedyRice-RGBMS-DB/Masks/DJI_DateTime_2024_06_04_11_10_0126_lat_10.3002650_lon_105.2719594_alt_20.176m.png,2024_06_04_11,train
DJI_DateTime_2024_06_04_11_10_0129_lat_10.3002224_lon_105.2718953_alt_20.166m,/home/hyggestuen/Downloads/_WeedyRice/WeedyRice-RGBMS-DB/RGB/DJI_DateTime_2024_06_04_11_10_0129_lat_10.3002224_lon_105.2718953_alt_20.166m.JPG,,"[""/home/hyggestuen/Downloads/_WeedyRice/WeedyRice-RGBMS-DB/Multispectral/DJI_DateTime_2024_06_04_11_10_0129_lat_10.3002224_lon_105.2718953_alt_20.166m_G.TIF"", ""/home/hyggestuen/Downloads/_WeedyRice/WeedyRice-RGBMS-DB/Multispectral/DJI_DateTime_2024_06_04_11_10_0129_lat_10.3002224_lon_105.2718953_alt_20.166m_NIR.TIF"", ""/home/hyggestuen/Downloads/_WeedyRice/WeedyRice-RGBMS-DB/Multispectral/DJI_DateTime_2024_06_04_11_10_0129_lat_10.3002224_lon_105.2718953_alt_20.166m_R.TIF"", ""/home/hyggestuen/Downloads/_WeedyRice/WeedyRice-RGBMS-DB/Multispectral/DJI_DateTime_2024_06_04_11_10_0129_lat_10.3002224_lon_105.2718953_alt_20.166m_RE.TIF""]",/home/hyggestuen/Downloads/_WeedyRice/WeedyRice-RGBMS-DB/Masks/DJI_DateTime_2024_06_04_11_10_0129_lat_10.3002224_lon_105.2718953_alt_20.166m.png,2024_06_04_11,train
DJI_DateTime_2024_06_04_11_10_0130_lat_10.3002426_lon_105.2718497_alt_20.213m,/home/hyggestuen/Downloads/_WeedyRice/WeedyRice-RGBMS-DB/RGB/DJI_DateTime_2024_06_04_11_10_0130_lat_10.3002426_lon_105.2718497_alt_20.213m.JPG,,"[""/home/hyggestuen/Downloads/_WeedyRice/WeedyRice-RGBMS-DB/Multispectral/DJI_DateTime_2024_06_04_11_10_0130_lat_10.3002426_lon_105.2718497_alt_20.213m_G.TIF"", ""/home/hyggestuen/Downloads/_WeedyRice/WeedyRice-RGBMS-DB/Multispectral/DJI_DateTime_2024_06_04_11_10_0130_lat_10.3002426_lon_105.2718497_alt_20.213m_NIR.TIF"", ""/home/hyggestuen/Downloads/_WeedyRice/WeedyRice-RGBMS-DB/Multispectral/DJI_DateTime_2024_06_04_11_10_0130_lat_10.3002426_lon_105.2718497_alt_20.213m_R.TIF"", ""/home/hyggestuen/Downloads/_WeedyRice/WeedyRice-RGBMS-DB/Multispectral/DJI_DateTime_2024_06_04_11_10_0130_lat_10.3002426_lon_105.2718497_alt_20.213m_RE.TIF""]",/home/hyggestuen/Downloads/_WeedyRice/WeedyRice-RGBMS-DB/Masks/DJI_DateTime_2024_06_04_11_10_0130_lat_10.3002426_lon_105.2718497_alt_20.213m.png,2024_06_04_11,train
DJI_DateTime_2024_06_04_11_11_0131_lat_10.3002624_lon_105.2718033_alt_20.232m,/home/hyggestuen/Downloads/_WeedyRice/WeedyRice-RGBMS-DB/RGB/DJI_DateTime_2024_06_04_11_11_0131_lat_10.3002624_lon_105.2718033_alt_20.232m.JPG,,"[""/home/hyggestuen/Downloads/_WeedyRice/WeedyRice-RGBMS-DB/Multispectral/DJI_DateTime_2024_06_04_11_11_0131_lat_10.3002624_lon_105.2718033_alt_20.232m_G.TIF"", ""/home/hyggestuen/Downloads/_WeedyRice/WeedyRice-RGBMS-DB/Multispectral/DJI_DateTime_2024_06_04_11_11_0131_lat_10.3002624_lon_105.2718033_alt_20.232m_NIR.TIF"", ""/home/hyggestuen/Downloads/_WeedyRice/WeedyRice-RGBMS-DB/Multispectral/DJI_DateTime_2024_06_04_11_11_0131_lat_10.3002624_lon_105.2718033_alt_20.232m_R.TIF"", ""/home/hyggestuen/Downloads/_WeedyRice/WeedyRice-RGBMS-DB/Multispectral/DJI_DateTime_2024_06_04_11_11_0131_lat_10.3002624_lon_105.2718033_alt_20.232m_RE.TIF""]",/home/hyggestuen/Downloads/_WeedyRice/WeedyRice-RGBMS-DB/Masks/DJI_DateTime_2024_06_04_11_11_0131_lat_10.3002624_lon_105.2718033_alt_20.232m.png,2024_06_04_11,train
DJI_DateTime_2024_06_04_11_11_0132_lat_10.3002823_lon_105.2717576_alt_20.255m,/home/hyggestuen/Downloads/_WeedyRice/WeedyRice-RGBMS-DB/RGB/DJI_DateTime_2024_06_04_11_11_0132_lat_10.3002823_lon_105.2717576_alt_20.255m.JPG,,"[""/home/hyggestuen/Downloads/_WeedyRice/WeedyRice-RGBMS-DB/Multispectral/DJI_DateTime_2024_06_04_11_11_0132_lat_10.3002823_lon_105.2717576_alt_20.255m_G.TIF"", ""/home/hyggestuen/Downloads/_WeedyRice/WeedyRice-RGBMS-DB/Multispectral/DJI_DateTime_2024_06_04_11_11_0132_lat_10.3002823_lon_105.2717576_alt_20.255m_NIR.TIF"", ""/home/hyggestuen/Downloads/_WeedyRice/WeedyRice-RGBMS-DB/Multispectral/DJI_DateTime_2024_06_04_11_11_0132_lat_10.3002823_lon_105.2717576_alt_20.255m_R.TIF"", ""/home/hyggestuen/Downloads/_WeedyRice/WeedyRice-RGBMS-DB/Multispectral/DJI_DateTime_2024_06_04_11_11_0132_lat_10.3002823_lon_105.2717576_alt_20.255m_RE.TIF""]",/home/hyggestuen/Downloads/_WeedyRice/WeedyRice-RGBMS-DB/Masks/DJI_DateTime_2024_06_04_11_11_0132_lat_10.3002823_lon_105.2717576_alt_20.255m.png,2024_06_04_11,train
DJI_DateTime_2024_06_04_11_11_0133_lat_10.3003019_lon_105.2717128_alt_20.136m,/home/hyggestuen/Downloads/_WeedyRice/WeedyRice-RGBMS-DB/RGB/DJI_DateTime_2024_06_04_11_11_0133_lat_10.3003019_lon_105.2717128_alt_20.136m.JPG,,"[""/home/hyggestuen/Downloads/_WeedyRice/WeedyRice-RGBMS-DB/Multispectral/DJI_DateTime_2024_06_04_11_11_0133_lat_10.3003019_lon_105.2717128_alt_20.136m_G.TIF"", ""/home/hyggestuen/Downloads/_WeedyRice/WeedyRice-RGBMS-DB/Multispectral/DJI_DateTime_2024_06_04_11_11_0133_lat_10.3003019_lon_105.2717128_alt_20.136m_NIR.TIF"", ""/home/hyggestuen/Downloads/_WeedyRice/WeedyRice-RGBMS-DB/Multispectral/DJI_DateTime_2024_06_04_11_11_0133_lat_10.3003019_lon_105.2717128_alt_20.136m_R.TIF"", ""/home/hyggestuen/Downloads/_WeedyRice/WeedyRice-RGBMS-DB/Multispectral/DJI_DateTime_2024_06_04_11_11_0133_lat_10.3003019_lon_105.2717128_alt_20.136m_RE.TIF""]",/home/hyggestuen/Downloads/_WeedyRice/WeedyRice-RGBMS-DB/Masks/DJI_DateTime_2024_06_04_11_11_0133_lat_10.3003019_lon_105.2717128_alt_20.136m.png,2024_06_04_11,train
DJI_DateTime_2024_06_04_11_11_0134_lat_10.3003219_lon_105.2716677_alt_20.182m,/home/hyggestuen/Downloads/_WeedyRice/WeedyRice-RGBMS-DB/RGB/DJI_DateTime_2024_06_04_11_11_0134_lat_10.3003219_lon_105.2716677_alt_20.182m.JPG,,"[""/home/hyggestuen/Downloads/_WeedyRice/WeedyRice-RGBMS-DB/Multispectral/DJI_DateTime_2024_06_04_11_11_0134_lat_10.3003219_lon_105.2716677_alt_20.182m_G.TIF"", ""/home/hyggestuen/Downloads/_WeedyRice/WeedyRice-RGBMS-DB/Multispectral/DJI_DateTime_2024_06_04_11_11_0134_lat_10.3003219_lon_105.2716677_alt_20.182m_NIR.TIF"", ""/home/hyggestuen/Downloads/_WeedyRice/WeedyRice-RGBMS-DB/Multispectral/DJI_DateTime_2024_06_04_11_11_0134_lat_10.3003219_lon_105.2716677_alt_20.182m_R.TIF"", ""/home/hyggestuen/Downloads/_WeedyRice/WeedyRice-RGBMS-DB/Multispectral/DJI_DateTime_2024_06_04_11_11_0134_lat_10.3003219_lon_105.2716677_alt_20.182m_RE.TIF""]",/home/hyggestuen/Downloads/_WeedyRice/WeedyRice-RGBMS-DB/Masks/DJI_DateTime_2024_06_04_11_11_0134_lat_10.3003219_lon_105.2716677_alt_20.182m.png,2024_06_04_11,train
DJI_DateTime_2024_06_04_11_11_0135_lat_10.3003416_lon_105.2716226_alt_20.146m,/home/hyggestuen/Downloads/_WeedyRice/WeedyRice-RGBMS-DB/RGB/DJI_DateTime_2024_06_04_11_11_0135_lat_10.3003416_lon_105.2716226_alt_20.146m.JPG,,"[""/home/hyggestuen/Downloads/_WeedyRice/WeedyRice-RGBMS-DB/Multispectral/DJI_DateTime_2024_06_04_11_11_0135_lat_10.3003416_lon_105.2716226_alt_20.146m_G.TIF"", ""/home/hyggestuen/Downloads/_WeedyRice/WeedyRice-RGBMS-DB/Multispectral/DJI_DateTime_2024_06_04_11_11_0135_lat_10.3003416_lon_105.2716226_alt_20.146m_NIR.TIF"", ""/home/hyggestuen/Downloads/_WeedyRice/WeedyRice-RGBMS-DB/Multispectral/DJI_DateTime_2024_06_04_11_11_0135_lat_10.3003416_lon_105.2716226_alt_20.146m_R.TIF"", ""/home/hyggestuen/Downloads/_WeedyRice/WeedyRice-RGBMS-DB/Multispectral/DJI_DateTime_2024_06_04_11_11_0135_lat_10.3003416_lon_105.2716226_alt_20.146m_RE.TIF""]",/home/hyggestuen/Downloads/_WeedyRice/WeedyRice-RGBMS-DB/Masks/DJI_DateTime_2024_06_04_11_11_0135_lat_10.3003416_lon_105.2716226_alt_20.146m.png,2024_06_04_11,train
DJI_DateTime_2024_06_04_11_11_0136_lat_10.3003615_lon_105.2715774_alt_20.167m,/home/hyggestuen/Downloads/_WeedyRice/WeedyRice-RGBMS-DB/RGB/DJI_DateTime_2024_06_04_11_11_0136_lat_10.3003615_lon_105.2715774_alt_20.167m.JPG,,"[""/home/hyggestuen/Downloads/_WeedyRice/WeedyRice-RGBMS-DB/Multispectral/DJI_DateTime_2024_06_04_11_11_0136_lat_10.3003615_lon_105.2715774_alt_20.167m_G.TIF"", ""/home/hyggestuen/Downloads/_WeedyRice/WeedyRice-RGBMS-DB/Multispectral/DJI_DateTime_2024_06_04_11_11_0136_lat_10.3003615_lon_105.2715774_alt_20.167m_NIR.TIF"", ""/home/hyggestuen/Downloads/_WeedyRice/WeedyRice-RGBMS-DB/Multispectral/DJI_DateTime_2024_06_04_11_11_0136_lat_10.3003615_lon_105.2715774_alt_20.167m_R.TIF"", ""/home/hyggestuen/Downloads/_WeedyRice/WeedyRice-RGBMS-DB/Multispectral/DJI_DateTime_2024_06_04_11_11_0136_lat_10.3003615_lon_105.2715774_alt_20.167m_RE.TIF""]",/home/hyggestuen/Downloads/_WeedyRice/WeedyRice-RGBMS-DB/Masks/DJI_DateTime_2024_06_04_11_11_0136_lat_10.3003615_lon_105.2715774_alt_20.167m.png,2024_06_04_11,train
DJI_DateTime_2024_06_04_11_11_0137_lat_10.3003819_lon_105.2715323_alt_20.154m,/home/hyggestuen/Downloads/_WeedyRice/WeedyRice-RGBMS-DB/RGB/DJI_DateTime_2024_06_04_11_11_0137_lat_10.3003819_lon_105.2715323_alt_20.154m.JPG,,"[""/home/hyggestuen/Downloads/_WeedyRice/WeedyRice-RGBMS-DB/Multispectral/DJI_DateTime_2024_06_04_11_11_0137_lat_10.3003819_lon_105.2715323_alt_20.154m_G.TIF"", ""/home/hyggestuen/Downloads/_WeedyRice/WeedyRice-RGBMS-DB/Multispectral/DJI_DateTime_2024_06_04_11_11_0137_lat_10.3003819_lon_105.2715323_alt_20.154m_NIR.TIF"", ""/home/hyggestuen/Downloads/_WeedyRice/WeedyRice-RGBMS-DB/Multispectral/DJI_DateTime_2024_06_04_11_11_0137_lat_10.3003819_lon_105.2715323_alt_20.154m_R.TIF"", ""/home/hyggestuen/Downloads/_WeedyRice/WeedyRice-RGBMS-DB/Multispectral/DJI_DateTime_2024_06_04_11_11_0137_lat_10.3003819_lon_105.2715323_alt_20.154m_RE.TIF""]",/home/hyggestuen/Downloads/_WeedyRice/WeedyRice-RGBMS-DB/Masks/DJI_DateTime_2024_06_04_11_11_0137_lat_10.3003819_lon_105.2715323_alt_20.154m.png,2024_06_04_11,train
DJI_DateTime_2024_06_04_11_11_0138_lat_10.3004013_lon_105.2714867_alt_20.183m,/home/hyggestuen/Downloads/_WeedyRice/WeedyRice-RGBMS-DB/RGB/DJI_DateTime_2024_06_04_11_11_0138_lat_10.3004013_lon_105.2714867_alt_20.183m.JPG,,"[""/home/hyggestuen/Downloads/_WeedyRice/WeedyRice-RGBMS-DB/Multispectral/DJI_DateTime_2024_06_04_11_11_0138_lat_10.3004013_lon_105.2714867_alt_20.183m_G.TIF"", ""/home/hyggestuen/Downloads/_WeedyRice/WeedyRice-RGBMS-DB/Multispectral/DJI_DateTime_2024_06_04_11_11_0138_lat_10.3004013_lon_105.2714867_alt_20.183m_NIR.TIF"", ""/home/hyggestuen/Downloads/_WeedyRice/WeedyRice-RGBMS-DB/Multispectral/DJI_DateTime_2024_06_04_11_11_0138_lat_10.3004013_lon_105.2714867_alt_20.183m_R.TIF"", ""/home/hyggestuen/Downloads/_WeedyRice/WeedyRice-RGBMS-DB/Multispectral/DJI_DateTime_2024_06_04_11_11_0138_lat_10.3004013_lon_105.2714867_alt_20.183m_RE.TIF""]",/home/hyggestuen/Downloads/_WeedyRice/WeedyRice-RGBMS-DB/Masks/DJI_DateTime_2024_06_04_11_11_0138_lat_10.3004013_lon_105.2714867_alt_20.183m.png,2024_06_04_11,train
DJI_DateTime_2024_06_04_11_11_0139_lat_10.3004209_lon_105.2714416_alt_20.183m,/home/hyggestuen/Downloads/_WeedyRice/WeedyRice-RGBMS-DB/RGB/DJI_DateTime_2024_06_04_11_11_0139_lat_10.3004209_lon_105.2714416_alt_20.183m.JPG,,"[""/home/hyggestuen/Downloads/_WeedyRice/WeedyRice-RGBMS-DB/Multispectral/DJI_DateTime_2024_06_04_11_11_0139_lat_10.3004209_lon_105.2714416_alt_20.183m_G.TIF"", ""/home/hyggestuen/Downloads/_WeedyRice/WeedyRice-RGBMS-DB/Multispectral/DJI_DateTime_2024_06_04_11_11_0139_lat_10.3004209_lon_105.2714416_alt_20.183m_NIR.TIF"", ""/home/hyggestuen/Downloads/_WeedyRice/WeedyRice-RGBMS-DB/Multispectral/DJI_DateTime_2024_06_04_11_11_0139_lat_10.3004209_lon_105.2714416_alt_20.183m_R.TIF"", ""/home/hyggestuen/Downloads/_WeedyRice/WeedyRice-RGBMS-DB/Multispectral/DJI_DateTime_2024_06_04_11_11_0139_lat_10.3004209_lon_105.2714416_alt_20.183m_RE.TIF""]",/home/hyggestuen/Downloads/_WeedyRice/WeedyRice-RGBMS-DB/Masks/DJI_DateTime_2024_06_04_11_11_0139_lat_10.3004209_lon_105.2714416_alt_20.183m.png,2024_06_04_11,train
DJI_DateTime_2024_06_04_11_11_0140_lat_10.3004410_lon_105.2713961_alt_20.195m,/home/hyggestuen/Downloads/_WeedyRice/WeedyRice-RGBMS-DB/RGB/DJI_DateTime_2024_06_04_11_11_0140_lat_10.3004410_lon_105.2713961_alt_20.195m.JPG,,"[""/home/hyggestuen/Downloads/_WeedyRice/WeedyRice-RGBMS-DB/Multispectral/DJI_DateTime_2024_06_04_11_11_0140_lat_10.3004410_lon_105.2713961_alt_20.195m_G.TIF"", ""/home/hyggestuen/Downloads/_WeedyRice/WeedyRice-RGBMS-DB/Multispectral/DJI_DateTime_2024_06_04_11_11_0140_lat_10.3004410_lon_105.2713961_alt_20.195m_NIR.TIF"", ""/home/hyggestuen/Downloads/_WeedyRice/WeedyRice-RGBMS-DB/Multispectral/DJI_DateTime_2024_06_04_11_11_0140_lat_10.3004410_lon_105.2713961_alt_20.195m_R.TIF"", ""/home/hyggestuen/Downloads/_WeedyRice/WeedyRice-RGBMS-DB/Multispectral/DJI_DateTime_2024_06_04_11_11_0140_lat_10.3004410_lon_105.2713961_alt_20.195m_RE.TIF""]",/home/hyggestuen/Downloads/_WeedyRice/WeedyRice-RGBMS-DB/Masks/DJI_DateTime_2024_06_04_11_11_0140_lat_10.3004410_lon_105.2713961_alt_20.195m.png,2024_06_04_11,train
DJI_DateTime_2024_06_04_11_11_0141_lat_10.3004610_lon_105.2713509_alt_20.192m,/home/hyggestuen/Downloads/_WeedyRice/WeedyRice-RGBMS-DB/RGB/DJI_DateTime_2024_06_04_11_11_0141_lat_10.3004610_lon_105.2713509_alt_20.192m.JPG,,"[""/home/hyggestuen/Downloads/_WeedyRice/WeedyRice-RGBMS-DB/Multispectral/DJI_DateTime_2024_06_04_11_11_0141_lat_10.3004610_lon_105.2713509_alt_20.192m_G.TIF"", ""/home/hyggestuen/Downloads/_WeedyRice/WeedyRice-RGBMS-DB/Multispectral/DJI_DateTime_2024_06_04_11_11_0141_lat_10.3004610_lon_105.2713509_alt_20.192m_NIR.TIF"", ""/home/hyggestuen/Downloads/_WeedyRice/WeedyRice-RGBMS-DB/Multispectral/DJI_DateTime_2024_06_04_11_11_0141_lat_10.3004610_lon_105.2713509_alt_20.192m_R.TIF"", ""/home/hyggestuen/Downloads/_WeedyRice/WeedyRice-RGBMS-DB/Multispectral/DJI_DateTime_2024_06_04_11_11_0141_lat_10.3004610_lon_105.2713509_alt_20.192m_RE.TIF""]",/home/hyggestuen/Downloads/_WeedyRice/WeedyRice-RGBMS-DB/Masks/DJI_DateTime_2024_06_04_11_11_0141_lat_10.3004610_lon_105.2713509_alt_20.192m.png,2024_06_04_11,train
DJI_DateTime_2024_06_04_11_11_0142_lat_10.3004808_lon_105.2713056_alt_20.200m,/home/hyggestuen/Downloads/_WeedyRice/WeedyRice-RGBMS-DB/RGB/DJI_DateTime_2024_06_04_11_11_0142_lat_10.3004808_lon_105.2713056_alt_20.200m.JPG,,"[""/home/hyggestuen/Downloads/_WeedyRice/WeedyRice-RGBMS-DB/Multispectral/DJI_DateTime_2024_06_04_11_11_0142_lat_10.3004808_lon_105.2713056_alt_20.200m_G.TIF"", ""/home/hyggestuen/Downloads/_WeedyRice/WeedyRice-RGBMS-DB/Multispectral/DJI_DateTime_2024_06_04_11_11_0142_lat_10.3004808_lon_105.2713056_alt_20.200m_NIR.TIF"", ""/home/hyggestuen/Downloads/_WeedyRice/WeedyRice-RGBMS-DB/Multispectral/DJI_DateTime_2024_06_04_11_11_0142_lat_10.3004808_lon_105.2713056_alt_20.200m_R.TIF"", ""/home/hyggestuen/Downloads/_WeedyRice/WeedyRice-RGBMS-DB/Multispectral/DJI_DateTime_2024_06_04_11_11_0142_lat_10.3004808_lon_105.2713056_alt_20.200m_RE.TIF""]",/home/hyggestuen/Downloads/_WeedyRice/WeedyRice-RGBMS-DB/Masks/DJI_DateTime_2024_06_04_11_11_0142_lat_10.3004808_lon_105.2713056_alt_20.200m.png,2024_06_04_11,train
DJI_DateTime_2024_06_04_11_11_0143_lat_10.3005004_lon_105.2712606_alt_20.197m,/home/hyggestuen/Downloads/_WeedyRice/WeedyRice-RGBMS-DB/RGB/DJI_DateTime_2024_06_04_11_11_0143_lat_10.3005004_lon_105.2712606_alt_20.197m.JPG,,"[""/home/hyggestuen/Downloads/_WeedyRice/WeedyRice-RGBMS-DB/Multispectral/DJI_DateTime_2024_06_04_11_11_0143_lat_10.3005004_lon_105.2712606_alt_20.197m_G.TIF"", ""/home/hyggestuen/Downloads/_WeedyRice/WeedyRice-RGBMS-DB/Multispectral/DJI_DateTime_2024_06_04_11_11_0143_lat_10.3005004_lon_105.2712606_alt_20.197m_NIR.TIF"", ""/home/hyggestuen/Downloads/_WeedyRice/WeedyRice-RGBMS-DB/Multispectral/DJI_DateTime_2024_06_04_11_11_0143_lat_10.3005004_lon_105.2712606_alt_20.197m_R.TIF"", ""/home/hyggestuen/Downloads/_WeedyRice/WeedyRice-RGBMS-DB/Multispectral/DJI_DateTime_2024_06_04_11_11_0143_lat_10.3005004_lon_105.2712606_alt_20.197m_RE.TIF""]",/home/hyggestuen/Downloads/_WeedyRice/WeedyRice-RGBMS-DB/Masks/DJI_DateTime_2024_06_04_11_11_0143_lat_10.3005004_lon_105.2712606_alt_20.197m.png,2024_06_04_11,train
DJI_DateTime_2024_06_04_11_12_0151_lat_10.3006596_lon_105.2708980_alt_20.171m,/home/hyggestuen/Downloads/_WeedyRice/WeedyRice-RGBMS-DB/RGB/DJI_DateTime_2024_06_04_11_12_0151_lat_10.3006596_lon_105.2708980_alt_20.171m.JPG,,"[""/home/hyggestuen/Downloads/_WeedyRice/WeedyRice-RGBMS-DB/Multispectral/DJI_DateTime_2024_06_04_11_12_0151_lat_10.3006596_lon_105.2708980_alt_20.171m_G.TIF"", ""/home/hyggestuen/Downloads/_WeedyRice/WeedyRice-RGBMS-DB/Multispectral/DJI_DateTime_2024_06_04_11_12_0151_lat_10.3006596_lon_105.2708980_alt_20.171m_NIR.TIF"", ""/home/hyggestuen/Downloads/_WeedyRice/WeedyRice-RGBMS-DB/Multispectral/DJI_DateTime_2024_06_04_11_12_0151_lat_10.3006596_lon_105.2708980_alt_20.171m_R.TIF"", ""/home/hyggestuen/Downloads/_WeedyRice/WeedyRice-RGBMS-DB/Multispectral/DJI_DateTime_2024_06_04_11_12_0151_lat_10.3006596_lon_105.2708980_alt_20.171m_RE.TIF""]",/home/hyggestuen/Downloads/_WeedyRice/WeedyRice-RGBMS-DB/Masks/DJI_DateTime_2024_06_04_11_12_0151_lat_10.3006596_lon_105.2708980_alt_20.171m.png,2024_06_04_11,train
DJI_DateTime_2024_06_04_11_12_0152_lat_10.3006732_lon_105.2708531_alt_20.180m,/home/hyggestuen/Downloads/_WeedyRice/WeedyRice-RGBMS-DB/RGB/DJI_DateTime_2024_06_04_11_12_0152_lat_10.3006732_lon_105.2708531_alt_20.180m.JPG,,"[""/home/hyggestuen/Downloads/_WeedyRice/WeedyRice-RGBMS-DB/Multispectral/DJI_DateTime_2024_06_04_11_12_0152_lat_10.3006732_lon_105.2708531_alt_20.180m_G.TIF"", ""/home/hyggestuen/Downloads/_WeedyRice/WeedyRice-RGBMS-DB/Multispectral/DJI_DateTime_2024_06_04_11_12_0152_lat_10.3006732_lon_105.2708531_alt_20.180m_NIR.TIF"", ""/home/hyggestuen/Downloads/_WeedyRice/WeedyRice-RGBMS-DB/Multispectral/DJI_DateTime_2024_06_04_11_12_0152_lat_10.3006732_lon_105.2708531_alt_20.180m_R.TIF"", ""/home/hyggestuen/Downloads/_WeedyRice/WeedyRice-RGBMS-DB/Multispectral/DJI_DateTime_2024_06_04_11_12_0152_lat_10.3006732_lon_105.2708531_alt_20.180m_RE.TIF""]",/home/hyggestuen/Downloads/_WeedyRice/WeedyRice-RGBMS-DB/Masks/DJI_DateTime_2024_06_04_11_12_0152_lat_10.3006732_lon_105.2708531_alt_20.180m.png,2024_06_04_11,train
DJI_DateTime_2024_06_04_11_12_0162_lat_10.3004465_lon_105.2712200_alt_20.286m,/home/hyggestuen/Downloads/_WeedyRice/WeedyRice-RGBMS-DB/RGB/DJI_DateTime_2024_06_04_11_12_0162_lat_10.3004465_lon_105.2712200_alt_20.286m.JPG,,"[""/home/hyggestuen/Downloads/_WeedyRice/WeedyRice-RGBMS-DB/Multispectral/DJI_DateTime_2024_06_04_11_12_0162_lat_10.3004465_lon_105.2712200_alt_20.286m_G.TIF"", ""/home/hyggestuen/Downloads/_WeedyRice/WeedyRice-RGBMS-DB/Multispectral/DJI_DateTime_2024_06_04_11_12_0162_lat_10.3004465_lon_105.2712200_alt_20.286m_NIR.TIF"", ""/home/hyggestuen/Downloads/_WeedyRice/WeedyRice-RGBMS-DB/Multispectral/DJI_DateTime_2024_06_04_11_12_0162_lat_10.3004465_lon_105.2712200_alt_20.286m_R.TIF"", ""/home/hyggestuen/Downloads/_WeedyRice/WeedyRice-RGBMS-DB/Multispectral/DJI_DateTime_2024_06_04_11_12_0162_lat_10.3004465_lon_105.2712200_alt_20.286m_RE.TIF""]",/home/hyggestuen/Downloads/_WeedyRice/WeedyRice-RGBMS-DB/Masks/DJI_DateTime_2024_06_04_11_12_0162_lat_10.3004465_lon_105.2712200_alt_20.286m.png,2024_06_04_11,train
DJI_DateTime_2024_06_04_11_12_0163_lat_10.3004266_lon_105.2712654_alt_20.231m,/home/hyggestuen/Downloads/_WeedyRice/WeedyRice-RGBMS-DB/RGB/DJI_DateTime_2024_06_04_11_12_0163_lat_10.3004266_lon_105.2712654_alt_20.231m.JPG,,"[""/home/hyggestuen/Downloads/_WeedyRice/WeedyRice-RGBMS-DB/Multispectral/DJI_DateTime_2024_06_04_11_12_0163_lat_10.3004266_lon_105.2712654_alt_20.231m_G.TIF"", ""/home/hyggestuen/Downloads/_WeedyRice/WeedyRice-RGBMS-DB/Multispectral/DJI_DateTime_2024_06_04_11_12_0163_lat_10.3004266_lon_105.2712654_alt_20.231m_NIR.TIF"", ""/home/hyggestuen/Downloads/_WeedyRice/WeedyRice-RGBMS-DB/Multispectral/DJI_DateTime_2024_06_04_11_12_0163_lat_10.3004266_lon_105.2712654_alt_20.231m_R.TIF"", ""/home/hyggestuen/Downloads/_WeedyRice/WeedyRice-RGBMS-DB/Multispectral/DJI_DateTime_2024_06_04_11_12_0163_lat_10.3004266_lon_105.2712654_alt_20.231m_RE.TIF""]",/home/hyggestuen/Downloads/_WeedyRice/WeedyRice-RGBMS-DB/Masks/DJI_DateTime_2024_06_04_11_12_0163_lat_10.3004266_lon_105.2712654_alt_20.231m.png,2024_06_04_11,train
DJI_DateTime_2024_06_04_11_12_0164_lat_10.3004063_lon_105.2713111_alt_20.199m,/home/hyggestuen/Downloads/_WeedyRice/WeedyRice-RGBMS-DB/RGB/DJI_DateTime_2024_06_04_11_12_0164_lat_10.3004063_lon_105.2713111_alt_20.199m.JPG,,"[""/home/hyggestuen/Downloads/_WeedyRice/WeedyRice-RGBMS-DB/Multispectral/DJI_DateTime_2024_06_04_11_12_0164_lat_10.3004063_lon_105.2713111_alt_20.199m_G.TIF"", ""/home/hyggestuen/Downloads/_WeedyRice/WeedyRice-RGBMS-DB/Multispectral/DJI_DateTime_2024_06_04_11_12_0164_lat_10.3004063_lon_105.2713111_alt_20.199m_NIR.TIF"", ""/home/hyggestuen/Downloads/_WeedyRice/WeedyRice-RGBMS-DB/Multispectral/DJI_DateTime_2024_06_04_11_12_0164_lat_10.3004063_lon_105.2713111_alt_20.199m_R.TIF"", ""/home/hyggestuen/Downloads/_WeedyRice/WeedyRice-RGBMS-DB/Multispectral/DJI_DateTime_2024_06_04_11_12_0164_lat_10.3004063_lon_105.2713111_alt_20.199m_RE.TIF""]",/home/hyggestuen/Downloads/_WeedyRice/WeedyRice-RGBMS-DB/Masks/DJI_DateTime_2024_06_04_11_12_0164_lat_10.3004063_lon_105.2713111_alt_20.199m.png,2024_06_04_11,train
DJI_DateTime_2024_06_04_11_12_0165_lat_10.3003867_lon_105.2713556_alt_20.207m,/home/hyggestuen/Downloads/_WeedyRice/WeedyRice-RGBMS-DB/RGB/DJI_DateTime_2024_06_04_11_12_0165_lat_10.3003867_lon_105.2713556_alt_20.207m.JPG,,"[""/home/hyggestuen/Downloads/_WeedyRice/WeedyRice-RGBMS-DB/Multispectral/DJI_DateTime_2024_06_04_11_12_0165_lat_10.3003867_lon_105.2713556_alt_20.207m_G.TIF"", ""/home/hyggestuen/Downloads/_WeedyRice/WeedyRice-RGBMS-DB/Multispectral/DJI_DateTime_2024_06_04_11_12_0165_lat_10.3003867_lon_105.2713556_alt_20.207m_NIR.TIF"", ""/home/hyggestuen/Downloads/_WeedyRice/WeedyRice-RGBMS-DB/Multispectral/DJI_DateTime_2024_06_04_11_12_0165_lat_10.3003867_lon_105.2713556_alt_20.207m_R.TIF"", ""/home/hyggestuen/Downloads/_WeedyRice/WeedyRice-RGBMS-DB/Multispectral/DJI_DateTime_2024_06_04_11_12_0165_lat_10.3003867_lon_105.2713556_alt_20.207m_RE.TIF""]",/home/hyggestuen/Downloads/_WeedyRice/WeedyRice-RGBMS-DB/Masks/DJI_DateTime_2024_06_04_11_12_0165_lat_10.3003867_lon_105.2713556_alt_20.207m.png,2024_06_04_11,train
DJI_DateTime_2024_06_04_11_12_0166_lat_10.3003669_lon_105.2714021_alt_20.204m,/home/hyggestuen/Downloads/_WeedyRice/WeedyRice-RGBMS-DB/RGB/DJI_DateTime_2024_06_04_11_12_0166_lat_10.3003669_lon_105.2714021_alt_20.204m.JPG,,"[""/home/hyggestuen/Downloads/_WeedyRice/WeedyRice-RGBMS-DB/Multispectral/DJI_DateTime_2024_06_04_11_12_0166_lat_10.3003669_lon_105.2714021_alt_20.204m_G.TIF"", ""/home/hyggestuen/Downloads/_WeedyRice/WeedyRice-RGBMS-DB/Multispectral/DJI_DateTime_2024_06_04_11_12_0166_lat_10.3003669_lon_105.2714021_alt_20.204m_NIR.TIF"", ""/home/hyggestuen/Downloads/_WeedyRice/WeedyRice-RGBMS-DB/Multispectral/DJI_DateTime_2024_06_04_11_12_0166_lat_10.3003669_lon_105.2714021_alt_20.204m_R.TIF"", ""/home/hyggestuen/Downloads/_WeedyRice/WeedyRice-RGBMS-DB/Multispectral/DJI_DateTime_2024_06_04_11_12_0166_lat_10.3003669_lon_105.2714021_alt_20.204m_RE.TIF""]",/home/hyggestuen/Downloads/_WeedyRice/WeedyRice-RGBMS-DB/Masks/DJI_DateTime_2024_06_04_11_12_0166_lat_10.3003669_lon_105.2714021_alt_20.204m.png,2024_06_04_11,train
DJI_DateTime_2024_06_04_11_12_0167_lat_10.3003475_lon_105.2714474_alt_20.206m,/home/hyggestuen/Downloads/_WeedyRice/WeedyRice-RGBMS-DB/RGB/DJI_DateTime_2024_06_04_11_12_0167_lat_10.3003475_lon_105.2714474_alt_20.206m.JPG,,"[""/home/hyggestuen/Downloads/_WeedyRice/WeedyRice-RGBMS-DB/Multispectral/DJI_DateTime_2024_06_04_11_12_0167_lat_10.3003475_lon_105.2714474_alt_20.206m_G.TIF"", ""/home/hyggestuen/Downloads/_WeedyRice/WeedyRice-RGBMS-DB/Multispectral/DJI_DateTime_2024_06_04_11_12_0167_lat_10.3003475_lon_105.2714474_alt_20.206m_NIR.TIF"", ""/home/hyggestuen/Downloads/_WeedyRice/WeedyRice-RGBMS-DB/Multispectral/DJI_DateTime_2024_06_04_11_12_0167_lat_10.3003475_lon_105.2714474_alt_20.206m_R.TIF"", ""/home/hyggestuen/Downloads/_WeedyRice/WeedyRice-RGBMS-DB/Multispectral/DJI_DateTime_2024_06_04_11_12_0167_lat_10.3003475_lon_105.2714474_alt_20.206m_RE.TIF""]",/home/hyggestuen/Downloads/_WeedyRice/WeedyRice-RGBMS-DB/Masks/DJI_DateTime_2024_06_04_11_12_0167_lat_10.3003475_lon_105.2714474_alt_20.206m.png,2024_06_04_11,train
DJI_DateTime_2024_06_04_11_12_0168_lat_10.3003279_lon_105.2714922_alt_20.195m,/home/hyggestuen/Downloads/_WeedyRice/WeedyRice-RGBMS-DB/RGB/DJI_DateTime_2024_06_04_11_12_0168_lat_10.3003279_lon_105.2714922_alt_20.195m.JPG,,"[""/home/hyggestuen/Downloads/_WeedyRice/WeedyRice-RGBMS-DB/Multispectral/DJI_DateTime_2024_06_04_11_12_0168_lat_10.3003279_lon_105.2714922_alt_20.195m_G.TIF"", ""/home/hyggestuen/Downloads/_WeedyRice/WeedyRice-RGBMS-DB/Multispectral/DJI_DateTime_2024_06_04_11_12_0168_lat_10.3003279_lon_105.2714922_alt_20.195m_NIR.TIF"", ""/home/hyggestuen/Downloads/_WeedyRice/WeedyRice-RGBMS-DB/Multispectral/DJI_DateTime_2024_06_04_11_12_0168_lat_10.3003279_lon_105.2714922_alt_20.195m_R.TIF"", ""/home/hyggestuen/Downloads/_WeedyRice/WeedyRice-RGBMS-DB/Multispectral/DJI_DateTime_2024_06_04_11_12_0168_lat_10.3003279_lon_105.2714922_alt_20.195m_RE.TIF""]",/home/hyggestuen/Downloads/_WeedyRice/WeedyRice-RGBMS-DB/Masks/DJI_DateTime_2024_06_04_11_12_0168_lat_10.3003279_lon_105.2714922_alt_20.195m.png,2024_06_04_11,train
DJI_DateTime_2024_06_04_11_13_0169_lat_10.3003076_lon_105.2715379_alt_20.186m,/home/hyggestuen/Downloads/_WeedyRice/WeedyRice-RGBMS-DB/RGB/DJI_DateTime_2024_06_04_11_13_0169_lat_10.3003076_lon_105.2715379_alt_20.186m.JPG,,"[""/home/hyggestuen/Downloads/_WeedyRice/WeedyRice-RGBMS-DB/Multispectral/DJI_DateTime_2024_06_04_11_13_0169_lat_10.3003076_lon_105.2715379_alt_20.186m_G.TIF"", ""/home/hyggestuen/Downloads/_WeedyRice/WeedyRice-RGBMS-DB/Multispectral/DJI_DateTime_2024_06_04_11_13_0169_lat_10.3003076_lon_105.2715379_alt_20.186m_NIR.TIF"", ""/home/hyggestuen/Downloads/_WeedyRice/WeedyRice-RGBMS-DB/Multispectral/DJI_DateTime_2024_06_04_11_13_0169_lat_10.3003076_lon_105.2715379_alt_20.186m_R.TIF"", ""/home/hyggestuen/Downloads/_WeedyRice/WeedyRice-RGBMS-DB/Multispectral/DJI_DateTime_2024_06_04_11_13_0169_lat_10.3003076_lon_105.2715379_alt_20.186m_RE.TIF""]",/home/hyggestuen/Downloads/_WeedyRice/WeedyRice-RGBMS-DB/Masks/DJI_DateTime_2024_06_04_11_13_0169_lat_10.3003076_lon_105.2715379_alt_20.186m.png,2024_06_04_11,train
DJI_DateTime_2024_06_04_11_13_0170_lat_10.3002877_lon_105.2715837_alt_20.167m,/home/hyggestuen/Downloads/_WeedyRice/WeedyRice-RGBMS-DB/RGB/DJI_DateTime_2024_06_04_11_13_0170_lat_10.3002877_lon_105.2715837_alt_20.167m.JPG,,"[""/home/hyggestuen/Downloads/_WeedyRice/WeedyRice-RGBMS-DB/Multispectral/DJI_DateTime_2024_06_04_11_13_0170_lat_10.3002877_lon_105.2715837_alt_20.167m_G.TIF"", ""/home/hyggestuen/Downloads/_WeedyRice/WeedyRice-RGBMS-DB/Multispectral/DJI_DateTime_2024_06_04_11_13_0170_lat_10.3002877_lon_105.2715837_alt_20.167m_NIR.TIF"", ""/home/hyggestuen/Downloads/_WeedyRice/WeedyRice-RGBMS-DB/Multispectral/DJI_DateTime_2024_06_04_11_13_0170_lat_10.3002877_lon_105.2715837_alt_20.167m_R.TIF"", ""/home/hyggestuen/Downloads/_WeedyRice/WeedyRice-RGBMS-DB/Multispectral/DJI_DateTime_2024_06_04_11_13_0170_lat_10.3002877_lon_105.2715837_alt_20.167m_RE.TIF""]",/home/hyggestuen/Downloads/_WeedyRice/WeedyRice-RGBMS-DB/Masks/DJI_DateTime_2024_06_04_11_13_0170_lat_10.3002877_lon_105.2715837_alt_20.167m.png,2024_06_04_11,train
DJI_DateTime_2024_06_04_11_13_0171_lat_10.3002676_lon_105.2716301_alt_20.271m,/home/hyggestuen/Downloads/_WeedyRice/WeedyRice-RGBMS-DB/RGB/DJI_DateTime_2024_06_04_11_13_0171_lat_10.3002676_lon_105.2716301_alt_20.271m.JPG,,"[""/home/hyggestuen/Downloads/_WeedyRice/WeedyRice-RGBMS-DB/Multispectral/DJI_DateTime_2024_06_04_11_13_0171_lat_10.3002676_lon_105.2716301_alt_20.271m_G.TIF"", ""/home/hyggestuen/Downloads/_WeedyRice/WeedyRice-RGBMS-DB/Multispectral/DJI_DateTime_2024_06_04_11_13_0171_lat_10.3002676_lon_105.2716301_alt_20.271m_NIR.TIF"", ""/home/hyggestuen/Downloads/_WeedyRice/WeedyRice-RGBMS-DB/Multispectral/DJI_DateTime_2024_06_04_11_13_0171_lat_10.3002676_lon_105.2716301_alt_20.271m_R.TIF"", ""/home/hyggestuen/Downloads/_WeedyRice/WeedyRice-RGBMS-DB/Multispectral/DJI_DateTime_2024_06_04_11_13_0171_lat_10.3002676_lon_105.2716301_alt_20.271m_RE.TIF""]",/home/hyggestuen/Downloads/_WeedyRice/WeedyRice-RGBMS-DB/Masks/DJI_DateTime_2024_06_04_11_13_0171_lat_10.3002676_lon_105.2716301_alt_20.271m.png,2024_06_04_11,train
DJI_DateTime_2024_06_04_11_13_0172_lat_10.3002478_lon_105.2716748_alt_20.241m,/home/hyggestuen/Downloads/_WeedyRice/WeedyRice-RGBMS-DB/RGB/DJI_DateTime_2024_06_04_11_13_0172_lat_10.3002478_lon_105.2716748_alt_20.241m.JPG,,"[""/home/hyggestuen/Downloads/_WeedyRice/WeedyRice-RGBMS-DB/Multispectral/DJI_DateTime_2024_06_04_11_13_0172_lat_10.3002478_lon_105.2716748_alt_20.241m_G.TIF"", ""/home/hyggestuen/Downloads/_WeedyRice/WeedyRice-RGBMS-DB/Multispectral/DJI_DateTime_2024_06_04_11_13_0172_lat_10.3002478_lon_105.2716748_alt_20.241m_NIR.TIF"", ""/home/hyggestuen/Downloads/_WeedyRice/WeedyRice-RGBMS-DB/Multispectral/DJI_DateTime_2024_06_04_11_13_0172_lat_10.3002478_lon_105.2716748_alt_20.241m_R.TIF"", ""/home/hyggestuen/Downloads/_WeedyRice/WeedyRice-RGBMS-DB/Multispectral/DJI_DateTime_2024_06_04_11_13_0172_lat_10.3002478_lon_105.2716748_alt_20.241m_RE.TIF""]",/home/hyggestuen/Downloads/_WeedyRice/WeedyRice-RGBMS-DB/Masks/DJI_DateTime_2024_06_04_11_13_0172_lat_10.3002478_lon_105.2716748_alt_20.241m.png,2024_06_04_11,train
DJI_DateTime_2024_06_04_11_13_0173_lat_10.3002275_lon_105.2717209_alt_20.232m,/home/hyggestuen/Downloads/_WeedyRice/WeedyRice-RGBMS-DB/RGB/DJI_DateTime_2024_06_04_11_13_0173_lat_10.3002275_lon_105.2717209_alt_20.232m.JPG,,"[""/home/hyggestuen/Downloads/_WeedyRice/WeedyRice-RGBMS-DB/Multispectral/DJI_DateTime_2024_06_04_11_13_0173_lat_10.3002275_lon_105.2717209_alt_20.232m_G.TIF"", ""/home/hyggestuen/Downloads/_WeedyRice/WeedyRice-RGBMS-DB/Multispectral/DJI_DateTime_2024_06_04_11_13_0173_lat_10.3002275_lon_105.2717209_alt_20.232m_NIR.TIF"", ""/home/hyggestuen/Downloads/_WeedyRice/WeedyRice-RGBMS-DB/Multispectral/DJI_DateTime_2024_06_04_11_13_0173_lat_10.3002275_lon_105.2717209_alt_20.232m_R.TIF"", ""/home/hyggestuen/Downloads/_WeedyRice/WeedyRice-RGBMS-DB/Multispectral/DJI_DateTime_2024_06_04_11_13_0173_lat_10.3002275_lon_105.2717209_alt_20.232m_RE.TIF""]",/home/hyggestuen/Downloads/_WeedyRice/WeedyRice-RGBMS-DB/Masks/DJI_DateTime_2024_06_04_11_13_0173_lat_10.3002275_lon_105.2717209_alt_20.232m.png,2024_06_04_11,train
DJI_DateTime_2024_06_04_11_13_0174_lat_10.3002075_lon_105.2717665_alt_20.252m,/home/hyggestuen/Downloads/_WeedyRice/WeedyRice-RGBMS-DB/RGB/DJI_DateTime_2024_06_04_11_13_0174_lat_10.3002075_lon_105.2717665_alt_20.252m.JPG,,"[""/home/hyggestuen/Downloads/_WeedyRice/WeedyRice-RGBMS-DB/Multispectral/DJI_DateTime_2024_06_04_11_13_0174_lat_10.3002075_lon_105.2717665_alt_20.252m_G.TIF"", ""/home/hyggestuen/Downloads/_WeedyRice/WeedyRice-RGBMS-DB/Multispectral/DJI_DateTime_2024_06_04_11_13_0174_lat_10.3002075_lon_105.2717665_alt_20.252m_NIR.TIF"", ""/home/hyggestuen/Downloads/_WeedyRice/WeedyRice-RGBMS-DB/Multispectral/DJI_DateTime_2024_06_04_11_13_0174_lat_10.3002075_lon_105.2717665_alt_20.252m_R.TIF"", ""/home/hyggestuen/Downloads/_WeedyRice/WeedyRice-RGBMS-DB/Multispectral/DJI_DateTime_2024_06_04_11_13_0174_lat_10.3002075_lon_105.2717665_alt_20.252m_RE.TIF""]",/home/hyggestuen/Downloads/_WeedyRice/WeedyRice-RGBMS-DB/Masks/DJI_DateTime_2024_06_04_11_13_0174_lat_10.3002075_lon_105.2717665_alt_20.252m.png,2024_06_04_11,train
DJI_DateTime_2024_06_04_11_13_0175_lat_10.3001877_lon_105.2718126_alt_20.201m,/home/hyggestuen/Downloads/_WeedyRice/WeedyRice-RGBMS-DB/RGB/DJI_DateTime_2024_06_04_11_13_0175_lat_10.3001877_lon_105.2718126_alt_20.201m.JPG,,"[""/home/hyggestuen/Downloads/_WeedyRice/WeedyRice-RGBMS-DB/Multispectral/DJI_DateTime_2024_06_04_11_13_0175_lat_10.3001877_lon_105.2718126_alt_20.201m_G.TIF"", ""/home/hyggestuen/Downloads/_WeedyRice/WeedyRice-RGBMS-DB/Multispectral/DJI_DateTime_2024_06_04_11_13_0175_lat_10.3001877_lon_105.2718126_alt_20.201m_NIR.TIF"", ""/home/hyggestuen/Downloads/_WeedyRice/WeedyRice-RGBMS-DB/Multispectral/DJI_DateTime_2024_06_04_11_13_0175_lat_10.3001877_lon_105.2718126_alt_20.201m_R.TIF"", ""/home/hyggestuen/Downloads/_WeedyRice/WeedyRice-RGBMS-DB/Multispectral/DJI_DateTime_2024_06_04_11_13_0175_lat_10.3001877_lon_105.2718126_alt_20.201m_RE.TIF""]",/home/hyggestuen/Downloads/_WeedyRice/WeedyRice-RGBMS-DB/Masks/DJI_DateTime_2024_06_04_11_13_0175_lat_10.3001877_lon_105.2718126_alt_20.201m.png,2024_06_04_11,train
DJI_DateTime_2024_06_04_11_13_0176_lat_10.3001680_lon_105.2718577_alt_20.205m,/home/hyggestuen/Downloads/_WeedyRice/WeedyRice-RGBMS-DB/RGB/DJI_DateTime_2024_06_04_11_13_0176_lat_10.3001680_lon_105.2718577_alt_20.205m.JPG,,"[""/home/hyggestuen/Downloads/_WeedyRice/WeedyRice-RGBMS-DB/Multispectral/DJI_DateTime_2024_06_04_11_13_0176_lat_10.3001680_lon_105.2718577_alt_20.205m_G.TIF"", ""/home/hyggestuen/Downloads/_WeedyRice/WeedyRice-RGBMS-DB/Multispectral/DJI_DateTime_2024_06_04_11_13_0176_lat_10.3001680_lon_105.2718577_alt_20.205m_NIR.TIF"", ""/home/hyggestuen/Downloads/_WeedyRice/WeedyRice-RGBMS-DB/Multispectral/DJI_DateTime_2024_06_04_11_13_0176_lat_10.3001680_lon_105.2718577_alt_20.205m_R.TIF"", ""/home/hyggestuen/Downloads/_WeedyRice/WeedyRice-RGBMS-DB/Multispectral/DJI_DateTime_2024_06_04_11_13_0176_lat_10.3001680_lon_105.2718577_alt_20.205m_RE.TIF""]",/home/hyggestuen/Downloads/_WeedyRice/WeedyRice-RGBMS-DB/Masks/DJI_DateTime_2024_06_04_11_13_0176_lat_10.3001680_lon_105.2718577_alt_20.205m.png,2024_06_04_11,train
DJI_DateTime_2024_06_04_11_13_0177_lat_10.3001481_lon_105.2719034_alt_20.207m,/home/hyggestuen/Downloads/_WeedyRice/WeedyRice-RGBMS-DB/RGB/DJI_DateTime_2024_06_04_11_13_0177_lat_10.3001481_lon_105.2719034_alt_20.207m.JPG,,"[""/home/hyggestuen/Downloads/_WeedyRice/WeedyRice-RGBMS-DB/Multispectral/DJI_DateTime_2024_06_04_11_13_0177_lat_10.3001481_lon_105.2719034_alt_20.207m_G.TIF"", ""/home/hyggestuen/Downloads/_WeedyRice/WeedyRice-RGBMS-DB/Multispectral/DJI_DateTime_2024_06_04_11_13_0177_lat_10.3001481_lon_105.2719034_alt_20.207m_NIR.TIF"", ""/home/hyggestuen/Downloads/_WeedyRice/WeedyRice-RGBMS-DB/Multispectral/DJI_DateTime_2024_06_04_11_13_0177_lat_10.3001481_lon_105.2719034_alt_20.207m_R.TIF"", ""/home/hyggestuen/Downloads/_WeedyRice/WeedyRice-RGBMS-DB/Multispectral/DJI_DateTime_2024_06_04_11_13_0177_lat_10.3001481_lon_105.2719034_alt_20.207m_RE.TIF""]",/home/hyggestuen/Downloads/_WeedyRice/WeedyRice-RGBMS-DB/Masks/DJI_DateTime_2024_06_04_11_13_0177_lat_10.3001481_lon_105.2719034_alt_20.207m.png,2024_06_04_11,train
DJI_DateTime_2024_06_04_11_13_0180_lat_10.3001032_lon_105.2718452_alt_20.105m,/home/hyggestuen/Downloads/_WeedyRice/WeedyRice-RGBMS-DB/RGB/DJI_DateTime_2024_06_04_11_13_0180_lat_10.3001032_lon_105.2718452_alt_20.105m.JPG,,"[""/home/hyggestuen/Downloads/_WeedyRice/WeedyRice-RGBMS-DB/Multispectral/DJI_DateTime_2024_06_04_11_13_0180_lat_10.3001032_lon_105.2718452_alt_20.105m_G.TIF"", ""/home/hyggestuen/Downloads/_WeedyRice/WeedyRice-RGBMS-DB/Multispectral/DJI_DateTime_2024_06_04_11_13_0180_lat_10.3001032_lon_105.2718452_alt_20.105m_NIR.TIF"", ""/home/hyggestuen/Downloads/_WeedyRice/WeedyRice-RGBMS-DB/Multispectral/DJI_DateTime_2024_06_04_11_13_0180_lat_10.3001032_lon_105.2718452_alt_20.105m_R.TIF"", ""/home/hyggestuen/Downloads/_WeedyRice/WeedyRice-RGBMS-DB/Multispectral/DJI_DateTime_2024_06_04_11_13_0180_lat_10.3001032_lon_105.2718452_alt_20.105m_RE.TIF""]",/home/hyggestuen/Downloads/_WeedyRice/WeedyRice-RGBMS-DB/Masks/DJI_DateTime_2024_06_04_11_13_0180_lat_10.3001032_lon_105.2718452_alt_20.105m.png,2024_06_04_11,train
DJI_DateTime_2024_06_04_11_13_0181_lat_10.3001226_lon_105.2717996_alt_20.162m,/home/hyggestuen/Downloads/_WeedyRice/WeedyRice-RGBMS-DB/RGB/DJI_DateTime_2024_06_04_11_13_0181_lat_10.3001226_lon_105.2717996_alt_20.162m.JPG,,"[""/home/hyggestuen/Downloads/_WeedyRice/WeedyRice-RGBMS-DB/Multispectral/DJI_DateTime_2024_06_04_11_13_0181_lat_10.3001226_lon_105.2717996_alt_20.162m_G.TIF"", ""/home/hyggestuen/Downloads/_WeedyRice/WeedyRice-RGBMS-DB/Multispectral/DJI_DateTime_2024_06_04_11_13_0181_lat_10.3001226_lon_105.2717996_alt_20.162m_NIR.TIF"", ""/home/hyggestuen/Downloads/_WeedyRice/WeedyRice-RGBMS-DB/Multispectral/DJI_DateTime_2024_06_04_11_13_0181_lat_10.3001226_lon_105.2717996_alt_20.162m_R.TIF"", ""/home/hyggestuen/Downloads/_WeedyRice/WeedyRice-RGBMS-DB/Multispectral/DJI_DateTime_2024_06_04_11_13_0181_lat_10.3001226_lon_105.2717996_alt_20.162m_RE.TIF""]",/home/hyggestuen/Downloads/_WeedyRice/WeedyRice-RGBMS-DB/Masks/DJI_DateTime_2024_06_04_11_13_0181_lat_10.3001226_lon_105.2717996_alt_20.162m.png,2024_06_04_11,train
DJI_DateTime_2024_06_04_11_13_0182_lat_10.3001427_lon_105.2717547_alt_20.221m,/home/hyggestuen/Downloads/_WeedyRice/WeedyRice-RGBMS-DB/RGB/DJI_DateTime_2024_06_04_11_13_0182_lat_10.3001427_lon_105.2717547_alt_20.221m.JPG,,"[""/home/hyggestuen/Downloads/_WeedyRice/WeedyRice-RGBMS-DB/Multispectral/DJI_DateTime_2024_06_04_11_13_0182_lat_10.3001427_lon_105.2717547_alt_20.221m_G.TIF"", ""/home/hyggestuen/Downloads/_WeedyRice/WeedyRice-RGBMS-DB/Multispectral/DJI_DateTime_2024_06_04_11_13_0182_lat_10.3001427_lon_105.2717547_alt_20.221m_NIR.TIF"", ""/home/hyggestuen/Downloads/_WeedyRice/WeedyRice-RGBMS-DB/Multispectral/DJI_DateTime_2024_06_04_11_13_0182_lat_10.3001427_lon_105.2717547_alt_20.221m_R.TIF"", ""/home/hyggestuen/Downloads/_WeedyRice/WeedyRice-RGBMS-DB/Multispectral/DJI_DateTime_2024_06_04_11_13_0182_lat_10.3001427_lon_105.2717547_alt_20.221m_RE.TIF""]",/home/hyggestuen/Downloads/_WeedyRice/WeedyRice-RGBMS-DB/Masks/DJI_DateTime_2024_06_04_11_13_0182_lat_10.3001427_lon_105.2717547_alt_20.221m.png,2024_06_04_11,train
DJI_DateTime_2024_06_04_11_13_0183_lat_10.3001629_lon_105.2717094_alt_20.143m,/home/hyggestuen/Downloads/_WeedyRice/WeedyRice-RGBMS-DB/RGB/DJI_DateTime_2024_06_04_11_13_0183_lat_10.3001629_lon_105.2717094_alt_20.143m.JPG,,"[""/home/hyggestuen/Downloads/_WeedyRice/WeedyRice-RGBMS-DB/Multispectral/DJI_DateTime_2024_06_04_11_13_0183_lat_10.3001629_lon_105.2717094_alt_20.143m_G.TIF"", ""/home/hyggestuen/Downloads/_WeedyRice/WeedyRice-RGBMS-DB/Multispectral/DJI_DateTime_2024_06_04_11_13_0183_lat_10.3001629_lon_105.2717094_alt_20.143m_NIR.TIF"", ""/home/hyggestuen/Downloads/_WeedyRice/WeedyRice-RGBMS-DB/Multispectral/DJI_DateTime_2024_06_04_11_13_0183_lat_10.3001629_lon_105.2717094_alt_20.143m_R.TIF"", ""/home/hyggestuen/Downloads/_WeedyRice/WeedyRice-RGBMS-DB/Multispectral/DJI_DateTime_2024_06_04_11_13_0183_lat_10.3001629_lon_105.2717094_alt_20.143m_RE.TIF""]",/home/hyggestuen/Downloads/_WeedyRice/WeedyRice-RGBMS-DB/Masks/DJI_DateTime_2024_06_04_11_13_0183_lat_10.3001629_lon_105.2717094_alt_20.143m.png,2024_06_04_11,train
DJI_DateTime_2024_06_04_11_13_0184_lat_10.3001823_lon_105.2716651_alt_20.178m,/home/hyggestuen/Downloads/_WeedyRice/WeedyRice-RGBMS-DB/RGB/DJI_DateTime_2024_06_04_11_13_0184_lat_10.3001823_lon_105.2716651_alt_20.178m.JPG,,"[""/home/hyggestuen/Downloads/_WeedyRice/WeedyRice-RGBMS-DB/Multispectral/DJI_DateTime_2024_06_04_11_13_0184_lat_10.3001823_lon_105.2716651_alt_20.178m_G.TIF"", ""/home/hyggestuen/Downloads/_WeedyRice/WeedyRice-RGBMS-DB/Multispectral/DJI_DateTime_2024_06_04_11_13_0184_lat_10.3001823_lon_105.2716651_alt_20.178m_NIR.TIF"", ""/home/hyggestuen/Downloads/_WeedyRice/WeedyRice-RGBMS-DB/Multispectral/DJI_DateTime_2024_06_04_11_13_0184_lat_10.3001823_lon_105.2716651_alt_20.178m_R.TIF"", ""/home/hyggestuen/Downloads/_WeedyRice/WeedyRice-RGBMS-DB/Multispectral/DJI_DateTime_2024_06_04_11_13_0184_lat_10.3001823_lon_105.2716651_alt_20.178m_RE.TIF""]",/home/hyggestuen/Downloads/_WeedyRice/WeedyRice-RGBMS-DB/Masks/DJI_DateTime_2024_06_04_11_13_0184_lat_10.3001823_lon_105.2716651_alt_20.178m.png,2024_06_04_11,train
DJI_DateTime_2024_06_04_11_13_0185_lat_10.3002030_lon_105.2716197_alt_20.178m,/home/hyggestuen/Downloads/_WeedyRice/WeedyRice-RGBMS-DB/RGB/DJI_DateTime_2024_06_04_11_13_0185_lat_10.3002030_lon_105.2716197_alt_20.178m.JPG,,"[""/home/hyggestuen/Downloads/_WeedyRice/WeedyRice-RGBMS-DB/Multispectral/DJI_DateTime_2024_06_04_11_13_0185_lat_10.3002030_lon_105.2716197_alt_20.178m_G.TIF"", ""/home/hyggestuen/Downloads/_WeedyRice/WeedyRice-RGBMS-DB/Multispectral/DJI_DateTime_2024_06_04_11_13_0185_lat_10.3002030_lon_105.2716197_alt_20.178m_NIR.TIF"", ""/home/hyggestuen/Downloads/_WeedyRice/WeedyRice-RGBMS-DB/Multispectral/DJI_DateTime_2024_06_04_11_13_0185_lat_10.3002030_lon_105.2716197_alt_20.178m_R.TIF"", ""/home/hyggestuen/Downloads/_WeedyRice/WeedyRice-RGBMS-DB/Multispectral/DJI_DateTime_2024_06_04_11_13_0185_lat_10.3002030_lon_105.2716197_alt_20.178m_RE.TIF""]",/home/hyggestuen/Downloads/_WeedyRice/WeedyRice-RGBMS-DB/Masks/DJI_DateTime_2024_06_04_11_13_0185_lat_10.3002030_lon_105.2716197_alt_20.178m.png,2024_06_04_11,train
DJI_DateTime_2024_06_04_11_13_0186_lat_10.3002229_lon_105.2715749_alt_20.200m,/home/hyggestuen/Downloads/_WeedyRice/WeedyRice-RGBMS-DB/RGB/DJI_DateTime_2024_06_04_11_13_0186_lat_10.3002229_lon_105.2715749_alt_20.200m.JPG,,"[""/home/hyggestuen/Downloads/_WeedyRice/WeedyRice-RGBMS-DB/Multispectral/DJI_DateTime_2024_06_04_11_13_0186_lat_10.3002229_lon_105.2715749_alt_20.200m_G.TIF"", ""/home/hyggestuen/Downloads/_WeedyRice/WeedyRice-RGBMS-DB/Multispectral/DJI_DateTime_2024_06_04_11_13_0186_lat_10.3002229_lon_105.2715749_alt_20.200m_NIR.TIF"", ""/home/hyggestuen/Downloads/_WeedyRice/WeedyRice-RGBMS-DB/Multispectral/DJI_DateTime_2024_06_04_11_13_0186_lat_10.3002229_lon_105.2715749_alt_20.200m_R.TIF"", ""/home/hyggestuen/Downloads/_WeedyRice/WeedyRice-RGBMS-DB/Multispectral/DJI_DateTime_2024_06_04_11_13_0186_lat_10.3002229_lon_105.2715749_alt_20.200m_RE.TIF""]",/home/hyggestuen/Downloads/_WeedyRice/WeedyRice-RGBMS-DB/Masks/DJI_DateTime_2024_06_04_11_13_0186_lat_10.3002229_lon_105.2715749_alt_20.200m.png,2024_06_04_11,train
DJI_DateTime_2024_06_04_11_14_0187_lat_10.3002434_lon_105.2715297_alt_20.192m,/home/hyggestuen/Downloads/_WeedyRice/WeedyRice-RGBMS-DB/RGB/DJI_DateTime_2024_06_04_11_14_0187_lat_10.3002434_lon_105.2715297_alt_20.192m.JPG,,"[""/home/hyggestuen/Downloads/_WeedyRice/WeedyRice-RGBMS-DB/Multispectral/DJI_DateTime_2024_06_04_11_14_0187_lat_10.3002434_lon_105.2715297_alt_20.192m_G.TIF"", ""/home/hyggestuen/Downloads/_WeedyRice/WeedyRice-RGBMS-DB/Multispectral/DJI_DateTime_2024_06_04_11_14_0187_lat_10.3002434_lon_105.2715297_alt_20.192m_NIR.TIF"", ""/home/hyggestuen/Downloads/_WeedyRice/WeedyRice-RGBMS-DB/Multispectral/DJI_DateTime_2024_06_04_11_14_0187_lat_10.3002434_lon_105.2715297_alt_20.192m_R.TIF"", ""/home/hyggestuen/Downloads/_WeedyRice/WeedyRice-RGBMS-DB/Multispectral/DJI_DateTime_2024_06_04_11_14_0187_lat_10.3002434_lon_105.2715297_alt_20.192m_RE.TIF""]",/home/hyggestuen/Downloads/_WeedyRice/WeedyRice-RGBMS-DB/Masks/DJI_DateTime_2024_06_04_11_14_0187_lat_10.3002434_lon_105.2715297_alt_20.192m.png,2024_06_04_11,train
DJI_DateTime_2024_06_04_11_14_0188_lat_10.3002636_lon_105.2714844_alt_20.210m,/home/hyggestuen/Downloads/_WeedyRice/WeedyRice-RGBMS-DB/RGB/DJI_DateTime_2024_06_04_11_14_0188_lat_10.3002636_lon_105.2714844_alt_20.210m.JPG,,"[""/home/hyggestuen/Downloads/_WeedyRice/WeedyRice-RGBMS-DB/Multispectral/DJI_DateTime_2024_06_04_11_14_0188_lat_10.3002636_lon_105.2714844_alt_20.210m_G.TIF"", ""/home/hyggestuen/Downloads/_WeedyRice/WeedyRice-RGBMS-DB/Multispectral/DJI_DateTime_2024_06_04_11_14_0188_lat_10.3002636_lon_105.2714844_alt_20.210m_NIR.TIF"", ""/home/hyggestuen/Downloads/_WeedyRice/WeedyRice-RGBMS-DB/Multispectral/DJI_DateTime_2024_06_04_11_14_0188_lat_10.3002636_lon_105.2714844_alt_20.210m_R.TIF"", ""/home/hyggestuen/Downloads/_WeedyRice/WeedyRice-RGBMS-DB/Multispectral/DJI_DateTime_2024_06_04_11_14_0188_lat_10.3002636_lon_105.2714844_alt_20.210m_RE.TIF""]",/home/hyggestuen/Downloads/_WeedyRice/WeedyRice-RGBMS-DB/Masks/DJI_DateTime_2024_06_04_11_14_0188_lat_10.3002636_lon_105.2714844_alt_20.210m.png,2024_06_04_11,train
DJI_DateTime_2024_06_04_11_14_0189_lat_10.3002840_lon_105.2714384_alt_20.212m,/home/hyggestuen/Downloads/_WeedyRice/WeedyRice-RGBMS-DB/RGB/DJI_DateTime_2024_06_04_11_14_0189_lat_10.3002840_lon_105.2714384_alt_20.212m.JPG,,"[""/home/hyggestuen/Downloads/_WeedyRice/WeedyRice-RGBMS-DB/Multispectral/DJI_DateTime_2024_06_04_11_14_0189_lat_10.3002840_lon_105.2714384_alt_20.212m_G.TIF"", ""/home/hyggestuen/Downloads/_WeedyRice/WeedyRice-RGBMS-DB/Multispectral/DJI_DateTime_2024_06_04_11_14_0189_lat_10.3002840_lon_105.2714384_alt_20.212m_NIR.TIF"", ""/home/hyggestuen/Downloads/_WeedyRice/WeedyRice-RGBMS-DB/Multispectral/DJI_DateTime_2024_06_04_11_14_0189_lat_10.3002840_lon_105.2714384_alt_20.212m_R.TIF"", ""/home/hyggestuen/Downloads/_WeedyRice/WeedyRice-RGBMS-DB/Multispectral/DJI_DateTime_2024_06_04_11_14_0189_lat_10.3002840_lon_105.2714384_alt_20.212m_RE.TIF""]",/home/hyggestuen/Downloads/_WeedyRice/WeedyRice-RGBMS-DB/Masks/DJI_DateTime_2024_06_04_11_14_0189_lat_10.3002840_lon_105.2714384_alt_20.212m.png,2024_06_04_11,train
DJI_DateTime_2024_06_04_11_14_0190_lat_10.3003038_lon_105.2713931_alt_20.167m,/home/hyggestuen/Downloads/_WeedyRice/WeedyRice-RGBMS-DB/RGB/DJI_DateTime_2024_06_04_11_14_0190_lat_10.3003038_lon_105.2713931_alt_20.167m.JPG,,"[""/home/hyggestuen/Downloads/_WeedyRice/WeedyRice-RGBMS-DB/Multispectral/DJI_DateTime_2024_06_04_11_14_0190_lat_10.3003038_lon_105.2713931_alt_20.167m_G.TIF"", ""/home/hyggestuen/Downloads/_WeedyRice/WeedyRice-RGBMS-DB/Multispectral/DJI_DateTime_2024_06_04_11_14_0190_lat_10.3003038_lon_105.2713931_alt_20.167m_NIR.TIF"", ""/home/hyggestuen/Downloads/_WeedyRice/WeedyRice-RGBMS-DB/Multispectral/DJI_DateTime_2024_06_04_11_14_0190_lat_10.3003038_lon_105.2713931_alt_20.167m_R.TIF"", ""/home/hyggestuen/Downloads/_WeedyRice/WeedyRice-RGBMS-DB/Multispectral/DJI_DateTime_2024_06_04_11_14_0190_lat_10.3003038_lon_105.2713931_alt_20.167m_RE.TIF""]",/home/hyggestuen/Downloads/_WeedyRice/WeedyRice-RGBMS-DB/Masks/DJI_DateTime_2024_06_04_11_14_0190_lat_10.3003038_lon_105.2713931_alt_20.167m.png,2024_06_04_11,train
DJI_DateTime_2024_06_04_11_14_0191_lat_10.3003238_lon_105.2713480_alt_20.206m,/home/hyggestuen/Downloads/_WeedyRice/WeedyRice-RGBMS-DB/RGB/DJI_DateTime_2024_06_04_11_14_0191_lat_10.3003238_lon_105.2713480_alt_20.206m.JPG,,"[""/home/hyggestuen/Downloads/_WeedyRice/WeedyRice-RGBMS-DB/Multispectral/DJI_DateTime_2024_06_04_11_14_0191_lat_10.3003238_lon_105.2713480_alt_20.206m_G.TIF"", ""/home/hyggestuen/Downloads/_WeedyRice/WeedyRice-RGBMS-DB/Multispectral/DJI_DateTime_2024_06_04_11_14_0191_lat_10.3003238_lon_105.2713480_alt_20.206m_NIR.TIF"", ""/home/hyggestuen/Downloads/_WeedyRice/WeedyRice-RGBMS-DB/Multispectral/DJI_DateTime_2024_06_04_11_14_0191_lat_10.3003238_lon_105.2713480_alt_20.206m_R.TIF"", ""/home/hyggestuen/Downloads/_WeedyRice/WeedyRice-RGBMS-DB/Multispectral/DJI_DateTime_2024_06_04_11_14_0191_lat_10.3003238_lon_105.2713480_alt_20.206m_RE.TIF""]",/home/hyggestuen/Downloads/_WeedyRice/WeedyRice-RGBMS-DB/Masks/DJI_DateTime_2024_06_04_11_14_0191_lat_10.3003238_lon_105.2713480_alt_20.206m.png,2024_06_04_11,train
DJI_DateTime_2024_06_04_11_14_0192_lat_10.3003435_lon_105.2713038_alt_20.233m,/home/hyggestuen/Downloads/_WeedyRice/WeedyRice-RGBMS-DB/RGB/DJI_DateTime_2024_06_04_11_14_0192_lat_10.3003435_lon_105.2713038_alt_20.233m.JPG,,"[""/home/hyggestuen/Downloads/_WeedyRice/WeedyRice-RGBMS-DB/Multispectral/DJI_DateTime_2024_06_04_11_14_0192_lat_10.3003435_lon_105.2713038_alt_20.233m_G.TIF"", ""/home/hyggestuen/Downloads/_WeedyRice/WeedyRice-RGBMS-DB/Multispectral/DJI_DateTime_2024_06_04_11_14_0192_lat_10.3003435_lon_105.2713038_alt_20.233m_NIR.TIF"", ""/home/hyggestuen/Downloads/_WeedyRice/WeedyRice-RGBMS-DB/Multispectral/DJI_DateTime_2024_06_04_11_14_0192_lat_10.3003435_lon_105.2713038_alt_20.233m_R.TIF"", ""/home/hyggestuen/Downloads/_WeedyRice/WeedyRice-RGBMS-DB/Multispectral/DJI_DateTime_2024_06_04_11_14_0192_lat_10.3003435_lon_105.2713038_alt_20.233m_RE.TIF""]",/home/hyggestuen/Downloads/_WeedyRice/WeedyRice-RGBMS-DB/Masks/DJI_DateTime_2024_06_04_11_14_0192_lat_10.3003435_lon_105.2713038_alt_20.233m.png,2024_06_04_11,train
DJI_DateTime_2024_06_04_11_14_0193_lat_10.3003639_lon_105.2712572_alt_20.233m,/home/hyggestuen/Downloads/_WeedyRice/WeedyRice-RGBMS-DB/RGB/DJI_DateTime_2024_06_04_11_14_0193_lat_10.3003639_lon_105.2712572_alt_20.233m.JPG,,"[""/home/hyggestuen/Downloads/_WeedyRice/WeedyRice-RGBMS-DB/Multispectral/DJI_DateTime_2024_06_04_11_14_0193_lat_10.3003639_lon_105.2712572_alt_20.233m_G.TIF"", ""/home/hyggestuen/Downloads/_WeedyRice/WeedyRice-RGBMS-DB/Multispectral/DJI_DateTime_2024_06_04_11_14_0193_lat_10.3003639_lon_105.2712572_alt_20.233m_NIR.TIF"", ""/home/hyggestuen/Downloads/_WeedyRice/WeedyRice-RGBMS-DB/Multispectral/DJI_DateTime_2024_06_04_11_14_0193_lat_10.3003639_lon_105.2712572_alt_20.233m_R.TIF"", ""/home/hyggestuen/Downloads/_WeedyRice/WeedyRice-RGBMS-DB/Multispectral/DJI_DateTime_2024_06_04_11_14_0193_lat_10.3003639_lon_105.2712572_alt_20.233m_RE.TIF""]",/home/hyggestuen/Downloads/_WeedyRice/WeedyRice-RGBMS-DB/Masks/DJI_DateTime_2024_06_04_11_14_0193_lat_10.3003639_lon_105.2712572_alt_20.233m.png,2024_06_04_11,train
DJI_DateTime_2024_06_04_11_14_0194_lat_10.3003836_lon_105.2712130_alt_20.193m,/home/hyggestuen/Downloads/_WeedyRice/WeedyRice-RGBMS-DB/RGB/DJI_DateTime_2024_06_04_11_14_0194_lat_10.3003836_lon_105.2712130_alt_20.193m.JPG,,"[""/home/hyggestuen/Downloads/_WeedyRice/WeedyRice-RGBMS-DB/Multispectral/DJI_DateTime_2024_06_04_11_14_0194_lat_10.3003836_lon_105.2712130_alt_20.193m_G.TIF"", ""/home/hyggestuen/Downloads/_WeedyRice/WeedyRice-RGBMS-DB/Multispectral/DJI_DateTime_2024_06_04_11_14_0194_lat_10.3003836_lon_105.2712130_alt_20.193m_NIR.TIF"", ""/home/hyggestuen/Downloads/_WeedyRice/WeedyRice-RGBMS-DB/Multispectral/DJI_DateTime_2024_06_04_11_14_0194_lat_10.3003836_lon_105.2712130_alt_20.193m_R.TIF"", ""/home/hyggestuen/Downloads/_WeedyRice/WeedyRice-RGBMS-DB/Multispectral/DJI_DateTime_2024_06_04_11_14_0194_lat_10.3003836_lon_105.2712130_alt_20.193m_RE.TIF""]",/home/hyggestuen/Downloads/_WeedyRice/WeedyRice-RGBMS-DB/Masks/DJI_DateTime_2024_06_04_11_14_0194_lat_10.3003836_lon_105.2712130_alt_20.193m.png,2024_06_04_11,train
DJI_DateTime_2024_06_04_11_17_0244_lat_10.3002423_lon_105.2712148_alt_20.170m,/home/hyggestuen/Downloads/_WeedyRice/WeedyRice-RGBMS-DB/RGB/DJI_DateTime_2024_06_04_11_17_0244_lat_10.3002423_lon_105.2712148_alt_20.170m.JPG,,"[""/home/hyggestuen/Downloads/_WeedyRice/WeedyRice-RGBMS-DB/Multispectral/DJI_DateTime_2024_06_04_11_17_0244_lat_10.3002423_lon_105.2712148_alt_20.170m_G.TIF"", ""/home/hyggestuen/Downloads/_WeedyRice/WeedyRice-RGBMS-DB/Multispectral/DJI_DateTime_2024_06_04_11_17_0244_lat_10.3002423_lon_105.2712148_alt_20.170m_NIR.TIF"", ""/home/hyggestuen/Downloads/_WeedyRice/WeedyRice-RGBMS-DB/Multispectral/DJI_DateTime_2024_06_04_11_17_0244_lat_10.3002423_lon_105.2712148_alt_20.170m_R.TIF"", ""/home/hyggestuen/Downloads/_WeedyRice/WeedyRice-RGBMS-DB/Multispectral/DJI_DateTime_2024_06_04_11_17_0244_lat_10.3002423_lon_105.2712148_alt_20.170m_RE.TIF""]",/home/hyggestuen/Downloads/_WeedyRice/WeedyRice-RGBMS-DB/Masks/DJI_DateTime_2024_06_04_11_17_0244_lat_10.3002423_lon_105.2712148_alt_20.170m.png,2024_06_04_11,train
DJI_DateTime_2024_06_04_11_17_0245_lat_10.3002623_lon_105.2711688_alt_20.178m,/home/hyggestuen/Downloads/_WeedyRice/WeedyRice-RGBMS-DB/RGB/DJI_DateTime_2024_06_04_11_17_0245_lat_10.3002623_lon_105.2711688_alt_20.178m.JPG,,"[""/home/hyggestuen/Downloads/_WeedyRice/WeedyRice-RGBMS-DB/Multispectral/DJI_DateTime_2024_06_04_11_17_0245_lat_10.3002623_lon_105.2711688_alt_20.178m_G.TIF"", ""/home/hyggestuen/Downloads/_WeedyRice/WeedyRice-RGBMS-DB/Multispectral/DJI_DateTime_2024_06_04_11_17_0245_lat_10.3002623_lon_105.2711688_alt_20.178m_NIR.TIF"", ""/home/hyggestuen/Downloads/_WeedyRice/WeedyRice-RGBMS-DB/Multispectral/DJI_DateTime_2024_06_04_11_17_0245_lat_10.3002623_lon_105.2711688_alt_20.178m_R.TIF"", ""/home/hyggestuen/Downloads/_WeedyRice/WeedyRice-RGBMS-DB/Multispectral/DJI_DateTime_2024_06_04_11_17_0245_lat_10.3002623_lon_105.2711688_alt_20.178m_RE.TIF""]",/home/hyggestuen/Downloads/_WeedyRice/WeedyRice-RGBMS-DB/Masks/DJI_DateTime_2024_06_04_11_17_0245_lat_10.3002623_lon_105.2711688_alt_20.178m.png,2024_06_04_11,train
DJI_DateTime_2024_06_04_11_17_0246_lat_10.3002833_lon_105.2711218_alt_20.250m,/home/hyggestuen/Downloads/_WeedyRice/WeedyRice-RGBMS-DB/RGB/DJI_DateTime_2024_06_04_11_17_0246_lat_10.3002833_lon_105.2711218_alt_20.250m.JPG,,"[""/home/hyggestuen/Downloads/_WeedyRice/WeedyRice-RGBMS-DB/Multispectral/DJI_DateTime_2024_06_04_11_17_0246_lat_10.3002833_lon_105.2711218_alt_20.250m_G.TIF"", ""/home/hyggestuen/Downloads/_WeedyRice/WeedyRice-RGBMS-DB/Multispectral/DJI_DateTime_2024_06_04_11_17_0246_lat_10.3002833_lon_105.2711218_alt_20.250m_NIR.TIF"", ""/home/hyggestuen/Downloads/_WeedyRice/WeedyRice-RGBMS-DB/Multispectral/DJI_DateTime_2024_06_04_11_17_0246_lat_10.3002833_lon_105.2711218_alt_20.250m_R.TIF"", ""/home/hyggestuen/Downloads/_WeedyRice/WeedyRice-RGBMS-DB/Multispectral/DJI_DateTime_2024_06_04_11_17_0246_lat_10.3002833_lon_105.2711218_alt_20.250m_RE.TIF""]",/home/hyggestuen/Downloads/_WeedyRice/WeedyRice-RGBMS-DB/Masks/DJI_DateTime_2024_06_04_11_17_0246_lat_10.3002833_lon_105.2711218_alt_20.250m.png,2024_06_04_11,train
DJI_DateTime_2024_06_04_11_17_0252_lat_10.3004013_lon_105.2708506_alt_20.225m,/home/hyggestuen/Downloads/_WeedyRice/WeedyRice-RGBMS-DB/RGB/DJI_DateTime_2024_06_04_11_17_0252_lat_10.3004013_lon_105.2708506_alt_20.225m.JPG,,"[""/home/hyggestuen/Downloads/_WeedyRice/WeedyRice-RGBMS-DB/Multispectral/DJI_DateTime_2024_06_04_11_17_0252_lat_10.3004013_lon_105.2708506_alt_20.225m_G.TIF"", ""/home/hyggestuen/Downloads/_WeedyRice/WeedyRice-RGBMS-DB/Multispectral/DJI_DateTime_2024_06_04_11_17_0252_lat_10.3004013_lon_105.2708506_alt_20.225m_NIR.TIF"", ""/home/hyggestuen/Downloads/_WeedyRice/WeedyRice-RGBMS-DB/Multispectral/DJI_DateTime_2024_06_04_11_17_0252_lat_10.3004013_lon_105.2708506_alt_20.225m_R.TIF"", ""/home/hyggestuen/Downloads/_WeedyRice/WeedyRice-RGBMS-DB/Multispectral/DJI_DateTime_2024_06_04_11_17_0252_lat_10.3004013_lon_105.2708506_alt_20.225m_RE.TIF""]",/home/hyggestuen/Downloads/_WeedyRice/WeedyRice-RGBMS-DB/Masks/DJI_DateTime_2024_06_04_11_17_0252_lat_10.3004013_lon_105.2708506_alt_20.225m.png,2024_06_04_11,train
DJI_DateTime_2024_06_04_11_17_0253_lat_10.3004217_lon_105.2708043_alt_20.174m,/home/hyggestuen/Downloads/_WeedyRice/WeedyRice-RGBMS-DB/RGB/DJI_DateTime_2024_06_04_11_17_0253_lat_10.3004217_lon_105.2708043_alt_20.174m.JPG,,"[""/home/hyggestuen/Downloads/_WeedyRice/WeedyRice-RGBMS-DB/Multispectral/DJI_DateTime_2024_06_04_11_17_0253_lat_10.3004217_lon_105.2708043_alt_20.174m_G.TIF"", ""/home/hyggestuen/Downloads/_WeedyRice/WeedyRice-RGBMS-DB/Multispectral/DJI_DateTime_2024_06_04_11_17_0253_lat_10.3004217_lon_105.2708043_alt_20.174m_NIR.TIF"", ""/home/hyggestuen/Downloads/_WeedyRice/WeedyRice-RGBMS-DB/Multispectral/DJI_DateTime_2024_06_04_11_17_0253_lat_10.3004217_lon_105.2708043_alt_20.174m_R.TIF"", ""/home/hyggestuen/Downloads/_WeedyRice/WeedyRice-RGBMS-DB/Multispectral/DJI_DateTime_2024_06_04_11_17_0253_lat_10.3004217_lon_105.2708043_alt_20.174m_RE.TIF""]",/home/hyggestuen/Downloads/_WeedyRice/WeedyRice-RGBMS-DB/Masks/DJI_DateTime_2024_06_04_11_17_0253_lat_10.3004217_lon_105.2708043_alt_20.174m.png,2024_06_04_11,train
DJI_DateTime_2024_06_04_11_17_0254_lat_10.3004408_lon_105.2707596_alt_20.147m,/home/hyggestuen/Downloads/_WeedyRice/WeedyRice-RGBMS-DB/RGB/DJI_DateTime_2024_06_04_11_17_0254_lat_10.3004408_lon_105.2707596_alt_20.147m.JPG,,"[""/home/hyggestuen/Downloads/_WeedyRice/WeedyRice-RGBMS-DB/Multispectral/DJI_DateTime_2024_06_04_11_17_0254_lat_10.3004408_lon_105.2707596_alt_20.147m_G.TIF"", ""/home/hyggestuen/Downloads/_WeedyRice/WeedyRice-RGBMS-DB/Multispectral/DJI_DateTime_2024_06_04_11_17_0254_lat_10.3004408_lon_105.2707596_alt_20.147m_NIR.TIF"", ""/home/hyggestuen/Downloads/_WeedyRice/WeedyRice-RGBMS-DB/Multispectral/DJI_DateTime_2024_06_04_11_17_0254_lat_10.3004408_lon_105.2707596_alt_20.147m_R.TIF"", ""/home/hyggestuen/Downloads/_WeedyRice/WeedyRice-RGBMS-DB/Multispectral/DJI_DateTime_2024_06_04_11_17_0254_lat_10.3004408_lon_105.2707596_alt_20.147m_RE.TIF""]",/home/hyggestuen/Downloads/_WeedyRice/WeedyRice-RGBMS-DB/Masks/DJI_DateTime_2024_06_04_11_17_0254_lat_10.3004408_lon_105.2707596_alt_20.147m.png,2024_06_04_11,train
DJI_DateTime_2024_06_04_11_17_0255_lat_10.3004558_lon_105.2707276_alt_20.183m,/home/hyggestuen/Downloads/_WeedyRice/WeedyRice-RGBMS-DB/RGB/DJI_DateTime_2024_06_04_11_17_0255_lat_10.3004558_lon_105.2707276_alt_20.183m.JPG,,"[""/home/hyggestuen/Downloads/_WeedyRice/WeedyRice-RGBMS-DB/Multispectral/DJI_DateTime_2024_06_04_11_17_0255_lat_10.3004558_lon_105.2707276_alt_20.183m_G.TIF"", ""/home/hyggestuen/Downloads/_WeedyRice/WeedyRice-RGBMS-DB/Multispectral/DJI_DateTime_2024_06_04_11_17_0255_lat_10.3004558_lon_105.2707276_alt_20.183m_NIR.TIF"", ""/home/hyggestuen/Downloads/_WeedyRice/WeedyRice-RGBMS-DB/Multispectral/DJI_DateTime_2024_06_04_11_17_0255_lat_10.3004558_lon_105.2707276_alt_20.183m_R.TIF"", ""/home/hyggestuen/Downloads/_WeedyRice/WeedyRice-RGBMS-DB/Multispectral/DJI_DateTime_2024_06_04_11_17_0255_lat_10.3004558_lon_105.2707276_alt_20.183m_RE.TIF""]",/home/hyggestuen/Downloads/_WeedyRice/WeedyRice-RGBMS-DB/Masks/DJI_DateTime_2024_06_04_11_17_0255_lat_10.3004558_lon_105.2707276_alt_20.183m.png,2024_06_04_11,train
DJI_DateTime_2024_09_30_10_33_0031_lat_10.3015970_lon_105.2727122_alt_20.309m,/home/hyggestuen/Downloads/_WeedyRice/WeedyRice-RGBMS-DB/RGB/DJI_DateTime_2024_09_30_10_33_0031_lat_10.3015970_lon_105.2727122_alt_20.309m.JPG,,"[""/home/hyggestuen/Downloads/_WeedyRice/WeedyRice-RGBMS-DB/Multispectral/DJI_DateTime_2024_09_30_10_33_0031_lat_10.3015970_lon_105.2727122_alt_20.309m_G.TIF"", ""/home/hyggestuen/Downloads/_WeedyRice/WeedyRice-RGBMS-DB/Multispectral/DJI_DateTime_2024_09_30_10_33_0031_lat_10.3015970_lon_105.2727122_alt_20.309m_NIR.TIF"", ""/home/hyggestuen/Downloads/_WeedyRice/WeedyRice-RGBMS-DB/Multispectral/DJI_DateTime_2024_09_30_10_33_0031_lat_10.3015970_lon_105.2727122_alt_20.309m_R.TIF"", ""/home/hyggestuen/Downloads/_WeedyRice/WeedyRice-RGBMS-DB/Multispectral/DJI_DateTime_2024_09_30_10_33_0031_lat_10.3015970_lon_105.2727122_alt_20.309m_RE.TIF""]",/home/hyggestuen/Downloads/_WeedyRice/WeedyRice-RGBMS-DB/Masks/DJI_DateTime_2024_09_30_10_33_0031_lat_10.3015970_lon_105.2727122_alt_20.309m.png,2024_09_30_10,train
DJI_DateTime_2024_09_30_10_33_0032_lat_10.3016293_lon_105.2726206_alt_20.337m,/home/hyggestuen/Downloads/_WeedyRice/WeedyRice-RGBMS-DB/RGB/DJI_DateTime_2024_09_30_10_33_0032_lat_10.3016293_lon_105.2726206_alt_20.337m.JPG,,"[""/home/hyggestuen/Downloads/_WeedyRice/WeedyRice-RGBMS-DB/Multispectral/DJI_DateTime_2024_09_30_10_33_0032_lat_10.3016293_lon_105.2726206_alt_20.337m_G.TIF"", ""/home/hyggestuen/Downloads/_WeedyRice/WeedyRice-RGBMS-DB/Multispectral/DJI_DateTime_2024_09_30_10_33_0032_lat_10.3016293_lon_105.2726206_alt_20.337m_NIR.TIF"", ""/home/hyggestuen/Downloads/_WeedyRice/WeedyRice-RGBMS-DB/Multispectral/DJI_DateTime_2024_09_30_10_33_0032_lat_10.3016293_lon_105.2726206_alt_20.337m_R.TIF"", ""/home/hyggestuen/Downloads/_WeedyRice/WeedyRice-RGBMS-DB/Multispectral/DJI_DateTime_2024_09_30_10_33_0032_lat_10.3016293_lon_105.2726206_alt_20.337m_RE.TIF""]",/home/hyggestuen/Downloads/_WeedyRice/WeedyRice-RGBMS-DB/Masks/DJI_DateTime_2024_09_30_10_33_0032_lat_10.3016293_lon_105.2726206_alt_20.337m.png,2024_09_30_10,train
DJI_DateTime_2024_09_30_10_33_0033_lat_10.3016724_lon_105.2725306_alt_20.373m,/home/hyggestuen/Downloads/_WeedyRice/WeedyRice-RGBMS-DB/RGB/DJI_DateTime_2024_09_30_10_33_0033_lat_10.3016724_lon_105.2725306_alt_20.373m.JPG,,"[""/home/hyggestuen/Downloads/_WeedyRice/WeedyRice-RGBMS-DB/Multispectral/DJI_DateTime_2024_09_30_10_33_0033_lat_10.3016724_lon_105.2725306_alt_20.373m_G.TIF"", ""/home/hyggestuen/Downloads/_WeedyRice/WeedyRice-RGBMS-DB/Multispectral/DJI_DateTime_2024_09_30_10_33_0033_lat_10.3016724_lon_105.2725306_alt_20.373m_NIR.TIF"", ""/home/hyggestuen/Downloads/_WeedyRice/WeedyRice-RGBMS-DB/Multispectral/DJI_DateTime_2024_09_30_10_33_0033_lat_10.3016724_lon_105.2725306_alt_20.373m_R.TIF"", ""/home/hyggestuen/Downloads/_WeedyRice/WeedyRice-RGBMS-DB/Multispectral/DJI_DateTime_2024_09_30_10_33_0033_lat_10.3016724_lon_105.2725306_alt_20.373m_RE.TIF""]",/home/hyggestuen/Downloads/_WeedyRice/WeedyRice-RGBMS-DB/Masks/DJI_DateTime_2024_09_30_10_33_0033_lat_10.3016724_lon_105.2725306_alt_20.373m.png,2024_09_30_10,train
DJI_DateTime_2024_09_30_10_33_0034_lat_10.3017159_lon_105.2724406_alt_20.418m,/home/hyggestuen/Downloads/_WeedyRice/WeedyRice-RGBMS-DB/RGB/DJI_DateTime_2024_09_30_10_33_0034_lat_10.3017159_lon_105.2724406_alt_20.418m.JPG,,"[""/home/hyggestuen/Downloads/_WeedyRice/WeedyRice-RGBMS-DB/Multispectral/DJI_DateTime_2024_09_30_10_33_0034_lat_10.3017159_lon_105.2724406_alt_20.418m_G.TIF"", ""/home/hyggestuen/Downloads/_WeedyRice/WeedyRice-RGBMS-DB/Multispectral/DJI_DateTime_2024_09_30_10_33_0034_lat_10.3017159_lon_105.2724406_alt_20.418m_NIR.TIF"", ""/home/hyggestuen/Downloads/_WeedyRice/WeedyRice-RGBMS-DB/Multispectral/DJI_DateTime_2024_09_30_10_33_0034_lat_10.3017159_lon_105.2724406_alt_20.418m_R.TIF"", ""/home/hyggestuen/Downloads/_WeedyRice/WeedyRice-RGBMS-DB/Multispectral/DJI_DateTime_2024_09_30_10_33_0034_lat_10.3017159_lon_105.2724406_alt_20.418m_RE.TIF""]",/home/hyggestuen/Downloads/_WeedyRice/WeedyRice-RGBMS-DB/Masks/DJI_DateTime_2024_09_30_10_33_0034_lat_10.3017159_lon_105.2724406_alt_20.418m.png,2024_09_30_10,train
DJI_DateTime_2024_09_30_10_33_0035_lat_10.3017589_lon_105.2723505_alt_20.422m,/home/hyggestuen/Downloads/_WeedyRice/WeedyRice-RGBMS-DB/RGB/DJI_DateTime_2024_09_30_10_33_0035_lat_10.3017589_lon_105.2723505_alt_20.422m.JPG,,"[""/home/hyggestuen/Downloads/_WeedyRice/WeedyRice-RGBMS-DB/Multispectral/DJI_DateTime_2024_09_30_10_33_0035_lat_10.3017589_lon_105.2723505_alt_20.422m_G.TIF"", ""/home/hyggestuen/Downloads/_WeedyRice/WeedyRice-RGBMS-DB/Multispectral/DJI_DateTime_2024_09_30_10_33_0035_lat_10.3017589_lon_105.2723505_alt_20.422m_NIR.TIF"", ""/home/hyggestuen/Downloads/_WeedyRice/WeedyRice-RGBMS-DB/Multispectral/DJI_DateTime_2024_09_30_10_33_0035_lat_10.3017589_lon_105.2723505_alt_20.422m_R.TIF"", ""/home/hyggestuen/Downloads/_WeedyRice/WeedyRice-RGBMS-DB/Multispectral/DJI_DateTime_2024_09_30_10_33_0035_lat_10.3017589_lon_105.2723505_alt_20.422m_RE.TIF""]",/home/hyggestuen/Downloads/_WeedyRice/WeedyRice-RGBMS-DB/Masks/DJI_DateTime_2024_09_30_10_33_0035_lat_10.3017589_lon_105.2723505_alt_20.422m.png,2024_09_30_10,train
DJI_DateTime_2024_09_30_10_34_0036_lat_10.3018023_lon_105.2722610_alt_20.344m,/home/hyggestuen/Downloads/_WeedyRice/WeedyRice-RGBMS-DB/RGB/DJI_DateTime_2024_09_30_10_34_0036_lat_10.3018023_lon_105.2722610_alt_20.344m.JPG,,"[""/home/hyggestuen/Downloads/_WeedyRice/WeedyRice-RGBMS-DB/Multispectral/DJI_DateTime_2024_09_30_10_34_0036_lat_10.3018023_lon_105.2722610_alt_20.344m_G.TIF"", ""/home/hyggestuen/Downloads/_WeedyRice/WeedyRice-RGBMS-DB/Multispectral/DJI_DateTime_2024_09_30_10_34_0036_lat_10.3018023_lon_105.2722610_alt_20.344m_NIR.TIF"", ""/home/hyggestuen/Downloads/_WeedyRice/WeedyRice-RGBMS-DB/Multispectral/DJI_DateTime_2024_09_30_10_34_0036_lat_10.3018023_lon_105.2722610_alt_20.344m_R.TIF"", ""/home/hyggestuen/Downloads/_WeedyRice/WeedyRice-RGBMS-DB/Multispectral/DJI_DateTime_2024_09_30_10_34_0036_lat_10.3018023_lon_105.2722610_alt_20.344m_RE.TIF""]",/home/hyggestuen/Downloads/_WeedyRice/WeedyRice-RGBMS-DB/Masks/DJI_DateTime_2024_09_30_10_34_0036_lat_10.3018023_lon_105.2722610_alt_20.344m.png,2024_09_30_10,train
DJI_DateTime_2024_09_30_10_34_0037_lat_10.3018456_lon_105.2721710_alt_20.405m,/home/hyggestuen/Downloads/_WeedyRice/WeedyRice-RGBMS-DB/RGB/DJI_DateTime_2024_09_30_10_34_0037_lat_10.3018456_lon_105.2721710_alt_20.405m.JPG,,"[""/home/hyggestuen/Downloads/_WeedyRice/WeedyRice-RGBMS-DB/Multispectral/DJI_DateTime_2024_09_30_10_34_0037_lat_10.3018456_lon_105.2721710_alt_20.405m_G.TIF"", ""/home/hyggestuen/Downloads/_WeedyRice/WeedyRice-RGBMS-DB/Multispectral/DJI_DateTime_2024_09_30_10_34_0037_lat_10.3018456_lon_105.2721710_alt_20.405m_NIR.TIF"", ""/home/hyggestuen/Downloads/_WeedyRice/WeedyRice-RGBMS-DB/Multispectral/DJI_DateTime_2024_09_30_10_34_0037_lat_10.3018456_lon_105.2721710_alt_20.405m_R.TIF"", ""/home/hyggestuen/Downloads/_WeedyRice/WeedyRice-RGBMS-DB/Multispectral/DJI_DateTime_2024_09_30_10_34_0037_lat_10.3018456_lon_105.2721710_alt_20.405m_RE.TIF""]",/home/hyggestuen/Downloads/_WeedyRice/WeedyRice-RGBMS-DB/Masks/DJI_DateTime_2024_09_30_10_34_0037_lat_10.3018456_lon_105.2721710_alt_20.405m.png,2024_09_30_10,train
DJI_DateTime_2024_09_30_10_34_0038_lat_10.3018884_lon_105.2720811_alt_20.403m,/home/hyggestuen/Downloads/_WeedyRice/WeedyRice-RGBMS-DB/RGB/DJI_DateTime_2024_09_30_10_34_0038_lat_10.3018884_lon_105.2720811_alt_20.403m.JPG,,"[""/home/hyggestuen/Downloads/_WeedyRice/WeedyRice-RGBMS-DB/Multispectral/DJI_DateTime_2024_09_30_10_34_0038_lat_10.3018884_lon_105.2720811_alt_20.403m_G.TIF"", ""/home/hyggestuen/Downloads/_WeedyRice/WeedyRice-RGBMS-DB/Multispectral/DJI_DateTime_2024_09_30_10_34_0038_lat_10.3018884_lon_105.2720811_alt_20.403m_NIR.TIF"", ""/home/hyggestuen/Downloads/_WeedyRice/WeedyRice-RGBMS-DB/Multispectral/DJI_DateTime_2024_09_30_10_34_0038_lat_10.3018884_lon_105.2720811_alt_20.403m_R.TIF"", ""/home/hyggestuen/Downloads/_WeedyRice/WeedyRice-RGBMS-DB/Multispectral/DJI_DateTime_2024_09_30_10_34_0038_lat_10.3018884_lon_105.2720811_alt_20.403m_RE.TIF""]",/home/hyggestuen/Downloads/_WeedyRice/WeedyRice-RGBMS-DB/Masks/DJI_DateTime_2024_09_30_10_34_0038_lat_10.3018884_lon_105.2720811_alt_20.403m.png,2024_09_30_10,train
DJI_DateTime_2024_09_30_10_34_0039_lat_10.3019316_lon_105.2719909_alt_20.412m,/home/hyggestuen/Downloads/_WeedyRice/WeedyRice-RGBMS-DB/RGB/DJI_DateTime_2024_09_30_10_34_0039_lat_10.3019316_lon_105.2719909_alt_20.412m.JPG,,"[""/home/hyggestuen/Downloads/_WeedyRice/WeedyRice-RGBMS-DB/Multispectral/DJI_DateTime_2024_09_30_10_34_0039_lat_10.3019316_lon_105.2719909_alt_20.412m_G.TIF"", ""/home/hyggestuen/Downloads/_WeedyRice/WeedyRice-RGBMS-DB/Multispectral/DJI_DateTime_2024_09_30_10_34_0039_lat_10.3019316_lon_105.2719909_alt_20.412m_NIR.TIF"", ""/home/hyggestuen/Downloads/_WeedyRice/WeedyRice-RGBMS-DB/Multispectral/DJI_DateTime_2024_09_30_10_34_0039_lat_10.3019316_lon_105.2719909_alt_20.412m_R.TIF"", ""/home/hyggestuen/Downloads/_WeedyRice/WeedyRice-RGBMS-DB/Multispectral/DJI_DateTime_2024_09_30_10_34_0039_lat_10.3019316_lon_105.2719909_alt_20.412m_RE.TIF""]",/home/hyggestuen/Downloads/_WeedyRice/WeedyRice-RGBMS-DB/Masks/DJI_DateTime_2024_09_30_10_34_0039_lat_10.3019316_lon_105.2719909_alt_20.412m.png,2024_09_30_10,train
DJI_DateTime_2024_09_30_10_34_0040_lat_10.3019751_lon_105.2719014_alt_20.400m,/home/hyggestuen/Downloads/_WeedyRice/WeedyRice-RGBMS-DB/RGB/DJI_DateTime_2024_09_30_10_34_0040_lat_10.3019751_lon_105.2719014_alt_20.400m.JPG,,"[""/home/hyggestuen/Downloads/_WeedyRice/WeedyRice-RGBMS-DB/Multispectral/DJI_DateTime_2024_09_30_10_34_0040_lat_10.3019751_lon_105.2719014_alt_20.400m_G.TIF"", ""/home/hyggestuen/Downloads/_WeedyRice/WeedyRice-RGBMS-DB/Multispectral/DJI_DateTime_2024_09_30_10_34_0040_lat_10.3019751_lon_105.2719014_alt_20.400m_NIR.TIF"", ""/home/hyggestuen/Downloads/_WeedyRice/WeedyRice-RGBMS-DB/Multispectral/DJI_DateTime_2024_09_30_10_34_0040_lat_10.3019751_lon_105.2719014_alt_20.400m_R.TIF"", ""/home/hyggestuen/Downloads/_WeedyRice/WeedyRice-RGBMS-DB/Multispectral/DJI_DateTime_2024_09_30_10_34_0040_lat_10.3019751_lon_105.2719014_alt_20.400m_RE.TIF""]",/home/hyggestuen/Downloads/_WeedyRice/WeedyRice-RGBMS-DB/Masks/DJI_DateTime_2024_09_30_10_34_0040_lat_10.3019751_lon_105.2719014_alt_20.400m.png,2024_09_30_10,train
DJI_DateTime_2024_09_30_10_34_0041_lat_10.3020190_lon_105.2718108_alt_20.425m,/home/hyggestuen/Downloads/_WeedyRice/WeedyRice-RGBMS-DB/RGB/DJI_DateTime_2024_09_30_10_34_0041_lat_10.3020190_lon_105.2718108_alt_20.425m.JPG,,"[""/home/hyggestuen/Downloads/_WeedyRice/WeedyRice-RGBMS-DB/Multispectral/DJI_DateTime_2024_09_30_10_34_0041_lat_10.3020190_lon_105.2718108_alt_20.425m_G.TIF"", ""/home/hyggestuen/Downloads/_WeedyRice/WeedyRice-RGBMS-DB/Multispectral/DJI_DateTime_2024_09_30_10_34_0041_lat_10.3020190_lon_105.2718108_alt_20.425m_NIR.TIF"", ""/home/hyggestuen/Downloads/_WeedyRice/WeedyRice-RGBMS-DB/Multispectral/DJI_DateTime_2024_09_30_10_34_0041_lat_10.3020190_lon_105.2718108_alt_20.425m_R.TIF"", ""/home/hyggestuen/Downloads/_WeedyRice/WeedyRice-RGBMS-DB/Multispectral/DJI_DateTime_2024_09_30_10_34_0041_lat_10.3020190_lon_105.2718108_alt_20.425m_RE.TIF""]",/home/hyggestuen/Downloads/_WeedyRice/WeedyRice-RGBMS-DB/Masks/DJI_DateTime_2024_09_30_10_34_0041_lat_10.3020190_lon_105.2718108_alt_20.425m.png,2024_09_30_10,train
DJI_DateTime_2024_09_30_10_34_0042_lat_10.3020618_lon_105.2717213_alt_20.363m,/home/hyggestuen/Downloads/_WeedyRice/WeedyRice-RGBMS-DB/RGB/DJI_DateTime_2024_09_30_10_34_0042_lat_10.3020618_lon_105.2717213_alt_20.363m.JPG,,"[""/home/hyggestuen/Downloads/_WeedyRice/WeedyRice-RGBMS-DB/Multispectral/DJI_DateTime_2024_09_30_10_34_0042_lat_10.3020618_lon_105.2717213_alt_20.363m_G.TIF"", ""/home/hyggestuen/Downloads/_WeedyRice/WeedyRice-RGBMS-DB/Multispectral/DJI_DateTime_2024_09_30_10_34_0042_lat_10.3020618_lon_105.2717213_alt_20.363m_NIR.TIF"", ""/home/hyggestuen/Downloads/_WeedyRice/WeedyRice-RGBMS-DB/Multispectral/DJI_DateTime_2024_09_30_10_34_0042_lat_10.3020618_lon_105.2717213_alt_20.363m_R.TIF"", ""/home/hyggestuen/Downloads/_WeedyRice/WeedyRice-RGBMS-DB/Multispectral/DJI_DateTime_2024_09_30_10_34_0042_lat_10.3020618_lon_105.2717213_alt_20.363m_RE.TIF""]",/home/hyggestuen/Downloads/_WeedyRice/WeedyRice-RGBMS-DB/Masks/DJI_DateTime_2024_09_30_10_34_0042_lat_10.3020618_lon_105.2717213_alt_20.363m.png,2024_09_30_10,train
DJI_DateTime_2024_09_30_10_34_0043_lat_10.3021053_lon_105.2716308_alt_20.370m,/home/hyggestuen/Downloads/_WeedyRice/WeedyRice-RGBMS-DB/RGB/DJI_DateTime_2024_09_30_10_34_0043_lat_10.3021053_lon_105.2716308_alt_20.370m.JPG,,"[""/home/hyggestuen/Downloads/_WeedyRice/WeedyRice-RGBMS-DB/Multispectral/DJI_DateTime_2024_09_30_10_34_0043_lat_10.3021053_lon_105.2716308_alt_20.370m_G.TIF"", ""/home/hyggestuen/Downloads/_WeedyRice/WeedyRice-RGBMS-DB/Multispectral/DJI_DateTime_2024_09_30_10_34_0043_lat_10.3021053_lon_105.2716308_alt_20.370m_NIR.TIF"", ""/home/hyggestuen/Downloads/_WeedyRice/WeedyRice-RGBMS-DB/Multispectral/DJI_DateTime_2024_09_30_10_34_0043_lat_10.3021053_lon_105.2716308_alt_20.370m_R.TIF"", ""/home/hyggestuen/Downloads/_WeedyRice/WeedyRice-RGBMS-DB/Multispectral/DJI_DateTime_2024_09_30_10_34_0043_lat_10.3021053_lon_105.2716308_alt_20.370m_RE.TIF""]",/home/hyggestuen/Downloads/_WeedyRice/WeedyRice-RGBMS-DB/Masks/DJI_DateTime_2024_09_30_10_34_0043_lat_10.3021053_lon_105.2716308_alt_20.370m.png,2024_09_30_10,train
DJI_DateTime_2024_09_30_10_35_0047_lat_10.3019564_lon_105.2716374_alt_20.400m,/home/hyggestuen/Downloads/_WeedyRice/WeedyRice-RGBMS-DB/RGB/DJI_DateTime_2024_09_30_10_35_0047_lat_10.3019564_lon_105.2716374_alt_20.400m.JPG,,"[""/home/hyggestuen/Downloads/_WeedyRice/WeedyRice-RGBMS-DB/Multispectral/DJI_DateTime_2024_09_30_10_35_0047_lat_10.3019564_lon_105.2716374_alt_20.400m_G.TIF"", ""/home/hyggestuen/Downloads/_WeedyRice/WeedyRice-RGBMS-DB/Multispectral/DJI_DateTime_2024_09_30_10_35_0047_lat_10.3019564_lon_105.2716374_alt_20.400m_NIR.TIF"", ""/home/hyggestuen/Downloads/_WeedyRice/WeedyRice-RGBMS-DB/Multispectral/DJI_DateTime_2024_09_30_10_35_0047_lat_10.3019564_lon_105.2716374_alt_20.400m_R.TIF"", ""/home/hyggestuen/Downloads/_WeedyRice/WeedyRice-RGBMS-DB/Multispectral/DJI_DateTime_2024_09_30_10_35_0047_lat_10.3019564_lon_105.2716374_alt_20.400m_RE.TIF""]",/home/hyggestuen/Downloads/_WeedyRice/WeedyRice-RGBMS-DB/Masks/DJI_DateTime_2024_09_30_10_35_0047_lat_10.3019564_lon_105.2716374_alt_20.400m.png,2024_09_30_10,train
DJI_DateTime_2024_09_30_10_35_0048_lat_10.3019130_lon_105.2717265_alt_20.396m,/home/hyggestuen/Downloads/_WeedyRice/WeedyRice-RGBMS-DB/RGB/DJI_DateTime_2024_09_30_10_35_0048_lat_10.3019130_lon_105.2717265_alt_20.396m.JPG,,"[""/home/hyggestuen/Downloads/_WeedyRice/WeedyRice-RGBMS-DB/Multispectral/DJI_DateTime_2024_09_30_10_35_0048_lat_10.3019130_lon_105.2717265_alt_20.396m_G.TIF"", ""/home/hyggestuen/Downloads/_WeedyRice/WeedyRice-RGBMS-DB/Multispectral/DJI_DateTime_2024_09_30_10_35_0048_lat_10.3019130_lon_105.2717265_alt_20.396m_NIR.TIF"", ""/home/hyggestuen/Downloads/_WeedyRice/WeedyRice-RGBMS-DB/Multispectral/DJI_DateTime_2024_09_30_10_35_0048_lat_10.3019130_lon_105.2717265_alt_20.396m_R.TIF"", ""/home/hyggestuen/Downloads/_WeedyRice/WeedyRice-RGBMS-DB/Multispectral/DJI_DateTime_2024_09_30_10_35_0048_lat_10.3019130_lon_105.2717265_alt_20.396m_RE.TIF""]",/home/hyggestuen/Downloads/_WeedyRice/WeedyRice-RGBMS-DB/Masks/DJI_DateTime_2024_09_30_10_35_0048_lat_10.3019130_lon_105.2717265_alt_20.396m.png,2024_09_30_10,train
DJI_DateTime_2024_09_30_10_35_0049_lat_10.3018697_lon_105.2718166_alt_20.388m,/home/hyggestuen/Downloads/_WeedyRice/WeedyRice-RGBMS-DB/RGB/DJI_DateTime_2024_09_30_10_35_0049_lat_10.3018697_lon_105.2718166_alt_20.388m.JPG,,"[""/home/hyggestuen/Downloads/_WeedyRice/WeedyRice-RGBMS-DB/Multispectral/DJI_DateTime_2024_09_30_10_35_0049_lat_10.3018697_lon_105.2718166_alt_20.388m_G.TIF"", ""/home/hyggestuen/Downloads/_WeedyRice/WeedyRice-RGBMS-DB/Multispectral/DJI_DateTime_2024_09_30_10_35_0049_lat_10.3018697_lon_105.2718166_alt_20.388m_NIR.TIF"", ""/home/hyggestuen/Downloads/_WeedyRice/WeedyRice-RGBMS-DB/Multispectral/DJI_DateTime_2024_09_30_10_35_0049_lat_10.3018697_lon_105.2718166_alt_20.388m_R.TIF"", ""/home/hyggestuen/Downloads/_WeedyRice/WeedyRice-RGBMS-DB/Multispectral/DJI_DateTime_2024_09_30_10_35_0049_lat_10.3018697_lon_105.2718166_alt_20.388m_RE.TIF""]",/home/hyggestuen/Downloads/_WeedyRice/WeedyRice-RGBMS-DB/Masks/DJI_DateTime_2024_09_30_10_35_0049_lat_10.3018697_lon_105.2718166_alt_20.388m.png,2024_09_30_10,train
DJI_DateTime_2024_09_30_10_35_0050_lat_10.3018263_lon_105.2719070_alt_20.468m,/home/hyggestuen/Downloads/_WeedyRice/WeedyRice-RGBMS-DB/RGB/DJI_DateTime_2024_09_30_10_35_0050_lat_10.3018263_lon_105.2719070_alt_20.468m.JPG,,"[""/home/hyggestuen/Downloads/_WeedyRice/WeedyRice-RGBMS-DB/Multispectral/DJI_DateTime_2024_09_30_10_35_0050_lat_10.3018263_lon_105.2719070_alt_20.468m_G.TIF"", ""/home/hyggestuen/Downloads/_WeedyRice/WeedyRice-RGBMS-DB/Multispectral/DJI_DateTime_2024_09_30_10_35_0050_lat_10.3018263_lon_105.2719070_alt_20.468m_NIR.TIF"", ""/home/hyggestuen/Downloads/_WeedyRice/WeedyRice-RGBMS-DB/Multispectral/DJI_DateTime_2024_09_30_10_35_0050_lat_10.3018263_lon_105.2719070_alt_20.468m_R.TIF"", ""/home/hyggestuen/Downloads/_WeedyRice/WeedyRice-RGBMS-DB/Multispectral/DJI_DateTime_2024_09_30_10_35_0050_lat_10.3018263_lon_105.2719070_alt_20.468m_RE.TIF""]",/home/hyggestuen/Downloads/_WeedyRice/WeedyRice-RGBMS-DB/Masks/DJI_DateTime_2024_09_30_10_35_0050_lat_10.3018263_lon_105.2719070_alt_20.468m.png,2024_09_30_10,train
DJI_DateTime_2024_09_30_10_35_0051_lat_10.3017832_lon_105.2719963_alt_20.409m,/home/hyggestuen/Downloads/_WeedyRice/WeedyRice-RGBMS-DB/RGB/DJI_DateTime_2024_09_30_10_35_0051_lat_10.3017832_lon_105.2719963_alt_20.409m.JPG,,"[""/home/hyggestuen/Downloads/_WeedyRice/WeedyRice-RGBMS-DB/Multispectral/DJI_DateTime_2024_09_30_10_35_0051_lat_10.3017832_lon_105.2719963_alt_20.409m_G.TIF"", ""/home/hyggestuen/Downloads/_WeedyRice/WeedyRice-RGBMS-DB/Multispectral/DJI_DateTime_2024_09_30_10_35_0051_lat_10.3017832_lon_105.2719963_alt_20.409m_NIR.TIF"", ""/home/hyggestuen/Downloads/_WeedyRice/WeedyRice-RGBMS-DB/Multispectral/DJI_DateTime_2024_09_30_10_35_0051_lat_10.3017832_lon_105.2719963_alt_20.409m_R.TIF"", ""/home/hyggestuen/Downloads/_WeedyRice/WeedyRice-RGBMS-DB/Multispectral/DJI_DateTime_2024_09_30_10_35_0051_lat_10.3017832_lon_105.2719963_alt_20.409m_RE.TIF""]",/home/hyggestuen/Downloads/_WeedyRice/WeedyRice-RGBMS-DB/Masks/DJI_DateTime_2024_09_30_10_35_0051_lat_10.3017832_lon_105.2719963_alt_20.409m.png,2024_09_30_10,train
DJI_DateTime_2024_09_30_10_35_0052_lat_10.3017402_lon_105.2720861_alt_20.397m,/home/hyggestuen/Downloads/_WeedyRice/WeedyRice-RGBMS-DB/RGB/DJI_DateTime_2024_09_30_10_35_0052_lat_10.3017402_lon_105.2720861_alt_20.397m.JPG,,"[""/home/hyggestuen/Downloads/_WeedyRice/WeedyRice-RGBMS-DB/Multispectral/DJI_DateTime_2024_09_30_10_35_0052_lat_10.3017402_lon_105.2720861_alt_20.397m_G.TIF"", ""/home/hyggestuen/Downloads/_WeedyRice/WeedyRice-RGBMS-DB/Multispectral/DJI_DateTime_2024_09_30_10_35_0052_lat_10.3017402_lon_105.2720861_alt_20.397m_NIR.TIF"", ""/home/hyggestuen/Downloads/_WeedyRice/WeedyRice-RGBMS-DB/Multispectral/DJI_DateTime_2024_09_30_10_35_0052_lat_10.3017402_lon_105.2720861_alt_20.397m_R.TIF"", ""/home/hyggestuen/Downloads/_WeedyRice/WeedyRice-RGBMS-DB/Multispectral/DJI_DateTime_2024_09_30_10_35_0052_lat_10.3017402_lon_105.2720861_alt_20.397m_RE.TIF""]",/home/hyggestuen/Downloads/_WeedyRice/WeedyRice-RGBMS-DB/Masks/DJI_DateTime_2024_09_30_10_35_0052_lat_10.3017402_lon_105.2720861_alt_20.397m.png,2024_09_30_10,train
DJI_DateTime_2024_09_30_10_35_0053_lat_10.3016969_lon_105.2721757_alt_20.445m,/home/hyggestuen/Downloads/_WeedyRice/WeedyRice-RGBMS-DB/RGB/DJI_DateTime_2024_09_30_10_35_0053_lat_10.3016969_lon_105.2721757_alt_20.445m.JPG,,"[""/home/hyggestuen/Downloads/_WeedyRice/WeedyRice-RGBMS-DB/Multispectral/DJI_DateTime_2024_09_30_10_35_0053_lat_10.3016969_lon_105.2721757_alt_20.445m_G.TIF"", ""/home/hyggestuen/Downloads/_WeedyRice/WeedyRice-RGBMS-DB/Multispectral/DJI_DateTime_2024_09_30_10_35_0053_lat_10.3016969_lon_105.2721757_alt_20.445m_NIR.TIF"", ""/home/hyggestuen/Downloads/_WeedyRice/WeedyRice-RGBMS-DB/Multispectral/DJI_DateTime_2024_09_30_10_35_0053_lat_10.3016969_lon_105.2721757_alt_20.445m_R.TIF"", ""/home/hyggestuen/Downloads/_WeedyRice/WeedyRice-RGBMS-DB/Multispectral/DJI_DateTime_2024_09_30_10_35_0053_lat_10.3016969_lon_105.2721757_alt_20.445m_RE.TIF""]",/home/hyggestuen/Downloads/_WeedyRice/WeedyRice-RGBMS-DB/Masks/DJI_DateTime_2024_09_30_10_35_0053_lat_10.3016969_lon_105.2721757_alt_20.445m.png,2024_09_30_10,train
DJI_DateTime_2024_09_30_10_36_0054_lat_10.3016535_lon_105.2722654_alt_20.405m,/home/hyggestuen/Downloads/_WeedyRice/WeedyRice-RGBMS-DB/RGB/DJI_DateTime_2024_09_30_10_36_0054_lat_10.3016535_lon_105.2722654_alt_20.405m.JPG,,"[""/home/hyggestuen/Downloads/_WeedyRice/WeedyRice-RGBMS-DB/Multispectral/DJI_DateTime_2024_09_30_10_36_0054_lat_10.3016535_lon_105.2722654_alt_20.405m_G.TIF"", ""/home/hyggestuen/Downloads/_WeedyRice/WeedyRice-RGBMS-DB/Multispectral/DJI_DateTime_2024_09_30_10_36_0054_lat_10.3016535_lon_105.2722654_alt_20.405m_NIR.TIF"", ""/home/hyggestuen/Downloads/_WeedyRice/WeedyRice-RGBMS-DB/Multispectral/DJI_DateTime_2024_09_30_10_36_0054_lat_10.3016535_lon_105.2722654_alt_20.405m_R.TIF"", ""/home/hyggestuen/Downloads/_WeedyRice/WeedyRice-RGBMS-DB/Multispectral/DJI_DateTime_2024_09_30_10_36_0054_lat_10.3016535_lon_105.2722654_alt_20.405m_RE.TIF""]",/home/hyggestuen/Downloads/_WeedyRice/WeedyRice-RGBMS-DB/Masks/DJI_DateTime_2024_09_30_10_36_0054_lat_10.3016535_lon_105.2722654_alt_20.405m.png,2024_09_30_10,train
DJI_DateTime_2024_09_30_10_36_0055_lat_10.3016107_lon_105.2723549_alt_20.436m,/home/hyggestuen/Downloads/_WeedyRice/WeedyRice-RGBMS-DB/RGB/DJI_DateTime_2024_09_30_10_36_0055_lat_10.3016107_lon_105.2723549_alt_20.436m.JPG,,"[""/home/hyggestuen/Downloads/_WeedyRice/WeedyRice-RGBMS-DB/Multispectral/DJI_DateTime_2024_09_30_10_36_0055_lat_10.3016107_lon_105.2723549_alt_20.436m_G.TIF"", ""/home/hyggestuen/Downloads/_WeedyRice/WeedyRice-RGBMS-DB/Multispectral/DJI_DateTime_2024_09_30_10_36_0055_lat_10.3016107_lon_105.2723549_alt_20.436m_NIR.TIF"", ""/home/hyggestuen/Downloads/_WeedyRice/WeedyRice-RGBMS-DB/Multispectral/DJI_DateTime_2024_09_30_10_36_0055_lat_10.3016107_lon_105.2723549_alt_20.436m_R.TIF"", ""/home/hyggestuen/Downloads/_WeedyRice/WeedyRice-RGBMS-DB/Multispectral/DJI_DateTime_2024_09_30_10_36_0055_lat_10.3016107_lon_105.2723549_alt_20.436m_RE.TIF""]",/home/hyggestuen/Downloads/_WeedyRice/WeedyRice-RGBMS-DB/Masks/DJI_DateTime_2024_09_30_10_36_0055_lat_10.3016107_lon_105.2723549_alt_20.436m.png,2024_09_30_10,train
DJI_DateTime_2024_09_30_10_36_0056_lat_10.3015671_lon_105.2724455_alt_20.401m,/home/hyggestuen/Downloads/_WeedyRice/WeedyRice-RGBMS-DB/RGB/DJI_DateTime_2024_09_30_10_36_0056_lat_10.3015671_lon_105.2724455_alt_20.401m.JPG,,"[""/home/hyggestuen/Downloads/_WeedyRice/WeedyRice-RGBMS-DB/Multispectral/DJI_DateTime_2024_09_30_10_36_0056_lat_10.3015671_lon_105.2724455_alt_20.401m_G.TIF"", ""/home/hyggestuen/Downloads/_WeedyRice/WeedyRice-RGBMS-DB/Multispectral/DJI_DateTime_2024_09_30_10_36_0056_lat_10.3015671_lon_105.2724455_alt_20.401m_NIR.TIF"", ""/home/hyggestuen/Downloads/_WeedyRice/WeedyRice-RGBMS-DB/Multispectral/DJI_DateTime_2024_09_30_10_36_0056_lat_10.3015671_lon_105.2724455_alt_20.401m_R.TIF"", ""/home/hyggestuen/Downloads/_WeedyRice/WeedyRice-RGBMS-DB/Multispectral/DJI_DateTime_2024_09_30_10_36_0056_lat_10.3015671_lon_105.2724455_alt_20.401m_RE.TIF""]",/home/hyggestuen/Downloads/_WeedyRice/WeedyRice-RGBMS-DB/Masks/DJI_DateTime_2024_09_30_10_36_0056_lat_10.3015671_lon_105.2724455_alt_20.401m.png,2024_09_30_10,train
DJI_DateTime_2024_09_30_10_36_0057_lat_10.3015241_lon_105.2725357_alt_20.443m,/home/hyggestuen/Downloads/_WeedyRice/WeedyRice-RGBMS-DB/RGB/DJI_DateTime_2024_09_30_10_36_0057_lat_10.3015241_lon_105.2725357_alt_20.443m.JPG,,"[""/home/hyggestuen/Downloads/_WeedyRice/WeedyRice-RGBMS-DB/Multispectral/DJI_DateTime_2024_09_30_10_36_0057_lat_10.3015241_lon_105.2725357_alt_20.443m_G.TIF"", ""/home/hyggestuen/Downloads/_WeedyRice/WeedyRice-RGBMS-DB/Multispectral/DJI_DateTime_2024_09_30_10_36_0057_lat_10.3015241_lon_105.2725357_alt_20.443m_NIR.TIF"", ""/home/hyggestuen/Downloads/_WeedyRice/WeedyRice-RGBMS-DB/Multispectral/DJI_DateTime_2024_09_30_10_36_0057_lat_10.3015241_lon_105.2725357_alt_20.443m_R.TIF"", ""/home/hyggestuen/Downloads/_WeedyRice/WeedyRice-RGBMS-DB/Multispectral/DJI_DateTime_2024_09_30_10_36_0057_lat_10.3015241_lon_105.2725357_alt_20.443m_RE.TIF""]",/home/hyggestuen/Downloads/_WeedyRice/WeedyRice-RGBMS-DB/Masks/DJI_DateTime_2024_09_30_10_36_0057_lat_10.3015241_lon_105.2725357_alt_20.443m.png,2024_09_30_10,train
DJI_DateTime_2024_09_30_10_36_0058_lat_10.3014802_lon_105.2726253_alt_20.384m,/home/hyggestuen/Downloads/_WeedyRice/WeedyRice-RGBMS-DB/RGB/DJI_DateTime_2024_09_30_10_36_0058_lat_10.3014802_lon_105.2726253_alt_20.384m.JPG,,"[""/home/hyggestuen/Downloads/_WeedyRice/WeedyRice-RGBMS-DB/Multispectral/DJI_DateTime_2024_09_30_10_36_0058_lat_10.3014802_lon_105.2726253_alt_20.384m_G.TIF"", ""/home/hyggestuen/Downloads/_WeedyRice/WeedyRice-RGBMS-DB/Multispectral/DJI_DateTime_2024_09_30_10_36_0058_lat_10.3014802_lon_105.2726253_alt_20.384m_NIR.TIF"", ""/home/hyggestuen/Downloads/_WeedyRice/WeedyRice-RGBMS-DB/Multispectral/DJI_DateTime_2024_09_30_10_36_0058_lat_10.3014802_lon_105.2726253_alt_20.384m_R.TIF"", ""/home/hyggestuen/Downloads/_WeedyRice/WeedyRice-RGBMS-DB/Multispectral/DJI_DateTime_2024_09_30_10_36_0058_lat_10.3014802_lon_105.2726253_alt_20.384m_RE.TIF""]",/home/hyggestuen/Downloads/_WeedyRice/WeedyRice-RGBMS-DB/Masks/DJI_DateTime_2024_09_30_10_36_0058_lat_10.3014802_lon_105.2726253_alt_20.384m.png,2024_09_30_10,train
DJI_DateTime_2024_09_30_10_36_0059_lat_10.3013945_lon_105.2726201_alt_20.288m,/home/hyggestuen/Downloads/_WeedyRice/WeedyRice-RGBMS-DB/RGB/DJI_DateTime_2024_09_30_10_36_0059_lat_10.3013945_lon_105.2726201_alt_20.288m.JPG,,"[""/home/hyggestuen/Downloads/_WeedyRice/WeedyRice-RGBMS-DB/Multispectral/DJI_DateTime_2024_09_30_10_36_0059_lat_10.3013945_lon_105.2726201_alt_20.288m_G.TIF"", ""/home/hyggestuen/Downloads/_WeedyRice/WeedyRice-RGBMS-DB/Multispectral/DJI_DateTime_2024_09_30_10_36_0059_lat_10.3013945_lon_105.2726201_alt_20.288m_NIR.TIF"", ""/home/hyggestuen/Downloads/_WeedyRice/WeedyRice-RGBMS-DB/Multispectral/DJI_DateTime_2024_09_30_10_36_0059_lat_10.3013945_lon_105.2726201_alt_20.288m_R.TIF"", ""/home/hyggestuen/Downloads/_WeedyRice/WeedyRice-RGBMS-DB/Multispectral/DJI_DateTime_2024_09_30_10_36_0059_lat_10.3013945_lon_105.2726201_alt_20.288m_RE.TIF""]",/home/hyggestuen/Downloads/_WeedyRice/WeedyRice-RGBMS-DB/Masks/DJI_DateTime_2024_09_30_10_36_0059_lat_10.3013945_lon_105.2726201_alt_20.288m.png,2024_09_30_10,train
DJI_DateTime_2024_09_30_10_36_0060_lat_10.3013797_lon_105.2725354_alt_20.423m,/home/hyggestuen/Downloads/_WeedyRice/WeedyRice-RGBMS-DB/RGB/DJI_DateTime_2024_09_30_10_36_0060_lat_10.3013797_lon_105.2725354_alt_20.423m.JPG,,"[""/home/hyggestuen/Downloads/_WeedyRice/WeedyRice-RGBMS-DB/Multispectral/DJI_DateTime_2024_09_30_10_36_0060_lat_10.3013797_lon_105.2725354_alt_20.423m_G.TIF"", ""/home/hyggestuen/Downloads/_WeedyRice/WeedyRice-RGBMS-DB/Multispectral/DJI_DateTime_2024_09_30_10_36_0060_lat_10.3013797_lon_105.2725354_alt_20.423m_NIR.TIF"", ""/home/hyggestuen/Downloads/_WeedyRice/WeedyRice-RGBMS-DB/Multispectral/DJI_DateTime_2024_09_30_10_36_0060_lat_10.3013797_lon_105.2725354_alt_20.423m_R.TIF"", ""/home/hyggestuen/Downloads/_WeedyRice/WeedyRice-RGBMS-DB/Multispectral/DJI_DateTime_2024_09_30_10_36_0060_lat_10.3013797_lon_105.2725354_alt_20.423m_RE.TIF""]",/home/hyggestuen/Downloads/_WeedyRice/WeedyRice-RGBMS-DB/Masks/DJI_DateTime_2024_09_30_10_36_0060_lat_10.3013797_lon_105.2725354_alt_20.423m.png,2024_09_30_10,train
DJI_DateTime_2024_09_30_10_36_0061_lat_10.3014214_lon_105.2724459_alt_20.419m,/home/hyggestuen/Downloads/_WeedyRice/WeedyRice-RGBMS-DB/RGB/DJI_DateTime_2024_09_30_10_36_0061_lat_10.3014214_lon_105.2724459_alt_20.419m.JPG,,"[""/home/hyggestuen/Downloads/_WeedyRice/WeedyRice-RGBMS-DB/Multispectral/DJI_DateTime_2024_09_30_10_36_0061_lat_10.3014214_lon_105.2724459_alt_20.419m_G.TIF"", ""/home/hyggestuen/Downloads/_WeedyRice/WeedyRice-RGBMS-DB/Multispectral/DJI_DateTime_2024_09_30_10_36_0061_lat_10.3014214_lon_105.2724459_alt_20.419m_NIR.TIF"", ""/home/hyggestuen/Downloads/_WeedyRice/WeedyRice-RGBMS-DB/Multispectral/DJI_DateTime_2024_09_30_10_36_0061_lat_10.3014214_lon_105.2724459_alt_20.419m_R.TIF"", ""/home/hyggestuen/Downloads/_WeedyRice/WeedyRice-RGBMS-DB/Multispectral/DJI_DateTime_2024_09_30_10_36_0061_lat_10.3014214_lon_105.2724459_alt_20.419m_RE.TIF""]",/home/hyggestuen/Downloads/_WeedyRice/WeedyRice-RGBMS-DB/Masks/DJI_DateTime_2024_09_30_10_36_0061_lat_10.3014214_lon_105.2724459_alt_20.419m.png,2024_09_30_10,train
DJI_DateTime_2024_09_30_10_36_0062_lat_10.3014649_lon_105.2723554_alt_20.396m,/home/hyggestuen/Downloads/_WeedyRice/WeedyRice-RGBMS-DB/RGB/DJI_DateTime_2024_09_30_10_36_0062_lat_10.3014649_lon_105.2723554_alt_20.396m.JPG,,"[""/home/hyggestuen/Downloads/_WeedyRice/WeedyRice-RGBMS-DB/Multispectral/DJI_DateTime_2024_09_30_10_36_0062_lat_10.3014649_lon_105.2723554_alt_20.396m_G.TIF"", ""/home/hyggestuen/Downloads/_WeedyRice/WeedyRice-RGBMS-DB/Multispectral/DJI_DateTime_2024_09_30_10_36_0062_lat_10.3014649_lon_105.2723554_alt_20.396m_NIR.TIF"", ""/home/hyggestuen/Downloads/_WeedyRice/WeedyRice-RGBMS-DB/Multispectral/DJI_DateTime_2024_09_30_10_36_0062_lat_10.3014649_lon_105.2723554_alt_20.396m_R.TIF"", ""/home/hyggestuen/Downloads/_WeedyRice/WeedyRice-RGBMS-DB/Multispectral/DJI_DateTime_2024_09_30_10_36_0062_lat_10.3014649_lon_105.2723554_alt_20.396m_RE.TIF""]",/home/hyggestuen/Downloads/_WeedyRice/WeedyRice-RGBMS-DB/Masks/DJI_DateTime_2024_09_30_10_36_0062_lat_10.3014649_lon_105.2723554_alt_20.396m.png,2024_09_30_10,train
DJI_DateTime_2024_09_30_10_37_0063_lat_10.3015081_lon_105.2722663_alt_20.415m,/home/hyggestuen/Downloads/_WeedyRice/WeedyRice-RGBMS-DB/RGB/DJI_DateTime_2024_09_30_10_37_0063_lat_10.3015081_lon_105.2722663_alt_20.415m.JPG,,"[""/home/hyggestuen/Downloads/_WeedyRice/WeedyRice-RGBMS-DB/Multispectral/DJI_DateTime_2024_09_30_10_37_0063_lat_10.3015081_lon_105.2722663_alt_20.415m_G.TIF"", ""/home/hyggestuen/Downloads/_WeedyRice/WeedyRice-RGBMS-DB/Multispectral/DJI_DateTime_2024_09_30_10_37_0063_lat_10.3015081_lon_105.2722663_alt_20.415m_NIR.TIF"", ""/home/hyggestuen/Downloads/_WeedyRice/WeedyRice-RGBMS-DB/Multispectral/DJI_DateTime_2024_09_30_10_37_0063_lat_10.3015081_lon_105.2722663_alt_20.415m_R.TIF"", ""/home/hyggestuen/Downloads/_WeedyRice/WeedyRice-RGBMS-DB/Multispectral/DJI_DateTime_2024_09_30_10_37_0063_lat_10.3015081_lon_105.2722663_alt_20.415m_RE.TIF""]",/home/hyggestuen/Downloads/_WeedyRice/WeedyRice-RGBMS-DB/Masks/DJI_DateTime_2024_09_30_10_37_0063_lat_10.3015081_lon_105.2722663_alt_20.415m.png,2024_09_30_10,train
DJI_DateTime_2024_09_30_10_37_0064_lat_10.3015511_lon_105.2721760_alt_20.415m,/home/hyggestuen/Downloads/_WeedyRice/WeedyRice-RGBMS-DB/RGB/DJI_DateTime_2024_09_30_10_37_0064_lat_10.3015511_lon_105.2721760_alt_20.415m.JPG,,"[""/home/hyggestuen/Downloads/_WeedyRice/WeedyRice-RGBMS-DB/Multispectral/DJI_DateTime_2024_09_30_10_37_0064_lat_10.3015511_lon_105.2721760_alt_20.415m_G.TIF"", ""/home/hyggestuen/Downloads/_WeedyRice/WeedyRice-RGBMS-DB/Multispectral/DJI_DateTime_2024_09_30_10_37_0064_lat_10.3015511_lon_105.2721760_alt_20.415m_NIR.TIF"", ""/home/hyggestuen/Downloads/_WeedyRice/WeedyRice-RGBMS-DB/Multispectral/DJI_DateTime_2024_09_30_10_37_0064_lat_10.3015511_lon_105.2721760_alt_20.415m_R.TIF"", ""/home/hyggestuen/Downloads/_WeedyRice/WeedyRice-RGBMS-DB/Multispectral/DJI_DateTime_2024_09_30_10_37_0064_lat_10.3015511_lon_105.2721760_alt_20.415m_RE.TIF""]",/home/hyggestuen/Downloads/_WeedyRice/WeedyRice-RGBMS-DB/Masks/DJI_DateTime_2024_09_30_10_37_0064_lat_10.3015511_lon_105.2721760_alt_20.415m.png,2024_09_30_10,train
DJI_DateTime_2024_09_30_10_37_0065_lat_10.3015941_lon_105.2720864_alt_20.383m,/home/hyggestuen/Downloads/_WeedyRice/WeedyRice-RGBMS-DB/RGB/DJI_DateTime_2024_09_30_10_37_0065_lat_10.3015941_lon_105.2720864_alt_20.383m.JPG,,"[""/home/hyggestuen/Downloads/_WeedyRice/WeedyRice-RGBMS-DB/Multispectral/DJI_DateTime_2024_09_30_10_37_0065_lat_10.3015941_lon_105.2720864_alt_20.383m_G.TIF"", ""/home/hyggestuen/Downloads/_WeedyRice/WeedyRice-RGBMS-DB/Multispectral/DJI_DateTime_2024_09_30_10_37_0065_lat_10.3015941_lon_105.2720864_alt_20.383m_NIR.TIF"", ""/home/hyggestuen/Downloads/_WeedyRice/WeedyRice-RGBMS-DB/Multispectral/DJI_DateTime_2024_09_30_10_37_0065_lat_10.3015941_lon_105.2720864_alt_20.383m_R.TIF"", ""/home/hyggestuen/Downloads/_WeedyRice/WeedyRice-RGBMS-DB/Multispectral/DJI_DateTime_2024_09_30_10_37_0065_lat_10.3015941_lon_105.2720864_alt_20.383m_RE.TIF""]",/home/hyggestuen/Downloads/_WeedyRice/WeedyRice-RGBMS-DB/Masks/DJI_DateTime_2024_09_30_10_37_0065_lat_10.3015941_lon_105.2720864_alt_20.383m.png,2024_09_30_10,train
DJI_DateTime_2024_09_30_10_37_0066_lat_10.3016373_lon_105.2719965_alt_20.394m,/home/hyggestuen/Downloads/_WeedyRice/WeedyRice-RGBMS-DB/RGB/DJI_DateTime_2024_09_30_10_37_0066_lat_10.3016373_lon_105.2719965_alt_20.394m.JPG,,"[""/home/hyggestuen/Downloads/_WeedyRice/WeedyRice-RGBMS-DB/Multispectral/DJI_DateTime_2024_09_30_10_37_0066_lat_10.3016373_lon_105.2719965_alt_20.394m_G.TIF"", ""/home/hyggestuen/Downloads/_WeedyRice/WeedyRice-RGBMS-DB/Multispectral/DJI_DateTime_2024_09_30_10_37_0066_lat_10.3016373_lon_105.2719965_alt_20.394m_NIR.TIF"", ""/home/hyggestuen/Downloads/_WeedyRice/WeedyRice-RGBMS-DB/Multispectral/DJI_DateTime_2024_09_30_10_37_0066_lat_10.3016373_lon_105.2719965_alt_20.394m_R.TIF"", ""/home/hyggestuen/Downloads/_WeedyRice/WeedyRice-RGBMS-DB/Multispectral/DJI_DateTime_2024_09_30_10_37_0066_lat_10.3016373_lon_105.2719965_alt_20.394m_RE.TIF""]",/home/hyggestuen/Downloads/_WeedyRice/WeedyRice-RGBMS-DB/Masks/DJI_DateTime_2024_09_30_10_37_0066_lat_10.3016373_lon_105.2719965_alt_20.394m.png,2024_09_30_10,train
DJI_DateTime_2024_09_30_10_37_0067_lat_10.3016802_lon_105.2719067_alt_20.411m,/home/hyggestuen/Downloads/_WeedyRice/WeedyRice-RGBMS-DB/RGB/DJI_DateTime_2024_09_30_10_37_0067_lat_10.3016802_lon_105.2719067_alt_20.411m.JPG,,"[""/home/hyggestuen/Downloads/_WeedyRice/WeedyRice-RGBMS-DB/Multispectral/DJI_DateTime_2024_09_30_10_37_0067_lat_10.3016802_lon_105.2719067_alt_20.411m_G.TIF"", ""/home/hyggestuen/Downloads/_WeedyRice/WeedyRice-RGBMS-DB/Multispectral/DJI_DateTime_2024_09_30_10_37_0067_lat_10.3016802_lon_105.2719067_alt_20.411m_NIR.TIF"", ""/home/hyggestuen/Downloads/_WeedyRice/WeedyRice-RGBMS-DB/Multispectral/DJI_DateTime_2024_09_30_10_37_0067_lat_10.3016802_lon_105.2719067_alt_20.411m_R.TIF"", ""/home/hyggestuen/Downloads/_WeedyRice/WeedyRice-RGBMS-DB/Multispectral/DJI_DateTime_2024_09_30_10_37_0067_lat_10.3016802_lon_105.2719067_alt_20.411m_RE.TIF""]",/home/hyggestuen/Downloads/_WeedyRice/WeedyRice-RGBMS-DB/Masks/DJI_DateTime_2024_09_30_10_37_0067_lat_10.3016802_lon_105.2719067_alt_20.411m.png,2024_09_30_10,train
DJI_DateTime_2024_09_30_10_37_0068_lat_10.3017233_lon_105.2718166_alt_20.391m,/home/hyggestuen/Downloads/_WeedyRice/WeedyRice-RGBMS-DB/RGB/DJI_DateTime_2024_09_30_10_37_0068_lat_10.3017233_lon_105.2718166_alt_20.391m.JPG,,"[""/home/hyggestuen/Downloads/_WeedyRice/WeedyRice-RGBMS-DB/Multispectral/DJI_DateTime_2024_09_30_10_37_0068_lat_10.3017233_lon_105.2718166_alt_20.391m_G.TIF"", ""/home/hyggestuen/Downloads/_WeedyRice/WeedyRice-RGBMS-DB/Multispectral/DJI_DateTime_2024_09_30_10_37_0068_lat_10.3017233_lon_105.2718166_alt_20.391m_NIR.TIF"", ""/home/hyggestuen/Downloads/_WeedyRice/WeedyRice-RGBMS-DB/Multispectral/DJI_DateTime_2024_09_30_10_37_0068_lat_10.3017233_lon_105.2718166_alt_20.391m_R.TIF"", ""/home/hyggestuen/Downloads/_WeedyRice/WeedyRice-RGBMS-DB/Multispectral/DJI_DateTime_2024_09_30_10_37_0068_lat_10.3017233_lon_105.2718166_alt_20.391m_RE.TIF""]",/home/hyggestuen/Downloads/_WeedyRice/WeedyRice-RGBMS-DB/Masks/DJI_DateTime_2024_09_30_10_37_0068_lat_10.3017233_lon_105.2718166_alt_20.391m.png,2024_09_30_10,train
DJI_DateTime_2024_09_30_10_37_0069_lat_10.3017671_lon_105.2717262_alt_20.414m,/home/hyggestuen/Downloads/_WeedyRice/WeedyRice-RGBMS-DB/RGB/DJI_DateTime_2024_09_30_10_37_0069_lat_10.3017671_lon_105.2717262_alt_20.414m.JPG,,"[""/home/hyggestuen/Downloads/_WeedyRice/WeedyRice-RGBMS-DB/Multispectral/DJI_DateTime_2024_09_30_10_37_0069_lat_10.3017671_lon_105.2717262_alt_20.414m_G.TIF"", ""/home/hyggestuen/Downloads/_WeedyRice/WeedyRice-RGBMS-DB/Multispectral/DJI_DateTime_2024_09_30_10_37_0069_lat_10.3017671_lon_105.2717262_alt_20.414m_NIR.TIF"", ""/home/hyggestuen/Downloads/_WeedyRice/WeedyRice-RGBMS-DB/Multispectral/DJI_DateTime_2024_09_30_10_37_0069_lat_10.3017671_lon_105.2717262_alt_20.414m_R.TIF"", ""/home/hyggestuen/Downloads/_WeedyRice/WeedyRice-RGBMS-DB/Multispectral/DJI_DateTime_2024_09_30_10_37_0069_lat_10.3017671_lon_105.2717262_alt_20.414m_RE.TIF""]",/home/hyggestuen/Downloads/_WeedyRice/WeedyRice-RGBMS-DB/Masks/DJI_DateTime_2024_09_30_10_37_0069_lat_10.3017671_lon_105.2717262_alt_20.414m.png,2024_09_30_10,train
DJI_DateTime_2024_09_30_10_38_0074_lat_10.3015439_lon_105.2718842_alt_20.380m,/home/hyggestuen/Downloads/_WeedyRice/WeedyRice-RGBMS-DB/RGB/DJI_DateTime_2024_09_30_10_38_0074_lat_10.3015439_lon_105.2718842_alt_20.380m.JPG,,"[""/home/hyggestuen/Downloads/_WeedyRice/WeedyRice-RGBMS-DB/Multispectral/DJI_DateTime_2024_09_30_10_38_0074_lat_10.3015439_lon_105.2718842_alt_20.380m_G.TIF"", ""/home/hyggestuen/Downloads/_WeedyRice/WeedyRice-RGBMS-DB/Multispectral/DJI_DateTime_2024_09_30_10_38_0074_lat_10.3015439_lon_105.2718842_alt_20.380m_NIR.TIF"", ""/home/hyggestuen/Downloads/_WeedyRice/WeedyRice-RGBMS-DB/Multispectral/DJI_DateTime_2024_09_30_10_38_0074_lat_10.3015439_lon_105.2718842_alt_20.380m_R.TIF"", ""/home/hyggestuen/Downloads/_WeedyRice/WeedyRice-RGBMS-DB/Multispectral/DJI_DateTime_2024_09_30_10_38_0074_lat_10.3015439_lon_105.2718842_alt_20.380m_RE.TIF""]",/home/hyggestuen/Downloads/_WeedyRice/WeedyRice-RGBMS-DB/Masks/DJI_DateTime_2024_09_30_10_38_0074_lat_10.3015439_lon_105.2718842_alt_20.380m.png,2024_09_30_10,train
DJI_DateTime_2024_09_30_10_38_0075_lat_10.3015002_lon_105.2719740_alt_20.415m,/home/hyggestuen/Downloads/_WeedyRice/WeedyRice-RGBMS-DB/RGB/DJI_DateTime_2024_09_30_10_38_0075_lat_10.3015002_lon_105.2719740_alt_20.415m.JPG,,"[""/home/hyggestuen/Downloads/_WeedyRice/WeedyRice-RGBMS-DB/Multispectral/DJI_DateTime_2024_09_30_10_38_0075_lat_10.3015002_lon_105.2719740_alt_20.415m_G.TIF"", ""/home/hyggestuen/Downloads/_WeedyRice/WeedyRice-RGBMS-DB/Multispectral/DJI_DateTime_2024_09_30_10_38_0075_lat_10.3015002_lon_105.2719740_alt_20.415m_NIR.TIF"", ""/home/hyggestuen/Downloads/_WeedyRice/WeedyRice-RGBMS-DB/Multispectral/DJI_DateTime_2024_09_30_10_38_0075_lat_10.3015002_lon_105.2719740_alt_20.415m_R.TIF"", ""/home/hyggestuen/Downloads/_WeedyRice/WeedyRice-RGBMS-DB/Multispectral/DJI_DateTime_2024_09_30_10_38_0075_lat_10.3015002_lon_105.2719740_alt_20.415m_RE.TIF""]",/home/hyggestuen/Downloads/_WeedyRice/WeedyRice-RGBMS-DB/Masks/DJI_DateTime_2024_09_30_10_38_0075_lat_10.3015002_lon_105.2719740_alt_20.415m.png,2024_09_30_10,train
DJI_DateTime_2024_09_30_10_38_0076_lat_10.3014573_lon_105.2720645_alt_20.432m,/home/hyggestuen/Downloads/_WeedyRice/WeedyRice-RGBMS-DB/RGB/DJI_DateTime_2024_09_30_10_38_0076_lat_10.3014573_lon_105.2720645_alt_20.432m.JPG,,"[""/home/hyggestuen/Downloads/_WeedyRice/WeedyRice-RGBMS-DB/Multispectral/DJI_DateTime_2024_09_30_10_38_0076_lat_10.3014573_lon_105.2720645_alt_20.432m_G.TIF"", ""/home/hyggestuen/Downloads/_WeedyRice/WeedyRice-RGBMS-DB/Multispectral/DJI_DateTime_2024_09_30_10_38_0076_lat_10.3014573_lon_105.2720645_alt_20.432m_NIR.TIF"", ""/home/hyggestuen/Downloads/_WeedyRice/WeedyRice-RGBMS-DB/Multispectral/DJI_DateTime_2024_09_30_10_38_0076_lat_10.3014573_lon_105.2720645_alt_20.432m_R.TIF"", ""/home/hyggestuen/Downloads/_WeedyRice/WeedyRice-RGBMS-DB/Multispectral/DJI_DateTime_2024_09_30_10_38_0076_lat_10.3014573_lon_105.2720645_alt_20.432m_RE.TIF""]",/home/hyggestuen/Downloads/_WeedyRice/WeedyRice-RGBMS-DB/Masks/DJI_DateTime_2024_09_30_10_38_0076_lat_10.3014573_lon_105.2720645_alt_20.432m.png,2024_09_30_10,train
DJI_DateTime_2024_09_30_10_38_0077_lat_10.3014144_lon_105.2721554_alt_20.430m,/home/hyggestuen/Downloads/_WeedyRice/WeedyRice-RGBMS-DB/RGB/DJI_DateTime_2024_09_30_10_38_0077_lat_10.3014144_lon_105.2721554_alt_20.430m.JPG,,"[""/home/hyggestuen/Downloads/_WeedyRice/WeedyRice-RGBMS-DB/Multispectral/DJI_DateTime_2024_09_30_10_38_0077_lat_10.3014144_lon_105.2721554_alt_20.430m_G.TIF"", ""/home/hyggestuen/Downloads/_WeedyRice/WeedyRice-RGBMS-DB/Multispectral/DJI_DateTime_2024_09_30_10_38_0077_lat_10.3014144_lon_105.2721554_alt_20.430m_NIR.TIF"", ""/home/hyggestuen/Downloads/_WeedyRice/WeedyRice-RGBMS-DB/Multispectral/DJI_DateTime_2024_09_30_10_38_0077_lat_10.3014144_lon_105.2721554_alt_20.430m_R.TIF"", ""/home/hyggestuen/Downloads/_WeedyRice/WeedyRice-RGBMS-DB/Multispectral/DJI_DateTime_2024_09_30_10_38_0077_lat_10.3014144_lon_105.2721554_alt_20.430m_RE.TIF""]",/home/hyggestuen/Downloads/_WeedyRice/WeedyRice-RGBMS-DB/Masks/DJI_DateTime_2024_09_30_10_38_0077_lat_10.3014144_lon_105.2721554_alt_20.430m.png,2024_09_30_10,train
DJI_DateTime_2024_09_30_10_38_0078_lat_10.3013714_lon_105.2722471_alt_20.381m,/home/hyggestuen/Downloads/_WeedyRice/WeedyRice-RGBMS-DB/RGB/DJI_DateTime_2024_09_30_10_38_0078_lat_10.3013714_lon_105.2722471_alt_20.381m.JPG,,"[""/home/hyggestuen/Downloads/_WeedyRice/WeedyRice-RGBMS-DB/Multispectral/DJI_DateTime_2024_09_30_10_38_0078_lat_10.3013714_lon_105.2722471_alt_20.381m_G.TIF"", ""/home/hyggestuen/Downloads/_WeedyRice/WeedyRice-RGBMS-DB/Multispectral/DJI_DateTime_2024_09_30_10_38_0078_lat_10.3013714_lon_105.2722471_alt_20.381m_NIR.TIF"", ""/home/hyggestuen/Downloads/_WeedyRice/WeedyRice-RGBMS-DB/Multispectral/DJI_DateTime_2024_09_30_10_38_0078_lat_10.3013714_lon_105.2722471_alt_20.381m_R.TIF"", ""/home/hyggestuen/Downloads/_WeedyRice/WeedyRice-RGBMS-DB/Multispectral/DJI_DateTime_2024_09_30_10_38_0078_lat_10.3013714_lon_105.2722471_alt_20.381m_RE.TIF""]",/home/hyggestuen/Downloads/_WeedyRice/WeedyRice-RGBMS-DB/Masks/DJI_DateTime_2024_09_30_10_38_0078_lat_10.3013714_lon_105.2722471_alt_20.381m.png,2024_09_30_10,train
DJI_DateTime_2025_01_15_14_49_0005_lat_10.3617756_lon_105.4227198_alt_11.955m,/home/hyggestuen/Downloads/_WeedyRice/WeedyRice-RGBMS-DB/RGB/DJI_DateTime_2025_01_15_14_49_0005_lat_10.3617756_lon_105.4227198_alt_11.955m.JPG,,"[""/home/hyggestuen/Downloads/_WeedyRice/WeedyRice-RGBMS-DB/Multispectral/DJI_DateTime_2025_01_15_14_49_0005_lat_10.3617756_lon_105.4227198_alt_11.955m_G.TIF"", ""/home/hyggestuen/Downloads/_WeedyRice/WeedyRice-RGBMS-DB/Multispectral/DJI_DateTime_2025_01_15_14_49_0005_lat_10.3617756_lon_105.4227198_alt_11.955m_NIR.TIF"", ""/home/hyggestuen/Downloads/_WeedyRice/WeedyRice-RGBMS-DB/Multispectral/DJI_DateTime_2025_01_15_14_49_0005_lat_10.3617756_lon_105.4227198_alt_11.955m_R.TIF"", ""/home/hyggestuen/Downloads/_WeedyRice/WeedyRice-RGBMS-DB/Multispectral/DJI_DateTime_2025_01_15_14_49_0005_lat_10.3617756_lon_105.4227198_alt_11.955m_RE.TIF""]",/home/hyggestuen/Downloads/_WeedyRice/WeedyRice-RGBMS-DB/Masks/DJI_DateTime_2025_01_15_14_49_0005_lat_10.3617756_lon_105.4227198_alt_11.955m.png,2025_01_15_14,train
DJI_DateTime_2025_01_15_14_49_0006_lat_10.3617946_lon_105.4227407_alt_11.899m,/home/hyggestuen/Downloads/_WeedyRice/WeedyRice-RGBMS-DB/RGB/DJI_DateTime_2025_01_15_14_49_0006_lat_10.3617946_lon_105.4227407_alt_11.899m.JPG,,"[""/home/hyggestuen/Downloads/_WeedyRice/WeedyRice-RGBMS-DB/Multispectral/DJI_DateTime_2025_01_15_14_49_0006_lat_10.3617946_lon_105.4227407_alt_11.899m_G.TIF"", ""/home/hyggestuen/Downloads/_WeedyRice/WeedyRice-RGBMS-DB/Multispectral/DJI_DateTime_2025_01_15_14_49_0006_lat_10.3617946_lon_105.4227407_alt_11.899m_NIR.TIF"", ""/home/hyggestuen/Downloads/_WeedyRice/WeedyRice-RGBMS-DB/Multispectral/DJI_DateTime_2025_01_15_14_49_0006_lat_10.3617946_lon_105.4227407_alt_11.899m_R.TIF"", ""/home/hyggestuen/Downloads/_WeedyRice/WeedyRice-RGBMS-DB/Multispectral/DJI_DateTime_2025_01_15_14_49_0006_lat_10.3617946_lon_105.4227407_alt_11.899m_RE.TIF""]",/home/hyggestuen/Downloads/_WeedyRice/WeedyRice-RGBMS-DB/Masks/DJI_DateTime_2025_01_15_14_49_0006_lat_10.3617946_lon_105.4227407_alt_11.899m.png,2025_01_15_14,train
DJI_DateTime_2025_01_15_14_49_0007_lat_10.3618137_lon_105.4227618_alt_11.971m,/home/hyggestuen/Downloads/_WeedyRice/WeedyRice-RGBMS-DB/RGB/DJI_DateTime_2025_01_15_14_49_0007_lat_10.3618137_lon_105.4227618_alt_11.971m.JPG,,"[""/home/hyggestuen/Downloads/_WeedyRice/WeedyRice-RGBMS-DB/Multispectral/DJI_DateTime_2025_01_15_14_49_0007_lat_10.3618137_lon_105.4227618_alt_11.971m_G.TIF"", ""/home/hyggestuen/Downloads/_WeedyRice/WeedyRice-RGBMS-DB/Multispectral/DJI_DateTime_2025_01_15_14_49_0007_lat_10.3618137_lon_105.4227618_alt_11.971m_NIR.TIF"", ""/home/hyggestuen/Downloads/_WeedyRice/WeedyRice-RGBMS-DB/Multispectral/DJI_DateTime_2025_01_15_14_49_0007_lat_10.3618137_lon_105.4227618_alt_11.971m_R.TIF"", ""/home/hyggestuen/Downloads/_WeedyRice/WeedyRice-RGBMS-DB/Multispectral/DJI_DateTime_2025_01_15_14_49_0007_lat_10.3618137_lon_105.4227618_alt_11.971m_RE.TIF""]",/home/hyggestuen/Downloads/_WeedyRice/WeedyRice-RGBMS-DB/Masks/DJI_DateTime_2025_01_15_14_49_0007_lat_10.3618137_lon_105.4227618_alt_11.971m.png,2025_01_15_14,train
DJI_DateTime_2025_01_15_14_49_0008_lat_10.3618342_lon_105.4227848_alt_12.074m,/home/hyggestuen/Downloads/_WeedyRice/WeedyRice-RGBMS-DB/RGB/DJI_DateTime_2025_01_15_14_49_0008_lat_10.3618342_lon_105.4227848_alt_12.074m.JPG,,"[""/home/hyggestuen/Downloads/_WeedyRice/WeedyRice-RGBMS-DB/Multispectral/DJI_DateTime_2025_01_15_14_49_0008_lat_10.3618342_lon_105.4227848_alt_12.074m_G.TIF"", ""/home/hyggestuen/Downloads/_WeedyRice/WeedyRice-RGBMS-DB/Multispectral/DJI_DateTime_2025_01_15_14_49_0008_lat_10.3618342_lon_105.4227848_alt_12.074m_NIR.TIF"", ""/home/hyggestuen/Downloads/_WeedyRice/WeedyRice-RGBMS-DB/Multispectral/DJI_DateTime_2025_01_15_14_49_0008_lat_10.3618342_lon_105.4227848_alt_12.074m_R.TIF"", ""/home/hyggestuen/Downloads/_WeedyRice/WeedyRice-RGBMS-DB/Multispectral/DJI_DateTime_2025_01_15_14_49_0008_lat_10.3618342_lon_105.4227848_alt_12.074m_RE.TIF""]",/home/hyggestuen/Downloads/_WeedyRice/WeedyRice-RGBMS-DB/Masks/DJI_DateTime_2025_01_15_14_49_0008_lat_10.3618342_lon_105.4227848_alt_12.074m.png,2025_01_15_14,train
DJI_DateTime_2025_01_15_14_49_0009_lat_10.3618529_lon_105.4228068_alt_12.055m,/home/hyggestuen/Downloads/_WeedyRice/WeedyRice-RGBMS-DB/RGB/DJI_DateTime_2025_01_15_14_49_0009_lat_10.3618529_lon_105.4228068_alt_12.055m.JPG,,"[""/home/hyggestuen/Downloads/_WeedyRice/WeedyRice-RGBMS-DB/Multispectral/DJI_DateTime_2025_01_15_14_49_0009_lat_10.3618529_lon_105.4228068_alt_12.055m_G.TIF"", ""/home/hyggestuen/Downloads/_WeedyRice/WeedyRice-RGBMS-DB/Multispectral/DJI_DateTime_2025_01_15_14_49_0009_lat_10.3618529_lon_105.4228068_alt_12.055m_NIR.TIF"", ""/home/hyggestuen/Downloads/_WeedyRice/WeedyRice-RGBMS-DB/Multispectral/DJI_DateTime_2025_01_15_14_49_0009_lat_10.3618529_lon_105.4228068_alt_12.055m_R.TIF"", ""/home/hyggestuen/Downloads/_WeedyRice/WeedyRice-RGBMS-DB/Multispectral/DJI_DateTime_2025_01_15_14_49_0009_lat_10.3618529_lon_105.4228068_alt_12.055m_RE.TIF""]",/home/hyggestuen/Downloads/_WeedyRice/WeedyRice-RGBMS-DB/Masks/DJI_DateTime_2025_01_15_14_49_0009_lat_10.3618529_lon_105.4228068_alt_12.055m.png,2025_01_15_14,train
DJI_DateTime_2025_01_15_14_49_0010_lat_10.3618715_lon_105.4228290_alt_12.006m,/home/hyggestuen/Downloads/_WeedyRice/WeedyRice-RGBMS-DB/RGB/DJI_DateTime_2025_01_15_14_49_0010_lat_10.3618715_lon_105.4228290_alt_12.006m.JPG,,"[""/home/hyggestuen/Downloads/_WeedyRice/WeedyRice-RGBMS-DB/Multispectral/DJI_DateTime_2025_01_15_14_49_0010_lat_10.3618715_lon_105.4228290_alt_12.006m_G.TIF"", ""/home/hyggestuen/Downloads/_WeedyRice/WeedyRice-RGBMS-DB/Multispectral/DJI_DateTime_2025_01_15_14_49_0010_lat_10.3618715_lon_105.4228290_alt_12.006m_NIR.TIF"", ""/home/hyggestuen/Downloads/_WeedyRice/WeedyRice-RGBMS-DB/Multispectral/DJI_DateTime_2025_01_15_14_49_0010_lat_10.3618715_lon_105.4228290_alt_12.006m_R.TIF"", ""/home/hyggestuen/Downloads/_WeedyRice/WeedyRice-RGBMS-DB/Multispectral/DJI_DateTime_2025_01_15_14_49_0010_lat_10.3618715_lon_105.4228290_alt_12.006m_RE.TIF""]",/home/hyggestuen/Downloads/_WeedyRice/WeedyRice-RGBMS-DB/Masks/DJI_DateTime_2025_01_15_14_49_0010_lat_10.3618715_lon_105.4228290_alt_12.006m.png,2025_01_15_14,train
DJI_DateTime_2025_01_15_14_49_0011_lat_10.3618906_lon_105.4228502_alt_11.989m,/home/hyggestuen/Downloads/_WeedyRice/WeedyRice-RGBMS-DB/RGB/DJI_DateTime_2025_01_15_14_49_0011_lat_10.3618906_lon_105.4228502_alt_11.989m.JPG,,"[""/home/hyggestuen/Downloads/_WeedyRice/WeedyRice-RGBMS-DB/Multispectral/DJI_DateTime_2025_01_15_14_49_0011_lat_10.3618906_lon_105.4228502_alt_11.989m_G.TIF"", ""/home/hyggestuen/Downloads/_WeedyRice/WeedyRice-RGBMS-DB/Multispectral/DJI_DateTime_2025_01_15_14_49_0011_lat_10.3618906_lon_105.4228502_alt_11.989m_NIR.TIF"", ""/home/hyggestuen/Downloads/_WeedyRice/WeedyRice-RGBMS-DB/Multispectral/DJI_DateTime_2025_01_15_14_49_0011_lat_10.3618906_lon_105.4228502_alt_11.989m_R.TIF"", ""/home/hyggestuen/Downloads/_WeedyRice/WeedyRice-RGBMS-DB/Multispectral/DJI_DateTime_2025_01_15_14_49_0011_lat_10.3618906_lon_105.4228502_alt_11.989m_RE.TIF""]",/home/hyggestuen/Downloads/_WeedyRice/WeedyRice-RGBMS-DB/Masks/DJI_DateTime_2025_01_15_14_49_0011_lat_10.3618906_lon_105.4228502_alt_11.989m.png,2025_01_15_14,train
DJI_DateTime_2025_01_15_14_49_0012_lat_10.3619099_lon_105.4228718_alt_11.979m,/home/hyggestuen/Downloads/_WeedyRice/WeedyRice-RGBMS-DB/RGB/DJI_DateTime_2025_01_15_14_49_0012_lat_10.3619099_lon_105.4228718_alt_11.979m.JPG,,"[""/home/hyggestuen/Downloads/_WeedyRice/WeedyRice-RGBMS-DB/Multispectral/DJI_DateTime_2025_01_15_14_49_0012_lat_10.3619099_lon_105.4228718_alt_11.979m_G.TIF"", ""/home/hyggestuen/Downloads/_WeedyRice/WeedyRice-RGBMS-DB/Multispectral/DJI_DateTime_2025_01_15_14_49_0012_lat_10.3619099_lon_105.4228718_alt_11.979m_NIR.TIF"", ""/home/hyggestuen/Downloads/_WeedyRice/WeedyRice-RGBMS-DB/Multispectral/DJI_DateTime_2025_01_15_14_49_0012_lat_10.3619099_lon_105.4228718_alt_11.979m_R.TIF"", ""/home/hyggestuen/Downloads/_WeedyRice/WeedyRice-RGBMS-DB/Multispectral/DJI_DateTime_2025_01_15_14_49_0012_lat_10.3619099_lon_105.4228718_alt_11.979m_RE.TIF""]",/home/hyggestuen/Downloads/_WeedyRice/WeedyRice-RGBMS-DB/Masks/DJI_DateTime_2025_01_15_14_49_0012_lat_10.3619099_lon_105.4228718_alt_11.979m.png,2025_01_15_14,train
DJI_DateTime_2025_01_15_14_53_0002_lat_10.3618652_lon_105.4226609_alt_11.928m,/home/hyggestuen/Downloads/_WeedyRice/WeedyRice-RGBMS-DB/RGB/DJI_DateTime_2025_01_15_14_53_0002_lat_10.3618652_lon_105.4226609_alt_11.928m.JPG,,"[""/home/hyggestuen/Downloads/_WeedyRice/WeedyRice-RGBMS-DB/Multispectral/DJI_DateTime_2025_01_15_14_53_0002_lat_10.3618652_lon_105.4226609_alt_11.928m_G.TIF"", ""/home/hyggestuen/Downloads/_WeedyRice/WeedyRice-RGBMS-DB/Multispectral/DJI_DateTime_2025_01_15_14_53_0002_lat_10.3618652_lon_105.4226609_alt_11.928m_NIR.TIF"", ""/home/hyggestuen/Downloads/_WeedyRice/WeedyRice-RGBMS-DB/Multispectral/DJI_DateTime_2025_01_15_14_53_0002_lat_10.3618652_lon_105.4226609_alt_11.928m_R.TIF"", ""/home/hyggestuen/Downloads/_WeedyRice/WeedyRice-RGBMS-DB/Multispectral/DJI_DateTime_2025_01_15_14_53_0002_lat_10.3618652_lon_105.4226609_alt_11.928m_RE.TIF""]",/home/hyggestuen/Downloads/_WeedyRice/WeedyRice-RGBMS-DB/Masks/DJI_DateTime_2025_01_15_14_53_0002_lat_10.3618652_lon_105.4226609_alt_11.928m.png,2025_01_15_14,train
DJI_DateTime_2025_01_15_14_53_0003_lat_10.3618825_lon_105.4226831_alt_11.974m,/home/hyggestuen/Downloads/_WeedyRice/WeedyRice-RGBMS-DB/RGB/DJI_DateTime_2025_01_15_14_53_0003_lat_10.3618825_lon_105.4226831_alt_11.974m.JPG,,"[""/home/hyggestuen/Downloads/_WeedyRice/WeedyRice-RGBMS-DB/Multispectral/DJI_DateTime_2025_01_15_14_53_0003_lat_10.3618825_lon_105.4226831_alt_11.974m_G.TIF"", ""/home/hyggestuen/Downloads/_WeedyRice/WeedyRice-RGBMS-DB/Multispectral/DJI_DateTime_2025_01_15_14_53_0003_lat_10.3618825_lon_105.4226831_alt_11.974m_NIR.TIF"", ""/home/hyggestuen/Downloads/_WeedyRice/WeedyRice-RGBMS-DB/Multispectral/DJI_DateTime_2025_01_15_14_53_0003_lat_10.3618825_lon_105.4226831_alt_11.974m_R.TIF"", ""/home/hyggestuen/Downloads/_WeedyRice/WeedyRice-RGBMS-DB/Multispectral/DJI_DateTime_2025_01_15_14_53_0003_lat_10.3618825_lon_105.4226831_alt_11.974m_RE.TIF""]",/home/hyggestuen/Downloads/_WeedyRice/WeedyRice-RGBMS-DB/Masks/DJI_DateTime_2025_01_15_14_53_0003_lat_10.3618825_lon_105.4226831_alt_11.974m.png,2025_01_15_14,train
DJI_DateTime_2025_01_15_14_53_0004_lat_10.3618999_lon_105.4227059_alt_11.974m,/home/hyggestuen/Downloads/_WeedyRice/WeedyRice-RGBMS-DB/RGB/DJI_DateTime_2025_01_15_14_53_0004_lat_10.3618999_lon_105.4227059_alt_11.974m.JPG,,"[""/home/hyggestuen/Downloads/_WeedyRice/WeedyRice-RGBMS-DB/Multispectral/DJI_DateTime_2025_01_15_14_53_0004_lat_10.3618999_lon_105.4227059_alt_11.974m_G.TIF"", ""/home/hyggestuen/Downloads/_WeedyRice/WeedyRice-RGBMS-DB/Multispectral/DJI_DateTime_2025_01_15_14_53_0004_lat_10.3618999_lon_105.4227059_alt_11.974m_NIR.TIF"", ""/home/hyggestuen/Downloads/_WeedyRice/WeedyRice-RGBMS-DB/Multispectral/DJI_DateTime_2025_01_15_14_53_0004_lat_10.3618999_lon_105.4227059_alt_11.974m_R.TIF"", ""/home/hyggestuen/Downloads/_WeedyRice/WeedyRice-RGBMS-DB/Multispectral/DJI_DateTime_2025_01_15_14_53_0004_lat_10.3618999_lon_105.4227059_alt_11.974m_RE.TIF""]",/home/hyggestuen/Downloads/_WeedyRice/WeedyRice-RGBMS-DB/Masks/DJI_DateTime_2025_01_15_14_53_0004_lat_10.3618999_lon_105.4227059_alt_11.974m.png,2025_01_15_14,train
DJI_DateTime_2025_01_15_14_53_0005_lat_10.3619181_lon_105.4227288_alt_11.988m,/home/hyggestuen/Downloads/_WeedyRice/WeedyRice-RGBMS-DB/RGB/DJI_DateTime_2025_01_15_14_53_0005_lat_10.3619181_lon_105.4227288_alt_11.988m.JPG,,"[""/home/hyggestuen/Downloads/_WeedyRice/WeedyRice-RGBMS-DB/Multispectral/DJI_DateTime_2025_01_15_14_53_0005_lat_10.3619181_lon_105.4227288_alt_11.988m_G.TIF"", ""/home/hyggestuen/Downloads/_WeedyRice/WeedyRice-RGBMS-DB/Multispectral/DJI_DateTime_2025_01_15_14_53_0005_lat_10.3619181_lon_105.4227288_alt_11.988m_NIR.TIF"", ""/home/hyggestuen/Downloads/_WeedyRice/WeedyRice-RGBMS-DB/Multispectral/DJI_DateTime_2025_01_15_14_53_0005_lat_10.3619181_lon_105.4227288_alt_11.988m_R.TIF"", ""/home/hyggestuen/Downloads/_WeedyRice/WeedyRice-RGBMS-DB/Multispectral/DJI_DateTime_2025_01_15_14_53_0005_lat_10.3619181_lon_105.4227288_alt_11.988m_RE.TIF""]",/home/hyggestuen/Downloads/_WeedyRice/WeedyRice-RGBMS-DB/Masks/DJI_DateTime_2025_01_15_14_53_0005_lat_10.3619181_lon_105.4227288_alt_11.988m.png,2025_01_15_14,train
DJI_DateTime_2025_01_15_14_53_0006_lat_10.3619367_lon_105.4227520_alt_11.997m,/home/hyggestuen/Downloads/_WeedyRice/WeedyRice-RGBMS-DB/RGB/DJI_DateTime_2025_01_15_14_53_0006_lat_10.3619367_lon_105.4227520_alt_11.997m.JPG,,"[""/home/hyggestuen/Downloads/_WeedyRice/WeedyRice-RGBMS-DB/Multispectral/DJI_DateTime_2025_01_15_14_53_0006_lat_10.3619367_lon_105.4227520_alt_11.997m_G.TIF"", ""/home/hyggestuen/Downloads/_WeedyRice/WeedyRice-RGBMS-DB/Multispectral/DJI_DateTime_2025_01_15_14_53_0006_lat_10.3619367_lon_105.4227520_alt_11.997m_NIR.TIF"", ""/home/hyggestuen/Downloads/_WeedyRice/WeedyRice-RGBMS-DB/Multispectral/DJI_DateTime_2025_01_15_14_53_0006_lat_10.3619367_lon_105.4227520_alt_11.997m_R.TIF"", ""/home/hyggestuen/Downloads/_WeedyRice/WeedyRice-RGBMS-DB/Multispectral/DJI_DateTime_2025_01_15_14_53_0006_lat_10.3619367_lon_105.4227520_alt_11.997m_RE.TIF""]",/home/hyggestuen/Downloads/_WeedyRice/WeedyRice-RGBMS-DB/Masks/DJI_DateTime_2025_01_15_14_53_0006_lat_10.3619367_lon_105.4227520_alt_11.997m.png,2025_01_15_14,train
DJI_DateTime_2025_01_15_14_53_0008_lat_10.3619734_lon_105.4227992_alt_11.976m,/home/hyggestuen/Downloads/_WeedyRice/WeedyRice-RGBMS-DB/RGB/DJI_DateTime_2025_01_15_14_53_0008_lat_10.3619734_lon_105.4227992_alt_11.976m.JPG,,"[""/home/hyggestuen/Downloads/_WeedyRice/WeedyRice-RGBMS-DB/Multispectral/DJI_DateTime_2025_01_15_14_53_0008_lat_10.3619734_lon_105.4227992_alt_11.976m_G.TIF"", ""/home/hyggestuen/Downloads/_WeedyRice/WeedyRice-RGBMS-DB/Multispectral/DJI_DateTime_2025_01_15_14_53_0008_lat_10.3619734_lon_105.4227992_alt_11.976m_NIR.TIF"", ""/home/hyggestuen/Downloads/_WeedyRice/WeedyRice-RGBMS-DB/Multispectral/DJI_DateTime_2025_01_15_14_53_0008_lat_10.3619734_lon_105.4227992_alt_11.976m_R.TIF"", ""/home/hyggestuen/Downloads/_WeedyRice/WeedyRice-RGBMS-DB/Multispectral/DJI_DateTime_2025_01_15_14_53_0008_lat_10.3619734_lon_105.4227992_alt_11.976m_RE.TIF""]",/home/hyggestuen/Downloads/_WeedyRice/WeedyRice-RGBMS-DB/Masks/DJI_DateTime_2025_01_15_14_53_0008_lat_10.3619734_lon_105.4227992_alt_11.976m.png,2025_01_15_14,train
DJI_DateTime_2025_01_15_14_53_0009_lat_10.3619911_lon_105.4228226_alt_12.002m,/home/hyggestuen/Downloads/_WeedyRice/WeedyRice-RGBMS-DB/RGB/DJI_DateTime_2025_01_15_14_53_0009_lat_10.3619911_lon_105.4228226_alt_12.002m.JPG,,"[""/home/hyggestuen/Downloads/_WeedyRice/WeedyRice-RGBMS-DB/Multispectral/DJI_DateTime_2025_01_15_14_53_0009_lat_10.3619911_lon_105.4228226_alt_12.002m_G.TIF"", ""/home/hyggestuen/Downloads/_WeedyRice/WeedyRice-RGBMS-DB/Multispectral/DJI_DateTime_2025_01_15_14_53_0009_lat_10.3619911_lon_105.4228226_alt_12.002m_NIR.TIF"", ""/home/hyggestuen/Downloads/_WeedyRice/WeedyRice-RGBMS-DB/Multispectral/DJI_DateTime_2025_01_15_14_53_0009_lat_10.3619911_lon_105.4228226_alt_12.002m_R.TIF"", ""/home/hyggestuen/Downloads/_WeedyRice/WeedyRice-RGBMS-DB/Multispectral/DJI_DateTime_2025_01_15_14_53_0009_lat_10.3619911_lon_105.4228226_alt_12.002m_RE.TIF""]",/home/hyggestuen/Downloads/_WeedyRice/WeedyRice-RGBMS-DB/Masks/DJI_DateTime_2025_01_15_14_53_0009_lat_10.3619911_lon_105.4228226_alt_12.002m.png,2025_01_15_14,train
DJI_DateTime_2025_01_15_14_53_0010_lat_10.3620085_lon_105.4228455_alt_12.022m,/home/hyggestuen/Downloads/_WeedyRice/WeedyRice-RGBMS-DB/RGB/DJI_DateTime_2025_01_15_14_53_0010_lat_10.3620085_lon_105.4228455_alt_12.022m.JPG,,"[""/home/hyggestuen/Downloads/_WeedyRice/WeedyRice-RGBMS-DB/Multispectral/DJI_DateTime_2025_01_15_14_53_0010_lat_10.3620085_lon_105.4228455_alt_12.022m_G.TIF"", ""/home/hyggestuen/Downloads/_WeedyRice/WeedyRice-RGBMS-DB/Multispectral/DJI_DateTime_2025_01_15_14_53_0010_lat_10.3620085_lon_105.4228455_alt_12.022m_NIR.TIF"", ""/home/hyggestuen/Downloads/_WeedyRice/WeedyRice-RGBMS-DB/Multispectral/DJI_DateTime_2025_01_15_14_53_0010_lat_10.3620085_lon_105.4228455_alt_12.022m_R.TIF"", ""/home/hyggestuen/Downloads/_WeedyRice/WeedyRice-RGBMS-DB/Multispectral/DJI_DateTime_2025_01_15_14_53_0010_lat_10.3620085_lon_105.4228455_alt_12.022m_RE.TIF""]",/home/hyggestuen/Downloads/_WeedyRice/WeedyRice-RGBMS-DB/Masks/DJI_DateTime_2025_01_15_14_53_0010_lat_10.3620085_lon_105.4228455_alt_12.022m.png,2025_01_15_14,train
DJI_DateTime_2025_01_15_14_53_0011_lat_10.3620263_lon_105.4228687_alt_12.009m,/home/hyggestuen/Downloads/_WeedyRice/WeedyRice-RGBMS-DB/RGB/DJI_DateTime_2025_01_15_14_53_0011_lat_10.3620263_lon_105.4228687_alt_12.009m.JPG,,"[""/home/hyggestuen/Downloads/_WeedyRice/WeedyRice-RGBMS-DB/Multispectral/DJI_DateTime_2025_01_15_14_53_0011_lat_10.3620263_lon_105.4228687_alt_12.009m_G.TIF"", ""/home/hyggestuen/Downloads/_WeedyRice/WeedyRice-RGBMS-DB/Multispectral/DJI_DateTime_2025_01_15_14_53_0011_lat_10.3620263_lon_105.4228687_alt_12.009m_NIR.TIF"", ""/home/hyggestuen/Downloads/_WeedyRice/WeedyRice-RGBMS-DB/Multispectral/DJI_DateTime_2025_01_15_14_53_0011_lat_10.3620263_lon_105.4228687_alt_12.009m_R.TIF"", ""/home/hyggestuen/Downloads/_WeedyRice/WeedyRice-RGBMS-DB/Multispectral/DJI_DateTime_2025_01_15_14_53_0011_lat_10.3620263_lon_105.4228687_alt_12.009m_RE.TIF""]",/home/hyggestuen/Downloads/_WeedyRice/WeedyRice-RGBMS-DB/Masks/DJI_DateTime_2025_01_15_14_53_0011_lat_10.3620263_lon_105.4228687_alt_12.009m.png,2025_01_15_14,train
DJI_DateTime_2025_01_15_14_53_0012_lat_10.3620448_lon_105.4228922_alt_11.992m,/home/hyggestuen/Downloads/_WeedyRice/WeedyRice-RGBMS-DB/RGB/DJI_DateTime_2025_01_15_14_53_0012_lat_10.3620448_lon_105.4228922_alt_11.992m.JPG,,"[""/home/hyggestuen/Downloads/_WeedyRice/WeedyRice-RGBMS-DB/Multispectral/DJI_DateTime_2025_01_15_14_53_0012_lat_10.3620448_lon_105.4228922_alt_11.992m_G.TIF"", ""/home/hyggestuen/Downloads/_WeedyRice/WeedyRice-RGBMS-DB/Multispectral/DJI_DateTime_2025_01_15_14_53_0012_lat_10.3620448_lon_105.4228922_alt_11.992m_NIR.TIF"", ""/home/hyggestuen/Downloads/_WeedyRice/WeedyRice-RGBMS-DB/Multispectral/DJI_DateTime_2025_01_15_14_53_0012_lat_10.3620448_lon_105.4228922_alt_11.992m_R.TIF"", ""/home/hyggestuen/Downloads/_WeedyRice/WeedyRice-RGBMS-DB/Multispectral/DJI_DateTime_2025_01_15_14_53_0012_lat_10.3620448_lon_105.4228922_alt_11.992m_RE.TIF""]",/home/hyggestuen/Downloads/_WeedyRice/WeedyRice-RGBMS-DB/Masks/DJI_DateTime_2025_01_15_14_53_0012_lat_10.3620448_lon_105.4228922_alt_11.992m.png,2025_01_15_14,train
DJI_DateTime_2025_01_15_14_53_0013_lat_10.3620627_lon_105.4229155_alt_12.002m,/home/hyggestuen/Downloads/_WeedyRice/WeedyRice-RGBMS-DB/RGB/DJI_DateTime_2025_01_15_14_53_0013_lat_10.3620627_lon_105.4229155_alt_12.002m.JPG,,"[""/home/hyggestuen/Downloads/_WeedyRice/WeedyRice-RGBMS-DB/Multispectral/DJI_DateTime_2025_01_15_14_53_0013_lat_10.3620627_lon_105.4229155_alt_12.002m_G.TIF"", ""/home/hyggestuen/Downloads/_WeedyRice/WeedyRice-RGBMS-DB/Multispectral/DJI_DateTime_2025_01_15_14_53_0013_lat_10.3620627_lon_105.4229155_alt_12.002m_NIR.TIF"", ""/home/hyggestuen/Downloads/_WeedyRice/WeedyRice-RGBMS-DB/Multispectral/DJI_DateTime_2025_01_15_14_53_0013_lat_10.3620627_lon_105.4229155_alt_12.002m_R.TIF"", ""/home/hyggestuen/Downloads/_WeedyRice/WeedyRice-RGBMS-DB/Multispectral/DJI_DateTime_2025_01_15_14_53_0013_lat_10.3620627_lon_105.4229155_alt_12.002m_RE.TIF""]",/home/hyggestuen/Downloads/_WeedyRice/WeedyRice-RGBMS-DB/Masks/DJI_DateTime_2025_01_15_14_53_0013_lat_10.3620627_lon_105.4229155_alt_12.002m.png,2025_01_15_14,train
DJI_DateTime_2025_01_15_14_53_0014_lat_10.3620808_lon_105.4229384_alt_11.999m,/home/hyggestuen/Downloads/_WeedyRice/WeedyRice-RGBMS-DB/RGB/DJI_DateTime_2025_01_15_14_53_0014_lat_10.3620808_lon_105.4229384_alt_11.999m.JPG,,"[""/home/hyggestuen/Downloads/_WeedyRice/WeedyRice-RGBMS-DB/Multispectral/DJI_DateTime_2025_01_15_14_53_0014_lat_10.3620808_lon_105.4229384_alt_11.999m_G.TIF"", ""/home/hyggestuen/Downloads/_WeedyRice/WeedyRice-RGBMS-DB/Multispectral/DJI_DateTime_2025_01_15_14_53_0014_lat_10.3620808_lon_105.4229384_alt_11.999m_NIR.TIF"", ""/home/hyggestuen/Downloads/_WeedyRice/WeedyRice-RGBMS-DB/Multispectral/DJI_DateTime_2025_01_15_14_53_0014_lat_10.3620808_lon_105.4229384_alt_11.999m_R.TIF"", ""/home/hyggestuen/Downloads/_WeedyRice/WeedyRice-RGBMS-DB/Multispectral/DJI_DateTime_2025_01_15_14_53_0014_lat_10.3620808_lon_105.4229384_alt_11.999m_RE.TIF""]",/home/hyggestuen/Downloads/_WeedyRice/WeedyRice-RGBMS-DB/Masks/DJI_DateTime_2025_01_15_14_53_0014_lat_10.3620808_lon_105.4229384_alt_11.999m.png,2025_01_15_14,train
DJI_DateTime_2025_01_15_14_53_0021_lat_10.3622053_lon_105.4231016_alt_11.971m,/home/hyggestuen/Downloads/_WeedyRice/WeedyRice-RGBMS-DB/RGB/DJI_DateTime_2025_01_15_14_53_0021_lat_10.3622053_lon_105.4231016_alt_11.971m.JPG,,"[""/home/hyggestuen/Downloads/_WeedyRice/WeedyRice-RGBMS-DB/Multispectral/DJI_DateTime_2025_01_15_14_53_0021_lat_10.3622053_lon_105.4231016_alt_11.971m_G.TIF"", ""/home/hyggestuen/Downloads/_WeedyRice/WeedyRice-RGBMS-DB/Multispectral/DJI_DateTime_2025_01_15_14_53_0021_lat_10.3622053_lon_105.4231016_alt_11.971m_NIR.TIF"", ""/home/hyggestuen/Downloads/_WeedyRice/WeedyRice-RGBMS-DB/Multispectral/DJI_DateTime_2025_01_15_14_53_0021_lat_10.3622053_lon_105.4231016_alt_11.971m_R.TIF"", ""/home/hyggestuen/Downloads/_WeedyRice/WeedyRice-RGBMS-DB/Multispectral/DJI_DateTime_2025_01_15_14_53_0021_lat_10.3622053_lon_105.4231016_alt_11.971m_RE.TIF""]",/home/hyggestuen/Downloads/_WeedyRice/WeedyRice-RGBMS-DB/Masks/DJI_DateTime_2025_01_15_14_53_0021_lat_10.3622053_lon_105.4231016_alt_11.971m.png,2025_01_15_14,train
DJI_DateTime_2025_01_15_14_53_0022_lat_10.3622227_lon_105.4231242_alt_11.954m,/home/hyggestuen/Downloads/_WeedyRice/WeedyRice-RGBMS-DB/RGB/DJI_DateTime_2025_01_15_14_53_0022_lat_10.3622227_lon_105.4231242_alt_11.954m.JPG,,"[""/home/hyggestuen/Downloads/_WeedyRice/WeedyRice-RGBMS-DB/Multispectral/DJI_DateTime_2025_01_15_14_53_0022_lat_10.3622227_lon_105.4231242_alt_11.954m_G.TIF"", ""/home/hyggestuen/Downloads/_WeedyRice/WeedyRice-RGBMS-DB/Multispectral/DJI_DateTime_2025_01_15_14_53_0022_lat_10.3622227_lon_105.4231242_alt_11.954m_NIR.TIF"", ""/home/hyggestuen/Downloads/_WeedyRice/WeedyRice-RGBMS-DB/Multispectral/DJI_DateTime_2025_01_15_14_53_0022_lat_10.3622227_lon_105.4231242_alt_11.954m_R.TIF"", ""/home/hyggestuen/Downloads/_WeedyRice/WeedyRice-RGBMS-DB/Multispectral/DJI_DateTime_2025_01_15_14_53_0022_lat_10.3622227_lon_105.4231242_alt_11.954m_RE.TIF""]",/home/hyggestuen/Downloads/_WeedyRice/WeedyRice-RGBMS-DB/Masks/DJI_DateTime_2025_01_15_14_53_0022_lat_10.3622227_lon_105.4231242_alt_11.954m.png,2025_01_15_14,train
DJI_DateTime_2025_01_15_14_53_0024_lat_10.3622098_lon_105.4231634_alt_12.048m,/home/hyggestuen/Downloads/_WeedyRice/WeedyRice-RGBMS-DB/RGB/DJI_DateTime_2025_01_15_14_53_0024_lat_10.3622098_lon_105.4231634_alt_12.048m.JPG,,"[""/home/hyggestuen/Downloads/_WeedyRice/WeedyRice-RGBMS-DB/Multispectral/DJI_DateTime_2025_01_15_14_53_0024_lat_10.3622098_lon_105.4231634_alt_12.048m_G.TIF"", ""/home/hyggestuen/Downloads/_WeedyRice/WeedyRice-RGBMS-DB/Multispectral/DJI_DateTime_2025_01_15_14_53_0024_lat_10.3622098_lon_105.4231634_alt_12.048m_NIR.TIF"", ""/home/hyggestuen/Downloads/_WeedyRice/WeedyRice-RGBMS-DB/Multispectral/DJI_DateTime_2025_01_15_14_53_0024_lat_10.3622098_lon_105.4231634_alt_12.048m_R.TIF"", ""/home/hyggestuen/Downloads/_WeedyRice/WeedyRice-RGBMS-DB/Multispectral/DJI_DateTime_2025_01_15_14_53_0024_lat_10.3622098_lon_105.4231634_alt_12.048m_RE.TIF""]",/home/hyggestuen/Downloads/_WeedyRice/WeedyRice-RGBMS-DB/Masks/DJI_DateTime_2025_01_15_14_53_0024_lat_10.3622098_lon_105.4231634_alt_12.048m.png,2025_01_15_14,train
DJI_DateTime_2025_01_15_14_54_0036_lat_10.3619928_lon_105.4228909_alt_11.993m,/home/hyggestuen/Downloads/_WeedyRice/WeedyRice-RGBMS-DB/RGB/DJI_DateTime_2025_01_15_14_54_0036_lat_10.3619928_lon_105.4228909_alt_11.993m.JPG,,"[""/home/hyggestuen/Downloads/_WeedyRice/WeedyRice-RGBMS-DB/Multispectral/DJI_DateTime_2025_01_15_14_54_0036_lat_10.3619928_lon_105.4228909_alt_11.993m_G.TIF"", ""/home/hyggestuen/Downloads/_WeedyRice/WeedyRice-RGBMS-DB/Multispectral/DJI_DateTime_2025_01_15_14_54_0036_lat_10.3619928_lon_105.4228909_alt_11.993m_NIR.TIF"", ""/home/hyggestuen/Downloads/_WeedyRice/WeedyRice-RGBMS-DB/Multispectral/DJI_DateTime_2025_01_15_14_54_0036_lat_10.3619928_lon_105.4228909_alt_11.993m_R.TIF"", ""/home/hyggestuen/Downloads/_WeedyRice/WeedyRice-RGBMS-DB/Multispectral/DJI_DateTime_2025_01_15_14_54_0036_lat_10.3619928_lon_105.4228909_alt_11.993m_RE.TIF""]",/home/hyggestuen/Downloads/_WeedyRice/WeedyRice-RGBMS-DB/Masks/DJI_DateTime_2025_01_15_14_54_0036_lat_10.3619928_lon_105.4228909_alt_11.993m.png,2025_01_15_14,train
DJI_DateTime_2025_01_15_14_54_0037_lat_10.3619747_lon_105.4228676_alt_11.984m,/home/hyggestuen/Downloads/_WeedyRice/WeedyRice-RGBMS-DB/RGB/DJI_DateTime_2025_01_15_14_54_0037_lat_10.3619747_lon_105.4228676_alt_11.984m.JPG,,"[""/home/hyggestuen/Downloads/_WeedyRice/WeedyRice-RGBMS-DB/Multispectral/DJI_DateTime_2025_01_15_14_54_0037_lat_10.3619747_lon_105.4228676_alt_11.984m_G.TIF"", ""/home/hyggestuen/Downloads/_WeedyRice/WeedyRice-RGBMS-DB/Multispectral/DJI_DateTime_2025_01_15_14_54_0037_lat_10.3619747_lon_105.4228676_alt_11.984m_NIR.TIF"", ""/home/hyggestuen/Downloads/_WeedyRice/WeedyRice-RGBMS-DB/Multispectral/DJI_DateTime_2025_01_15_14_54_0037_lat_10.3619747_lon_105.4228676_alt_11.984m_R.TIF"", ""/home/hyggestuen/Downloads/_WeedyRice/WeedyRice-RGBMS-DB/Multispectral/DJI_DateTime_2025_01_15_14_54_0037_lat_10.3619747_lon_105.4228676_alt_11.984m_RE.TIF""]",/home/hyggestuen/Downloads/_WeedyRice/WeedyRice-RGBMS-DB/Masks/DJI_DateTime_2025_01_15_14_54_0037_lat_10.3619747_lon_105.4228676_alt_11.984m.png,2025_01_15_14,train
DJI_DateTime_2025_01_15_14_54_0038_lat_10.3619572_lon_105.4228444_alt_11.987m,/home/hyggestuen/Downloads/_WeedyRice/WeedyRice-RGBMS-DB/RGB/DJI_DateTime_2025_01_15_14_54_0038_lat_10.3619572_lon_105.4228444_alt_11.987m.JPG,,"[""/home/hyggestuen/Downloads/_WeedyRice/WeedyRice-RGBMS-DB/Multispectral/DJI_DateTime_2025_01_15_14_54_0038_lat_10.3619572_lon_105.4228444_alt_11.987m_G.TIF"", ""/home/hyggestuen/Downloads/_WeedyRice/WeedyRice-RGBMS-DB/Multispectral/DJI_DateTime_2025_01_15_14_54_0038_lat_10.3619572_lon_105.4228444_alt_11.987m_NIR.TIF"", ""/home/hyggestuen/Downloads/_WeedyRice/WeedyRice-RGBMS-DB/Multispectral/DJI_DateTime_2025_01_15_14_54_0038_lat_10.3619572_lon_105.4228444_alt_11.987m_R.TIF"", ""/home/hyggestuen/Downloads/_WeedyRice/WeedyRice-RGBMS-DB/Multispectral/DJI_DateTime_2025_01_15_14_54_0038_lat_10.3619572_lon_105.4228444_alt_11.987m_RE.TIF""]",/home/hyggestuen/Downloads/_WeedyRice/WeedyRice-RGBMS-DB/Masks/DJI_DateTime_2025_01_15_14_54_0038_lat_10.3619572_lon_105.4228444_alt_11.987m.png,2025_01_15_14,train
DJI_DateTime_2025_01_15_14_54_0039_lat_10.3619394_lon_105.4228217_alt_12.016m,/home/hyggestuen/Downloads/_WeedyRice/WeedyRice-RGBMS-DB/RGB/DJI_DateTime_2025_01_15_14_54_0039_lat_10.3619394_lon_105.4228217_alt_12.016m.JPG,,"[""/home/hyggestuen/Downloads/_WeedyRice/WeedyRice-RGBMS-DB/Multispectral/DJI_DateTime_2025_01_15_14_54_0039_lat_10.3619394_lon_105.4228217_alt_12.016m_G.TIF"", ""/home/hyggestuen/Downloads/_WeedyRice/WeedyRice-RGBMS-DB/Multispectral/DJI_DateTime_2025_01_15_14_54_0039_lat_10.3619394_lon_105.4228217_alt_12.016m_NIR.TIF"", ""/home/hyggestuen/Downloads/_WeedyRice/WeedyRice-RGBMS-DB/Multispectral/DJI_DateTime_2025_01_15_14_54_0039_lat_10.3619394_lon_105.4228217_alt_12.016m_R.TIF"", ""/home/hyggestuen/Downloads/_WeedyRice/WeedyRice-RGBMS-DB/Multispectral/DJI_DateTime_2025_01_15_14_54_0039_lat_10.3619394_lon_105.4228217_alt_12.016m_RE.TIF""]",/home/hyggestuen/Downloads/_WeedyRice/WeedyRice-RGBMS-DB/Masks/DJI_DateTime_2025_01_15_14_54_0039_lat_10.3619394_lon_105.4228217_alt_12.016m.png,2025_01_15_14,train
DJI_DateTime_2025_01_15_14_54_0040_lat_10.3619206_lon_105.4227979_alt_12.021m,/home/hyggestuen/Downloads/_WeedyRice/WeedyRice-RGBMS-DB/RGB/DJI_DateTime_2025_01_15_14_54_0040_lat_10.3619206_lon_105.4227979_alt_12.021m.JPG,,"[""/home/hyggestuen/Downloads/_WeedyRice/WeedyRice-RGBMS-DB/Multispectral/DJI_DateTime_2025_01_15_14_54_0040_lat_10.3619206_lon_105.4227979_alt_12.021m_G.TIF"", ""/home/hyggestuen/Downloads/_WeedyRice/WeedyRice-RGBMS-DB/Multispectral/DJI_DateTime_2025_01_15_14_54_0040_lat_10.3619206_lon_105.4227979_alt_12.021m_NIR.TIF"", ""/home/hyggestuen/Downloads/_WeedyRice/WeedyRice-RGBMS-DB/Multispectral/DJI_DateTime_2025_01_15_14_54_0040_lat_10.3619206_lon_105.4227979_alt_12.021m_R.TIF"", ""/home/hyggestuen/Downloads/_WeedyRice/WeedyRice-RGBMS-DB/Multispectral/DJI_DateTime_2025_01_15_14_54_0040_lat_10.3619206_lon_105.4227979_alt_12.021m_RE.TIF""]",/home/hyggestuen/Downloads/_WeedyRice/WeedyRice-RGBMS-DB/Masks/DJI_DateTime_2025_01_15_14_54_0040_lat_10.3619206_lon_105.4227979_alt_12.021m.png,2025_01_15_14,train
DJI_DateTime_2025_01_15_14_54_0041_lat_10.3619028_lon_105.4227748_alt_11.998m,/home/hyggestuen/Downloads/_WeedyRice/WeedyRice-RGBMS-DB/RGB/DJI_DateTime_2025_01_15_14_54_0041_lat_10.3619028_lon_105.4227748_alt_11.998m.JPG,,"[""/home/hyggestuen/Downloads/_WeedyRice/WeedyRice-RGBMS-DB/Multispectral/DJI_DateTime_2025_01_15_14_54_0041_lat_10.3619028_lon_105.4227748_alt_11.998m_G.TIF"", ""/home/hyggestuen/Downloads/_WeedyRice/WeedyRice-RGBMS-DB/Multispectral/DJI_DateTime_2025_01_15_14_54_0041_lat_10.3619028_lon_105.4227748_alt_11.998m_NIR.TIF"", ""/home/hyggestuen/Downloads/_WeedyRice/WeedyRice-RGBMS-DB/Multispectral/DJI_DateTime_2025_01_15_14_54_0041_lat_10.3619028_lon_105.4227748_alt_11.998m_R.TIF"", ""/home/hyggestuen/Downloads/_WeedyRice/WeedyRice-RGBMS-DB/Multispectral/DJI_DateTime_2025_01_15_14_54_0041_lat_10.3619028_lon_105.4227748_alt_11.998m_RE.TIF""]",/home/hyggestuen/Downloads/_WeedyRice/WeedyRice-RGBMS-DB/Masks/DJI_DateTime_2025_01_15_14_54_0041_lat_10.3619028_lon_105.4227748_alt_11.998m.png,2025_01_15_14,train
DJI_DateTime_2025_01_15_14_54_0042_lat_10.3618850_lon_105.4227517_alt_11.992m,/home/hyggestuen/Downloads/_WeedyRice/WeedyRice-RGBMS-DB/RGB/DJI_DateTime_2025_01_15_14_54_0042_lat_10.3618850_lon_105.4227517_alt_11.992m.JPG,,"[""/home/hyggestuen/Downloads/_WeedyRice/WeedyRice-RGBMS-DB/Multispectral/DJI_DateTime_2025_01_15_14_54_0042_lat_10.3618850_lon_105.4227517_alt_11.992m_G.TIF"", ""/home/hyggestuen/Downloads/_WeedyRice/WeedyRice-RGBMS-DB/Multispectral/DJI_DateTime_2025_01_15_14_54_0042_lat_10.3618850_lon_105.4227517_alt_11.992m_NIR.TIF"", ""/home/hyggestuen/Downloads/_WeedyRice/WeedyRice-RGBMS-DB/Multispectral/DJI_DateTime_2025_01_15_14_54_0042_lat_10.3618850_lon_105.4227517_alt_11.992m_R.TIF"", ""/home/hyggestuen/Downloads/_WeedyRice/WeedyRice-RGBMS-DB/Multispectral/DJI_DateTime_2025_01_15_14_54_0042_lat_10.3618850_lon_105.4227517_alt_11.992m_RE.TIF""]",/home/hyggestuen/Downloads/_WeedyRice/WeedyRice-RGBMS-DB/Masks/DJI_DateTime_2025_01_15_14_54_0042_lat_10.3618850_lon_105.4227517_alt_11.992m.png,2025_01_15_14,train
DJI_DateTime_2025_01_15_14_54_0043_lat_10.3618674_lon_105.4227288_alt_11.986m,/home/hyggestuen/Downloads/_WeedyRice/WeedyRice-RGBMS-DB/RGB/DJI_DateTime_2025_01_15_14_54_0043_lat_10.3618674_lon_105.4227288_alt_11.986m.JPG,,"[""/home/hyggestuen/Downloads/_WeedyRice/WeedyRice-RGBMS-DB/Multispectral/DJI_DateTime_2025_01_15_14_54_0043_lat_10.3618674_lon_105.4227288_alt_11.986m_G.TIF"", ""/home/hyggestuen/Downloads/_WeedyRice/WeedyRice-RGBMS-DB/Multispectral/DJI_DateTime_2025_01_15_14_54_0043_lat_10.3618674_lon_105.4227288_alt_11.986m_NIR.TIF"", ""/home/hyggestuen/Downloads/_WeedyRice/WeedyRice-RGBMS-DB/Multispectral/DJI_DateTime_2025_01_15_14_54_0043_lat_10.3618674_lon_105.4227288_alt_11.986m_R.TIF"", ""/home/hyggestuen/Downloads/_WeedyRice/WeedyRice-RGBMS-DB/Multispectral/DJI_DateTime_2025_01_15_14_54_0043_lat_10.3618674_lon_105.4227288_alt_11.986m_RE.TIF""]",/home/hyggestuen/Downloads/_WeedyRice/WeedyRice-RGBMS-DB/Masks/DJI_DateTime_2025_01_15_14_54_0043_lat_10.3618674_lon_105.4227288_alt_11.986m.png,2025_01_15_14,train
DJI_DateTime_2025_01_15_14_54_0044_lat_10.3618499_lon_105.4227049_alt_11.996m,/home/hyggestuen/Downloads/_WeedyRice/WeedyRice-RGBMS-DB/RGB/DJI_DateTime_2025_01_15_14_54_0044_lat_10.3618499_lon_105.4227049_alt_11.996m.JPG,,"[""/home/hyggestuen/Downloads/_WeedyRice/WeedyRice-RGBMS-DB/Multispectral/DJI_DateTime_2025_01_15_14_54_0044_lat_10.3618499_lon_105.4227049_alt_11.996m_G.TIF"", ""/home/hyggestuen/Downloads/_WeedyRice/WeedyRice-RGBMS-DB/Multispectral/DJI_DateTime_2025_01_15_14_54_0044_lat_10.3618499_lon_105.4227049_alt_11.996m_NIR.TIF"", ""/home/hyggestuen/Downloads/_WeedyRice/WeedyRice-RGBMS-DB/Multispectral/DJI_DateTime_2025_01_15_14_54_0044_lat_10.3618499_lon_105.4227049_alt_11.996m_R.TIF"", ""/home/hyggestuen/Downloads/_WeedyRice/WeedyRice-RGBMS-DB/Multispectral/DJI_DateTime_2025_01_15_14_54_0044_lat_10.3618499_lon_105.4227049_alt_11.996m_RE.TIF""]",/home/hyggestuen/Downloads/_WeedyRice/WeedyRice-RGBMS-DB/Masks/DJI_DateTime_2025_01_15_14_54_0044_lat_10.3618499_lon_105.4227049_alt_11.996m.png,2025_01_15_14,train
DJI_DateTime_2025_01_15_14_54_0045_lat_10.3618318_lon_105.4226824_alt_12.001m,/home/hyggestuen/Downloads/_WeedyRice/WeedyRice-RGBMS-DB/RGB/DJI_DateTime_2025_01_15_14_54_0045_lat_10.3618318_lon_105.4226824_alt_12.001m.JPG,,"[""/home/hyggestuen/Downloads/_WeedyRice/WeedyRice-RGBMS-DB/Multispectral/DJI_DateTime_2025_01_15_14_54_0045_lat_10.3618318_lon_105.4226824_alt_12.001m_G.TIF"", ""/home/hyggestuen/Downloads/_WeedyRice/WeedyRice-RGBMS-DB/Multispectral/DJI_DateTime_2025_01_15_14_54_0045_lat_10.3618318_lon_105.4226824_alt_12.001m_NIR.TIF"", ""/home/hyggestuen/Downloads/_WeedyRice/WeedyRice-RGBMS-DB/Multispectral/DJI_DateTime_2025_01_15_14_54_0045_lat_10.3618318_lon_105.4226824_alt_12.001m_R.TIF"", ""/home/hyggestuen/Downloads/_WeedyRice/WeedyRice-RGBMS-DB/Multispectral/DJI_DateTime_2025_01_15_14_54_0045_lat_10.3618318_lon_105.4226824_alt_12.001m_RE.TIF""]",/home/hyggestuen/Downloads/_WeedyRice/WeedyRice-RGBMS-DB/Masks/DJI_DateTime_2025_01_15_14_54_0045_lat_10.3618318_lon_105.4226824_alt_12.001m.png,2025_01_15_14,train
DJI_DateTime_2025_01_15_14_54_0046_lat_10.3618079_lon_105.4226807_alt_12.009m,/home/hyggestuen/Downloads/_WeedyRice/WeedyRice-RGBMS-DB/RGB/DJI_DateTime_2025_01_15_14_54_0046_lat_10.3618079_lon_105.4226807_alt_12.009m.JPG,,"[""/home/hyggestuen/Downloads/_WeedyRice/WeedyRice-RGBMS-DB/Multispectral/DJI_DateTime_2025_01_15_14_54_0046_lat_10.3618079_lon_105.4226807_alt_12.009m_G.TIF"", ""/home/hyggestuen/Downloads/_WeedyRice/WeedyRice-RGBMS-DB/Multispectral/DJI_DateTime_2025_01_15_14_54_0046_lat_10.3618079_lon_105.4226807_alt_12.009m_NIR.TIF"", ""/home/hyggestuen/Downloads/_WeedyRice/WeedyRice-RGBMS-DB/Multispectral/DJI_DateTime_2025_01_15_14_54_0046_lat_10.3618079_lon_105.4226807_alt_12.009m_R.TIF"", ""/home/hyggestuen/Downloads/_WeedyRice/WeedyRice-RGBMS-DB/Multispectral/DJI_DateTime_2025_01_15_14_54_0046_lat_10.3618079_lon_105.4226807_alt_12.009m_RE.TIF""]",/home/hyggestuen/Downloads/_WeedyRice/WeedyRice-RGBMS-DB/Masks/DJI_DateTime_2025_01_15_14_54_0046_lat_10.3618079_lon_105.4226807_alt_12.009m.png,2025_01_15_14,train
DJI_DateTime_2025_01_15_14_54_0047_lat_10.3618019_lon_105.4227026_alt_12.020m,/home/hyggestuen/Downloads/_WeedyRice/WeedyRice-RGBMS-DB/RGB/DJI_DateTime_2025_01_15_14_54_0047_lat_10.3618019_lon_105.4227026_alt_12.020m.JPG,,"[""/home/hyggestuen/Downloads/_WeedyRice/WeedyRice-RGBMS-DB/Multispectral/DJI_DateTime_2025_01_15_14_54_0047_lat_10.3618019_lon_105.4227026_alt_12.020m_G.TIF"", ""/home/hyggestuen/Downloads/_WeedyRice/WeedyRice-RGBMS-DB/Multispectral/DJI_DateTime_2025_01_15_14_54_0047_lat_10.3618019_lon_105.4227026_alt_12.020m_NIR.TIF"", ""/home/hyggestuen/Downloads/_WeedyRice/WeedyRice-RGBMS-DB/Multispectral/DJI_DateTime_2025_01_15_14_54_0047_lat_10.3618019_lon_105.4227026_alt_12.020m_R.TIF"", ""/home/hyggestuen/Downloads/_WeedyRice/WeedyRice-RGBMS-DB/Multispectral/DJI_DateTime_2025_01_15_14_54_0047_lat_10.3618019_lon_105.4227026_alt_12.020m_RE.TIF""]",/home/hyggestuen/Downloads/_WeedyRice/WeedyRice-RGBMS-DB/Masks/DJI_DateTime_2025_01_15_14_54_0047_lat_10.3618019_lon_105.4227026_alt_12.020m.png,2025_01_15_14,train
DJI_DateTime_2025_01_15_14_54_0048_lat_10.3618185_lon_105.4227258_alt_12.029m,/home/hyggestuen/Downloads/_WeedyRice/WeedyRice-RGBMS-DB/RGB/DJI_DateTime_2025_01_15_14_54_0048_lat_10.3618185_lon_105.4227258_alt_12.029m.JPG,,"[""/home/hyggestuen/Downloads/_WeedyRice/WeedyRice-RGBMS-DB/Multispectral/DJI_DateTime_2025_01_15_14_54_0048_lat_10.3618185_lon_105.4227258_alt_12.029m_G.TIF"", ""/home/hyggestuen/Downloads/_WeedyRice/WeedyRice-RGBMS-DB/Multispectral/DJI_DateTime_2025_01_15_14_54_0048_lat_10.3618185_lon_105.4227258_alt_12.029m_NIR.TIF"", ""/home/hyggestuen/Downloads/_WeedyRice/WeedyRice-RGBMS-DB/Multispectral/DJI_DateTime_2025_01_15_14_54_0048_lat_10.3618185_lon_105.4227258_alt_12.029m_R.TIF"", ""/home/hyggestuen/Downloads/_WeedyRice/WeedyRice-RGBMS-DB/Multispectral/DJI_DateTime_2025_01_15_14_54_0048_lat_10.3618185_lon_105.4227258_alt_12.029m_RE.TIF""]",/home/hyggestuen/Downloads/_WeedyRice/WeedyRice-RGBMS-DB/Masks/DJI_DateTime_2025_01_15_14_54_0048_lat_10.3618185_lon_105.4227258_alt_12.029m.png,2025_01_15_14,train
DJI_DateTime_2025_01_15_14_54_0049_lat_10.3618356_lon_105.4227484_alt_12.009m,/home/hyggestuen/Downloads/_WeedyRice/WeedyRice-RGBMS-DB/RGB/DJI_DateTime_2025_01_15_14_54_0049_lat_10.3618356_lon_105.4227484_alt_12.009m.JPG,,"[""/home/hyggestuen/Downloads/_WeedyRice/WeedyRice-RGBMS-DB/Multispectral/DJI_DateTime_2025_01_15_14_54_0049_lat_10.3618356_lon_105.4227484_alt_12.009m_G.TIF"", ""/home/hyggestuen/Downloads/_WeedyRice/WeedyRice-RGBMS-DB/Multispectral/DJI_DateTime_2025_01_15_14_54_0049_lat_10.3618356_lon_105.4227484_alt_12.009m_NIR.TIF"", ""/home/hyggestuen/Downloads/_WeedyRice/WeedyRice-RGBMS-DB/Multispectral/DJI_DateTime_2025_01_15_14_54_0049_lat_10.3618356_lon_105.4227484_alt_12.009m_R.TIF"", ""/home/hyggestuen/Downloads/_WeedyRice/WeedyRice-RGBMS-DB/Multispectral/DJI_DateTime_2025_01_15_14_54_0049_lat_10.3618356_lon_105.4227484_alt_12.009m_RE.TIF""]",/home/hyggestuen/Downloads/_WeedyRice/WeedyRice-RGBMS-DB/Masks/DJI_DateTime_2025_01_15_14_54_0049_lat_10.3618356_lon_105.4227484_alt_12.009m.png,2025_01_15_14,train
DJI_DateTime_2025_01_15_14_54_0050_lat_10.3618533_lon_105.4227716_alt_11.985m,/home/hyggestuen/Downloads/_WeedyRice/WeedyRice-RGBMS-DB/RGB/DJI_DateTime_2025_01_15_14_54_0050_lat_10.3618533_lon_105.4227716_alt_11.985m.JPG,,"[""/home/hyggestuen/Downloads/_WeedyRice/WeedyRice-RGBMS-DB/Multispectral/DJI_DateTime_2025_01_15_14_54_0050_lat_10.3618533_lon_105.4227716_alt_11.985m_G.TIF"", ""/home/hyggestuen/Downloads/_WeedyRice/WeedyRice-RGBMS-DB/Multispectral/DJI_DateTime_2025_01_15_14_54_0050_lat_10.3618533_lon_105.4227716_alt_11.985m_NIR.TIF"", ""/home/hyggestuen/Downloads/_WeedyRice/WeedyRice-RGBMS-DB/Multispectral/DJI_DateTime_2025_01_15_14_54_0050_lat_10.3618533_lon_105.4227716_alt_11.985m_R.TIF"", ""/home/hyggestuen/Downloads/_WeedyRice/WeedyRice-RGBMS-DB/Multispectral/DJI_DateTime_2025_01_15_14_54_0050_lat_10.3618533_lon_105.4227716_alt_11.985m_RE.TIF""]",/home/hyggestuen/Downloads/_WeedyRice/WeedyRice-RGBMS-DB/Masks/DJI_DateTime_2025_01_15_14_54_0050_lat_10.3618533_lon_105.4227716_alt_11.985m.png,2025_01_15_14,train
DJI_DateTime_2025_01_15_14_54_0051_lat_10.3618711_lon_105.4227952_alt_11.942m,/home/hyggestuen/Downloads/_WeedyRice/WeedyRice-RGBMS-DB/RGB/DJI_DateTime_2025_01_15_14_54_0051_lat_10.3618711_lon_105.4227952_alt_11.942m.JPG,,"[""/home/hyggestuen/Downloads/_WeedyRice/WeedyRice-RGBMS-DB/Multispectral/DJI_DateTime_2025_01_15_14_54_0051_lat_10.3618711_lon_105.4227952_alt_11.942m_G.TIF"", ""/home/hyggestuen/Downloads/_WeedyRice/WeedyRice-RGBMS-DB/Multispectral/DJI_DateTime_2025_01_15_14_54_0051_lat_10.3618711_lon_105.4227952_alt_11.942m_NIR.TIF"", ""/home/hyggestuen/Downloads/_WeedyRice/WeedyRice-RGBMS-DB/Multispectral/DJI_DateTime_2025_01_15_14_54_0051_lat_10.3618711_lon_105.4227952_alt_11.942m_R.TIF"", ""/home/hyggestuen/Downloads/_WeedyRice/WeedyRice-RGBMS-DB/Multispectral/DJI_DateTime_2025_01_15_14_54_0051_lat_10.3618711_lon_105.4227952_alt_11.942m_RE.TIF""]",/home/hyggestuen/Downloads/_WeedyRice/WeedyRice-RGBMS-DB/Masks/DJI_DateTime_2025_01_15_14_54_0051_lat_10.3618711_lon_105.4227952_alt_11.942m.png,2025_01_15_14,train
DJI_DateTime_2025_01_15_14_54_0052_lat_10.3618889_lon_105.4228192_alt_11.969m,/home/hyggestuen/Downloads/_WeedyRice/WeedyRice-RGBMS-DB/RGB/DJI_DateTime_2025_01_15_14_54_0052_lat_10.3618889_lon_105.4228192_alt_11.969m.JPG,,"[""/home/hyggestuen/Downloads/_WeedyRice/WeedyRice-RGBMS-DB/Multispectral/DJI_DateTime_2025_01_15_14_54_0052_lat_10.3618889_lon_105.4228192_alt_11.969m_G.TIF"", ""/home/hyggestuen/Downloads/_WeedyRice/WeedyRice-RGBMS-DB/Multispectral/DJI_DateTime_2025_01_15_14_54_0052_lat_10.3618889_lon_105.4228192_alt_11.969m_NIR.TIF"", ""/home/hyggestuen/Downloads/_WeedyRice/WeedyRice-RGBMS-DB/Multispectral/DJI_DateTime_2025_01_15_14_54_0052_lat_10.3618889_lon_105.4228192_alt_11.969m_R.TIF"", ""/home/hyggestuen/Downloads/_WeedyRice/WeedyRice-RGBMS-DB/Multispectral/DJI_DateTime_2025_01_15_14_54_0052_lat_10.3618889_lon_105.4228192_alt_11.969m_RE.TIF""]",/home/hyggestuen/Downloads/_WeedyRice/WeedyRice-RGBMS-DB/Masks/DJI_DateTime_2025_01_15_14_54_0052_lat_10.3618889_lon_105.4228192_alt_11.969m.png,2025_01_15_14,train
DJI_DateTime_2025_01_15_14_54_0053_lat_10.3619064_lon_105.4228419_alt_11.991m,/home/hyggestuen/Downloads/_WeedyRice/WeedyRice-RGBMS-DB/RGB/DJI_DateTime_2025_01_15_14_54_0053_lat_10.3619064_lon_105.4228419_alt_11.991m.JPG,,"[""/home/hyggestuen/Downloads/_WeedyRice/WeedyRice-RGBMS-DB/Multispectral/DJI_DateTime_2025_01_15_14_54_0053_lat_10.3619064_lon_105.4228419_alt_11.991m_G.TIF"", ""/home/hyggestuen/Downloads/_WeedyRice/WeedyRice-RGBMS-DB/Multispectral/DJI_DateTime_2025_01_15_14_54_0053_lat_10.3619064_lon_105.4228419_alt_11.991m_NIR.TIF"", ""/home/hyggestuen/Downloads/_WeedyRice/WeedyRice-RGBMS-DB/Multispectral/DJI_DateTime_2025_01_15_14_54_0053_lat_10.3619064_lon_105.4228419_alt_11.991m_R.TIF"", ""/home/hyggestuen/Downloads/_WeedyRice/WeedyRice-RGBMS-DB/Multispectral/DJI_DateTime_2025_01_15_14_54_0053_lat_10.3619064_lon_105.4228419_alt_11.991m_RE.TIF""]",/home/hyggestuen/Downloads/_WeedyRice/WeedyRice-RGBMS-DB/Masks/DJI_DateTime_2025_01_15_14_54_0053_lat_10.3619064_lon_105.4228419_alt_11.991m.png,2025_01_15_14,train
DJI_DateTime_2025_01_15_14_54_0054_lat_10.3619250_lon_105.4228649_alt_11.961m,/home/hyggestuen/Downloads/_WeedyRice/WeedyRice-RGBMS-DB/RGB/DJI_DateTime_2025_01_15_14_54_0054_lat_10.3619250_lon_105.4228649_alt_11.961m.JPG,,"[""/home/hyggestuen/Downloads/_WeedyRice/WeedyRice-RGBMS-DB/Multispectral/DJI_DateTime_2025_01_15_14_54_0054_lat_10.3619250_lon_105.4228649_alt_11.961m_G.TIF"", ""/home/hyggestuen/Downloads/_WeedyRice/WeedyRice-RGBMS-DB/Multispectral/DJI_DateTime_2025_01_15_14_54_0054_lat_10.3619250_lon_105.4228649_alt_11.961m_NIR.TIF"", ""/home/hyggestuen/Downloads/_WeedyRice/WeedyRice-RGBMS-DB/Multispectral/DJI_DateTime_2025_01_15_14_54_0054_lat_10.3619250_lon_105.4228649_alt_11.961m_R.TIF"", ""/home/hyggestuen/Downloads/_WeedyRice/WeedyRice-RGBMS-DB/Multispectral/DJI_DateTime_2025_01_15_14_54_0054_lat_10.3619250_lon_105.4228649_alt_11.961m_RE.TIF""]",/home/hyggestuen/Downloads/_WeedyRice/WeedyRice-RGBMS-DB/Masks/DJI_DateTime_2025_01_15_14_54_0054_lat_10.3619250_lon_105.4228649_alt_11.961m.png,2025_01_15_14,train
DJI_DateTime_2025_01_15_14_55_0055_lat_10.3619424_lon_105.4228878_alt_12.011m,/home/hyggestuen/Downloads/_WeedyRice/WeedyRice-RGBMS-DB/RGB/DJI_DateTime_2025_01_15_14_55_0055_lat_10.3619424_lon_105.4228878_alt_12.011m.JPG,,"[""/home/hyggestuen/Downloads/_WeedyRice/WeedyRice-RGBMS-DB/Multispectral/DJI_DateTime_2025_01_15_14_55_0055_lat_10.3619424_lon_105.4228878_alt_12.011m_G.TIF"", ""/home/hyggestuen/Downloads/_WeedyRice/WeedyRice-RGBMS-DB/Multispectral/DJI_DateTime_2025_01_15_14_55_0055_lat_10.3619424_lon_105.4228878_alt_12.011m_NIR.TIF"", ""/home/hyggestuen/Downloads/_WeedyRice/WeedyRice-RGBMS-DB/Multispectral/DJI_DateTime_2025_01_15_14_55_0055_lat_10.3619424_lon_105.4228878_alt_12.011m_R.TIF"", ""/home/hyggestuen/Downloads/_WeedyRice/WeedyRice-RGBMS-DB/Multispectral/DJI_DateTime_2025_01_15_14_55_0055_lat_10.3619424_lon_105.4228878_alt_12.011m_RE.TIF""]",/home/hyggestuen/Downloads/_WeedyRice/WeedyRice-RGBMS-DB/Masks/DJI_DateTime_2025_01_15_14_55_0055_lat_10.3619424_lon_105.4228878_alt_12.011m.png,2025_01_15_14,train
DJI_DateTime_2025_01_15_14_56_0086_lat_10.3618515_lon_105.4228345_alt_12.000m,/home/hyggestuen/Downloads/_WeedyRice/WeedyRice-RGBMS-DB/RGB/DJI_DateTime_2025_01_15_14_56_0086_lat_10.3618515_lon_105.4228345_alt_12.000m.JPG,,"[""/home/hyggestuen/Downloads/_WeedyRice/WeedyRice-RGBMS-DB/Multispectral/DJI_DateTime_2025_01_15_14_56_0086_lat_10.3618515_lon_105.4228345_alt_12.000m_G.TIF"", ""/home/hyggestuen/Downloads/_WeedyRice/WeedyRice-RGBMS-DB/Multispectral/DJI_DateTime_2025_01_15_14_56_0086_lat_10.3618515_lon_105.4228345_alt_12.000m_NIR.TIF"", ""/home/hyggestuen/Downloads/_WeedyRice/WeedyRice-RGBMS-DB/Multispectral/DJI_DateTime_2025_01_15_14_56_0086_lat_10.3618515_lon_105.4228345_alt_12.000m_R.TIF"", ""/home/hyggestuen/Downloads/_WeedyRice/WeedyRice-RGBMS-DB/Multispectral/DJI_DateTime_2025_01_15_14_56_0086_lat_10.3618515_lon_105.4228345_alt_12.000m_RE.TIF""]",/home/hyggestuen/Downloads/_WeedyRice/WeedyRice-RGBMS-DB/Masks/DJI_DateTime_2025_01_15_14_56_0086_lat_10.3618515_lon_105.4228345_alt_12.000m.png,2025_01_15_14,train
DJI_DateTime_2025_01_15_14_56_0087_lat_10.3618340_lon_105.4228118_alt_12.002m,/home/hyggestuen/Downloads/_WeedyRice/WeedyRice-RGBMS-DB/RGB/DJI_DateTime_2025_01_15_14_56_0087_lat_10.3618340_lon_105.4228118_alt_12.002m.JPG,,"[""/home/hyggestuen/Downloads/_WeedyRice/WeedyRice-RGBMS-DB/Multispectral/DJI_DateTime_2025_01_15_14_56_0087_lat_10.3618340_lon_105.4228118_alt_12.002m_G.TIF"", ""/home/hyggestuen/Downloads/_WeedyRice/WeedyRice-RGBMS-DB/Multispectral/DJI_DateTime_2025_01_15_14_56_0087_lat_10.3618340_lon_105.4228118_alt_12.002m_NIR.TIF"", ""/home/hyggestuen/Downloads/_WeedyRice/WeedyRice-RGBMS-DB/Multispectral/DJI_DateTime_2025_01_15_14_56_0087_lat_10.3618340_lon_105.4228118_alt_12.002m_R.TIF"", ""/home/hyggestuen/Downloads/_WeedyRice/WeedyRice-RGBMS-DB/Multispectral/DJI_DateTime_2025_01_15_14_56_0087_lat_10.3618340_lon_105.4228118_alt_12.002m_RE.TIF""]",/home/hyggestuen/Downloads/_WeedyRice/WeedyRice-RGBMS-DB/Masks/DJI_DateTime_2025_01_15_14_56_0087_lat_10.3618340_lon_105.4228118_alt_12.002m.png,2025_01_15_14,train
DJI_DateTime_2025_01_15_14_56_0088_lat_10.3618167_lon_105.4227889_alt_12.000m,/home/hyggestuen/Downloads/_WeedyRice/WeedyRice-RGBMS-DB/RGB/DJI_DateTime_2025_01_15_14_56_0088_lat_10.3618167_lon_105.4227889_alt_12.000m.JPG,,"[""/home/hyggestuen/Downloads/_WeedyRice/WeedyRice-RGBMS-DB/Multispectral/DJI_DateTime_2025_01_15_14_56_0088_lat_10.3618167_lon_105.4227889_alt_12.000m_G.TIF"", ""/home/hyggestuen/Downloads/_WeedyRice/WeedyRice-RGBMS-DB/Multispectral/DJI_DateTime_2025_01_15_14_56_0088_lat_10.3618167_lon_105.4227889_alt_12.000m_NIR.TIF"", ""/home/hyggestuen/Downloads/_WeedyRice/WeedyRice-RGBMS-DB/Multispectral/DJI_DateTime_2025_01_15_14_56_0088_lat_10.3618167_lon_105.4227889_alt_12.000m_R.TIF"", ""/home/hyggestuen/Downloads/_WeedyRice/WeedyRice-RGBMS-DB/Multispectral/DJI_DateTime_2025_01_15_14_56_0088_lat_10.3618167_lon_105.4227889_alt_12.000m_RE.TIF""]",/home/hyggestuen/Downloads/_WeedyRice/WeedyRice-RGBMS-DB/Masks/DJI_DateTime_2025_01_15_14_56_0088_lat_10.3618167_lon_105.4227889_alt_12.000m.png,2025_01_15_14,train
DJI_DateTime_2025_01_15_14_56_0089_lat_10.3617993_lon_105.4227655_alt_12.001m,/home/hyggestuen/Downloads/_WeedyRice/WeedyRice-RGBMS-DB/RGB/DJI_DateTime_2025_01_15_14_56_0089_lat_10.3617993_lon_105.4227655_alt_12.001m.JPG,,"[""/home/hyggestuen/Downloads/_WeedyRice/WeedyRice-RGBMS-DB/Multispectral/DJI_DateTime_2025_01_15_14_56_0089_lat_10.3617993_lon_105.4227655_alt_12.001m_G.TIF"", ""/home/hyggestuen/Downloads/_WeedyRice/WeedyRice-RGBMS-DB/Multispectral/DJI_DateTime_2025_01_15_14_56_0089_lat_10.3617993_lon_105.4227655_alt_12.001m_NIR.TIF"", ""/home/hyggestuen/Downloads/_WeedyRice/WeedyRice-RGBMS-DB/Multispectral/DJI_DateTime_2025_01_15_14_56_0089_lat_10.3617993_lon_105.4227655_alt_12.001m_R.TIF"", ""/home/hyggestuen/Downloads/_WeedyRice/WeedyRice-RGBMS-DB/Multispectral/DJI_DateTime_2025_01_15_14_56_0089_lat_10.3617993_lon_105.4227655_alt_12.001m_RE.TIF""]",/home/hyggestuen/Downloads/_WeedyRice/WeedyRice-RGBMS-DB/Masks/DJI_DateTime_2025_01_15_14_56_0089_lat_10.3617993_lon_105.4227655_alt_12.001m.png,2025_01_15_14,train
DJI_DateTime_2025_01_15_14_56_0092_lat_10.3617436_lon_105.4227439_alt_12.002m,/home/hyggestuen/Downloads/_WeedyRice/WeedyRice-RGBMS-DB/RGB/DJI_DateTime_2025_01_15_14_56_0092_lat_10.3617436_lon_105.4227439_alt_12.002m.JPG,,"[""/home/hyggestuen/Downloads/_WeedyRice/WeedyRice-RGBMS-DB/Multispectral/DJI_DateTime_2025_01_15_14_56_0092_lat_10.3617436_lon_105.4227439_alt_12.002m_G.TIF"", ""/home/hyggestuen/Downloads/_WeedyRice/WeedyRice-RGBMS-DB/Multispectral/DJI_DateTime_2025_01_15_14_56_0092_lat_10.3617436_lon_105.4227439_alt_12.002m_NIR.TIF"", ""/home/hyggestuen/Downloads/_WeedyRice/WeedyRice-RGBMS-DB/Multispectral/DJI_DateTime_2025_01_15_14_56_0092_lat_10.3617436_lon_105.4227439_alt_12.002m_R.TIF"", ""/home/hyggestuen/Downloads/_WeedyRice/WeedyRice-RGBMS-DB/Multispectral/DJI_DateTime_2025_01_15_14_56_0092_lat_10.3617436_lon_105.4227439_alt_12.002m_RE.TIF""]",/home/hyggestuen/Downloads/_WeedyRice/WeedyRice-RGBMS-DB/Masks/DJI_DateTime_2025_01_15_14_56_0092_lat_10.3617436_lon_105.4227439_alt_12.002m.png,2025_01_15_14,train
DJI_DateTime_2025_01_15_14_56_0093_lat_10.3617554_lon_105.4227679_alt_11.901m,/home/hyggestuen/Downloads/_WeedyRice/WeedyRice-RGBMS-DB/RGB/DJI_DateTime_2025_01_15_14_56_0093_lat_10.3617554_lon_105.4227679_alt_11.901m.JPG,,"[""/home/hyggestuen/Downloads/_WeedyRice/WeedyRice-RGBMS-DB/Multispectral/DJI_DateTime_2025_01_15_14_56_0093_lat_10.3617554_lon_105.4227679_alt_11.901m_G.TIF"", ""/home/hyggestuen/Downloads/_WeedyRice/WeedyRice-RGBMS-DB/Multispectral/DJI_DateTime_2025_01_15_14_56_0093_lat_10.3617554_lon_105.4227679_alt_11.901m_NIR.TIF"", ""/home/hyggestuen/Downloads/_WeedyRice/WeedyRice-RGBMS-DB/Multispectral/DJI_DateTime_2025_01_15_14_56_0093_lat_10.3617554_lon_105.4227679_alt_11.901m_R.TIF"", ""/home/hyggestuen/Downloads/_WeedyRice/WeedyRice-RGBMS-DB/Multispectral/DJI_DateTime_2025_01_15_14_56_0093_lat_10.3617554_lon_105.4227679_alt_11.901m_RE.TIF""]",/home/hyggestuen/Downloads/_WeedyRice/WeedyRice-RGBMS-DB/Masks/DJI_DateTime_2025_01_15_14_56_0093_lat_10.3617554_lon_105.4227679_alt_11.901m.png,2025_01_15_14,train
DJI_DateTime_2025_01_15_14_56_0094_lat_10.3617724_lon_105.4227914_alt_11.969m,/home/hyggestuen/Downloads/_WeedyRice/WeedyRice-RGBMS-DB/RGB/DJI_DateTime_2025_01_15_14_56_0094_lat_10.3617724_lon_105.4227914_alt_11.969m.JPG,,"[""/home/hyggestuen/Downloads/_WeedyRice/WeedyRice-RGBMS-DB/Multispectral/DJI_DateTime_2025_01_15_14_56_0094_lat_10.3617724_lon_105.4227914_alt_11.969m_G.TIF"", ""/home/hyggestuen/Downloads/_WeedyRice/WeedyRice-RGBMS-DB/Multispectral/DJI_DateTime_2025_01_15_14_56_0094_lat_10.3617724_lon_105.4227914_alt_11.969m_NIR.TIF"", ""/home/hyggestuen/Downloads/_WeedyRice/WeedyRice-RGBMS-DB/Multispectral/DJI_DateTime_2025_01_15_14_56_0094_lat_10.3617724_lon_105.4227914_alt_11.969m_R.TIF"", ""/home/hyggestuen/Downloads/_WeedyRice/WeedyRice-RGBMS-DB/Multispectral/DJI_DateTime_2025_01_15_14_56_0094_lat_10.3617724_lon_105.4227914_alt_11.969m_RE.TIF""]",/home/hyggestuen/Downloads/_WeedyRice/WeedyRice-RGBMS-DB/Masks/DJI_DateTime_2025_01_15_14_56_0094_lat_10.3617724_lon_105.4227914_alt_11.969m.png,2025_01_15_14,train
DJI_DateTime_2025_01_15_14_56_0095_lat_10.3617893_lon_105.4228138_alt_11.995m,/home/hyggestuen/Downloads/_WeedyRice/WeedyRice-RGBMS-DB/RGB/DJI_DateTime_2025_01_15_14_56_0095_lat_10.3617893_lon_105.4228138_alt_11.995m.JPG,,"[""/home/hyggestuen/Downloads/_WeedyRice/WeedyRice-RGBMS-DB/Multispectral/DJI_DateTime_2025_01_15_14_56_0095_lat_10.3617893_lon_105.4228138_alt_11.995m_G.TIF"", ""/home/hyggestuen/Downloads/_WeedyRice/WeedyRice-RGBMS-DB/Multispectral/DJI_DateTime_2025_01_15_14_56_0095_lat_10.3617893_lon_105.4228138_alt_11.995m_NIR.TIF"", ""/home/hyggestuen/Downloads/_WeedyRice/WeedyRice-RGBMS-DB/Multispectral/DJI_DateTime_2025_01_15_14_56_0095_lat_10.3617893_lon_105.4228138_alt_11.995m_R.TIF"", ""/home/hyggestuen/Downloads/_WeedyRice/WeedyRice-RGBMS-DB/Multispectral/DJI_DateTime_2025_01_15_14_56_0095_lat_10.3617893_lon_105.4228138_alt_11.995m_RE.TIF""]",/home/hyggestuen/Downloads/_WeedyRice/WeedyRice-RGBMS-DB/Masks/DJI_DateTime_2025_01_15_14_56_0095_lat_10.3617893_lon_105.4228138_alt_11.995m.png,2025_01_15_14,train
DJI_DateTime_2025_01_15_14_56_0096_lat_10.3618077_lon_105.4228373_alt_11.974m,/home/hyggestuen/Downloads/_WeedyRice/WeedyRice-RGBMS-DB/RGB/DJI_DateTime_2025_01_15_14_56_0096_lat_10.3618077_lon_105.4228373_alt_11.974m.JPG,,"[""/home/hyggestuen/Downloads/_WeedyRice/WeedyRice-RGBMS-DB/Multispectral/DJI_DateTime_2025_01_15_14_56_0096_lat_10.3618077_lon_105.4228373_alt_11.974m_G.TIF"", ""/home/hyggestuen/Downloads/_WeedyRice/WeedyRice-RGBMS-DB/Multispectral/DJI_DateTime_2025_01_15_14_56_0096_lat_10.3618077_lon_105.4228373_alt_11.974m_NIR.TIF"", ""/home/hyggestuen/Downloads/_WeedyRice/WeedyRice-RGBMS-DB/Multispectral/DJI_DateTime_2025_01_15_14_56_0096_lat_10.3618077_lon_105.4228373_alt_11.974m_R.TIF"", ""/home/hyggestuen/Downloads/_WeedyRice/WeedyRice-RGBMS-DB/Multispectral/DJI_DateTime_2025_01_15_14_56_0096_lat_10.3618077_lon_105.4228373_alt_11.974m_RE.TIF""]",/home/hyggestuen/Downloads/_WeedyRice/WeedyRice-RGBMS-DB/Masks/DJI_DateTime_2025_01_15_14_56_0096_lat_10.3618077_lon_105.4228373_alt_11.974m.png,2025_01_15_14,train
DJI_DateTime_2025_01_15_14_56_0097_lat_10.3618254_lon_105.4228606_alt_12.006m,/home/hyggestuen/Downloads/_WeedyRice/WeedyRice-RGBMS-DB/RGB/DJI_DateTime_2025_01_15_14_56_0097_lat_10.3618254_lon_105.4228606_alt_12.006m.JPG,,"[""/home/hyggestuen/Downloads/_WeedyRice/WeedyRice-RGBMS-DB/Multispectral/DJI_DateTime_2025_01_15_14_56_0097_lat_10.3618254_lon_105.4228606_alt_12.006m_G.TIF"", ""/home/hyggestuen/Downloads/_WeedyRice/WeedyRice-RGBMS-DB/Multispectral/DJI_DateTime_2025_01_15_14_56_0097_lat_10.3618254_lon_105.4228606_alt_12.006m_NIR.TIF"", ""/home/hyggestuen/Downloads/_WeedyRice/WeedyRice-RGBMS-DB/Multispectral/DJI_DateTime_2025_01_15_14_56_0097_lat_10.3618254_lon_105.4228606_alt_12.006m_R.TIF"", ""/home/hyggestuen/Downloads/_WeedyRice/WeedyRice-RGBMS-DB/Multispectral/DJI_DateTime_2025_01_15_14_56_0097_lat_10.3618254_lon_105.4228606_alt_12.006m_RE.TIF""]",/home/hyggestuen/Downloads/_WeedyRice/WeedyRice-RGBMS-DB/Masks/DJI_DateTime_2025_01_15_14_56_0097_lat_10.3618254_lon_105.4228606_alt_12.006m.png,2025_01_15_14,train
DJI_DateTime_2025_01_15_14_57_0133_lat_10.3617623_lon_105.4228497_alt_11.997m,/home/hyggestuen/Downloads/_WeedyRice/WeedyRice-RGBMS-DB/RGB/DJI_DateTime_2025_01_15_14_57_0133_lat_10.3617623_lon_105.4228497_alt_11.997m.JPG,,"[""/home/hyggestuen/Downloads/_WeedyRice/WeedyRice-RGBMS-DB/Multispectral/DJI_DateTime_2025_01_15_14_57_0133_lat_10.3617623_lon_105.4228497_alt_11.997m_G.TIF"", ""/home/hyggestuen/Downloads/_WeedyRice/WeedyRice-RGBMS-DB/Multispectral/DJI_DateTime_2025_01_15_14_57_0133_lat_10.3617623_lon_105.4228497_alt_11.997m_NIR.TIF"", ""/home/hyggestuen/Downloads/_WeedyRice/WeedyRice-RGBMS-DB/Multispectral/DJI_DateTime_2025_01_15_14_57_0133_lat_10.3617623_lon_105.4228497_alt_11.997m_R.TIF"", ""/home/hyggestuen/Downloads/_WeedyRice/WeedyRice-RGBMS-DB/Multispectral/DJI_DateTime_2025_01_15_14_57_0133_lat_10.3617623_lon_105.4228497_alt_11.997m_RE.TIF""]",/home/hyggestuen/Downloads/_WeedyRice/WeedyRice-RGBMS-DB/Masks/DJI_DateTime_2025_01_15_14_57_0133_lat_10.3617623_lon_105.4228497_alt_11.997m.png,2025_01_15_14,train
DJI_DateTime_2025_01_15_14_57_0134_lat_10.3617448_lon_105.4228262_alt_11.978m,/home/hyggestuen/Downloads/_WeedyRice/WeedyRice-RGBMS-DB/RGB/DJI_DateTime_2025_01_15_14_57_0134_lat_10.3617448_lon_105.4228262_alt_11.978m.JPG,,"[""/home/hyggestuen/Downloads/_WeedyRice/WeedyRice-RGBMS-DB/Multispectral/DJI_DateTime_2025_01_15_14_57_0134_lat_10.3617448_lon_105.4228262_alt_11.978m_G.TIF"", ""/home/hyggestuen/Downloads/_WeedyRice/WeedyRice-RGBMS-DB/Multispectral/DJI_DateTime_2025_01_15_14_57_0134_lat_10.3617448_lon_105.4228262_alt_11.978m_NIR.TIF"", ""/home/hyggestuen/Downloads/_WeedyRice/WeedyRice-RGBMS-DB/Multispectral/DJI_DateTime_2025_01_15_14_57_0134_lat_10.3617448_lon_105.4228262_alt_11.978m_R.TIF"", ""/home/hyggestuen/Downloads/_WeedyRice/WeedyRice-RGBMS-DB/Multispectral/DJI_DateTime_2025_01_15_14_57_0134_lat_10.3617448_lon_105.4228262_alt_11.978m_RE.TIF""]",/home/hyggestuen/Downloads/_WeedyRice/WeedyRice-RGBMS-DB/Masks/DJI_DateTime_2025_01_15_14_57_0134_lat_10.3617448_lon_105.4228262_alt_11.978m.png,2025_01_15_14,train
DJI_DateTime_2025_01_15_14_57_0135_lat_10.3617272_lon_105.4228033_alt_11.987m,/home/hyggestuen/Downloads/_WeedyRice/WeedyRice-RGBMS-DB/RGB/DJI_DateTime_2025_01_15_14_57_0135_lat_10.3617272_lon_105.4228033_alt_11.987m.JPG,,"[""/home/hyggestuen/Downloads/_WeedyRice/WeedyRice-RGBMS-DB/Multispectral/DJI_DateTime_2025_01_15_14_57_0135_lat_10.3617272_lon_105.4228033_alt_11.987m_G.TIF"", ""/home/hyggestuen/Downloads/_WeedyRice/WeedyRice-RGBMS-DB/Multispectral/DJI_DateTime_2025_01_15_14_57_0135_lat_10.3617272_lon_105.4228033_alt_11.987m_NIR.TIF"", ""/home/hyggestuen/Downloads/_WeedyRice/WeedyRice-RGBMS-DB/Multispectral/DJI_DateTime_2025_01_15_14_57_0135_lat_10.3617272_lon_105.4228033_alt_11.987m_R.TIF"", ""/home/hyggestuen/Downloads/_WeedyRice/WeedyRice-RGBMS-DB/Multispectral/DJI_DateTime_2025_01_15_14_57_0135_lat_10.3617272_lon_105.4228033_alt_11.987m_RE.TIF""]",/home/hyggestuen/Downloads/_WeedyRice/WeedyRice-RGBMS-DB/Masks/DJI_DateTime_2025_01_15_14_57_0135_lat_10.3617272_lon_105.4228033_alt_11.987m.png,2025_01_15_14,train
DJI_DateTime_2025_01_15_14_57_0136_lat_10.3617084_lon_105.4227812_alt_11.986m,/home/hyggestuen/Downloads/_WeedyRice/WeedyRice-RGBMS-DB/RGB/DJI_DateTime_2025_01_15_14_57_0136_lat_10.3617084_lon_105.4227812_alt_11.986m.JPG,,"[""/home/hyggestuen/Downloads/_WeedyRice/WeedyRice-RGBMS-DB/Multispectral/DJI_DateTime_2025_01_15_14_57_0136_lat_10.3617084_lon_105.4227812_alt_11.986m_G.TIF"", ""/home/hyggestuen/Downloads/_WeedyRice/WeedyRice-RGBMS-DB/Multispectral/DJI_DateTime_2025_01_15_14_57_0136_lat_10.3617084_lon_105.4227812_alt_11.986m_NIR.TIF"", ""/home/hyggestuen/Downloads/_WeedyRice/WeedyRice-RGBMS-DB/Multispectral/DJI_DateTime_2025_01_15_14_57_0136_lat_10.3617084_lon_105.4227812_alt_11.986m_R.TIF"", ""/home/hyggestuen/Downloads/_WeedyRice/WeedyRice-RGBMS-DB/Multispectral/DJI_DateTime_2025_01_15_14_57_0136_lat_10.3617084_lon_105.4227812_alt_11.986m_RE.TIF""]",/home/hyggestuen/Downloads/_WeedyRice/WeedyRice-RGBMS-DB/Masks/DJI_DateTime_2025_01_15_14_57_0136_lat_10.3617084_lon_105.4227812_alt_11.986m.png,2025_01_15_14,train
DJI_DateTime_2025_01_15_14_57_0137_lat_10.3616838_lon_105.4227866_alt_12.033m,/home/hyggestuen/Downloads/_WeedyRice/WeedyRice-RGBMS-DB/RGB/DJI_DateTime_2025_01_15_14_57_0137_lat_10.3616838_lon_105.4227866_alt_12.033m.JPG,,"[""/home/hyggestuen/Downloads/_WeedyRice/WeedyRice-RGBMS-DB/Multispectral/DJI_DateTime_2025_01_15_14_57_0137_lat_10.3616838_lon_105.4227866_alt_12.033m_G.TIF"", ""/home/hyggestuen/Downloads/_WeedyRice/WeedyRice-RGBMS-DB/Multispectral/DJI_DateTime_2025_01_15_14_57_0137_lat_10.3616838_lon_105.4227866_alt_12.033m_NIR.TIF"", ""/home/hyggestuen/Downloads/_WeedyRice/WeedyRice-RGBMS-DB/Multispectral/DJI_DateTime_2025_01_15_14_57_0137_lat_10.3616838_lon_105.4227866_alt_12.033m_R.TIF"", ""/home/hyggestuen/Downloads/_WeedyRice/WeedyRice-RGBMS-DB/Multispectral/DJI_DateTime_2025_01_15_14_57_0137_lat_10.3616838_lon_105.4227866_alt_12.033m_RE.TIF""]",/home/hyggestuen/Downloads/_WeedyRice/WeedyRice-RGBMS-DB/Masks/DJI_DateTime_2025_01_15_14_57_0137_lat_10.3616838_lon_105.4227866_alt_12.033m.png,2025_01_15_14,train
DJI_DateTime_2025_01_15_14_57_0138_lat_10.3616839_lon_105.4228095_alt_11.926m,/home/hyggestuen/Downloads/_WeedyRice/WeedyRice-RGBMS-DB/RGB/DJI_DateTime_2025_01_15_14_57_0138_lat_10.3616839_lon_105.4228095_alt_11.926m.JPG,,"[""/home/hyggestuen/Downloads/_WeedyRice/WeedyRice-RGBMS-DB/Multispectral/DJI_DateTime_2025_01_15_14_57_0138_lat_10.3616839_lon_105.4228095_alt_11.926m_G.TIF"", ""/home/hyggestuen/Downloads/_WeedyRice/WeedyRice-RGBMS-DB/Multispectral/DJI_DateTime_2025_01_15_14_57_0138_lat_10.3616839_lon_105.4228095_alt_11.926m_NIR.TIF"", ""/home/hyggestuen/Downloads/_WeedyRice/WeedyRice-RGBMS-DB/Multispectral/DJI_DateTime_2025_01_15_14_57_0138_lat_10.3616839_lon_105.4228095_alt_11.926m_R.TIF"", ""/home/hyggestuen/Downloads/_WeedyRice/WeedyRice-RGBMS-DB/Multispectral/DJI_DateTime_2025_01_15_14_57_0138_lat_10.3616839_lon_105.4228095_alt_11.926m_RE.TIF""]",/home/hyggestuen/Downloads/_WeedyRice/WeedyRice-RGBMS-DB/Masks/DJI_DateTime_2025_01_15_14_57_0138_lat_10.3616839_lon_105.4228095_alt_11.926m.png,2025_01_15_14,train
DJI_DateTime_2025_01_15_14_57_0139_lat_10.3617006_lon_105.4228325_alt_11.945m,/home/hyggestuen/Downloads/_WeedyRice/WeedyRice-RGBMS-DB/RGB/DJI_DateTime_2025_01_15_14_57_0139_lat_10.3617006_lon_105.4228325_alt_11.945m.JPG,,"[""/home/hyggestuen/Downloads/_WeedyRice/WeedyRice-RGBMS-DB/Multispectral/DJI_DateTime_2025_01_15_14_57_0139_lat_10.3617006_lon_105.4228325_alt_11.945m_G.TIF"", ""/home/hyggestuen/Downloads/_WeedyRice/WeedyRice-RGBMS-DB/Multispectral/DJI_DateTime_2025_01_15_14_57_0139_lat_10.3617006_lon_105.4228325_alt_11.945m_NIR.TIF"", ""/home/hyggestuen/Downloads/_WeedyRice/WeedyRice-RGBMS-DB/Multispectral/DJI_DateTime_2025_01_15_14_57_0139_lat_10.3617006_lon_105.4228325_alt_11.945m_R.TIF"", ""/home/hyggestuen/Downloads/_WeedyRice/WeedyRice-RGBMS-DB/Multispectral/DJI_DateTime_2025_01_15_14_57_0139_lat_10.3617006_lon_105.4228325_alt_11.945m_RE.TIF""]",/home/hyggestuen/Downloads/_WeedyRice/WeedyRice-RGBMS-DB/Masks/DJI_DateTime_2025_01_15_14_57_0139_lat_10.3617006_lon_105.4228325_alt_11.945m.png,2025_01_15_14,train
DJI_DateTime_2025_01_15_14_57_0140_lat_10.3617183_lon_105.4228555_alt_11.948m,/home/hyggestuen/Downloads/_WeedyRice/WeedyRice-RGBMS-DB/RGB/DJI_DateTime_2025_01_15_14_57_0140_lat_10.3617183_lon_105.4228555_alt_11.948m.JPG,,"[""/home/hyggestuen/Downloads/_WeedyRice/WeedyRice-RGBMS-DB/Multispectral/DJI_DateTime_2025_01_15_14_57_0140_lat_10.3617183_lon_105.4228555_alt_11.948m_G.TIF"", ""/home/hyggestuen/Downloads/_WeedyRice/WeedyRice-RGBMS-DB/Multispectral/DJI_DateTime_2025_01_15_14_57_0140_lat_10.3617183_lon_105.4228555_alt_11.948m_NIR.TIF"", ""/home/hyggestuen/Downloads/_WeedyRice/WeedyRice-RGBMS-DB/Multispectral/DJI_DateTime_2025_01_15_14_57_0140_lat_10.3617183_lon_105.4228555_alt_11.948m_R.TIF"", ""/home/hyggestuen/Downloads/_WeedyRice/WeedyRice-RGBMS-DB/Multispectral/DJI_DateTime_2025_01_15_14_57_0140_lat_10.3617183_lon_105.4228555_alt_11.948m_RE.TIF""]",/home/hyggestuen/Downloads/_WeedyRice/WeedyRice-RGBMS-DB/Masks/DJI_DateTime_2025_01_15_14_57_0140_lat_10.3617183_lon_105.4228555_alt_11.948m.png,2025_01_15_14,train
DJI_DateTime_2025_01_15_15_14_0008_lat_10.3635870_lon_105.4200531_alt_20.409m,/home/hyggestuen/Downloads/_WeedyRice/WeedyRice-RGBMS-DB/RGB/DJI_DateTime_2025_01_15_15_14_0008_lat_10.3635870_lon_105.4200531_alt_20.409m.JPG,,"[""/home/hyggestuen/Downloads/_WeedyRice/WeedyRice-RGBMS-DB/Multispectral/DJI_DateTime_2025_01_15_15_14_0008_lat_10.3635870_lon_105.4200531_alt_20.409m_G.TIF"", ""/home/hyggestuen/Downloads/_WeedyRice/WeedyRice-RGBMS-DB/Multispectral/DJI_DateTime_2025_01_15_15_14_0008_lat_10.3635870_lon_105.4200531_alt_20.409m_NIR.TIF"", ""/home/hyggestuen/Downloads/_WeedyRice/WeedyRice-RGBMS-DB/Multispectral/DJI_DateTime_2025_01_15_15_14_0008_lat_10.3635870_lon_105.4200531_alt_20.409m_R.TIF"", ""/home/hyggestuen/Downloads/_WeedyRice/WeedyRice-RGBMS-DB/Multispectral/DJI_DateTime_2025_01_15_15_14_0008_lat_10.3635870_lon_105.4200531_alt_20.409m_RE.TIF""]",/home/hyggestuen/Downloads/_WeedyRice/WeedyRice-RGBMS-DB/Masks/DJI_DateTime_2025_01_15_15_14_0008_lat_10.3635870_lon_105.4200531_alt_20.409m.png,2025_01_15_15,test
DJI_DateTime_2025_01_15_15_14_0009_lat_10.3635552_lon_105.4200153_alt_20.352m,/home/hyggestuen/Downloads/_WeedyRice/WeedyRice-RGBMS-DB/RGB/DJI_DateTime_2025_01_15_15_14_0009_lat_10.3635552_lon_105.4200153_alt_20.352m.JPG,,"[""/home/hyggestuen/Downloads/_WeedyRice/WeedyRice-RGBMS-DB/Multispectral/DJI_DateTime_2025_01_15_15_14_0009_lat_10.3635552_lon_105.4200153_alt_20.352m_G.TIF"", ""/home/hyggestuen/Downloads/_WeedyRice/WeedyRice-RGBMS-DB/Multispectral/DJI_DateTime_2025_01_15_15_14_0009_lat_10.3635552_lon_105.4200153_alt_20.352m_NIR.TIF"", ""/home/hyggestuen/Downloads/_WeedyRice/WeedyRice-RGBMS-DB/Multispectral/DJI_DateTime_2025_01_15_15_14_0009_lat_10.3635552_lon_105.4200153_alt_20.352m_R.TIF"", ""/home/hyggestuen/Downloads/_WeedyRice/WeedyRice-RGBMS-DB/Multispectral/DJI_DateTime_2025_01_15_15_14_0009_lat_10.3635552_lon_105.4200153_alt_20.352m_RE.TIF""]",/home/hyggestuen/Downloads/_WeedyRice/WeedyRice-RGBMS-DB/Masks/DJI_DateTime_2025_01_15_15_14_0009_lat_10.3635552_lon_105.4200153_alt_20.352m.png,2025_01_15_15,test
DJI_DateTime_2025_01_15_15_14_0010_lat_10.3635243_lon_105.4199769_alt_20.373m,/home/hyggestuen/Downloads/_WeedyRice/WeedyRice-RGBMS-DB/RGB/DJI_DateTime_2025_01_15_15_14_0010_lat_10.3635243_lon_105.4199769_alt_20.373m.JPG,,"[""/home/hyggestuen/Downloads/_WeedyRice/WeedyRice-RGBMS-DB/Multispectral/DJI_DateTime_2025_01_15_15_14_0010_lat_10.3635243_lon_105.4199769_alt_20.373m_G.TIF"", ""/home/hyggestuen/Downloads/_WeedyRice/WeedyRice-RGBMS-DB/Multispectral/DJI_DateTime_2025_01_15_15_14_0010_lat_10.3635243_lon_105.4199769_alt_20.373m_NIR.TIF"", ""/home/hyggestuen/Downloads/_WeedyRice/WeedyRice-RGBMS-DB/Multispectral/DJI_DateTime_2025_01_15_15_14_0010_lat_10.3635243_lon_105.4199769_alt_20.373m_R.TIF"", ""/home/hyggestuen/Downloads/_WeedyRice/WeedyRice-RGBMS-DB/Multispectral/DJI_DateTime_2025_01_15_15_14_0010_lat_10.3635243_lon_105.4199769_alt_20.373m_RE.TIF""]",/home/hyggestuen/Downloads/_WeedyRice/WeedyRice-RGBMS-DB/Masks/DJI_DateTime_2025_01_15_15_14_0010_lat_10.3635243_lon_105.4199769_alt_20.373m.png,2025_01_15_15,test
DJI_DateTime_2025_01_15_15_14_0011_lat_10.3634928_lon_105.4199389_alt_20.359m,/home/hyggestuen/Downloads/_WeedyRice/WeedyRice-RGBMS-DB/RGB/DJI_DateTime_2025_01_15_15_14_0011_lat_10.3634928_lon_105.4199389_alt_20.359m.JPG,,"[""/home/hyggestuen/Downloads/_WeedyRice/WeedyRice-RGBMS-DB/Multispectral/DJI_DateTime_2025_01_15_15_14_0011_lat_10.3634928_lon_105.4199389_alt_20.359m_G.TIF"", ""/home/hyggestuen/Downloads/_WeedyRice/WeedyRice-RGBMS-DB/Multispectral/DJI_DateTime_2025_01_15_15_14_0011_lat_10.3634928_lon_105.4199389_alt_20.359m_NIR.TIF"", ""/home/hyggestuen/Downloads/_WeedyRice/WeedyRice-RGBMS-DB/Multispectral/DJI_DateTime_2025_01_15_15_14_0011_lat_10.3634928_lon_105.4199389_alt_20.359m_R.TIF"", ""/home/hyggestuen/Downloads/_WeedyRice/WeedyRice-RGBMS-DB/Multispectral/DJI_DateTime_2025_01_15_15_14_0011_lat_10.3634928_lon_105.4199389_alt_20.359m_RE.TIF""]",/home/hyggestuen/Downloads/_WeedyRice/WeedyRice-RGBMS-DB/Masks/DJI_DateTime_2025_01_15_15_14_0011_lat_10.3634928_lon_105.4199389_alt_20.359m.png,2025_01_15_15,test
DJI_DateTime_2025_01_15_15_14_0012_lat_10.3634606_lon_105.4198997_alt_20.370m,/home/hyggestuen/Downloads/_WeedyRice/WeedyRice-RGBMS-DB/RGB/DJI_DateTime_2025_01_15_15_14_0012_lat_10.3634606_lon_105.4198997_alt_20.370m.JPG,,"[""/home/hyggestuen/Downloads/_WeedyRice/WeedyRice-RGBMS-DB/Multispectral/DJI_DateTime_2025_01_15_15_14_0012_lat_10.3634606_lon_105.4198997_alt_20.370m_G.TIF"", ""/home/hyggestuen/Downloads/_WeedyRice/WeedyRice-RGBMS-DB/Multispectral/DJI_DateTime_2025_01_15_15_14_0012_lat_10.3634606_lon_105.4198997_alt_20.370m_NIR.TIF"", ""/home/hyggestuen/Downloads/_WeedyRice/WeedyRice-RGBMS-DB/Multispectral/DJI_DateTime_2025_01_15_15_14_0012_lat_10.3634606_lon_105.4198997_alt_20.370m_R.TIF"", ""/home/hyggestuen/Downloads/_WeedyRice/WeedyRice-RGBMS-DB/Multispectral/DJI_DateTime_2025_01_15_15_14_0012_lat_10.3634606_lon_105.4198997_alt_20.370m_RE.TIF""]",/home/hyggestuen/Downloads/_WeedyRice/WeedyRice-RGBMS-DB/Masks/DJI_DateTime_2025_01_15_15_14_0012_lat_10.3634606_lon_105.4198997_alt_20.370m.png,2025_01_15_15,test
DJI_DateTime_2025_01_15_15_14_0013_lat_10.3634293_lon_105.4198623_alt_20.369m,/home/hyggestuen/Downloads/_WeedyRice/WeedyRice-RGBMS-DB/RGB/DJI_DateTime_2025_01_15_15_14_0013_lat_10.3634293_lon_105.4198623_alt_20.369m.JPG,,"[""/home/hyggestuen/Downloads/_WeedyRice/WeedyRice-RGBMS-DB/Multispectral/DJI_DateTime_2025_01_15_15_14_0013_lat_10.3634293_lon_105.4198623_alt_20.369m_G.TIF"", ""/home/hyggestuen/Downloads/_WeedyRice/WeedyRice-RGBMS-DB/Multispectral/DJI_DateTime_2025_01_15_15_14_0013_lat_10.3634293_lon_105.4198623_alt_20.369m_NIR.TIF"", ""/home/hyggestuen/Downloads/_WeedyRice/WeedyRice-RGBMS-DB/Multispectral/DJI_DateTime_2025_01_15_15_14_0013_lat_10.3634293_lon_105.4198623_alt_20.369m_R.TIF"", ""/home/hyggestuen/Downloads/_WeedyRice/WeedyRice-RGBMS-DB/Multispectral/DJI_DateTime_2025_01_15_15_14_0013_lat_10.3634293_lon_105.4198623_alt_20.369m_RE.TIF""]",/home/hyggestuen/Downloads/_WeedyRice/WeedyRice-RGBMS-DB/Masks/DJI_DateTime_2025_01_15_15_14_0013_lat_10.3634293_lon_105.4198623_alt_20.369m.png,2025_01_15_15,test
DJI_DateTime_2025_01_15_15_14_0014_lat_10.3633976_lon_105.4198238_alt_20.387m,/home/hyggestuen/Downloads/_WeedyRice/WeedyRice-RGBMS-DB/RGB/DJI_DateTime_2025_01_15_15_14_0014_lat_10.3633976_lon_105.4198238_alt_20.387m.JPG,,"[""/home/hyggestuen/Downloads/_WeedyRice/WeedyRice-RGBMS-DB/Multispectral/DJI_DateTime_2025_01_15_15_14_0014_lat_10.3633976_lon_105.4198238_alt_20.387m_G.TIF"", ""/home/hyggestuen/Downloads/_WeedyRice/WeedyRice-RGBMS-DB/Multispectral/DJI_DateTime_2025_01_15_15_14_0014_lat_10.3633976_lon_105.4198238_alt_20.387m_NIR.TIF"", ""/home/hyggestuen/Downloads/_WeedyRice/WeedyRice-RGBMS-DB/Multispectral/DJI_DateTime_2025_01_15_15_14_0014_lat_10.3633976_lon_105.4198238_alt_20.387m_R.TIF"", ""/home/hyggestuen/Downloads/_WeedyRice/WeedyRice-RGBMS-DB/Multispectral/DJI_DateTime_2025_01_15_15_14_0014_lat_10.3633976_lon_105.4198238_alt_20.387m_RE.TIF""]",/home/hyggestuen/Downloads/_WeedyRice/WeedyRice-RGBMS-DB/Masks/DJI_DateTime_2025_01_15_15_14_0014_lat_10.3633976_lon_105.4198238_alt_20.387m.png,2025_01_15_15,test
DJI_DateTime_2025_01_15_15_14_0015_lat_10.3633666_lon_105.4197856_alt_20.386m,/home/hyggestuen/Downloads/_WeedyRice/WeedyRice-RGBMS-DB/RGB/DJI_DateTime_2025_01_15_15_14_0015_lat_10.3633666_lon_105.4197856_alt_20.386m.JPG,,"[""/home/hyggestuen/Downloads/_WeedyRice/WeedyRice-RGBMS-DB/Multispectral/DJI_DateTime_2025_01_15_15_14_0015_lat_10.3633666_lon_105.4197856_alt_20.386m_G.TIF"", ""/home/hyggestuen/Downloads/_WeedyRice/WeedyRice-RGBMS-DB/Multispectral/DJI_DateTime_2025_01_15_15_14_0015_lat_10.3633666_lon_105.4197856_alt_20.386m_NIR.TIF"", ""/home/hyggestuen/Downloads/_WeedyRice/WeedyRice-RGBMS-DB/Multispectral/DJI_DateTime_2025_01_15_15_14_0015_lat_10.3633666_lon_105.4197856_alt_20.386m_R.TIF"", ""/home/hyggestuen/Downloads/_WeedyRice/WeedyRice-RGBMS-DB/Multispectral/DJI_DateTime_2025_01_15_15_14_0015_lat_10.3633666_lon_105.4197856_alt_20.386m_RE.TIF""]",/home/hyggestuen/Downloads/_WeedyRice/WeedyRice-RGBMS-DB/Masks/DJI_DateTime_2025_01_15_15_14_0015_lat_10.3633666_lon_105.4197856_alt_20.386m.png,2025_01_15_15,test
DJI_DateTime_2025_01_15_15_14_0016_lat_10.3633350_lon_105.4197469_alt_20.354m,/home/hyggestuen/Downloads/_WeedyRice/WeedyRice-RGBMS-DB/RGB/DJI_DateTime_2025_01_15_15_14_0016_lat_10.3633350_lon_105.4197469_alt_20.354m.JPG,,"[""/home/hyggestuen/Downloads/_WeedyRice/WeedyRice-RGBMS-DB/Multispectral/DJI_DateTime_2025_01_15_15_14_0016_lat_10.3633350_lon_105.4197469_alt_20.354m_G.TIF"", ""/home/hyggestuen/Downloads/_WeedyRice/WeedyRice-RGBMS-DB/Multispectral/DJI_DateTime_2025_01_15_15_14_0016_lat_10.3633350_lon_105.4197469_alt_20.354m_NIR.TIF"", ""/home/hyggestuen/Downloads/_WeedyRice/WeedyRice-RGBMS-DB/Multispectral/DJI_DateTime_2025_01_15_15_14_0016_lat_10.3633350_lon_105.4197469_alt_20.354m_R.TIF"", ""/home/hyggestuen/Downloads/_WeedyRice/WeedyRice-RGBMS-DB/Multispectral/DJI_DateTime_2025_01_15_15_14_0016_lat_10.3633350_lon_105.4197469_alt_20.354m_RE.TIF""]",/home/hyggestuen/Downloads/_WeedyRice/WeedyRice-RGBMS-DB/Masks/DJI_DateTime_2025_01_15_15_14_0016_lat_10.3633350_lon_105.4197469_alt_20.354m.png,2025_01_15_15,test
DJI_DateTime_2025_01_15_15_14_0017_lat_10.3633037_lon_105.4197091_alt_20.389m,/home/hyggestuen/Downloads/_WeedyRice/WeedyRice-RGBMS-DB/RGB/DJI_DateTime_2025_01_15_15_14_0017_lat_10.3633037_lon_105.4197091_alt_20.389m.JPG,,"[""/home/hyggestuen/Downloads/_WeedyRice/WeedyRice-RGBMS-DB/Multispectral/DJI_DateTime_2025_01_15_15_14_0017_lat_10.3633037_lon_105.4197091_alt_20.389m_G.TIF"", ""/home/hyggestuen/Downloads/_WeedyRice/WeedyRice-RGBMS-DB/Multispectral/DJI_DateTime_2025_01_15_15_14_0017_lat_10.3633037_lon_105.4197091_alt_20.389m_NIR.TIF"", ""/home/hyggestuen/Downloads/_WeedyRice/WeedyRice-RGBMS-DB/Multispectral/DJI_DateTime_2025_01_15_15_14_0017_lat_10.3633037_lon_105.4197091_alt_20.389m_R.TIF"", ""/home/hyggestuen/Downloads/_WeedyRice/WeedyRice-RGBMS-DB/Multispectral/DJI_DateTime_2025_01_15_15_14_0017_lat_10.3633037_lon_105.4197091_alt_20.389m_RE.TIF""]",/home/hyggestuen/Downloads/_WeedyRice/WeedyRice-RGBMS-DB/Masks/DJI_DateTime_2025_01_15_15_14_0017_lat_10.3633037_lon_105.4197091_alt_20.389m.png,2025_01_15_15,test
DJI_DateTime_2025_01_15_15_14_0018_lat_10.3632719_lon_105.4196705_alt_20.392m,/home/hyggestuen/Downloads/_WeedyRice/WeedyRice-RGBMS-DB/RGB/DJI_DateTime_2025_01_15_15_14_0018_lat_10.3632719_lon_105.4196705_alt_20.392m.JPG,,"[""/home/hyggestuen/Downloads/_WeedyRice/WeedyRice-RGBMS-DB/Multispectral/DJI_DateTime_2025_01_15_15_14_0018_lat_10.3632719_lon_105.4196705_alt_20.392m_G.TIF"", ""/home/hyggestuen/Downloads/_WeedyRice/WeedyRice-RGBMS-DB/Multispectral/DJI_DateTime_2025_01_15_15_14_0018_lat_10.3632719_lon_105.4196705_alt_20.392m_NIR.TIF"", ""/home/hyggestuen/Downloads/_WeedyRice/WeedyRice-RGBMS-DB/Multispectral/DJI_DateTime_2025_01_15_15_14_0018_lat_10.3632719_lon_105.4196705_alt_20.392m_R.TIF"", ""/home/hyggestuen/Downloads/_WeedyRice/WeedyRice-RGBMS-DB/Multispectral/DJI_DateTime_2025_01_15_15_14_0018_lat_10.3632719_lon_105.4196705_alt_20.392m_RE.TIF""]",/home/hyggestuen/Downloads/_WeedyRice/WeedyRice-RGBMS-DB/Masks/DJI_DateTime_2025_01_15_15_14_0018_lat_10.3632719_lon_105.4196705_alt_20.392m.png,2025_01_15_15,test
DJI_DateTime_2025_01_15_15_14_0019_lat_10.3632620_lon_105.4196284_alt_20.465m,/home/hyggestuen/Downloads/_WeedyRice/WeedyRice-RGBMS-DB/RGB/DJI_DateTime_2025_01_15_15_14_0019_lat_10.3632620_lon_105.4196284_alt_20.465m.JPG,,"[""/home/hyggestuen/Downloads/_WeedyRice/WeedyRice-RGBMS-DB/Multispectral/DJI_DateTime_2025_01_15_15_14_0019_lat_10.3632620_lon_105.4196284_alt_20.465m_G.TIF"", ""/home/hyggestuen/Downloads/_WeedyRice/WeedyRice-RGBMS-DB/Multispectral/DJI_DateTime_2025_01_15_15_14_0019_lat_10.3632620_lon_105.4196284_alt_20.465m_NIR.TIF"", ""/home/hyggestuen/Downloads/_WeedyRice/WeedyRice-RGBMS-DB/Multispectral/DJI_DateTime_2025_01_15_15_14_0019_lat_10.3632620_lon_105.4196284_alt_20.465m_R.TIF"", ""/home/hyggestuen/Downloads/_WeedyRice/WeedyRice-RGBMS-DB/Multispectral/DJI_DateTime_2025_01_15_15_14_0019_lat_10.3632620_lon_105.4196284_alt_20.465m_RE.TIF""]",/home/hyggestuen/Downloads/_WeedyRice/WeedyRice-RGBMS-DB/Masks/DJI_DateTime_2025_01_15_15_14_0019_lat_10.3632620_lon_105.4196284_alt_20.465m.png,2025_01_15_15,test
DJI_DateTime_2025_01_15_15_14_0020_lat_10.3632993_lon_105.4196090_alt_20.320m,/home/hyggestuen/Downloads/_WeedyRice/WeedyRice-RGBMS-DB/RGB/DJI_DateTime_2025_01_15_15_14_0020_lat_10.3632993_lon_105.4196090_alt_20.320m.JPG,,"[""/home/hyggestuen/Downloads/_WeedyRice/WeedyRice-RGBMS-DB/Multispectral/DJI_DateTime_2025_01_15_15_14_0020_lat_10.3632993_lon_105.4196090_alt_20.320m_G.TIF"", ""/home/hyggestuen/Downloads/_WeedyRice/WeedyRice-RGBMS-DB/Multispectral/DJI_DateTime_2025_01_15_15_14_0020_lat_10.3632993_lon_105.4196090_alt_20.320m_NIR.TIF"", ""/home/hyggestuen/Downloads/_WeedyRice/WeedyRice-RGBMS-DB/Multispectral/DJI_DateTime_2025_01_15_15_14_0020_lat_10.3632993_lon_105.4196090_alt_20.320m_R.TIF"", ""/home/hyggestuen/Downloads/_WeedyRice/WeedyRice-RGBMS-DB/Multispectral/DJI_DateTime_2025_01_15_15_14_0020_lat_10.3632993_lon_105.4196090_alt_20.320m_RE.TIF""]",/home/hyggestuen/Downloads/_WeedyRice/WeedyRice-RGBMS-DB/Masks/DJI_DateTime_2025_01_15_15_14_0020_lat_10.3632993_lon_105.4196090_alt_20.320m.png,2025_01_15_15,test
DJI_DateTime_2025_01_15_15_14_0021_lat_10.3633324_lon_105.4196416_alt_20.311m,/home/hyggestuen/Downloads/_WeedyRice/WeedyRice-RGBMS-DB/RGB/DJI_DateTime_2025_01_15_15_14_0021_lat_10.3633324_lon_105.4196416_alt_20.311m.JPG,,"[""/home/hyggestuen/Downloads/_WeedyRice/WeedyRice-RGBMS-DB/Multispectral/DJI_DateTime_2025_01_15_15_14_0021_lat_10.3633324_lon_105.4196416_alt_20.311m_G.TIF"", ""/home/hyggestuen/Downloads/_WeedyRice/WeedyRice-RGBMS-DB/Multispectral/DJI_DateTime_2025_01_15_15_14_0021_lat_10.3633324_lon_105.4196416_alt_20.311m_NIR.TIF"", ""/home/hyggestuen/Downloads/_WeedyRice/WeedyRice-RGBMS-DB/Multispectral/DJI_DateTime_2025_01_15_15_14_0021_lat_10.3633324_lon_105.4196416_alt_20.311m_R.TIF"", ""/home/hyggestuen/Downloads/_WeedyRice/WeedyRice-RGBMS-DB/Multispectral/DJI_DateTime_2025_01_15_15_14_0021_lat_10.3633324_lon_105.4196416_alt_20.311m_RE.TIF""]",/home/hyggestuen/Downloads/_WeedyRice/WeedyRice-RGBMS-DB/Masks/DJI_DateTime_2025_01_15_15_14_0021_lat_10.3633324_lon_105.4196416_alt_20.311m.png,2025_01_15_15,test
DJI_DateTime_2025_01_15_15_14_0022_lat_10.3633649_lon_105.4196796_alt_20.375m,/home/hyggestuen/Downloads/_WeedyRice/WeedyRice-RGBMS-DB/RGB/DJI_DateTime_2025_01_15_15_14_0022_lat_10.3633649_lon_105.4196796_alt_20.375m.JPG,,"[""/home/hyggestuen/Downloads/_WeedyRice/WeedyRice-RGBMS-DB/Multispectral/DJI_DateTime_2025_01_15_15_14_0022_lat_10.3633649_lon_105.4196796_alt_20.375m_G.TIF"", ""/home/hyggestuen/Downloads/_WeedyRice/WeedyRice-RGBMS-DB/Multispectral/DJI_DateTime_2025_01_15_15_14_0022_lat_10.3633649_lon_105.4196796_alt_20.375m_NIR.TIF"", ""/home/hyggestuen/Downloads/_WeedyRice/WeedyRice-RGBMS-DB/Multispectral/DJI_DateTime_2025_01_15_15_14_0022_lat_10.3633649_lon_105.4196796_alt_20.375m_R.TIF"", ""/home/hyggestuen/Downloads/_WeedyRice/WeedyRice-RGBMS-DB/Multispectral/DJI_DateTime_2025_01_15_15_14_0022_lat_10.3633649_lon_105.4196796_alt_20.375m_RE.TIF""]",/home/hyggestuen/Downloads/_WeedyRice/WeedyRice-RGBMS-DB/Masks/DJI_DateTime_2025_01_15_15_14_0022_lat_10.3633649_lon_105.4196796_alt_20.375m.png,2025_01_15_15,test
DJI_DateTime_2025_01_15_15_15_0023_lat_10.3633962_lon_105.4197169_alt_20.327m,/home/hyggestuen/Downloads/_WeedyRice/WeedyRice-RGBMS-DB/RGB/DJI_DateTime_2025_01_15_15_15_0023_lat_10.3633962_lon_105.4197169_alt_20.327m.JPG,,"[""/home/hyggestuen/Downloads/_WeedyRice/WeedyRice-RGBMS-DB/Multispectral/DJI_DateTime_2025_01_15_15_15_0023_lat_10.3633962_lon_105.4197169_alt_20.327m_G.TIF"", ""/home/hyggestuen/Downloads/_WeedyRice/WeedyRice-RGBMS-DB/Multispectral/DJI_DateTime_2025_01_15_15_15_0023_lat_10.3633962_lon_105.4197169_alt_20.327m_NIR.TIF"", ""/home/hyggestuen/Downloads/_WeedyRice/WeedyRice-RGBMS-DB/Multispectral/DJI_DateTime_2025_01_15_15_15_0023_lat_10.3633962_lon_105.4197169_alt_20.327m_R.TIF"", ""/home/hyggestuen/Downloads/_WeedyRice/WeedyRice-RGBMS-DB/Multispectral/DJI_DateTime_2025_01_15_15_15_0023_lat_10.3633962_lon_105.4197169_alt_20.327m_RE.TIF""]",/home/hyggestuen/Downloads/_WeedyRice/WeedyRice-RGBMS-DB/Masks/DJI_DateTime_2025_01_15_15_15_0023_lat_10.3633962_lon_105.4197169_alt_20.327m.png,2025_01_15_15,test
DJI_DateTime_2025_01_15_15_15_0024_lat_10.3634284_lon_105.4197561_alt_20.375m,/home/hyggestuen/Downloads/_WeedyRice/WeedyRice-RGBMS-DB/RGB/DJI_DateTime_2025_01_15_15_15_0024_lat_10.3634284_lon_105.4197561_alt_20.375m.JPG,,"[""/home/hyggestuen/Downloads/_WeedyRice/WeedyRice-RGBMS-DB/Multispectral/DJI_DateTime_2025_01_15_15_15_0024_lat_10.3634284_lon_105.4197561_alt_20.375m_G.TIF"", ""/home/hyggestuen/Downloads/_WeedyRice/WeedyRice-RGBMS-DB/Multispectral/DJI_DateTime_2025_01_15_15_15_0024_lat_10.3634284_lon_105.4197561_alt_20.375m_NIR.TIF"", ""/home/hyggestuen/Downloads/_WeedyRice/WeedyRice-RGBMS-DB/Multispectral/DJI_DateTime_2025_01_15_15_15_0024_lat_10.3634284_lon_105.4197561_alt_20.375m_R.TIF"", ""/home/hyggestuen/Downloads/_WeedyRice/WeedyRice-RGBMS-DB/Multispectral/DJI_DateTime_2025_01_15_15_15_0024_lat_10.3634284_lon_105.4197561_alt_20.375m_RE.TIF""]",/home/hyggestuen/Downloads/_WeedyRice/WeedyRice-RGBMS-DB/Masks/DJI_DateTime_2025_01_15_15_15_0024_lat_10.3634284_lon_105.4197561_alt_20.375m.png,2025_01_15_15,test
DJI_DateTime_2025_01_15_15_15_0025_lat_10.3634595_lon_105.4197937_alt_20.414m,/home/hyggestuen/Downloads/_WeedyRice/WeedyRice-RGBMS-DB/RGB/DJI_DateTime_2025_01_15_15_15_0025_lat_10.3634595_lon_105.4197937_alt_20.414m.JPG,,"[""/home/hyggestuen/Downloads/_WeedyRice/WeedyRice-RGBMS-DB/Multispectral/DJI_DateTime_2025_01_15_15_15_0025_lat_10.3634595_lon_105.4197937_alt_20.414m_G.TIF"", ""/home/hyggestuen/Downloads/_WeedyRice/WeedyRice-RGBMS-DB/Multispectral/DJI_DateTime_2025_01_15_15_15_0025_lat_10.3634595_lon_105.4197937_alt_20.414m_NIR.TIF"", ""/home/hyggestuen/Downloads/_WeedyRice/WeedyRice-RGBMS-DB/Multispectral/DJI_DateTime_2025_01_15_15_15_0025_lat_10.3634595_lon_105.4197937_alt_20.414m_R.TIF"", ""/home/hyggestuen/Downloads/_WeedyRice/WeedyRice-RGBMS-DB/Multispectral/DJI_DateTime_2025_01_15_15_15_0025_lat_10.3634595_lon_105.4197937_alt_20.414m_RE.TIF""]",/home/hyggestuen/Downloads/_WeedyRice/WeedyRice-RGBMS-DB/Masks/DJI_DateTime_2025_01_15_15_15_0025_lat_10.3634595_lon_105.4197937_alt_20.414m.png,2025_01_15_15,test
DJI_DateTime_2025_01_15_15_15_0026_lat_10.3634917_lon_105.4198326_alt_20.426m,/home/hyggestuen/Downloads/_WeedyRice/WeedyRice-RGBMS-DB/RGB/DJI_DateTime_2025_01_15_15_15_0026_lat_10.3634917_lon_105.4198326_alt_20.426m.JPG,,"[""/home/hyggestuen/Downloads/_WeedyRice/WeedyRice-RGBMS-DB/Multispectral/DJI_DateTime_2025_01_15_15_15_0026_lat_10.3634917_lon_105.4198326_alt_20.426m_G.TIF"", ""/home/hyggestuen/Downloads/_WeedyRice/WeedyRice-RGBMS-DB/Multispectral/DJI_DateTime_2025_01_15_15_15_0026_lat_10.3634917_lon_105.4198326_alt_20.426m_NIR.TIF"", ""/home/hyggestuen/Downloads/_WeedyRice/WeedyRice-RGBMS-DB/Multispectral/DJI_DateTime_2025_01_15_15_15_0026_lat_10.3634917_lon_105.4198326_alt_20.426m_R.TIF"", ""/home/hyggestuen/Downloads/_WeedyRice/WeedyRice-RGBMS-DB/Multispectral/DJI_DateTime_2025_01_15_15_15_0026_lat_10.3634917_lon_105.4198326_alt_20.426m_RE.TIF""]",/home/hyggestuen/Downloads/_WeedyRice/WeedyRice-RGBMS-DB/Masks/DJI_DateTime_2025_01_15_15_15_0026_lat_10.3634917_lon_105.4198326_alt_20.426m.png,2025_01_15_15,test
DJI_DateTime_2025_01_15_15_15_0027_lat_10.3635230_lon_105.4198704_alt_20.460m,/home/hyggestuen/Downloads/_WeedyRice/WeedyRice-RGBMS-DB/RGB/DJI_DateTime_2025_01_15_15_15_0027_lat_10.3635230_lon_105.4198704_alt_20.460m.JPG,,"[""/home/hyggestuen/Downloads/_WeedyRice/WeedyRice-RGBMS-DB/Multispectral/DJI_DateTime_2025_01_15_15_15_0027_lat_10.3635230_lon_105.4198704_alt_20.460m_G.TIF"", ""/home/hyggestuen/Downloads/_WeedyRice/WeedyRice-RGBMS-DB/Multispectral/DJI_DateTime_2025_01_15_15_15_0027_lat_10.3635230_lon_105.4198704_alt_20.460m_NIR.TIF"", ""/home/hyggestuen/Downloads/_WeedyRice/WeedyRice-RGBMS-DB/Multispectral/DJI_DateTime_2025_01_15_15_15_0027_lat_10.3635230_lon_105.4198704_alt_20.460m_R.TIF"", ""/home/hyggestuen/Downloads/_WeedyRice/WeedyRice-RGBMS-DB/Multispectral/DJI_DateTime_2025_01_15_15_15_0027_lat_10.3635230_lon_105.4198704_alt_20.460m_RE.TIF""]",/home/hyggestuen/Downloads/_WeedyRice/WeedyRice-RGBMS-DB/Masks/DJI_DateTime_2025_01_15_15_15_0027_lat_10.3635230_lon_105.4198704_alt_20.460m.png,2025_01_15_15,test
DJI_DateTime_2025_01_15_15_15_0028_lat_10.3635554_lon_105.4199093_alt_20.349m,/home/hyggestuen/Downloads/_WeedyRice/WeedyRice-RGBMS-DB/RGB/DJI_DateTime_2025_01_15_15_15_0028_lat_10.3635554_lon_105.4199093_alt_20.349m.JPG,,"[""/home/hyggestuen/Downloads/_WeedyRice/WeedyRice-RGBMS-DB/Multispectral/DJI_DateTime_2025_01_15_15_15_0028_lat_10.3635554_lon_105.4199093_alt_20.349m_G.TIF"", ""/home/hyggestuen/Downloads/_WeedyRice/WeedyRice-RGBMS-DB/Multispectral/DJI_DateTime_2025_01_15_15_15_0028_lat_10.3635554_lon_105.4199093_alt_20.349m_NIR.TIF"", ""/home/hyggestuen/Downloads/_WeedyRice/WeedyRice-RGBMS-DB/Multispectral/DJI_DateTime_2025_01_15_15_15_0028_lat_10.3635554_lon_105.4199093_alt_20.349m_R.TIF"", ""/home/hyggestuen/Downloads/_WeedyRice/WeedyRice-RGBMS-DB/Multispectral/DJI_DateTime_2025_01_15_15_15_0028_lat_10.3635554_lon_105.4199093_alt_20.349m_RE.TIF""]",/home/hyggestuen/Downloads/_WeedyRice/WeedyRice-RGBMS-DB/Masks/DJI_DateTime_2025_01_15_15_15_0028_lat_10.3635554_lon_105.4199093_alt_20.349m.png,2025_01_15_15,test
DJI_DateTime_2025_01_15_15_15_0029_lat_10.3635870_lon_105.4199475_alt_20.360m,/home/hyggestuen/Downloads/_WeedyRice/WeedyRice-RGBMS-DB/RGB/DJI_DateTime_2025_01_15_15_15_0029_lat_10.3635870_lon_105.4199475_alt_20.360m.JPG,,"[""/home/hyggestuen/Downloads/_WeedyRice/WeedyRice-RGBMS-DB/Multispectral/DJI_DateTime_2025_01_15_15_15_0029_lat_10.3635870_lon_105.4199475_alt_20.360m_G.TIF"", ""/home/hyggestuen/Downloads/_WeedyRice/WeedyRice-RGBMS-DB/Multispectral/DJI_DateTime_2025_01_15_15_15_0029_lat_10.3635870_lon_105.4199475_alt_20.360m_NIR.TIF"", ""/home/hyggestuen/Downloads/_WeedyRice/WeedyRice-RGBMS-DB/Multispectral/DJI_DateTime_2025_01_15_15_15_0029_lat_10.3635870_lon_105.4199475_alt_20.360m_R.TIF"", ""/home/hyggestuen/Downloads/_WeedyRice/WeedyRice-RGBMS-DB/Multispectral/DJI_DateTime_2025_01_15_15_15_0029_lat_10.3635870_lon_105.4199475_alt_20.360m_RE.TIF""]",/home/hyggestuen/Downloads/_WeedyRice/WeedyRice-RGBMS-DB/Masks/DJI_DateTime_2025_01_15_15_15_0029_lat_10.3635870_lon_105.4199475_alt_20.360m.png,2025_01_15_15,test
DJI_DateTime_2025_01_15_15_15_0030_lat_10.3636185_lon_105.4199858_alt_20.347m,/home/hyggestuen/Downloads/_WeedyRice/WeedyRice-RGBMS-DB/RGB/DJI_DateTime_2025_01_15_15_15_0030_lat_10.3636185_lon_105.4199858_alt_20.347m.JPG,,"[""/home/hyggestuen/Downloads/_WeedyRice/WeedyRice-RGBMS-DB/Multispectral/DJI_DateTime_2025_01_15_15_15_0030_lat_10.3636185_lon_105.4199858_alt_20.347m_G.TIF"", ""/home/hyggestuen/Downloads/_WeedyRice/WeedyRice-RGBMS-DB/Multispectral/DJI_DateTime_2025_01_15_15_15_0030_lat_10.3636185_lon_105.4199858_alt_20.347m_NIR.TIF"", ""/home/hyggestuen/Downloads/_WeedyRice/WeedyRice-RGBMS-DB/Multispectral/DJI_DateTime_2025_01_15_15_15_0030_lat_10.3636185_lon_105.4199858_alt_20.347m_R.TIF"", ""/home/hyggestuen/Downloads/_WeedyRice/WeedyRice-RGBMS-DB/Multispectral/DJI_DateTime_2025_01_15_15_15_0030_lat_10.3636185_lon_105.4199858_alt_20.347m_RE.TIF""]",/home/hyggestuen/Downloads/_WeedyRice/WeedyRice-RGBMS-DB/Masks/DJI_DateTime_2025_01_15_15_15_0030_lat_10.3636185_lon_105.4199858_alt_20.347m.png,2025_01_15_15,test
DJI_DateTime_2025_01_15_15_15_0031_lat_10.3636500_lon_105.4200241_alt_20.339m,/home/hyggestuen/Downloads/_WeedyRice/WeedyRice-RGBMS-DB/RGB/DJI_DateTime_2025_01_15_15_15_0031_lat_10.3636500_lon_105.4200241_alt_20.339m.JPG,,"[""/home/hyggestuen/Downloads/_WeedyRice/WeedyRice-RGBMS-DB/Multispectral/DJI_DateTime_2025_01_15_15_15_0031_lat_10.3636500_lon_105.4200241_alt_20.339m_G.TIF"", ""/home/hyggestuen/Downloads/_WeedyRice/WeedyRice-RGBMS-DB/Multispectral/DJI_DateTime_2025_01_15_15_15_0031_lat_10.3636500_lon_105.4200241_alt_20.339m_NIR.TIF"", ""/home/hyggestuen/Downloads/_WeedyRice/WeedyRice-RGBMS-DB/Multispectral/DJI_DateTime_2025_01_15_15_15_0031_lat_10.3636500_lon_105.4200241_alt_20.339m_R.TIF"", ""/home/hyggestuen/Downloads/_WeedyRice/WeedyRice-RGBMS-DB/Multispectral/DJI_DateTime_2025_01_15_15_15_0031_lat_10.3636500_lon_105.4200241_alt_20.339m_RE.TIF""]",/home/hyggestuen/Downloads/_WeedyRice/WeedyRice-RGBMS-DB/Masks/DJI_DateTime_2025_01_15_15_15_0031_lat_10.3636500_lon_105.4200241_alt_20.339m.png,2025_01_15_15,test
DJI_DateTime_2025_01_15_15_15_0032_lat_10.3636817_lon_105.4200628_alt_20.392m,/home/hyggestuen/Downloads/_WeedyRice/WeedyRice-RGBMS-DB/RGB/DJI_DateTime_2025_01_15_15_15_0032_lat_10.3636817_lon_105.4200628_alt_20.392m.JPG,,"[""/home/hyggestuen/Downloads/_WeedyRice/WeedyRice-RGBMS-DB/Multispectral/DJI_DateTime_2025_01_15_15_15_0032_lat_10.3636817_lon_105.4200628_alt_20.392m_G.TIF"", ""/home/hyggestuen/Downloads/_WeedyRice/WeedyRice-RGBMS-DB/Multispectral/DJI_DateTime_2025_01_15_15_15_0032_lat_10.3636817_lon_105.4200628_alt_20.392m_NIR.TIF"", ""/home/hyggestuen/Downloads/_WeedyRice/WeedyRice-RGBMS-DB/Multispectral/DJI_DateTime_2025_01_15_15_15_0032_lat_10.3636817_lon_105.4200628_alt_20.392m_R.TIF"", ""/home/hyggestuen/Downloads/_WeedyRice/WeedyRice-RGBMS-DB/Multispectral/DJI_DateTime_2025_01_15_15_15_0032_lat_10.3636817_lon_105.4200628_alt_20.392m_RE.TIF""]",/home/hyggestuen/Downloads/_WeedyRice/WeedyRice-RGBMS-DB/Masks/DJI_DateTime_2025_01_15_15_15_0032_lat_10.3636817_lon_105.4200628_alt_20.392m.png,2025_01_15_15,test
DJI_DateTime_2025_01_15_15_15_0033_lat_10.3637138_lon_105.4201011_alt_20.428m,/home/hyggestuen/Downloads/_WeedyRice/WeedyRice-RGBMS-DB/RGB/DJI_DateTime_2025_01_15_15_15_0033_lat_10.3637138_lon_105.4201011_alt_20.428m.JPG,,"[""/home/hyggestuen/Downloads/_WeedyRice/WeedyRice-RGBMS-DB/Multispectral/DJI_DateTime_2025_01_15_15_15_0033_lat_10.3637138_lon_105.4201011_alt_20.428m_G.TIF"", ""/home/hyggestuen/Downloads/_WeedyRice/WeedyRice-RGBMS-DB/Multispectral/DJI_DateTime_2025_01_15_15_15_0033_lat_10.3637138_lon_105.4201011_alt_20.428m_NIR.TIF"", ""/home/hyggestuen/Downloads/_WeedyRice/WeedyRice-RGBMS-DB/Multispectral/DJI_DateTime_2025_01_15_15_15_0033_lat_10.3637138_lon_105.4201011_alt_20.428m_R.TIF"", ""/home/hyggestuen/Downloads/_WeedyRice/WeedyRice-RGBMS-DB/Multispectral/DJI_DateTime_2025_01_15_15_15_0033_lat_10.3637138_lon_105.4201011_alt_20.428m_RE.TIF""]",/home/hyggestuen/Downloads/_WeedyRice/WeedyRice-RGBMS-DB/Masks/DJI_DateTime_2025_01_15_15_15_0033_lat_10.3637138_lon_105.4201011_alt_20.428m.png,2025_01_15_15,test
DJI_DateTime_2025_01_15_15_15_0034_lat_10.3637451_lon_105.4201391_alt_20.429m,/home/hyggestuen/Downloads/_WeedyRice/WeedyRice-RGBMS-DB/RGB/DJI_DateTime_2025_01_15_15_15_0034_lat_10.3637451_lon_105.4201391_alt_20.429m.JPG,,"[""/home/hyggestuen/Downloads/_WeedyRice/WeedyRice-RGBMS-DB/Multispectral/DJI_DateTime_2025_01_15_15_15_0034_lat_10.3637451_lon_105.4201391_alt_20.429m_G.TIF"", ""/home/hyggestuen/Downloads/_WeedyRice/WeedyRice-RGBMS-DB/Multispectral/DJI_DateTime_2025_01_15_15_15_0034_lat_10.3637451_lon_105.4201391_alt_20.429m_NIR.TIF"", ""/home/hyggestuen/Downloads/_WeedyRice/WeedyRice-RGBMS-DB/Multispectral/DJI_DateTime_2025_01_15_15_15_0034_lat_10.3637451_lon_105.4201391_alt_20.429m_R.TIF"", ""/home/hyggestuen/Downloads/_WeedyRice/WeedyRice-RGBMS-DB/Multispectral/DJI_DateTime_2025_01_15_15_15_0034_lat_10.3637451_lon_105.4201391_alt_20.429m_RE.TIF""]",/home/hyggestuen/Downloads/_WeedyRice/WeedyRice-RGBMS-DB/Masks/DJI_DateTime_2025_01_15_15_15_0034_lat_10.3637451_lon_105.4201391_alt_20.429m.png,2025_01_15_15,test
DJI_DateTime_2025_01_15_15_15_0035_lat_10.3637775_lon_105.4201774_alt_20.363m,/home/hyggestuen/Downloads/_WeedyRice/WeedyRice-RGBMS-DB/RGB/DJI_DateTime_2025_01_15_15_15_0035_lat_10.3637775_lon_105.4201774_alt_20.363m.JPG,,"[""/home/hyggestuen/Downloads/_WeedyRice/WeedyRice-RGBMS-DB/Multispectral/DJI_DateTime_2025_01_15_15_15_0035_lat_10.3637775_lon_105.4201774_alt_20.363m_G.TIF"", ""/home/hyggestuen/Downloads/_WeedyRice/WeedyRice-RGBMS-DB/Multispectral/DJI_DateTime_2025_01_15_15_15_0035_lat_10.3637775_lon_105.4201774_alt_20.363m_NIR.TIF"", ""/home/hyggestuen/Downloads/_WeedyRice/WeedyRice-RGBMS-DB/Multispectral/DJI_DateTime_2025_01_15_15_15_0035_lat_10.3637775_lon_105.4201774_alt_20.363m_R.TIF"", ""/home/hyggestuen/Downloads/_WeedyRice/WeedyRice-RGBMS-DB/Multispectral/DJI_DateTime_2025_01_15_15_15_0035_lat_10.3637775_lon_105.4201774_alt_20.363m_RE.TIF""]",/home/hyggestuen/Downloads/_WeedyRice/WeedyRice-RGBMS-DB/Masks/DJI_DateTime_2025_01_15_15_15_0035_lat_10.3637775_lon_105.4201774_alt_20.363m.png,2025_01_15_15,test
DJI_DateTime_2025_01_15_15_15_0036_lat_10.3638089_lon_105.4202164_alt_20.496m,/home/hyggestuen/Downloads/_WeedyRice/WeedyRice-RGBMS-DB/RGB/DJI_DateTime_2025_01_15_15_15_0036_lat_10.3638089_lon_105.4202164_alt_20.496m.JPG,,"[""/home/hyggestuen/Downloads/_WeedyRice/WeedyRice-RGBMS-DB/Multispectral/DJI_DateTime_2025_01_15_15_15_0036_lat_10.3638089_lon_105.4202164_alt_20.496m_G.TIF"", ""/home/hyggestuen/Downloads/_WeedyRice/WeedyRice-RGBMS-DB/Multispectral/DJI_DateTime_2025_01_15_15_15_0036_lat_10.3638089_lon_105.4202164_alt_20.496m_NIR.TIF"", ""/home/hyggestuen/Downloads/_WeedyRice/WeedyRice-RGBMS-DB/Multispectral/DJI_DateTime_2025_01_15_15_15_0036_lat_10.3638089_lon_105.4202164_alt_20.496m_R.TIF"", ""/home/hyggestuen/Downloads/_WeedyRice/WeedyRice-RGBMS-DB/Multispectral/DJI_DateTime_2025_01_15_15_15_0036_lat_10.3638089_lon_105.4202164_alt_20.496m_RE.TIF""]",/home/hyggestuen/Downloads/_WeedyRice/WeedyRice-RGBMS-DB/Masks/DJI_DateTime_2025_01_15_15_15_0036_lat_10.3638089_lon_105.4202164_alt_20.496m.png,2025_01_15_15,test
DJI_DateTime_2025_01_15_15_15_0040_lat_10.3638508_lon_105.4201654_alt_20.461m,/home/hyggestuen/Downloads/_WeedyRice/WeedyRice-RGBMS-DB/RGB/DJI_DateTime_2025_01_15_15_15_0040_lat_10.3638508_lon_105.4201654_alt_20.461m.JPG,,"[""/home/hyggestuen/Downloads/_WeedyRice/WeedyRice-RGBMS-DB/Multispectral/DJI_DateTime_2025_01_15_15_15_0040_lat_10.3638508_lon_105.4201654_alt_20.461m_G.TIF"", ""/home/hyggestuen/Downloads/_WeedyRice/WeedyRice-RGBMS-DB/Multispectral/DJI_DateTime_2025_01_15_15_15_0040_lat_10.3638508_lon_105.4201654_alt_20.461m_NIR.TIF"", ""/home/hyggestuen/Downloads/_WeedyRice/WeedyRice-RGBMS-DB/Multispectral/DJI_DateTime_2025_01_15_15_15_0040_lat_10.3638508_lon_105.4201654_alt_20.461m_R.TIF"", ""/home/hyggestuen/Downloads/_WeedyRice/WeedyRice-RGBMS-DB/Multispectral/DJI_DateTime_2025_01_15_15_15_0040_lat_10.3638508_lon_105.4201654_alt_20.461m_RE.TIF""]",/home/hyggestuen/Downloads/_WeedyRice/WeedyRice-RGBMS-DB/Masks/DJI_DateTime_2025_01_15_15_15_0040_lat_10.3638508_lon_105.4201654_alt_20.461m.png,2025_01_15_15,test
DJI_DateTime_2025_01_15_15_15_0041_lat_10.3638189_lon_105.4201264_alt_20.463m,/home/hyggestuen/Downloads/_WeedyRice/WeedyRice-RGBMS-DB/RGB/DJI_DateTime_2025_01_15_15_15_0041_lat_10.3638189_lon_105.4201264_alt_20.463m.JPG,,"[""/home/hyggestuen/Downloads/_WeedyRice/WeedyRice-RGBMS-DB/Multispectral/DJI_DateTime_2025_01_15_15_15_0041_lat_10.3638189_lon_105.4201264_alt_20.463m_G.TIF"", ""/home/hyggestuen/Downloads/_WeedyRice/WeedyRice-RGBMS-DB/Multispectral/DJI_DateTime_2025_01_15_15_15_0041_lat_10.3638189_lon_105.4201264_alt_20.463m_NIR.TIF"", ""/home/hyggestuen/Downloads/_WeedyRice/WeedyRice-RGBMS-DB/Multispectral/DJI_DateTime_2025_01_15_15_15_0041_lat_10.3638189_lon_105.4201264_alt_20.463m_R.TIF"", ""/home/hyggestuen/Downloads/_WeedyRice/WeedyRice-RGBMS-DB/Multispectral/DJI_DateTime_2025_01_15_15_15_0041_lat_10.3638189_lon_105.4201264_alt_20.463m_RE.TIF""]",/home/hyggestuen/Downloads/_WeedyRice/WeedyRice-RGBMS-DB/Masks/DJI_DateTime_2025_01_15_15_15_0041_lat_10.3638189_lon_105.4201264_alt_20.463m.png,2025_01_15_15,test
DJI_DateTime_2025_01_15_15_15_0042_lat_10.3637872_lon_105.4200877_alt_20.412m,/home/hyggestuen/Downloads/_WeedyRice/WeedyRice-RGBMS-DB/RGB/DJI_DateTime_2025_01_15_15_15_0042_lat_10.3637872_lon_105.4200877_alt_20.412m.JPG,,"[""/home/hyggestuen/Downloads/_WeedyRice/WeedyRice-RGBMS-DB/Multispectral/DJI_DateTime_2025_01_15_15_15_0042_lat_10.3637872_lon_105.4200877_alt_20.412m_G.TIF"", ""/home/hyggestuen/Downloads/_WeedyRice/WeedyRice-RGBMS-DB/Multispectral/DJI_DateTime_2025_01_15_15_15_0042_lat_10.3637872_lon_105.4200877_alt_20.412m_NIR.TIF"", ""/home/hyggestuen/Downloads/_WeedyRice/WeedyRice-RGBMS-DB/Multispectral/DJI_DateTime_2025_01_15_15_15_0042_lat_10.3637872_lon_105.4200877_alt_20.412m_R.TIF"", ""/home/hyggestuen/Downloads/_WeedyRice/WeedyRice-RGBMS-DB/Multispectral/DJI_DateTime_2025_01_15_15_15_0042_lat_10.3637872_lon_105.4200877_alt_20.412m_RE.TIF""]",/home/hyggestuen/Downloads/_WeedyRice/WeedyRice-RGBMS-DB/Masks/DJI_DateTime_2025_01_15_15_15_0042_lat_10.3637872_lon_105.4200877_alt_20.412m.png,2025_01_15_15,test
DJI_DateTime_2025_01_15_15_15_0043_lat_10.3637556_lon_105.4200492_alt_20.380m,/home/hyggestuen/Downloads/_WeedyRice/WeedyRice-RGBMS-DB/RGB/DJI_DateTime_2025_01_15_15_15_0043_lat_10.3637556_lon_105.4200492_alt_20.380m.JPG,,"[""/home/hyggestuen/Downloads/_WeedyRice/WeedyRice-RGBMS-DB/Multispectral/DJI_DateTime_2025_01_15_15_15_0043_lat_10.3637556_lon_105.4200492_alt_20.380m_G.TIF"", ""/home/hyggestuen/Downloads/_WeedyRice/WeedyRice-RGBMS-DB/Multispectral/DJI_DateTime_2025_01_15_15_15_0043_lat_10.3637556_lon_105.4200492_alt_20.380m_NIR.TIF"", ""/home/hyggestuen/Downloads/_WeedyRice/WeedyRice-RGBMS-DB/Multispectral/DJI_DateTime_2025_01_15_15_15_0043_lat_10.3637556_lon_105.4200492_alt_20.380m_R.TIF"", ""/home/hyggestuen/Downloads/_WeedyRice/WeedyRice-RGBMS-DB/Multispectral/DJI_DateTime_2025_01_15_15_15_0043_lat_10.3637556_lon_105.4200492_alt_20.380m_RE.TIF""]",/home/hyggestuen/Downloads/_WeedyRice/WeedyRice-RGBMS-DB/Masks/DJI_DateTime_2025_01_15_15_15_0043_lat_10.3637556_lon_105.4200492_alt_20.380m.png,2025_01_15_15,test
DJI_DateTime_2025_01_15_15_15_0044_lat_10.3637246_lon_105.4200114_alt_20.381m,/home/hyggestuen/Downloads/_WeedyRice/WeedyRice-RGBMS-DB/RGB/DJI_DateTime_2025_01_15_15_15_0044_lat_10.3637246_lon_105.4200114_alt_20.381m.JPG,,"[""/home/hyggestuen/Downloads/_WeedyRice/WeedyRice-RGBMS-DB/Multispectral/DJI_DateTime_2025_01_15_15_15_0044_lat_10.3637246_lon_105.4200114_alt_20.381m_G.TIF"", ""/home/hyggestuen/Downloads/_WeedyRice/WeedyRice-RGBMS-DB/Multispectral/DJI_DateTime_2025_01_15_15_15_0044_lat_10.3637246_lon_105.4200114_alt_20.381m_NIR.TIF"", ""/home/hyggestuen/Downloads/_WeedyRice/WeedyRice-RGBMS-DB/Multispectral/DJI_DateTime_2025_01_15_15_15_0044_lat_10.3637246_lon_105.4200114_alt_20.381m_R.TIF"", ""/home/hyggestuen/Downloads/_WeedyRice/WeedyRice-RGBMS-DB/Multispectral/DJI_DateTime_2025_01_15_15_15_0044_lat_10.3637246_lon_105.4200114_alt_20.381m_RE.TIF""]",/home/hyggestuen/Downloads/_WeedyRice/WeedyRice-RGBMS-DB/Masks/DJI_DateTime_2025_01_15_15_15_0044_lat_10.3637246_lon_105.4200114_alt_20.381m.png,2025_01_15_15,test
DJI_DateTime_2025_01_15_15_15_0045_lat_10.3636928_lon_105.4199729_alt_20.371m,/home/hyggestuen/Downloads/_WeedyRice/WeedyRice-RGBMS-DB/RGB/DJI_DateTime_2025_01_15_15_15_0045_lat_10.3636928_lon_105.4199729_alt_20.371m.JPG,,"[""/home/hyggestuen/Downloads/_WeedyRice/WeedyRice-RGBMS-DB/Multispectral/DJI_DateTime_2025_01_15_15_15_0045_lat_10.3636928_lon_105.4199729_alt_20.371m_G.TIF"", ""/home/hyggestuen/Downloads/_WeedyRice/WeedyRice-RGBMS-DB/Multispectral/DJI_DateTime_2025_01_15_15_15_0045_lat_10.3636928_lon_105.4199729_alt_20.371m_NIR.TIF"", ""/home/hyggestuen/Downloads/_WeedyRice/WeedyRice-RGBMS-DB/Multispectral/DJI_DateTime_2025_01_15_15_15_0045_lat_10.3636928_lon_105.4199729_alt_20.371m_R.TIF"", ""/home/hyggestuen/Downloads/_WeedyRice/WeedyRice-RGBMS-DB/Multispectral/DJI_DateTime_2025_01_15_15_15_0045_lat_10.3636928_lon_105.4199729_alt_20.371m_RE.TIF""]",/home/hyggestuen/Downloads/_WeedyRice/WeedyRice-RGBMS-DB/Masks/DJI_DateTime_2025_01_15_15_15_0045_lat_10.3636928_lon_105.4199729_alt_20.371m.png,2025_01_15_15,test
DJI_DateTime_2025_01_15_15_15_0046_lat_10.3636611_lon_105.4199338_alt_20.383m,/home/hyggestuen/Downloads/_WeedyRice/WeedyRice-RGBMS-DB/RGB/DJI_DateTime_2025_01_15_15_15_0046_lat_10.3636611_lon_105.4199338_alt_20.383m.JPG,,"[""/home/hyggestuen/Downloads/_WeedyRice/WeedyRice-RGBMS-DB/Multispectral/DJI_DateTime_2025_01_15_15_15_0046_lat_10.3636611_lon_105.4199338_alt_20.383m_G.TIF"", ""/home/hyggestuen/Downloads/_WeedyRice/WeedyRice-RGBMS-DB/Multispectral/DJI_DateTime_2025_01_15_15_15_0046_lat_10.3636611_lon_105.4199338_alt_20.383m_NIR.TIF"", ""/home/hyggestuen/Downloads/_WeedyRice/WeedyRice-RGBMS-DB/Multispectral/DJI_DateTime_2025_01_15_15_15_0046_lat_10.3636611_lon_105.4199338_alt_20.383m_R.TIF"", ""/home/hyggestuen/Downloads/_WeedyRice/WeedyRice-RGBMS-DB/Multispectral/DJI_DateTime_2025_01_15_15_15_0046_lat_10.3636611_lon_105.4199338_alt_20.383m_RE.TIF""]",/home/hyggestuen/Downloads/_WeedyRice/WeedyRice-RGBMS-DB/Masks/DJI_DateTime_2025_01_15_15_15_0046_lat_10.3636611_lon_105.4199338_alt_20.383m.png,2025_01_15_15,test
DJI_DateTime_2025_01_15_15_15_0047_lat_10.3636291_lon_105.4198950_alt_20.405m,/home/hyggestuen/Downloads/_WeedyRice/WeedyRice-RGBMS-DB/RGB/DJI_DateTime_2025_01_15_15_15_0047_lat_10.3636291_lon_105.4198950_alt_20.405m.JPG,,"[""/home/hyggestuen/Downloads/_WeedyRice/WeedyRice-RGBMS-DB/Multispectral/DJI_DateTime_2025_01_15_15_15_0047_lat_10.3636291_lon_105.4198950_alt_20.405m_G.TIF"", ""/home/hyggestuen/Downloads/_WeedyRice/WeedyRice-RGBMS-DB/Multispectral/DJI_DateTime_2025_01_15_15_15_0047_lat_10.3636291_lon_105.4198950_alt_20.405m_NIR.TIF"", ""/home/hyggestuen/Downloads/_WeedyRice/WeedyRice-RGBMS-DB/Multispectral/DJI_DateTime_2025_01_15_15_15_0047_lat_10.3636291_lon_105.4198950_alt_20.405m_R.TIF"", ""/home/hyggestuen/Downloads/_WeedyRice/WeedyRice-RGBMS-DB/Multispectral/DJI_DateTime_2025_01_15_15_15_0047_lat_10.3636291_lon_105.4198950_alt_20.405m_RE.TIF""]",/home/hyggestuen/Downloads/_WeedyRice/WeedyRice-RGBMS-DB/Masks/DJI_DateTime_2025_01_15_15_15_0047_lat_10.3636291_lon_105.4198950_alt_20.405m.png,2025_01_15_15,test
DJI_DateTime_2025_01_15_15_16_0048_lat_10.3635981_lon_105.4198577_alt_20.395m,/home/hyggestuen/Downloads/_WeedyRice/WeedyRice-RGBMS-DB/RGB/DJI_DateTime_2025_01_15_15_16_0048_lat_10.3635981_lon_105.4198577_alt_20.395m.JPG,,"[""/home/hyggestuen/Downloads/_WeedyRice/WeedyRice-RGBMS-DB/Multispectral/DJI_DateTime_2025_01_15_15_16_0048_lat_10.3635981_lon_105.4198577_alt_20.395m_G.TIF"", ""/home/hyggestuen/Downloads/_WeedyRice/WeedyRice-RGBMS-DB/Multispectral/DJI_DateTime_2025_01_15_15_16_0048_lat_10.3635981_lon_105.4198577_alt_20.395m_NIR.TIF"", ""/home/hyggestuen/Downloads/_WeedyRice/WeedyRice-RGBMS-DB/Multispectral/DJI_DateTime_2025_01_15_15_16_0048_lat_10.3635981_lon_105.4198577_alt_20.395m_R.TIF"", ""/home/hyggestuen/Downloads/_WeedyRice/WeedyRice-RGBMS-DB/Multispectral/DJI_DateTime_2025_01_15_15_16_0048_lat_10.3635981_lon_105.4198577_alt_20.395m_RE.TIF""]",/home/hyggestuen/Downloads/_WeedyRice/WeedyRice-RGBMS-DB/Masks/DJI_DateTime_2025_01_15_15_16_0048_lat_10.3635981_lon_105.4198577_alt_20.395m.png,2025_01_15_15,test
DJI_DateTime_2025_01_15_15_16_0049_lat_10.3635666_lon_105.4198196_alt_20.383m,/home/hyggestuen/Downloads/_WeedyRice/WeedyRice-RGBMS-DB/RGB/DJI_DateTime_2025_01_15_15_16_0049_lat_10.3635666_lon_105.4198196_alt_20.383m.JPG,,"[""/home/hyggestuen/Downloads/_WeedyRice/WeedyRice-RGBMS-DB/Multispectral/DJI_DateTime_2025_01_15_15_16_0049_lat_10.3635666_lon_105.4198196_alt_20.383m_G.TIF"", ""/home/hyggestuen/Downloads/_WeedyRice/WeedyRice-RGBMS-DB/Multispectral/DJI_DateTime_2025_01_15_15_16_0049_lat_10.3635666_lon_105.4198196_alt_20.383m_NIR.TIF"", ""/home/hyggestuen/Downloads/_WeedyRice/WeedyRice-RGBMS-DB/Multispectral/DJI_DateTime_2025_01_15_15_16_0049_lat_10.3635666_lon_105.4198196_alt_20.383m_R.TIF"", ""/home/hyggestuen/Downloads/_WeedyRice/WeedyRice-RGBMS-DB/Multispectral/DJI_DateTime_2025_01_15_15_16_0049_lat_10.3635666_lon_105.4198196_alt_20.383m_RE.TIF""]",/home/hyggestuen/Downloads/_WeedyRice/WeedyRice-RGBMS-DB/Masks/DJI_DateTime_2025_01_15_15_16_0049_lat_10.3635666_lon_105.4198196_alt_20.383m.png,2025_01_15_15,test
DJI_DateTime_2025_01_15_15_16_0050_lat_10.3635346_lon_105.4197804_alt_20.384m,/home/hyggestuen/Downloads/_WeedyRice/WeedyRice-RGBMS-DB/RGB/DJI_DateTime_2025_01_15_15_16_0050_lat_10.3635346_lon_105.4197804_alt_20.384m.JPG,,"[""/home/hyggestuen/Downloads/_WeedyRice/WeedyRice-RGBMS-DB/Multispectral/DJI_DateTime_2025_01_15_15_16_0050_lat_10.3635346_lon_105.4197804_alt_20.384m_G.TIF"", ""/home/hyggestuen/Downloads/_WeedyRice/WeedyRice-RGBMS-DB/Multispectral/DJI_DateTime_2025_01_15_15_16_0050_lat_10.3635346_lon_105.4197804_alt_20.384m_NIR.TIF"", ""/home/hyggestuen/Downloads/_WeedyRice/WeedyRice-RGBMS-DB/Multispectral/DJI_DateTime_2025_01_15_15_16_0050_lat_10.3635346_lon_105.4197804_alt_20.384m_R.TIF"", ""/home/hyggestuen/Downloads/_WeedyRice/WeedyRice-RGBMS-DB/Multispectral/DJI_DateTime_2025_01_15_15_16_0050_lat_10.3635346_lon_105.4197804_alt_20.384m_RE.TIF""]",/home/hyggestuen/Downloads/_WeedyRice/WeedyRice-RGBMS-DB/Masks/DJI_DateTime_2025_01_15_15_16_0050_lat_10.3635346_lon_105.4197804_alt_20.384m.png,2025_01_15_15,test
DJI_DateTime_2025_01_15_15_16_0051_lat_10.3635031_lon_105.4197424_alt_20.381m,/home/hyggestuen/Downloads/_WeedyRice/WeedyRice-RGBMS-DB/RGB/DJI_DateTime_2025_01_15_15_16_0051_lat_10.3635031_lon_105.4197424_alt_20.381m.JPG,,"[""/home/hyggestuen/Downloads/_WeedyRice/WeedyRice-RGBMS-DB/Multispectral/DJI_DateTime_2025_01_15_15_16_0051_lat_10.3635031_lon_105.4197424_alt_20.381m_G.TIF"", ""/home/hyggestuen/Downloads/_WeedyRice/WeedyRice-RGBMS-DB/Multispectral/DJI_DateTime_2025_01_15_15_16_0051_lat_10.3635031_lon_105.4197424_alt_20.381m_NIR.TIF"", ""/home/hyggestuen/Downloads/_WeedyRice/WeedyRice-RGBMS-DB/Multispectral/DJI_DateTime_2025_01_15_15_16_0051_lat_10.3635031_lon_105.4197424_alt_20.381m_R.TIF"", ""/home/hyggestuen/Downloads/_WeedyRice/WeedyRice-RGBMS-DB/Multispectral/DJI_DateTime_2025_01_15_15_16_0051_lat_10.3635031_lon_105.4197424_alt_20.381m_RE.TIF""]",/home/hyggestuen/Downloads/_WeedyRice/WeedyRice-RGBMS-DB/Masks/DJI_DateTime_2025_01_15_15_16_0051_lat_10.3635031_lon_105.4197424_alt_20.381m.png,2025_01_15_15,test
DJI_DateTime_2025_01_15_15_16_0052_lat_10.3634715_lon_105.4197042_alt_20.399m,/home/hyggestuen/Downloads/_WeedyRice/WeedyRice-RGBMS-DB/RGB/DJI_DateTime_2025_01_15_15_16_0052_lat_10.3634715_lon_105.4197042_alt_20.399m.JPG,,"[""/home/hyggestuen/Downloads/_WeedyRice/WeedyRice-RGBMS-DB/Multispectral/DJI_DateTime_2025_01_15_15_16_0052_lat_10.3634715_lon_105.4197042_alt_20.399m_G.TIF"", ""/home/hyggestuen/Downloads/_WeedyRice/WeedyRice-RGBMS-DB/Multispectral/DJI_DateTime_2025_01_15_15_16_0052_lat_10.3634715_lon_105.4197042_alt_20.399m_NIR.TIF"", ""/home/hyggestuen/Downloads/_WeedyRice/WeedyRice-RGBMS-DB/Multispectral/DJI_DateTime_2025_01_15_15_16_0052_lat_10.3634715_lon_105.4197042_alt_20.399m_R.TIF"", ""/home/hyggestuen/Downloads/_WeedyRice/WeedyRice-RGBMS-DB/Multispectral/DJI_DateTime_2025_01_15_15_16_0052_lat_10.3634715_lon_105.4197042_alt_20.399m_RE.TIF""]",/home/hyggestuen/Downloads/_WeedyRice/WeedyRice-RGBMS-DB/Masks/DJI_DateTime_2025_01_15_15_16_0052_lat_10.3634715_lon_105.4197042_alt_20.399m.png,2025_01_15_15,test
DJI_DateTime_2025_01_15_15_16_0053_lat_10.3634332_lon_105.4196583_alt_20.423m,/home/hyggestuen/Downloads/_WeedyRice/WeedyRice-RGBMS-DB/RGB/DJI_DateTime_2025_01_15_15_16_0053_lat_10.3634332_lon_105.4196583_alt_20.423m.JPG,,"[""/home/hyggestuen/Downloads/_WeedyRice/WeedyRice-RGBMS-DB/Multispectral/DJI_DateTime_2025_01_15_15_16_0053_lat_10.3634332_lon_105.4196583_alt_20.423m_G.TIF"", ""/home/hyggestuen/Downloads/_WeedyRice/WeedyRice-RGBMS-DB/Multispectral/DJI_DateTime_2025_01_15_15_16_0053_lat_10.3634332_lon_105.4196583_alt_20.423m_NIR.TIF"", ""/home/hyggestuen/Downloads/_WeedyRice/WeedyRice-RGBMS-DB/Multispectral/DJI_DateTime_2025_01_15_15_16_0053_lat_10.3634332_lon_105.4196583_alt_20.423m_R.TIF"", ""/home/hyggestuen/Downloads/_WeedyRice/WeedyRice-RGBMS-DB/Multispectral/DJI_DateTime_2025_01_15_15_16_0053_lat_10.3634332_lon_105.4196583_alt_20.423m_RE.TIF""]",/home/hyggestuen/Downloads/_WeedyRice/WeedyRice-RGBMS-DB/Masks/DJI_DateTime_2025_01_15_15_16_0053_lat_10.3634332_lon_105.4196583_alt_20.423m.png,2025_01_15_15,test
DJI_DateTime_2025_01_15_15_16_0054_lat_10.3634076_lon_105.4196279_alt_20.402m,/home/hyggestuen/Downloads/_WeedyRice/WeedyRice-RGBMS-DB/RGB/DJI_DateTime_2025_01_15_15_16_0054_lat_10.3634076_lon_105.4196279_alt_20.402m.JPG,,"[""/home/hyggestuen/Downloads/_WeedyRice/WeedyRice-RGBMS-DB/Multispectral/DJI_DateTime_2025_01_15_15_16_0054_lat_10.3634076_lon_105.4196279_alt_20.402m_G.TIF"", ""/home/hyggestuen/Downloads/_WeedyRice/WeedyRice-RGBMS-DB/Multispectral/DJI_DateTime_2025_01_15_15_16_0054_lat_10.3634076_lon_105.4196279_alt_20.402m_NIR.TIF"", ""/home/hyggestuen/Downloads/_WeedyRice/WeedyRice-RGBMS-DB/Multispectral/DJI_DateTime_2025_01_15_15_16_0054_lat_10.3634076_lon_105.4196279_alt_20.402m_R.TIF"", ""/home/hyggestuen/Downloads/_WeedyRice/WeedyRice-RGBMS-DB/Multispectral/DJI_DateTime_2025_01_15_15_16_0054_lat_10.3634076_lon_105.4196279_alt_20.402m_RE.TIF""]",/home/hyggestuen/Downloads/_WeedyRice/WeedyRice-RGBMS-DB/Masks/DJI_DateTime_2025_01_15_15_16_0054_lat_10.3634076_lon_105.4196279_alt_20.402m.png,2025_01_15_15,test
DJI_DateTime_2025_01_15_15_16_0055_lat_10.3633762_lon_105.4195893_alt_20.379m,/home/hyggestuen/Downloads/_WeedyRice/WeedyRice-RGBMS-DB/RGB/DJI_DateTime_2025_01_15_15_16_0055_lat_10.3633762_lon_105.4195893_alt_20.379m.JPG,,"[""/home/hyggestuen/Downloads/_WeedyRice/WeedyRice-RGBMS-DB/Multispectral/DJI_DateTime_2025_01_15_15_16_0055_lat_10.3633762_lon_105.4195893_alt_20.379m_G.TIF"", ""/home/hyggestuen/Downloads/_WeedyRice/WeedyRice-RGBMS-DB/Multispectral/DJI_DateTime_2025_01_15_15_16_0055_lat_10.3633762_lon_105.4195893_alt_20.379m_NIR.TIF"", ""/home/hyggestuen/Downloads/_WeedyRice/WeedyRice-RGBMS-DB/Multispectral/DJI_DateTime_2025_01_15_15_16_0055_lat_10.3633762_lon_105.4195893_alt_20.379m_R.TIF"", ""/home/hyggestuen/Downloads/_WeedyRice/WeedyRice-RGBMS-DB/Multispectral/DJI_DateTime_2025_01_15_15_16_0055_lat_10.3633762_lon_105.4195893_alt_20.379m_RE.TIF""]",/home/hyggestuen/Downloads/_WeedyRice/WeedyRice-RGBMS-DB/Masks/DJI_DateTime_2025_01_15_15_16_0055_lat_10.3633762_lon_105.4195893_alt_20.379m.png,2025_01_15_15,test
DJI_DateTime_2025_01_15_15_16_0056_lat_10.3633547_lon_105.4195480_alt_20.427m,/home/hyggestuen/Downloads/_WeedyRice/WeedyRice-RGBMS-DB/RGB/DJI_DateTime_2025_01_15_15_16_0056_lat_10.3633547_lon_105.4195480_alt_20.427m.JPG,,"[""/home/hyggestuen/Downloads/_WeedyRice/WeedyRice-RGBMS-DB/Multispectral/DJI_DateTime_2025_01_15_15_16_0056_lat_10.3633547_lon_105.4195480_alt_20.427m_G.TIF"", ""/home/hyggestuen/Downloads/_WeedyRice/WeedyRice-RGBMS-DB/Multispectral/DJI_DateTime_2025_01_15_15_16_0056_lat_10.3633547_lon_105.4195480_alt_20.427m_NIR.TIF"", ""/home/hyggestuen/Downloads/_WeedyRice/WeedyRice-RGBMS-DB/Multispectral/DJI_DateTime_2025_01_15_15_16_0056_lat_10.3633547_lon_105.4195480_alt_20.427m_R.TIF"", ""/home/hyggestuen/Downloads/_WeedyRice/WeedyRice-RGBMS-DB/Multispectral/DJI_DateTime_2025_01_15_15_16_0056_lat_10.3633547_lon_105.4195480_alt_20.427m_RE.TIF""]",/home/hyggestuen/Downloads/_WeedyRice/WeedyRice-RGBMS-DB/Masks/DJI_DateTime_2025_01_15_15_16_0056_lat_10.3633547_lon_105.4195480_alt_20.427m.png,2025_01_15_15,test
DJI_DateTime_2025_01_15_15_16_0057_lat_10.3633860_lon_105.4195173_alt_20.361m,/home/hyggestuen/Downloads/_WeedyRice/WeedyRice-RGBMS-DB/RGB/DJI_DateTime_2025_01_15_15_16_0057_lat_10.3633860_lon_105.4195173_alt_20.361m.JPG,,"[""/home/hyggestuen/Downloads/_WeedyRice/WeedyRice-RGBMS-DB/Multispectral/DJI_DateTime_2025_01_15_15_16_0057_lat_10.3633860_lon_105.4195173_alt_20.361m_G.TIF"", ""/home/hyggestuen/Downloads/_WeedyRice/WeedyRice-RGBMS-DB/Multispectral/DJI_DateTime_2025_01_15_15_16_0057_lat_10.3633860_lon_105.4195173_alt_20.361m_NIR.TIF"", ""/home/hyggestuen/Downloads/_WeedyRice/WeedyRice-RGBMS-DB/Multispectral/DJI_DateTime_2025_01_15_15_16_0057_lat_10.3633860_lon_105.4195173_alt_20.361m_R.TIF"", ""/home/hyggestuen/Downloads/_WeedyRice/WeedyRice-RGBMS-DB/Multispectral/DJI_DateTime_2025_01_15_15_16_0057_lat_10.3633860_lon_105.4195173_alt_20.361m_RE.TIF""]",/home/hyggestuen/Downloads/_WeedyRice/WeedyRice-RGBMS-DB/Masks/DJI_DateTime_2025_01_15_15_16_0057_lat_10.3633860_lon_105.4195173_alt_20.361m.png,2025_01_15_15,test
DJI_DateTime_2025_01_15_15_16_0058_lat_10.3634220_lon_105.4195429_alt_20.272m,/home/hyggestuen/Downloads/_WeedyRice/WeedyRice-RGBMS-DB/RGB/DJI_DateTime_2025_01_15_15_16_0058_lat_10.3634220_lon_105.4195429_alt_20.272m.JPG,,"[""/home/hyggestuen/Downloads/_WeedyRice/WeedyRice-RGBMS-DB/Multispectral/DJI_DateTime_2025_01_15_15_16_0058_lat_10.3634220_lon_105.4195429_alt_20.272m_G.TIF"", ""/home/hyggestuen/Downloads/_WeedyRice/WeedyRice-RGBMS-DB/Multispectral/DJI_DateTime_2025_01_15_15_16_0058_lat_10.3634220_lon_105.4195429_alt_20.272m_NIR.TIF"", ""/home/hyggestuen/Downloads/_WeedyRice/WeedyRice-RGBMS-DB/Multispectral/DJI_DateTime_2025_01_15_15_16_0058_lat_10.3634220_lon_105.4195429_alt_20.272m_R.TIF"", ""/home/hyggestuen/Downloads/_WeedyRice/WeedyRice-RGBMS-DB/Multispectral/DJI_DateTime_2025_01_15_15_16_0058_lat_10.3634220_lon_105.4195429_alt_20.272m_RE.TIF""]",/home/hyggestuen/Downloads/_WeedyRice/WeedyRice-RGBMS-DB/Masks/DJI_DateTime_2025_01_15_15_16_0058_lat_10.3634220_lon_105.4195429_alt_20.272m.png,2025_01_15_15,test
DJI_DateTime_2025_01_15_15_16_0059_lat_10.3634531_lon_105.4195794_alt_20.369m,/home/hyggestuen/Downloads/_WeedyRice/WeedyRice-RGBMS-DB/RGB/DJI_DateTime_2025_01_15_15_16_0059_lat_10.3634531_lon_105.4195794_alt_20.369m.JPG,,"[""/home/hyggestuen/Downloads/_WeedyRice/WeedyRice-RGBMS-DB/Multispectral/DJI_DateTime_2025_01_15_15_16_0059_lat_10.3634531_lon_105.4195794_alt_20.369m_G.TIF"", ""/home/hyggestuen/Downloads/_WeedyRice/WeedyRice-RGBMS-DB/Multispectral/DJI_DateTime_2025_01_15_15_16_0059_lat_10.3634531_lon_105.4195794_alt_20.369m_NIR.TIF"", ""/home/hyggestuen/Downloads/_WeedyRice/WeedyRice-RGBMS-DB/Multispectral/DJI_DateTime_2025_01_15_15_16_0059_lat_10.3634531_lon_105.4195794_alt_20.369m_R.TIF"", ""/home/hyggestuen/Downloads/_WeedyRice/WeedyRice-RGBMS-DB/Multispectral/DJI_DateTime_2025_01_15_15_16_0059_lat_10.3634531_lon_105.4195794_alt_20.369m_RE.TIF""]",/home/hyggestuen/Downloads/_WeedyRice/WeedyRice-RGBMS-DB/Masks/DJI_DateTime_2025_01_15_15_16_0059_lat_10.3634531_lon_105.4195794_alt_20.369m.png,2025_01_15_15,test
DJI_DateTime_2025_01_15_15_16_0060_lat_10.3634850_lon_105.4196177_alt_20.375m,/home/hyggestuen/Downloads/_WeedyRice/WeedyRice-RGBMS-DB/RGB/DJI_DateTime_2025_01_15_15_16_0060_lat_10.3634850_lon_105.4196177_alt_20.375m.JPG,,"[""/home/hyggestuen/Downloads/_WeedyRice/WeedyRice-RGBMS-DB/Multispectral/DJI_DateTime_2025_01_15_15_16_0060_lat_10.3634850_lon_105.4196177_alt_20.375m_G.TIF"", ""/home/hyggestuen/Downloads/_WeedyRice/WeedyRice-RGBMS-DB/Multispectral/DJI_DateTime_2025_01_15_15_16_0060_lat_10.3634850_lon_105.4196177_alt_20.375m_NIR.TIF"", ""/home/hyggestuen/Downloads/_WeedyRice/WeedyRice-RGBMS-DB/Multispectral/DJI_DateTime_2025_01_15_15_16_0060_lat_10.3634850_lon_105.4196177_alt_20.375m_R.TIF"", ""/home/hyggestuen/Downloads/_WeedyRice/WeedyRice-RGBMS-DB/Multispectral/DJI_DateTime_2025_01_15_15_16_0060_lat_10.3634850_lon_105.4196177_alt_20.375m_RE.TIF""]",/home/hyggestuen/Downloads/_WeedyRice/WeedyRice-RGBMS-DB/Masks/DJI_DateTime_2025_01_15_15_16_0060_lat_10.3634850_lon_105.4196177_alt_20.375m.png,2025_01_15_15,test
DJI_DateTime_2025_01_15_15_16_0061_lat_10.3635175_lon_105.4196558_alt_20.405m,/home/hyggestuen/Downloads/_WeedyRice/WeedyRice-RGBMS-DB/RGB/DJI_DateTime_2025_01_15_15_16_0061_lat_10.3635175_lon_105.4196558_alt_20.405m.JPG,,"[""/home/hyggestuen/Downloads/_WeedyRice/WeedyRice-RGBMS-DB/Multispectral/DJI_DateTime_2025_01_15_15_16_0061_lat_10.3635175_lon_105.4196558_alt_20.405m_G.TIF"", ""/home/hyggestuen/Downloads/_WeedyRice/WeedyRice-RGBMS-DB/Multispectral/DJI_DateTime_2025_01_15_15_16_0061_lat_10.3635175_lon_105.4196558_alt_20.405m_NIR.TIF"", ""/home/hyggestuen/Downloads/_WeedyRice/WeedyRice-RGBMS-DB/Multispectral/DJI_DateTime_2025_01_15_15_16_0061_lat_10.3635175_lon_105.4196558_alt_20.405m_R.TIF"", ""/home/hyggestuen/Downloads/_WeedyRice/WeedyRice-RGBMS-DB/Multispectral/DJI_DateTime_2025_01_15_15_16_0061_lat_10.3635175_lon_105.4196558_alt_20.405m_RE.TIF""]",/home/hyggestuen/Downloads/_WeedyRice/WeedyRice-RGBMS-DB/Masks/DJI_DateTime_2025_01_15_15_16_0061_lat_10.3635175_lon_105.4196558_alt_20.405m.png,2025_01_15_15,test
DJI_DateTime_2025_01_15_15_16_0062_lat_10.3635489_lon_105.4196944_alt_20.477m,/home/hyggestuen/Downloads/_WeedyRice/WeedyRice-RGBMS-DB/RGB/DJI_DateTime_2025_01_15_15_16_0062_lat_10.3635489_lon_105.4196944_alt_20.477m.JPG,,"[""/home/hyggestuen/Downloads/_WeedyRice/WeedyRice-RGBMS-DB/Multispectral/DJI_DateTime_2025_01_15_15_16_0062_lat_10.3635489_lon_105.4196944_alt_20.477m_G.TIF"", ""/home/hyggestuen/Downloads/_WeedyRice/WeedyRice-RGBMS-DB/Multispectral/DJI_DateTime_2025_01_15_15_16_0062_lat_10.3635489_lon_105.4196944_alt_20.477m_NIR.TIF"", ""/home/hyggestuen/Downloads/_WeedyRice/WeedyRice-RGBMS-DB/Multispectral/DJI_DateTime_2025_01_15_15_16_0062_lat_10.3635489_lon_105.4196944_alt_20.477m_R.TIF"", ""/home/hyggestuen/Downloads/_WeedyRice/WeedyRice-RGBMS-DB/Multispectral/DJI_DateTime_2025_01_15_15_16_0062_lat_10.3635489_lon_105.4196944_alt_20.477m_RE.TIF""]",/home/hyggestuen/Downloads/_WeedyRice/WeedyRice-RGBMS-DB/Masks/DJI_DateTime_2025_01_15_15_16_0062_lat_10.3635489_lon_105.4196944_alt_20.477m.png,2025_01_15_15,test
DJI_DateTime_2025_01_15_15_16_0063_lat_10.3635808_lon_105.4197324_alt_20.369m,/home/hyggestuen/Downloads/_WeedyRice/WeedyRice-RGBMS-DB/RGB/DJI_DateTime_2025_01_15_15_16_0063_lat_10.3635808_lon_105.4197324_alt_20.369m.JPG,,"[""/home/hyggestuen/Downloads/_WeedyRice/WeedyRice-RGBMS-DB/Multispectral/DJI_DateTime_2025_01_15_15_16_0063_lat_10.3635808_lon_105.4197324_alt_20.369m_G.TIF"", ""/home/hyggestuen/Downloads/_WeedyRice/WeedyRice-RGBMS-DB/Multispectral/DJI_DateTime_2025_01_15_15_16_0063_lat_10.3635808_lon_105.4197324_alt_20.369m_NIR.TIF"", ""/home/hyggestuen/Downloads/_WeedyRice/WeedyRice-RGBMS-DB/Multispectral/DJI_DateTime_2025_01_15_15_16_0063_lat_10.3635808_lon_105.4197324_alt_20.369m_R.TIF"", ""/home/hyggestuen/Downloads/_WeedyRice/WeedyRice-RGBMS-DB/Multispectral/DJI_DateTime_2025_01_15_15_16_0063_lat_10.3635808_lon_105.4197324_alt_20.369m_RE.TIF""]",/home/hyggestuen/Downloads/_WeedyRice/WeedyRice-RGBMS-DB/Masks/DJI_DateTime_2025_01_15_15_16_0063_lat_10.3635808_lon_105.4197324_alt_20.369m.png,2025_01_15_15,test
DJI_DateTime_2025_01_15_15_16_0064_lat_10.3636127_lon_105.4197713_alt_20.368m,/home/hyggestuen/Downloads/_WeedyRice/WeedyRice-RGBMS-DB/RGB/DJI_DateTime_2025_01_15_15_16_0064_lat_10.3636127_lon_105.4197713_alt_20.368m.JPG,,"[""/home/hyggestuen/Downloads/_WeedyRice/WeedyRice-RGBMS-DB/Multispectral/DJI_DateTime_2025_01_15_15_16_0064_lat_10.3636127_lon_105.4197713_alt_20.368m_G.TIF"", ""/home/hyggestuen/Downloads/_WeedyRice/WeedyRice-RGBMS-DB/Multispectral/DJI_DateTime_2025_01_15_15_16_0064_lat_10.3636127_lon_105.4197713_alt_20.368m_NIR.TIF"", ""/home/hyggestuen/Downloads/_WeedyRice/WeedyRice-RGBMS-DB/Multispectral/DJI_DateTime_2025_01_15_15_16_0064_lat_10.3636127_lon_105.4197713_alt_20.368m_R.TIF"", ""/home/hyggestuen/Downloads/_WeedyRice/WeedyRice-RGBMS-DB/Multispectral/DJI_DateTime_2025_01_15_15_16_0064_lat_10.3636127_lon_105.4197713_alt_20.368m_RE.TIF""]",/home/hyggestuen/Downloads/_WeedyRice/WeedyRice-RGBMS-DB/Masks/DJI_DateTime_2025_01_15_15_16_0064_lat_10.3636127_lon_105.4197713_alt_20.368m.png,2025_01_15_15,test
DJI_DateTime_2025_01_15_15_16_0065_lat_10.3636444_lon_105.4198098_alt_20.374m,/home/hyggestuen/Downloads/_WeedyRice/WeedyRice-RGBMS-DB/RGB/DJI_DateTime_2025_01_15_15_16_0065_lat_10.3636444_lon_105.4198098_alt_20.374m.JPG,,"[""/home/hyggestuen/Downloads/_WeedyRice/WeedyRice-RGBMS-DB/Multispectral/DJI_DateTime_2025_01_15_15_16_0065_lat_10.3636444_lon_105.4198098_alt_20.374m_G.TIF"", ""/home/hyggestuen/Downloads/_WeedyRice/WeedyRice-RGBMS-DB/Multispectral/DJI_DateTime_2025_01_15_15_16_0065_lat_10.3636444_lon_105.4198098_alt_20.374m_NIR.TIF"", ""/home/hyggestuen/Downloads/_WeedyRice/WeedyRice-RGBMS-DB/Multispectral/DJI_DateTime_2025_01_15_15_16_0065_lat_10.3636444_lon_105.4198098_alt_20.374m_R.TIF"", ""/home/hyggestuen/Downloads/_WeedyRice/WeedyRice-RGBMS-DB/Multispectral/DJI_DateTime_2025_01_15_15_16_0065_lat_10.3636444_lon_105.4198098_alt_20.374m_RE.TIF""]",/home/hyggestuen/Downloads/_WeedyRice/WeedyRice-RGBMS-DB/Masks/DJI_DateTime_2025_01_15_15_16_0065_lat_10.3636444_lon_105.4198098_alt_20.374m.png,2025_01_15_15,test
DJI_DateTime_2025_01_15_15_16_0066_lat_10.3636760_lon_105.4198476_alt_20.381m,/home/hyggestuen/Downloads/_WeedyRice/WeedyRice-RGBMS-DB/RGB/DJI_DateTime_2025_01_15_15_16_0066_lat_10.3636760_lon_105.4198476_alt_20.381m.JPG,,"[""/home/hyggestuen/Downloads/_WeedyRice/WeedyRice-RGBMS-DB/Multispectral/DJI_DateTime_2025_01_15_15_16_0066_lat_10.3636760_lon_105.4198476_alt_20.381m_G.TIF"", ""/home/hyggestuen/Downloads/_WeedyRice/WeedyRice-RGBMS-DB/Multispectral/DJI_DateTime_2025_01_15_15_16_0066_lat_10.3636760_lon_105.4198476_alt_20.381m_NIR.TIF"", ""/home/hyggestuen/Downloads/_WeedyRice/WeedyRice-RGBMS-DB/Multispectral/DJI_DateTime_2025_01_15_15_16_0066_lat_10.3636760_lon_105.4198476_alt_20.381m_R.TIF"", ""/home/hyggestuen/Downloads/_WeedyRice/WeedyRice-RGBMS-DB/Multispectral/DJI_DateTime_2025_01_15_15_16_0066_lat_10.3636760_lon_105.4198476_alt_20.381m_RE.TIF""]",/home/hyggestuen/Downloads/_WeedyRice/WeedyRice-RGBMS-DB/Masks/DJI_DateTime_2025_01_15_15_16_0066_lat_10.3636760_lon_105.4198476_alt_20.381m.png,2025_01_15_15,test
DJI_DateTime_2025_01_15_15_16_0067_lat_10.3637073_lon_105.4198861_alt_20.408m,/home/hyggestuen/Downloads/_WeedyRice/WeedyRice-RGBMS-DB/RGB/DJI_DateTime_2025_01_15_15_16_0067_lat_10.3637073_lon_105.4198861_alt_20.408m.JPG,,"[""/home/hyggestuen/Downloads/_WeedyRice/WeedyRice-RGBMS-DB/Multispectral/DJI_DateTime_2025_01_15_15_16_0067_lat_10.3637073_lon_105.4198861_alt_20.408m_G.TIF"", ""/home/hyggestuen/Downloads/_WeedyRice/WeedyRice-RGBMS-DB/Multispectral/DJI_DateTime_2025_01_15_15_16_0067_lat_10.3637073_lon_105.4198861_alt_20.408m_NIR.TIF"", ""/home/hyggestuen/Downloads/_WeedyRice/WeedyRice-RGBMS-DB/Multispectral/DJI_DateTime_2025_01_15_15_16_0067_lat_10.3637073_lon_105.4198861_alt_20.408m_R.TIF"", ""/home/hyggestuen/Downloads/_WeedyRice/WeedyRice-RGBMS-DB/Multispectral/DJI_DateTime_2025_01_15_15_16_0067_lat_10.3637073_lon_105.4198861_alt_20.408m_RE.TIF""]",/home/hyggestuen/Downloads/_WeedyRice/WeedyRice-RGBMS-DB/Masks/DJI_DateTime_2025_01_15_15_16_0067_lat_10.3637073_lon_105.4198861_alt_20.408m.png,2025_01_15_15,test
DJI_DateTime_2025_01_15_15_16_0068_lat_10.3637393_lon_105.4199246_alt_20.468m,/home/hyggestuen/Downloads/_WeedyRice/WeedyRice-RGBMS-DB/RGB/DJI_DateTime_2025_01_15_15_16_0068_lat_10.3637393_lon_105.4199246_alt_20.468m.JPG,,"[""/home/hyggestuen/Downloads/_WeedyRice/WeedyRice-RGBMS-DB/Multispectral/DJI_DateTime_2025_01_15_15_16_0068_lat_10.3637393_lon_105.4199246_alt_20.468m_G.TIF"", ""/home/hyggestuen/Downloads/_WeedyRice/WeedyRice-RGBMS-DB/Multispectral/DJI_DateTime_2025_01_15_15_16_0068_lat_10.3637393_lon_105.4199246_alt_20.468m_NIR.TIF"", ""/home/hyggestuen/Downloads/_WeedyRice/WeedyRice-RGBMS-DB/Multispectral/DJI_DateTime_2025_01_15_15_16_0068_lat_10.3637393_lon_105.4199246_alt_20.468m_R.TIF"", ""/home/hyggestuen/Downloads/_WeedyRice/WeedyRice-RGBMS-DB/Multispectral/DJI_DateTime_2025_01_15_15_16_0068_lat_10.3637393_lon_105.4199246_alt_20.468m_RE.TIF""]",/home/hyggestuen/Downloads/_WeedyRice/WeedyRice-RGBMS-DB/Masks/DJI_DateTime_2025_01_15_15_16_0068_lat_10.3637393_lon_105.4199246_alt_20.468m.png,2025_01_15_15,test
DJI_DateTime_2025_01_15_15_16_0069_lat_10.3637709_lon_105.4199632_alt_20.414m,/home/hyggestuen/Downloads/_WeedyRice/WeedyRice-RGBMS-DB/RGB/DJI_DateTime_2025_01_15_15_16_0069_lat_10.3637709_lon_105.4199632_alt_20.414m.JPG,,"[""/home/hyggestuen/Downloads/_WeedyRice/WeedyRice-RGBMS-DB/Multispectral/DJI_DateTime_2025_01_15_15_16_0069_lat_10.3637709_lon_105.4199632_alt_20.414m_G.TIF"", ""/home/hyggestuen/Downloads/_WeedyRice/WeedyRice-RGBMS-DB/Multispectral/DJI_DateTime_2025_01_15_15_16_0069_lat_10.3637709_lon_105.4199632_alt_20.414m_NIR.TIF"", ""/home/hyggestuen/Downloads/_WeedyRice/WeedyRice-RGBMS-DB/Multispectral/DJI_DateTime_2025_01_15_15_16_0069_lat_10.3637709_lon_105.4199632_alt_20.414m_R.TIF"", ""/home/hyggestuen/Downloads/_WeedyRice/WeedyRice-RGBMS-DB/Multispectral/DJI_DateTime_2025_01_15_15_16_0069_lat_10.3637709_lon_105.4199632_alt_20.414m_RE.TIF""]",/home/hyggestuen/Downloads/_WeedyRice/WeedyRice-RGBMS-DB/Masks/DJI_DateTime_2025_01_15_15_16_0069_lat_10.3637709_lon_105.4199632_alt_20.414m.png,2025_01_15_15,test
DJI_DateTime_2025_01_15_15_16_0070_lat_10.3638028_lon_105.4200018_alt_20.402m,/home/hyggestuen/Downloads/_WeedyRice/WeedyRice-RGBMS-DB/RGB/DJI_DateTime_2025_01_15_15_16_0070_lat_10.3638028_lon_105.4200018_alt_20.402m.JPG,,"[""/home/hyggestuen/Downloads/_WeedyRice/WeedyRice-RGBMS-DB/Multispectral/DJI_DateTime_2025_01_15_15_16_0070_lat_10.3638028_lon_105.4200018_alt_20.402m_G.TIF"", ""/home/hyggestuen/Downloads/_WeedyRice/WeedyRice-RGBMS-DB/Multispectral/DJI_DateTime_2025_01_15_15_16_0070_lat_10.3638028_lon_105.4200018_alt_20.402m_NIR.TIF"", ""/home/hyggestuen/Downloads/_WeedyRice/WeedyRice-RGBMS-DB/Multispectral/DJI_DateTime_2025_01_15_15_16_0070_lat_10.3638028_lon_105.4200018_alt_20.402m_R.TIF"", ""/home/hyggestuen/Downloads/_WeedyRice/WeedyRice-RGBMS-DB/Multispectral/DJI_DateTime_2025_01_15_15_16_0070_lat_10.3638028_lon_105.4200018_alt_20.402m_RE.TIF""]",/home/hyggestuen/Downloads/_WeedyRice/WeedyRice-RGBMS-DB/Masks/DJI_DateTime_2025_01_15_15_16_0070_lat_10.3638028_lon_105.4200018_alt_20.402m.png,2025_01_15_15,test
DJI_DateTime_2025_01_15_15_16_0071_lat_10.3638339_lon_105.4200394_alt_20.404m,/home/hyggestuen/Downloads/_WeedyRice/WeedyRice-RGBMS-DB/RGB/DJI_DateTime_2025_01_15_15_16_0071_lat_10.3638339_lon_105.4200394_alt_20.404m.JPG,,"[""/home/hyggestuen/Downloads/_WeedyRice/WeedyRice-RGBMS-DB/Multispectral/DJI_DateTime_2025_01_15_15_16_0071_lat_10.3638339_lon_105.4200394_alt_20.404m_G.TIF"", ""/home/hyggestuen/Downloads/_WeedyRice/WeedyRice-RGBMS-DB/Multispectral/DJI_DateTime_2025_01_15_15_16_0071_lat_10.3638339_lon_105.4200394_alt_20.404m_NIR.TIF"", ""/home/hyggestuen/Downloads/_WeedyRice/WeedyRice-RGBMS-DB/Multispectral/DJI_DateTime_2025_01_15_15_16_0071_lat_10.3638339_lon_105.4200394_alt_20.404m_R.TIF"", ""/home/hyggestuen/Downloads/_WeedyRice/WeedyRice-RGBMS-DB/Multispectral/DJI_DateTime_2025_01_15_15_16_0071_lat_10.3638339_lon_105.4200394_alt_20.404m_RE.TIF""]",/home/hyggestuen/Downloads/_WeedyRice/WeedyRice-RGBMS-DB/Masks/DJI_DateTime_2025_01_15_15_16_0071_lat_10.3638339_lon_105.4200394_alt_20.404m.png,2025_01_15_15,test
DJI_DateTime_2025_01_15_15_16_0072_lat_10.3638658_lon_105.4200783_alt_20.385m,/home/hyggestuen/Downloads/_WeedyRice/WeedyRice-RGBMS-DB/RGB/DJI_DateTime_2025_01_15_15_16_0072_lat_10.3638658_lon_105.4200783_alt_20.385m.JPG,,"[""/home/hyggestuen/Downloads/_WeedyRice/WeedyRice-RGBMS-DB/Multispectral/DJI_DateTime_2025_01_15_15_16_0072_lat_10.3638658_lon_105.4200783_alt_20.385m_G.TIF"", ""/home/hyggestuen/Downloads/_WeedyRice/WeedyRice-RGBMS-DB/Multispectral/DJI_DateTime_2025_01_15_15_16_0072_lat_10.3638658_lon_105.4200783_alt_20.385m_NIR.TIF"", ""/home/hyggestuen/Downloads/_WeedyRice/WeedyRice-RGBMS-DB/Multispectral/DJI_DateTime_2025_01_15_15_16_0072_lat_10.3638658_lon_105.4200783_alt_20.385m_R.TIF"", ""/home/hyggestuen/Downloads/_WeedyRice/WeedyRice-RGBMS-DB/Multispectral/DJI_DateTime_2025_01_15_15_16_0072_lat_10.3638658_lon_105.4200783_alt_20.385m_RE.TIF""]",/home/hyggestuen/Downloads/_WeedyRice/WeedyRice-RGBMS-DB/Masks/DJI_DateTime_2025_01_15_15_16_0072_lat_10.3638658_lon_105.4200783_alt_20.385m.png,2025_01_15_15,test
DJI_DateTime_2025_01_15_15_17_0073_lat_10.3638971_lon_105.4201161_alt_20.343m,/home/hyggestuen/Downloads/_WeedyRice/WeedyRice-RGBMS-DB/RGB/DJI_DateTime_2025_01_15_15_17_0073_lat_10.3638971_lon_105.4201161_alt_20.343m.JPG,,"[""/home/hyggestuen/Downloads/_WeedyRice/WeedyRice-RGBMS-DB/Multispectral/DJI_DateTime_2025_01_15_15_17_0073_lat_10.3638971_lon_105.4201161_alt_20.343m_G.TIF"", ""/home/hyggestuen/Downloads/_WeedyRice/WeedyRice-RGBMS-DB/Multispectral/DJI_DateTime_2025_01_15_15_17_0073_lat_10.3638971_lon_105.4201161_alt_20.343m_NIR.TIF"", ""/home/hyggestuen/Downloads/_WeedyRice/WeedyRice-RGBMS-DB/Multispectral/DJI_DateTime_2025_01_15_15_17_0073_lat_10.3638971_lon_105.4201161_alt_20.343m_R.TIF"", ""/home/hyggestuen/Downloads/_WeedyRice/WeedyRice-RGBMS-DB/Multispectral/DJI_DateTime_2025_01_15_15_17_0073_lat_10.3638971_lon_105.4201161_alt_20.343m_RE.TIF""]",/home/hyggestuen/Downloads/_WeedyRice/WeedyRice-RGBMS-DB/Masks/DJI_DateTime_2025_01_15_15_17_0073_lat_10.3638971_lon_105.4201161_alt_20.343m.png,2025_01_15_15,test
DJI_DateTime_2025_01_15_15_17_0074_lat_10.3639292_lon_105.4201549_alt_20.286m,/home/hyggestuen/Downloads/_WeedyRice/WeedyRice-RGBMS-DB/RGB/DJI_DateTime_2025_01_15_15_17_0074_lat_10.3639292_lon_105.4201549_alt_20.286m.JPG,,"[""/home/hyggestuen/Downloads/_WeedyRice/WeedyRice-RGBMS-DB/Multispectral/DJI_DateTime_2025_01_15_15_17_0074_lat_10.3639292_lon_105.4201549_alt_20.286m_G.TIF"", ""/home/hyggestuen/Downloads/_WeedyRice/WeedyRice-RGBMS-DB/Multispectral/DJI_DateTime_2025_01_15_15_17_0074_lat_10.3639292_lon_105.4201549_alt_20.286m_NIR.TIF"", ""/home/hyggestuen/Downloads/_WeedyRice/WeedyRice-RGBMS-DB/Multispectral/DJI_DateTime_2025_01_15_15_17_0074_lat_10.3639292_lon_105.4201549_alt_20.286m_R.TIF"", ""/home/hyggestuen/Downloads/_WeedyRice/WeedyRice-RGBMS-DB/Multispectral/DJI_DateTime_2025_01_15_15_17_0074_lat_10.3639292_lon_105.4201549_alt_20.286m_RE.TIF""]",/home/hyggestuen/Downloads/_WeedyRice/WeedyRice-RGBMS-DB/Masks/DJI_DateTime_2025_01_15_15_17_0074_lat_10.3639292_lon_105.4201549_alt_20.286m.png,2025_01_15_15,test
DJI_DateTime_2025_01_15_15_17_0077_lat_10.3639558_lon_105.4200872_alt_20.460m,/home/hyggestuen/Downloads/_WeedyRice/WeedyRice-RGBMS-DB/RGB/DJI_DateTime_2025_01_15_15_17_0077_lat_10.3639558_lon_105.4200872_alt_20.460m.JPG,,"[""/home/hyggestuen/Downloads/_WeedyRice/WeedyRice-RGBMS-DB/Multispectral/DJI_DateTime_2025_01_15_15_17_0077_lat_10.3639558_lon_105.4200872_alt_20.460m_G.TIF"", ""/home/hyggestuen/Downloads/_WeedyRice/WeedyRice-RGBMS-DB/Multispectral/DJI_DateTime_2025_01_15_15_17_0077_lat_10.3639558_lon_105.4200872_alt_20.460m_NIR.TIF"", ""/home/hyggestuen/Downloads/_WeedyRice/WeedyRice-RGBMS-DB/Multispectral/DJI_DateTime_2025_01_15_15_17_0077_lat_10.3639558_lon_105.4200872_alt_20.460m_R.TIF"", ""/home/hyggestuen/Downloads/_WeedyRice/WeedyRice-RGBMS-DB/Multispectral/DJI_DateTime_2025_01_15_15_17_0077_lat_10.3639558_lon_105.4200872_alt_20.460m_RE.TIF""]",/home/hyggestuen/Downloads/_WeedyRice/WeedyRice-RGBMS-DB/Masks/DJI_DateTime_2025_01_15_15_17_0077_lat_10.3639558_lon_105.4200872_alt_20.460m.png,2025_01_15_15,test
DJI_DateTime_2025_01_15_15_17_0078_lat_10.3639242_lon_105.4200487_alt_20.405m,/home/hyggestuen/Downloads/_WeedyRice/WeedyRice-RGBMS-DB/RGB/DJI_DateTime_2025_01_15_15_17_0078_lat_10.3639242_lon_105.4200487_alt_20.405m.JPG,,"[""/home/hyggestuen/Downloads/_WeedyRice/WeedyRice-RGBMS-DB/Multispectral/DJI_DateTime_2025_01_15_15_17_0078_lat_10.3639242_lon_105.4200487_alt_20.405m_G.TIF"", ""/home/hyggestuen/Downloads/_WeedyRice/WeedyRice-RGBMS-DB/Multispectral/DJI_DateTime_2025_01_15_15_17_0078_lat_10.3639242_lon_105.4200487_alt_20.405m_NIR.TIF"", ""/home/hyggestuen/Downloads/_WeedyRice/WeedyRice-RGBMS-DB/Multispectral/DJI_DateTime_2025_01_15_15_17_0078_lat_10.3639242_lon_105.4200487_alt_20.405m_R.TIF"", ""/home/hyggestuen/Downloads/_WeedyRice/WeedyRice-RGBMS-DB/Multispectral/DJI_DateTime_2025_01_15_15_17_0078_lat_10.3639242_lon_105.4200487_alt_20.405m_RE.TIF""]",/home/hyggestuen/Downloads/_WeedyRice/WeedyRice-RGBMS-DB/Masks/DJI_DateTime_2025_01_15_15_17_0078_lat_10.3639242_lon_105.4200487_alt_20.405m.png,2025_01_15_15,test
DJI_DateTime_2025_01_15_15_17_0079_lat_10.3638922_lon_105.4200097_alt_20.396m,/home/hyggestuen/Downloads/_WeedyRice/WeedyRice-RGBMS-DB/RGB/DJI_DateTime_2025_01_15_15_17_0079_lat_10.3638922_lon_105.4200097_alt_20.396m.JPG,,"[""/home/hyggestuen/Downloads/_WeedyRice/WeedyRice-RGBMS-DB/Multispectral/DJI_DateTime_2025_01_15_15_17_0079_lat_10.3638922_lon_105.4200097_alt_20.396m_G.TIF"", ""/home/hyggestuen/Downloads/_WeedyRice/WeedyRice-RGBMS-DB/Multispectral/DJI_DateTime_2025_01_15_15_17_0079_lat_10.3638922_lon_105.4200097_alt_20.396m_NIR.TIF"", ""/home/hyggestuen/Downloads/_WeedyRice/WeedyRice-RGBMS-DB/Multispectral/DJI_DateTime_2025_01_15_15_17_0079_lat_10.3638922_lon_105.4200097_alt_20.396m_R.TIF"", ""/home/hyggestuen/Downloads/_WeedyRice/WeedyRice-RGBMS-DB/Multispectral/DJI_DateTime_2025_01_15_15_17_0079_lat_10.3638922_lon_105.4200097_alt_20.396m_RE.TIF""]",/home/hyggestuen/Downloads/_WeedyRice/WeedyRice-RGBMS-DB/Masks/DJI_DateTime_2025_01_15_15_17_0079_lat_10.3638922_lon_105.4200097_alt_20.396m.png,2025_01_15_15,test
DJI_DateTime_2025_01_15_15_17_0080_lat_10.3638611_lon_105.4199716_alt_20.402m,/home/hyggestuen/Downloads/_WeedyRice/WeedyRice-RGBMS-DB/RGB/DJI_DateTime_2025_01_15_15_17_0080_lat_10.3638611_lon_105.4199716_alt_20.402m.JPG,,"[""/home/hyggestuen/Downloads/_WeedyRice/WeedyRice-RGBMS-DB/Multispectral/DJI_DateTime_2025_01_15_15_17_0080_lat_10.3638611_lon_105.4199716_alt_20.402m_G.TIF"", ""/home/hyggestuen/Downloads/_WeedyRice/WeedyRice-RGBMS-DB/Multispectral/DJI_DateTime_2025_01_15_15_17_0080_lat_10.3638611_lon_105.4199716_alt_20.402m_NIR.TIF"", ""/home/hyggestuen/Downloads/_WeedyRice/WeedyRice-RGBMS-DB/Multispectral/DJI_DateTime_2025_01_15_15_17_0080_lat_10.3638611_lon_105.4199716_alt_20.402m_R.TIF"", ""/home/hyggestuen/Downloads/_WeedyRice/WeedyRice-RGBMS-DB/Multispectral/DJI_DateTime_2025_01_15_15_17_0080_lat_10.3638611_lon_105.4199716_alt_20.402m_RE.TIF""]",/home/hyggestuen/Downloads/_WeedyRice/WeedyRice-RGBMS-DB/Masks/DJI_DateTime_2025_01_15_15_17_0080_lat_10.3638611_lon_105.4199716_alt_20.402m.png,2025_01_15_15,test
DJI_DateTime_2025_01_15_15_17_0081_lat_10.3638296_lon_105.4199336_alt_20.393m,/home/hyggestuen/Downloads/_WeedyRice/WeedyRice-RGBMS-DB/RGB/DJI_DateTime_2025_01_15_15_17_0081_lat_10.3638296_lon_105.4199336_alt_20.393m.JPG,,"[""/home/hyggestuen/Downloads/_WeedyRice/WeedyRice-RGBMS-DB/Multispectral/DJI_DateTime_2025_01_15_15_17_0081_lat_10.3638296_lon_105.4199336_alt_20.393m_G.TIF"", ""/home/hyggestuen/Downloads/_WeedyRice/WeedyRice-RGBMS-DB/Multispectral/DJI_DateTime_2025_01_15_15_17_0081_lat_10.3638296_lon_105.4199336_alt_20.393m_NIR.TIF"", ""/home/hyggestuen/Downloads/_WeedyRice/WeedyRice-RGBMS-DB/Multispectral/DJI_DateTime_2025_01_15_15_17_0081_lat_10.3638296_lon_105.4199336_alt_20.393m_R.TIF"", ""/home/hyggestuen/Downloads/_WeedyRice/WeedyRice-RGBMS-DB/Multispectral/DJI_DateTime_2025_01_15_15_17_0081_lat_10.3638296_lon_105.4199336_alt_20.393m_RE.TIF""]",/home/hyggestuen/Downloads/_WeedyRice/WeedyRice-RGBMS-DB/Masks/DJI_DateTime_2025_01_15_15_17_0081_lat_10.3638296_lon_105.4199336_alt_20.393m.png,2025_01_15_15,test
DJI_DateTime_2025_01_15_15_17_0082_lat_10.3637982_lon_105.4198954_alt_20.396m,/home/hyggestuen/Downloads/_WeedyRice/WeedyRice-RGBMS-DB/RGB/DJI_DateTime_2025_01_15_15_17_0082_lat_10.3637982_lon_105.4198954_alt_20.396m.JPG,,"[""/home/hyggestuen/Downloads/_WeedyRice/WeedyRice-RGBMS-DB/Multispectral/DJI_DateTime_2025_01_15_15_17_0082_lat_10.3637982_lon_105.4198954_alt_20.396m_G.TIF"", ""/home/hyggestuen/Downloads/_WeedyRice/WeedyRice-RGBMS-DB/Multispectral/DJI_DateTime_2025_01_15_15_17_0082_lat_10.3637982_lon_105.4198954_alt_20.396m_NIR.TIF"", ""/home/hyggestuen/Downloads/_WeedyRice/WeedyRice-RGBMS-DB/Multispectral/DJI_DateTime_2025_01_15_15_17_0082_lat_10.3637982_lon_105.4198954_alt_20.396m_R.TIF"", ""/home/hyggestuen/Downloads/_WeedyRice/WeedyRice-RGBMS-DB/Multispectral/DJI_DateTime_2025_01_15_15_17_0082_lat_10.3637982_lon_105.4198954_alt_20.396m_RE.TIF""]",/home/hyggestuen/Downloads/_WeedyRice/WeedyRice-RGBMS-DB/Masks/DJI_DateTime_2025_01_15_15_17_0082_lat_10.3637982_lon_105.4198954_alt_20.396m.png,2025_01_15_15,test
DJI_DateTime_2025_01_15_15_17_0083_lat_10.3637671_lon_105.4198573_alt_20.401m,/home/hyggestuen/Downloads/_WeedyRice/WeedyRice-RGBMS-DB/RGB/DJI_DateTime_2025_01_15_15_17_0083_lat_10.3637671_lon_105.4198573_alt_20.401m.JPG,,"[""/home/hyggestuen/Downloads/_WeedyRice/WeedyRice-RGBMS-DB/Multispectral/DJI_DateTime_2025_01_15_15_17_0083_lat_10.3637671_lon_105.4198573_alt_20.401m_G.TIF"", ""/home/hyggestuen/Downloads/_WeedyRice/WeedyRice-RGBMS-DB/Multispectral/DJI_DateTime_2025_01_15_15_17_0083_lat_10.3637671_lon_105.4198573_alt_20.401m_NIR.TIF"", ""/home/hyggestuen/Downloads/_WeedyRice/WeedyRice-RGBMS-DB/Multispectral/DJI_DateTime_2025_01_15_15_17_0083_lat_10.3637671_lon_105.4198573_alt_20.401m_R.TIF"", ""/home/hyggestuen/Downloads/_WeedyRice/WeedyRice-RGBMS-DB/Multispectral/DJI_DateTime_2025_01_15_15_17_0083_lat_10.3637671_lon_105.4198573_alt_20.401m_RE.TIF""]",/home/hyggestuen/Downloads/_WeedyRice/WeedyRice-RGBMS-DB/Masks/DJI_DateTime_2025_01_15_15_17_0083_lat_10.3637671_lon_105.4198573_alt_20.401m.png,2025_01_15_15,test
DJI_DateTime_2025_01_15_15_17_0084_lat_10.3637356_lon_105.4198191_alt_20.409m,/home/hyggestuen/Downloads/_WeedyRice/WeedyRice-RGBMS-DB/RGB/DJI_DateTime_2025_01_15_15_17_0084_lat_10.3637356_lon_105.4198191_alt_20.409m.JPG,,"[""/home/hyggestuen/Downloads/_WeedyRice/WeedyRice-RGBMS-DB/Multispectral/DJI_DateTime_2025_01_15_15_17_0084_lat_10.3637356_lon_105.4198191_alt_20.409m_G.TIF"", ""/home/hyggestuen/Downloads/_WeedyRice/WeedyRice-RGBMS-DB/Multispectral/DJI_DateTime_2025_01_15_15_17_0084_lat_10.3637356_lon_105.4198191_alt_20.409m_NIR.TIF"", ""/home/hyggestuen/Downloads/_WeedyRice/WeedyRice-RGBMS-DB/Multispectral/DJI_DateTime_2025_01_15_15_17_0084_lat_10.3637356_lon_105.4198191_alt_20.409m_R.TIF"", ""/home/hyggestuen/Downloads/_WeedyRice/WeedyRice-RGBMS-DB/Multispectral/DJI_DateTime_2025_01_15_15_17_0084_lat_10.3637356_lon_105.4198191_alt_20.409m_RE.TIF""]",/home/hyggestuen/Downloads/_WeedyRice/WeedyRice-RGBMS-DB/Masks/DJI_DateTime_2025_01_15_15_17_0084_lat_10.3637356_lon_105.4198191_alt_20.409m.png,2025_01_15_15,test
DJI_DateTime_2025_01_15_15_17_0085_lat_10.3637039_lon_105.4197810_alt_20.406m,/home/hyggestuen/Downloads/_WeedyRice/WeedyRice-RGBMS-DB/RGB/DJI_DateTime_2025_01_15_15_17_0085_lat_10.3637039_lon_105.4197810_alt_20.406m.JPG,,"[""/home/hyggestuen/Downloads/_WeedyRice/WeedyRice-RGBMS-DB/Multispectral/DJI_DateTime_2025_01_15_15_17_0085_lat_10.3637039_lon_105.4197810_alt_20.406m_G.TIF"", ""/home/hyggestuen/Downloads/_WeedyRice/WeedyRice-RGBMS-DB/Multispectral/DJI_DateTime_2025_01_15_15_17_0085_lat_10.3637039_lon_105.4197810_alt_20.406m_NIR.TIF"", ""/home/hyggestuen/Downloads/_WeedyRice/WeedyRice-RGBMS-DB/Multispectral/DJI_DateTime_2025_01_15_15_17_0085_lat_10.3637039_lon_105.4197810_alt_20.406m_R.TIF"", ""/home/hyggestuen/Downloads/_WeedyRice/WeedyRice-RGBMS-DB/Multispectral/DJI_DateTime_2025_01_15_15_17_0085_lat_10.3637039_lon_105.4197810_alt_20.406m_RE.TIF""]",/home/hyggestuen/Downloads/_WeedyRice/WeedyRice-RGBMS-DB/Masks/DJI_DateTime_2025_01_15_15_17_0085_lat_10.3637039_lon_105.4197810_alt_20.406m.png,2025_01_15_15,test
DJI_DateTime_2025_01_15_15_17_0086_lat_10.3636724_lon_105.4197427_alt_20.438m,/home/hyggestuen/Downloads/_WeedyRice/WeedyRice-RGBMS-DB/RGB/DJI_DateTime_2025_01_15_15_17_0086_lat_10.3636724_lon_105.4197427_alt_20.438m.JPG,,"[""/home/hyggestuen/Downloads/_WeedyRice/WeedyRice-RGBMS-DB/Multispectral/DJI_DateTime_2025_01_15_15_17_0086_lat_10.3636724_lon_105.4197427_alt_20.438m_G.TIF"", ""/home/hyggestuen/Downloads/_WeedyRice/WeedyRice-RGBMS-DB/Multispectral/DJI_DateTime_2025_01_15_15_17_0086_lat_10.3636724_lon_105.4197427_alt_20.438m_NIR.TIF"", ""/home/hyggestuen/Downloads/_WeedyRice/WeedyRice-RGBMS-DB/Multispectral/DJI_DateTime_2025_01_15_15_17_0086_lat_10.3636724_lon_105.4197427_alt_20.438m_R.TIF"", ""/home/hyggestuen/Downloads/_WeedyRice/WeedyRice-RGBMS-DB/Multispectral/DJI_DateTime_2025_01_15_15_17_0086_lat_10.3636724_lon_105.4197427_alt_20.438m_RE.TIF""]",/home/hyggestuen/Downloads/_WeedyRice/WeedyRice-RGBMS-DB/Masks/DJI_DateTime_2025_01_15_15_17_0086_lat_10.3636724_lon_105.4197427_alt_20.438m.png,2025_01_15_15,test
DJI_DateTime_2025_01_15_15_17_0087_lat_10.3636402_lon_105.4197034_alt_20.428m,/home/hyggestuen/Downloads/_WeedyRice/WeedyRice-RGBMS-DB/RGB/DJI_DateTime_2025_01_15_15_17_0087_lat_10.3636402_lon_105.4197034_alt_20.428m.JPG,,"[""/home/hyggestuen/Downloads/_WeedyRice/WeedyRice-RGBMS-DB/Multispectral/DJI_DateTime_2025_01_15_15_17_0087_lat_10.3636402_lon_105.4197034_alt_20.428m_G.TIF"", ""/home/hyggestuen/Downloads/_WeedyRice/WeedyRice-RGBMS-DB/Multispectral/DJI_DateTime_2025_01_15_15_17_0087_lat_10.3636402_lon_105.4197034_alt_20.428m_NIR.TIF"", ""/home/hyggestuen/Downloads/_WeedyRice/WeedyRice-RGBMS-DB/Multispectral/DJI_DateTime_2025_01_15_15_17_0087_lat_10.3636402_lon_105.4197034_alt_20.428m_R.TIF"", ""/home/hyggestuen/Downloads/_WeedyRice/WeedyRice-RGBMS-DB/Multispectral/DJI_DateTime_2025_01_15_15_17_0087_lat_10.3636402_lon_105.4197034_alt_20.428m_RE.TIF""]",/home/hyggestuen/Downloads/_WeedyRice/WeedyRice-RGBMS-DB/Masks/DJI_DateTime_2025_01_15_15_17_0087_lat_10.3636402_lon_105.4197034_alt_20.428m.png,2025_01_15_15,test
DJI_DateTime_2025_01_15_15_17_0088_lat_10.3636092_lon_105.4196652_alt_20.404m,/home/hyggestuen/Downloads/_WeedyRice/WeedyRice-RGBMS-DB/RGB/DJI_DateTime_2025_01_15_15_17_0088_lat_10.3636092_lon_105.4196652_alt_20.404m.JPG,,"[""/home/hyggestuen/Downloads/_WeedyRice/WeedyRice-RGBMS-DB/Multispectral/DJI_DateTime_2025_01_15_15_17_0088_lat_10.3636092_lon_105.4196652_alt_20.404m_G.TIF"", ""/home/hyggestuen/Downloads/_WeedyRice/WeedyRice-RGBMS-DB/Multispectral/DJI_DateTime_2025_01_15_15_17_0088_lat_10.3636092_lon_105.4196652_alt_20.404m_NIR.TIF"", ""/home/hyggestuen/Downloads/_WeedyRice/WeedyRice-RGBMS-DB/Multispectral/DJI_DateTime_2025_01_15_15_17_0088_lat_10.3636092_lon_105.4196652_alt_20.404m_R.TIF"", ""/home/hyggestuen/Downloads/_WeedyRice/WeedyRice-RGBMS-DB/Multispectral/DJI_DateTime_2025_01_15_15_17_0088_lat_10.3636092_lon_105.4196652_alt_20.404m_RE.TIF""]",/home/hyggestuen/Downloads/_WeedyRice/WeedyRice-RGBMS-DB/Masks/DJI_DateTime_2025_01_15_15_17_0088_lat_10.3636092_lon_105.4196652_alt_20.404m.png,2025_01_15_15,test
DJI_DateTime_2025_01_15_15_17_0089_lat_10.3635773_lon_105.4196274_alt_20.405m,/home/hyggestuen/Downloads/_WeedyRice/WeedyRice-RGBMS-DB/RGB/DJI_DateTime_2025_01_15_15_17_0089_lat_10.3635773_lon_105.4196274_alt_20.405m.JPG,,"[""/home/hyggestuen/Downloads/_WeedyRice/WeedyRice-RGBMS-DB/Multispectral/DJI_DateTime_2025_01_15_15_17_0089_lat_10.3635773_lon_105.4196274_alt_20.405m_G.TIF"", ""/home/hyggestuen/Downloads/_WeedyRice/WeedyRice-RGBMS-DB/Multispectral/DJI_DateTime_2025_01_15_15_17_0089_lat_10.3635773_lon_105.4196274_alt_20.405m_NIR.TIF"", ""/home/hyggestuen/Downloads/_WeedyRice/WeedyRice-RGBMS-DB/Multispectral/DJI_DateTime_2025_01_15_15_17_0089_lat_10.3635773_lon_105.4196274_alt_20.405m_R.TIF"", ""/home/hyggestuen/Downloads/_WeedyRice/WeedyRice-RGBMS-DB/Multispectral/DJI_DateTime_2025_01_15_15_17_0089_lat_10.3635773_lon_105.4196274_alt_20.405m_RE.TIF""]",/home/hyggestuen/Downloads/_WeedyRice/WeedyRice-RGBMS-DB/Masks/DJI_DateTime_2025_01_15_15_17_0089_lat_10.3635773_lon_105.4196274_alt_20.405m.png,2025_01_15_15,test
DJI_DateTime_2025_01_15_15_17_0090_lat_10.3635458_lon_105.4195889_alt_20.402m,/home/hyggestuen/Downloads/_WeedyRice/WeedyRice-RGBMS-DB/RGB/DJI_DateTime_2025_01_15_15_17_0090_lat_10.3635458_lon_105.4195889_alt_20.402m.JPG,,"[""/home/hyggestuen/Downloads/_WeedyRice/WeedyRice-RGBMS-DB/Multispectral/DJI_DateTime_2025_01_15_15_17_0090_lat_10.3635458_lon_105.4195889_alt_20.402m_G.TIF"", ""/home/hyggestuen/Downloads/_WeedyRice/WeedyRice-RGBMS-DB/Multispectral/DJI_DateTime_2025_01_15_15_17_0090_lat_10.3635458_lon_105.4195889_alt_20.402m_NIR.TIF"", ""/home/hyggestuen/Downloads/_WeedyRice/WeedyRice-RGBMS-DB/Multispectral/DJI_DateTime_2025_01_15_15_17_0090_lat_10.3635458_lon_105.4195889_alt_20.402m_R.TIF"", ""/home/hyggestuen/Downloads/_WeedyRice/WeedyRice-RGBMS-DB/Multispectral/DJI_DateTime_2025_01_15_15_17_0090_lat_10.3635458_lon_105.4195889_alt_20.402m_RE.TIF""]",/home/hyggestuen/Downloads/_WeedyRice/WeedyRice-RGBMS-DB/Masks/DJI_DateTime_2025_01_15_15_17_0090_lat_10.3635458_lon_105.4195889_alt_20.402m.png,2025_01_15_15,test
DJI_DateTime_2025_01_15_15_17_0091_lat_10.3635144_lon_105.4195507_alt_20.409m,/home/hyggestuen/Downloads/_WeedyRice/WeedyRice-RGBMS-DB/RGB/DJI_DateTime_2025_01_15_15_17_0091_lat_10.3635144_lon_105.4195507_alt_20.409m.JPG,,"[""/home/hyggestuen/Downloads/_WeedyRice/WeedyRice-RGBMS-DB/Multispectral/DJI_DateTime_2025_01_15_15_17_0091_lat_10.3635144_lon_105.4195507_alt_20.409m_G.TIF"", ""/home/hyggestuen/Downloads/_WeedyRice/WeedyRice-RGBMS-DB/Multispectral/DJI_DateTime_2025_01_15_15_17_0091_lat_10.3635144_lon_105.4195507_alt_20.409m_NIR.TIF"", ""/home/hyggestuen/Downloads/_WeedyRice/WeedyRice-RGBMS-DB/Multispectral/DJI_DateTime_2025_01_15_15_17_0091_lat_10.3635144_lon_105.4195507_alt_20.409m_R.TIF"", ""/home/hyggestuen/Downloads/_WeedyRice/WeedyRice-RGBMS-DB/Multispectral/DJI_DateTime_2025_01_15_15_17_0091_lat_10.3635144_lon_105.4195507_alt_20.409m_RE.TIF""]",/home/hyggestuen/Downloads/_WeedyRice/WeedyRice-RGBMS-DB/Masks/DJI_DateTime_2025_01_15_15_17_0091_lat_10.3635144_lon_105.4195507_alt_20.409m.png,2025_01_15_15,test
DJI_DateTime_2025_01_15_15_17_0092_lat_10.3634837_lon_105.4195131_alt_20.404m,/home/hyggestuen/Downloads/_WeedyRice/WeedyRice-RGBMS-DB/RGB/DJI_DateTime_2025_01_15_15_17_0092_lat_10.3634837_lon_105.4195131_alt_20.404m.JPG,,"[""/home/hyggestuen/Downloads/_WeedyRice/WeedyRice-RGBMS-DB/Multispectral/DJI_DateTime_2025_01_15_15_17_0092_lat_10.3634837_lon_105.4195131_alt_20.404m_G.TIF"", ""/home/hyggestuen/Downloads/_WeedyRice/WeedyRice-RGBMS-DB/Multispectral/DJI_DateTime_2025_01_15_15_17_0092_lat_10.3634837_lon_105.4195131_alt_20.404m_NIR.TIF"", ""/home/hyggestuen/Downloads/_WeedyRice/WeedyRice-RGBMS-DB/Multispectral/DJI_DateTime_2025_01_15_15_17_0092_lat_10.3634837_lon_105.4195131_alt_20.404m_R.TIF"", ""/home/hyggestuen/Downloads/_WeedyRice/WeedyRice-RGBMS-DB/Multispectral/DJI_DateTime_2025_01_15_15_17_0092_lat_10.3634837_lon_105.4195131_alt_20.404m_RE.TIF""]",/home/hyggestuen/Downloads/_WeedyRice/WeedyRice-RGBMS-DB/Masks/DJI_DateTime_2025_01_15_15_17_0092_lat_10.3634837_lon_105.4195131_alt_20.404m.png,2025_01_15_15,test
DJI_DateTime_2025_01_15_15_17_0093_lat_10.3634535_lon_105.4194733_alt_20.414m,/home/hyggestuen/Downloads/_WeedyRice/WeedyRice-RGBMS-DB/RGB/DJI_DateTime_2025_01_15_15_17_0093_lat_10.3634535_lon_105.4194733_alt_20.414m.JPG,,"[""/home/hyggestuen/Downloads/_WeedyRice/WeedyRice-RGBMS-DB/Multispectral/DJI_DateTime_2025_01_15_15_17_0093_lat_10.3634535_lon_105.4194733_alt_20.414m_G.TIF"", ""/home/hyggestuen/Downloads/_WeedyRice/WeedyRice-RGBMS-DB/Multispectral/DJI_DateTime_2025_01_15_15_17_0093_lat_10.3634535_lon_105.4194733_alt_20.414m_NIR.TIF"", ""/home/hyggestuen/Downloads/_WeedyRice/WeedyRice-RGBMS-DB/Multispectral/DJI_DateTime_2025_01_15_15_17_0093_lat_10.3634535_lon_105.4194733_alt_20.414m_R.TIF"", ""/home/hyggestuen/Downloads/_WeedyRice/WeedyRice-RGBMS-DB/Multispectral/DJI_DateTime_2025_01_15_15_17_0093_lat_10.3634535_lon_105.4194733_alt_20.414m_RE.TIF""]",/home/hyggestuen/Downloads/_WeedyRice/WeedyRice-RGBMS-DB/Masks/DJI_DateTime_2025_01_15_15_17_0093_lat_10.3634535_lon_105.4194733_alt_20.414m.png,2025_01_15_15,test
DJI_DateTime_2025_01_15_15_17_0094_lat_10.3634714_lon_105.4194339_alt_20.367m,/home/hyggestuen/Downloads/_WeedyRice/WeedyRice-RGBMS-DB/RGB/DJI_DateTime_2025_01_15_15_17_0094_lat_10.3634714_lon_105.4194339_alt_20.367m.JPG,,"[""/home/hyggestuen/Downloads/_WeedyRice/WeedyRice-RGBMS-DB/Multispectral/DJI_DateTime_2025_01_15_15_17_0094_lat_10.3634714_lon_105.4194339_alt_20.367m_G.TIF"", ""/home/hyggestuen/Downloads/_WeedyRice/WeedyRice-RGBMS-DB/Multispectral/DJI_DateTime_2025_01_15_15_17_0094_lat_10.3634714_lon_105.4194339_alt_20.367m_NIR.TIF"", ""/home/hyggestuen/Downloads/_WeedyRice/WeedyRice-RGBMS-DB/Multispectral/DJI_DateTime_2025_01_15_15_17_0094_lat_10.3634714_lon_105.4194339_alt_20.367m_R.TIF"", ""/home/hyggestuen/Downloads/_WeedyRice/WeedyRice-RGBMS-DB/Multispectral/DJI_DateTime_2025_01_15_15_17_0094_lat_10.3634714_lon_105.4194339_alt_20.367m_RE.TIF""]",/home/hyggestuen/Downloads/_WeedyRice/WeedyRice-RGBMS-DB/Masks/DJI_DateTime_2025_01_15_15_17_0094_lat_10.3634714_lon_105.4194339_alt_20.367m.png,2025_01_15_15,test
DJI_DateTime_2025_01_15_15_17_0095_lat_10.3635102_lon_105.4194423_alt_20.254m,/home/hyggestuen/Downloads/_WeedyRice/WeedyRice-RGBMS-DB/RGB/DJI_DateTime_2025_01_15_15_17_0095_lat_10.3635102_lon_105.4194423_alt_20.254m.JPG,,"[""/home/hyggestuen/Downloads/_WeedyRice/WeedyRice-RGBMS-DB/Multispectral/DJI_DateTime_2025_01_15_15_17_0095_lat_10.3635102_lon_105.4194423_alt_20.254m_G.TIF"", ""/home/hyggestuen/Downloads/_WeedyRice/WeedyRice-RGBMS-DB/Multispectral/DJI_DateTime_2025_01_15_15_17_0095_lat_10.3635102_lon_105.4194423_alt_20.254m_NIR.TIF"", ""/home/hyggestuen/Downloads/_WeedyRice/WeedyRice-RGBMS-DB/Multispectral/DJI_DateTime_2025_01_15_15_17_0095_lat_10.3635102_lon_105.4194423_alt_20.254m_R.TIF"", ""/home/hyggestuen/Downloads/_WeedyRice/WeedyRice-RGBMS-DB/Multispectral/DJI_DateTime_2025_01_15_15_17_0095_lat_10.3635102_lon_105.4194423_alt_20.254m_RE.TIF""]",/home/hyggestuen/Downloads/_WeedyRice/WeedyRice-RGBMS-DB/Masks/DJI_DateTime_2025_01_15_15_17_0095_lat_10.3635102_lon_105.4194423_alt_20.254m.png,2025_01_15_15,test
DJI_DateTime_2025_01_15_15_17_0096_lat_10.3635411_lon_105.4194777_alt_20.306m,/home/hyggestuen/Downloads/_WeedyRice/WeedyRice-RGBMS-DB/RGB/DJI_DateTime_2025_01_15_15_17_0096_lat_10.3635411_lon_105.4194777_alt_20.306m.JPG,,"[""/home/hyggestuen/Downloads/_WeedyRice/WeedyRice-RGBMS-DB/Multispectral/DJI_DateTime_2025_01_15_15_17_0096_lat_10.3635411_lon_105.4194777_alt_20.306m_G.TIF"", ""/home/hyggestuen/Downloads/_WeedyRice/WeedyRice-RGBMS-DB/Multispectral/DJI_DateTime_2025_01_15_15_17_0096_lat_10.3635411_lon_105.4194777_alt_20.306m_NIR.TIF"", ""/home/hyggestuen/Downloads/_WeedyRice/WeedyRice-RGBMS-DB/Multispectral/DJI_DateTime_2025_01_15_15_17_0096_lat_10.3635411_lon_105.4194777_alt_20.306m_R.TIF"", ""/home/hyggestuen/Downloads/_WeedyRice/WeedyRice-RGBMS-DB/Multispectral/DJI_DateTime_2025_01_15_15_17_0096_lat_10.3635411_lon_105.4194777_alt_20.306m_RE.TIF""]",/home/hyggestuen/Downloads/_WeedyRice/WeedyRice-RGBMS-DB/Masks/DJI_DateTime_2025_01_15_15_17_0096_lat_10.3635411_lon_105.4194777_alt_20.306m.png,2025_01_15_15,test
DJI_DateTime_2025_01_15_15_17_0097_lat_10.3635734_lon_105.4195158_alt_20.325m,/home/hyggestuen/Downloads/_WeedyRice/WeedyRice-RGBMS-DB/RGB/DJI_DateTime_2025_01_15_15_17_0097_lat_10.3635734_lon_105.4195158_alt_20.325m.JPG,,"[""/home/hyggestuen/Downloads/_WeedyRice/WeedyRice-RGBMS-DB/Multispectral/DJI_DateTime_2025_01_15_15_17_0097_lat_10.3635734_lon_105.4195158_alt_20.325m_G.TIF"", ""/home/hyggestuen/Downloads/_WeedyRice/WeedyRice-RGBMS-DB/Multispectral/DJI_DateTime_2025_01_15_15_17_0097_lat_10.3635734_lon_105.4195158_alt_20.325m_NIR.TIF"", ""/home/hyggestuen/Downloads/_WeedyRice/WeedyRice-RGBMS-DB/Multispectral/DJI_DateTime_2025_01_15_15_17_0097_lat_10.3635734_lon_105.4195158_alt_20.325m_R.TIF"", ""/home/hyggestuen/Downloads/_WeedyRice/WeedyRice-RGBMS-DB/Multispectral/DJI_DateTime_2025_01_15_15_17_0097_lat_10.3635734_lon_105.4195158_alt_20.325m_RE.TIF""]",/home/hyggestuen/Downloads/_WeedyRice/WeedyRice-RGBMS-DB/Masks/DJI_DateTime_2025_01_15_15_17_0097_lat_10.3635734_lon_105.4195158_alt_20.325m.png,2025_01_15_15,test
DJI_DateTime_2025_01_15_15_18_0098_lat_10.3636054_lon_105.4195546_alt_20.249m,/home/hyggestuen/Downloads/_WeedyRice/WeedyRice-RGBMS-DB/RGB/DJI_DateTime_2025_01_15_15_18_0098_lat_10.3636054_lon_105.4195546_alt_20.249m.JPG,,"[""/home/hyggestuen/Downloads/_WeedyRice/WeedyRice-RGBMS-DB/Multispectral/DJI_DateTime_2025_01_15_15_18_0098_lat_10.3636054_lon_105.4195546_alt_20.249m_G.TIF"", ""/home/hyggestuen/Downloads/_WeedyRice/WeedyRice-RGBMS-DB/Multispectral/DJI_DateTime_2025_01_15_15_18_0098_lat_10.3636054_lon_105.4195546_alt_20.249m_NIR.TIF"", ""/home/hyggestuen/Downloads/_WeedyRice/WeedyRice-RGBMS-DB/Multispectral/DJI_DateTime_2025_01_15_15_18_0098_lat_10.3636054_lon_105.4195546_alt_20.249m_R.TIF"", ""/home/hyggestuen/Downloads/_WeedyRice/WeedyRice-RGBMS-DB/Multispectral/DJI_DateTime_2025_01_15_15_18_0098_lat_10.3636054_lon_105.4195546_alt_20.249m_RE.TIF""]",/home/hyggestuen/Downloads/_WeedyRice/WeedyRice-RGBMS-DB/Masks/DJI_DateTime_2025_01_15_15_18_0098_lat_10.3636054_lon_105.4195546_alt_20.249m.png,2025_01_15_15,test
DJI_DateTime_2025_01_15_15_18_0099_lat_10.3636372_lon_105.4195927_alt_20.264m,/home/hyggestuen/Downloads/_WeedyRice/WeedyRice-RGBMS-DB/RGB/DJI_DateTime_2025_01_15_15_18_0099_lat_10.3636372_lon_105.4195927_alt_20.264m.JPG,,"[""/home/hyggestuen/Downloads/_WeedyRice/WeedyRice-RGBMS-DB/Multispectral/DJI_DateTime_2025_01_15_15_18_0099_lat_10.3636372_lon_105.4195927_alt_20.264m_G.TIF"", ""/home/hyggestuen/Downloads/_WeedyRice/WeedyRice-RGBMS-DB/Multispectral/DJI_DateTime_2025_01_15_15_18_0099_lat_10.3636372_lon_105.4195927_alt_20.264m_NIR.TIF"", ""/home/hyggestuen/Downloads/_WeedyRice/WeedyRice-RGBMS-DB/Multispectral/DJI_DateTime_2025_01_15_15_18_0099_lat_10.3636372_lon_105.4195927_alt_20.264m_R.TIF"", ""/home/hyggestuen/Downloads/_WeedyRice/WeedyRice-RGBMS-DB/Multispectral/DJI_DateTime_2025_01_15_15_18_0099_lat_10.3636372_lon_105.4195927_alt_20.264m_RE.TIF""]",/home/hyggestuen/Downloads/_WeedyRice/WeedyRice-RGBMS-DB/Masks/DJI_DateTime_2025_01_15_15_18_0099_lat_10.3636372_lon_105.4195927_alt_20.264m.png,2025_01_15_15,test
DJI_DateTime_2025_01_15_15_18_0100_lat_10.3636690_lon_105.4196307_alt_20.418m,/home/hyggestuen/Downloads/_WeedyRice/WeedyRice-RGBMS-DB/RGB/DJI_DateTime_2025_01_15_15_18_0100_lat_10.3636690_lon_105.4196307_alt_20.418m.JPG,,"[""/home/hyggestuen/Downloads/_WeedyRice/WeedyRice-RGBMS-DB/Multispectral/DJI_DateTime_2025_01_15_15_18_0100_lat_10.3636690_lon_105.4196307_alt_20.418m_G.TIF"", ""/home/hyggestuen/Downloads/_WeedyRice/WeedyRice-RGBMS-DB/Multispectral/DJI_DateTime_2025_01_15_15_18_0100_lat_10.3636690_lon_105.4196307_alt_20.418m_NIR.TIF"", ""/home/hyggestuen/Downloads/_WeedyRice/WeedyRice-RGBMS-DB/Multispectral/DJI_DateTime_2025_01_15_15_18_0100_lat_10.3636690_lon_105.4196307_alt_20.418m_R.TIF"", ""/home/hyggestuen/Downloads/_WeedyRice/WeedyRice-RGBMS-DB/Multispectral/DJI_DateTime_2025_01_15_15_18_0100_lat_10.3636690_lon_105.4196307_alt_20.418m_RE.TIF""]",/home/hyggestuen/Downloads/_WeedyRice/WeedyRice-RGBMS-DB/Masks/DJI_DateTime_2025_01_15_15_18_0100_lat_10.3636690_lon_105.4196307_alt_20.418m.png,2025_01_15_15,test
DJI_DateTime_2025_01_15_15_18_0101_lat_10.3637009_lon_105.4196692_alt_20.444m,/home/hyggestuen/Downloads/_WeedyRice/WeedyRice-RGBMS-DB/RGB/DJI_DateTime_2025_01_15_15_18_0101_lat_10.3637009_lon_105.4196692_alt_20.444m.JPG,,"[""/home/hyggestuen/Downloads/_WeedyRice/WeedyRice-RGBMS-DB/Multispectral/DJI_DateTime_2025_01_15_15_18_0101_lat_10.3637009_lon_105.4196692_alt_20.444m_G.TIF"", ""/home/hyggestuen/Downloads/_WeedyRice/WeedyRice-RGBMS-DB/Multispectral/DJI_DateTime_2025_01_15_15_18_0101_lat_10.3637009_lon_105.4196692_alt_20.444m_NIR.TIF"", ""/home/hyggestuen/Downloads/_WeedyRice/WeedyRice-RGBMS-DB/Multispectral/DJI_DateTime_2025_01_15_15_18_0101_lat_10.3637009_lon_105.4196692_alt_20.444m_R.TIF"", ""/home/hyggestuen/Downloads/_WeedyRice/WeedyRice-RGBMS-DB/Multispectral/DJI_DateTime_2025_01_15_15_18_0101_lat_10.3637009_lon_105.4196692_alt_20.444m_RE.TIF""]",/home/hyggestuen/Downloads/_WeedyRice/WeedyRice-RGBMS-DB/Masks/DJI_DateTime_2025_01_15_15_18_0101_lat_10.3637009_lon_105.4196692_alt_20.444m.png,2025_01_15_15,test
DJI_DateTime_2025_01_15_15_18_0102_lat_10.3637320_lon_105.4197074_alt_20.471m,/home/hyggestuen/Downloads/_WeedyRice/WeedyRice-RGBMS-DB/RGB/DJI_DateTime_2025_01_15_15_18_0102_lat_10.3637320_lon_105.4197074_alt_20.471m.JPG,,"[""/home/hyggestuen/Downloads/_WeedyRice/WeedyRice-RGBMS-DB/Multispectral/DJI_DateTime_2025_01_15_15_18_0102_lat_10.3637320_lon_105.4197074_alt_20.471m_G.TIF"", ""/home/hyggestuen/Downloads/_WeedyRice/WeedyRice-RGBMS-DB/Multispectral/DJI_DateTime_2025_01_15_15_18_0102_lat_10.3637320_lon_105.4197074_alt_20.471m_NIR.TIF"", ""/home/hyggestuen/Downloads/_WeedyRice/WeedyRice-RGBMS-DB/Multispectral/DJI_DateTime_2025_01_15_15_18_0102_lat_10.3637320_lon_105.4197074_alt_20.471m_R.TIF"", ""/home/hyggestuen/Downloads/_WeedyRice/WeedyRice-RGBMS-DB/Multispectral/DJI_DateTime_2025_01_15_15_18_0102_lat_10.3637320_lon_105.4197074_alt_20.471m_RE.TIF""]",/home/hyggestuen/Downloads/_WeedyRice/WeedyRice-RGBMS-DB/Masks/DJI_DateTime_2025_01_15_15_18_0102_lat_10.3637320_lon_105.4197074_alt_20.471m.png,2025_01_15_15,test
DJI_DateTime_2025_01_15_15_18_0103_lat_10.3637639_lon_105.4197462_alt_20.435m,/home/hyggestuen/Downloads/_WeedyRice/WeedyRice-RGBMS-DB/RGB/DJI_DateTime_2025_01_15_15_18_0103_lat_10.3637639_lon_105.4197462_alt_20.435m.JPG,,"[""/home/hyggestuen/Downloads/_WeedyRice/WeedyRice-RGBMS-DB/Multispectral/DJI_DateTime_2025_01_15_15_18_0103_lat_10.3637639_lon_105.4197462_alt_20.435m_G.TIF"", ""/home/hyggestuen/Downloads/_WeedyRice/WeedyRice-RGBMS-DB/Multispectral/DJI_DateTime_2025_01_15_15_18_0103_lat_10.3637639_lon_105.4197462_alt_20.435m_NIR.TIF"", ""/home/hyggestuen/Downloads/_WeedyRice/WeedyRice-RGBMS-DB/Multispectral/DJI_DateTime_2025_01_15_15_18_0103_lat_10.3637639_lon_105.4197462_alt_20.435m_R.TIF"", ""/home/hyggestuen/Downloads/_WeedyRice/WeedyRice-RGBMS-DB/Multispectral/DJI_DateTime_2025_01_15_15_18_0103_lat_10.3637639_lon_105.4197462_alt_20.435m_RE.TIF""]",/home/hyggestuen/Downloads/_WeedyRice/WeedyRice-RGBMS-DB/Masks/DJI_DateTime_2025_01_15_15_18_0103_lat_10.3637639_lon_105.4197462_alt_20.435m.png,2025_01_15_15,test
DJI_DateTime_2025_01_15_15_18_0104_lat_10.3637957_lon_105.4197839_alt_20.410m,/home/hyggestuen/Downloads/_WeedyRice/WeedyRice-RGBMS-DB/RGB/DJI_DateTime_2025_01_15_15_18_0104_lat_10.3637957_lon_105.4197839_alt_20.410m.JPG,,"[""/home/hyggestuen/Downloads/_WeedyRice/WeedyRice-RGBMS-DB/Multispectral/DJI_DateTime_2025_01_15_15_18_0104_lat_10.3637957_lon_105.4197839_alt_20.410m_G.TIF"", ""/home/hyggestuen/Downloads/_WeedyRice/WeedyRice-RGBMS-DB/Multispectral/DJI_DateTime_2025_01_15_15_18_0104_lat_10.3637957_lon_105.4197839_alt_20.410m_NIR.TIF"", ""/home/hyggestuen/Downloads/_WeedyRice/WeedyRice-RGBMS-DB/Multispectral/DJI_DateTime_2025_01_15_15_18_0104_lat_10.3637957_lon_105.4197839_alt_20.410m_R.TIF"", ""/home/hyggestuen/Downloads/_WeedyRice/WeedyRice-RGBMS-DB/Multispectral/DJI_DateTime_2025_01_15_15_18_0104_lat_10.3637957_lon_105.4197839_alt_20.410m_RE.TIF""]",/home/hyggestuen/Downloads/_WeedyRice/WeedyRice-RGBMS-DB/Masks/DJI_DateTime_2025_01_15_15_18_0104_lat_10.3637957_lon_105.4197839_alt_20.410m.png,2025_01_15_15,test
DJI_DateTime_2025_01_15_15_18_0105_lat_10.3638278_lon_105.4198227_alt_20.320m,/home/hyggestuen/Downloads/_WeedyRice/WeedyRice-RGBMS-DB/RGB/DJI_DateTime_2025_01_15_15_18_0105_lat_10.3638278_lon_105.4198227_alt_20.320m.JPG,,"[""/home/hyggestuen/Downloads/_WeedyRice/WeedyRice-RGBMS-DB/Multispectral/DJI_DateTime_2025_01_15_15_18_0105_lat_10.3638278_lon_105.4198227_alt_20.320m_G.TIF"", ""/home/hyggestuen/Downloads/_WeedyRice/WeedyRice-RGBMS-DB/Multispectral/DJI_DateTime_2025_01_15_15_18_0105_lat_10.3638278_lon_105.4198227_alt_20.320m_NIR.TIF"", ""/home/hyggestuen/Downloads/_WeedyRice/WeedyRice-RGBMS-DB/Multispectral/DJI_DateTime_2025_01_15_15_18_0105_lat_10.3638278_lon_105.4198227_alt_20.320m_R.TIF"", ""/home/hyggestuen/Downloads/_WeedyRice/WeedyRice-RGBMS-DB/Multispectral/DJI_DateTime_2025_01_15_15_18_0105_lat_10.3638278_lon_105.4198227_alt_20.320m_RE.TIF""]",/home/hyggestuen/Downloads/_WeedyRice/WeedyRice-RGBMS-DB/Masks/DJI_DateTime_2025_01_15_15_18_0105_lat_10.3638278_lon_105.4198227_alt_20.320m.png,2025_01_15_15,test
DJI_DateTime_2025_01_15_15_18_0106_lat_10.3638590_lon_105.4198608_alt_20.415m,/home/hyggestuen/Downloads/_WeedyRice/WeedyRice-RGBMS-DB/RGB/DJI_DateTime_2025_01_15_15_18_0106_lat_10.3638590_lon_105.4198608_alt_20.415m.JPG,,"[""/home/hyggestuen/Downloads/_WeedyRice/WeedyRice-RGBMS-DB/Multispectral/DJI_DateTime_2025_01_15_15_18_0106_lat_10.3638590_lon_105.4198608_alt_20.415m_G.TIF"", ""/home/hyggestuen/Downloads/_WeedyRice/WeedyRice-RGBMS-DB/Multispectral/DJI_DateTime_2025_01_15_15_18_0106_lat_10.3638590_lon_105.4198608_alt_20.415m_NIR.TIF"", ""/home/hyggestuen/Downloads/_WeedyRice/WeedyRice-RGBMS-DB/Multispectral/DJI_DateTime_2025_01_15_15_18_0106_lat_10.3638590_lon_105.4198608_alt_20.415m_R.TIF"", ""/home/hyggestuen/Downloads/_WeedyRice/WeedyRice-RGBMS-DB/Multispectral/DJI_DateTime_2025_01_15_15_18_0106_lat_10.3638590_lon_105.4198608_alt_20.415m_RE.TIF""]",/home/hyggestuen/Downloads/_WeedyRice/WeedyRice-RGBMS-DB/Masks/DJI_DateTime_2025_01_15_15_18_0106_lat_10.3638590_lon_105.4198608_alt_20.415m.png,2025_01_15_15,test
DJI_DateTime_2025_01_15_15_18_0107_lat_10.3638912_lon_105.4198990_alt_20.332m,/home/hyggestuen/Downloads/_WeedyRice/WeedyRice-RGBMS-DB/RGB/DJI_DateTime_2025_01_15_15_18_0107_lat_10.3638912_lon_105.4198990_alt_20.332m.JPG,,"[""/home/hyggestuen/Downloads/_WeedyRice/WeedyRice-RGBMS-DB/Multispectral/DJI_DateTime_2025_01_15_15_18_0107_lat_10.3638912_lon_105.4198990_alt_20.332m_G.TIF"", ""/home/hyggestuen/Downloads/_WeedyRice/WeedyRice-RGBMS-DB/Multispectral/DJI_DateTime_2025_01_15_15_18_0107_lat_10.3638912_lon_105.4198990_alt_20.332m_NIR.TIF"", ""/home/hyggestuen/Downloads/_WeedyRice/WeedyRice-RGBMS-DB/Multispectral/DJI_DateTime_2025_01_15_15_18_0107_lat_10.3638912_lon_105.4198990_alt_20.332m_R.TIF"", ""/home/hyggestuen/Downloads/_WeedyRice/WeedyRice-RGBMS-DB/Multispectral/DJI_DateTime_2025_01_15_15_18_0107_lat_10.3638912_lon_105.4198990_alt_20.332m_RE.TIF""]",/home/hyggestuen/Downloads/_WeedyRice/WeedyRice-RGBMS-DB/Masks/DJI_DateTime_2025_01_15_15_18_0107_lat_10.3638912_lon_105.4198990_alt_20.332m.png,2025_01_15_15,test
DJI_DateTime_2025_01_15_15_18_0108_lat_10.3639228_lon_105.4199376_alt_20.428m,/home/hyggestuen/Downloads/_WeedyRice/WeedyRice-RGBMS-DB/RGB/DJI_DateTime_2025_01_15_15_18_0108_lat_10.3639228_lon_105.4199376_alt_20.428m.JPG,,"[""/home/hyggestuen/Downloads/_WeedyRice/WeedyRice-RGBMS-DB/Multispectral/DJI_DateTime_2025_01_15_15_18_0108_lat_10.3639228_lon_105.4199376_alt_20.428m_G.TIF"", ""/home/hyggestuen/Downloads/_WeedyRice/WeedyRice-RGBMS-DB/Multispectral/DJI_DateTime_2025_01_15_15_18_0108_lat_10.3639228_lon_105.4199376_alt_20.428m_NIR.TIF"", ""/home/hyggestuen/Downloads/_WeedyRice/WeedyRice-RGBMS-DB/Multispectral/DJI_DateTime_2025_01_15_15_18_0108_lat_10.3639228_lon_105.4199376_alt_20.428m_R.TIF"", ""/home/hyggestuen/Downloads/_WeedyRice/WeedyRice-RGBMS-DB/Multispectral/DJI_DateTime_2025_01_15_15_18_0108_lat_10.3639228_lon_105.4199376_alt_20.428m_RE.TIF""]",/home/hyggestuen/Downloads/_WeedyRice/WeedyRice-RGBMS-DB/Masks/DJI_DateTime_2025_01_15_15_18_0108_lat_10.3639228_lon_105.4199376_alt_20.428m.png,2025_01_15_15,test
DJI_DateTime_2025_01_15_15_18_0109_lat_10.3639542_lon_105.4199759_alt_20.406m,/home/hyggestuen/Downloads/_WeedyRice/WeedyRice-RGBMS-DB/RGB/DJI_DateTime_2025_01_15_15_18_0109_lat_10.3639542_lon_105.4199759_alt_20.406m.JPG,,"[""/home/hyggestuen/Downloads/_WeedyRice/WeedyRice-RGBMS-DB/Multispectral/DJI_DateTime_2025_01_15_15_18_0109_lat_10.3639542_lon_105.4199759_alt_20.406m_G.TIF"", ""/home/hyggestuen/Downloads/_WeedyRice/WeedyRice-RGBMS-DB/Multispectral/DJI_DateTime_2025_01_15_15_18_0109_lat_10.3639542_lon_105.4199759_alt_20.406m_NIR.TIF"", ""/home/hyggestuen/Downloads/_WeedyRice/WeedyRice-RGBMS-DB/Multispectral/DJI_DateTime_2025_01_15_15_18_0109_lat_10.3639542_lon_105.4199759_alt_20.406m_R.TIF"", ""/home/hyggestuen/Downloads/_WeedyRice/WeedyRice-RGBMS-DB/Multispectral/DJI_DateTime_2025_01_15_15_18_0109_lat_10.3639542_lon_105.4199759_alt_20.406m_RE.TIF""]",/home/hyggestuen/Downloads/_WeedyRice/WeedyRice-RGBMS-DB/Masks/DJI_DateTime_2025_01_15_15_18_0109_lat_10.3639542_lon_105.4199759_alt_20.406m.png,2025_01_15_15,test
DJI_DateTime_2025_01_15_15_18_0110_lat_10.3639856_lon_105.4200139_alt_20.395m,/home/hyggestuen/Downloads/_WeedyRice/WeedyRice-RGBMS-DB/RGB/DJI_DateTime_2025_01_15_15_18_0110_lat_10.3639856_lon_105.4200139_alt_20.395m.JPG,,"[""/home/hyggestuen/Downloads/_WeedyRice/WeedyRice-RGBMS-DB/Multispectral/DJI_DateTime_2025_01_15_15_18_0110_lat_10.3639856_lon_105.4200139_alt_20.395m_G.TIF"", ""/home/hyggestuen/Downloads/_WeedyRice/WeedyRice-RGBMS-DB/Multispectral/DJI_DateTime_2025_01_15_15_18_0110_lat_10.3639856_lon_105.4200139_alt_20.395m_NIR.TIF"", ""/home/hyggestuen/Downloads/_WeedyRice/WeedyRice-RGBMS-DB/Multispectral/DJI_DateTime_2025_01_15_15_18_0110_lat_10.3639856_lon_105.4200139_alt_20.395m_R.TIF"", ""/home/hyggestuen/Downloads/_WeedyRice/WeedyRice-RGBMS-DB/Multispectral/DJI_DateTime_2025_01_15_15_18_0110_lat_10.3639856_lon_105.4200139_alt_20.395m_RE.TIF""]",/home/hyggestuen/Downloads/_WeedyRice/WeedyRice-RGBMS-DB/Masks/DJI_DateTime_2025_01_15_15_18_0110_lat_10.3639856_lon_105.4200139_alt_20.395m.png,2025_01_15_15,test
DJI_DateTime_2025_01_15_15_18_0111_lat_10.3640175_lon_105.4200528_alt_20.348m,/home/hyggestuen/Downloads/_WeedyRice/WeedyRice-RGBMS-DB/RGB/DJI_DateTime_2025_01_15_15_18_0111_lat_10.3640175_lon_105.4200528_alt_20.348m.JPG,,"[""/home/hyggestuen/Downloads/_WeedyRice/WeedyRice-RGBMS-DB/Multispectral/DJI_DateTime_2025_01_15_15_18_0111_lat_10.3640175_lon_105.4200528_alt_20.348m_G.TIF"", ""/home/hyggestuen/Downloads/_WeedyRice/WeedyRice-RGBMS-DB/Multispectral/DJI_DateTime_2025_01_15_15_18_0111_lat_10.3640175_lon_105.4200528_alt_20.348m_NIR.TIF"", ""/home/hyggestuen/Downloads/_WeedyRice/WeedyRice-RGBMS-DB/Multispectral/DJI_DateTime_2025_01_15_15_18_0111_lat_10.3640175_lon_105.4200528_alt_20.348m_R.TIF"", ""/home/hyggestuen/Downloads/_WeedyRice/WeedyRice-RGBMS-DB/Multispectral/DJI_DateTime_2025_01_15_15_18_0111_lat_10.3640175_lon_105.4200528_alt_20.348m_RE.TIF""]",/home/hyggestuen/Downloads/_WeedyRice/WeedyRice-RGBMS-DB/Masks/DJI_DateTime_2025_01_15_15_18_0111_lat_10.3640175_lon_105.4200528_alt_20.348m.png,2025_01_15_15,test
DJI_DateTime_2025_01_15_15_18_0114_lat_10.3640635_lon_105.4200076_alt_20.537m,/home/hyggestuen/Downloads/_WeedyRice/WeedyRice-RGBMS-DB/RGB/DJI_DateTime_2025_01_15_15_18_0114_lat_10.3640635_lon_105.4200076_alt_20.537m.JPG,,"[""/home/hyggestuen/Downloads/_WeedyRice/WeedyRice-RGBMS-DB/Multispectral/DJI_DateTime_2025_01_15_15_18_0114_lat_10.3640635_lon_105.4200076_alt_20.537m_G.TIF"", ""/home/hyggestuen/Downloads/_WeedyRice/WeedyRice-RGBMS-DB/Multispectral/DJI_DateTime_2025_01_15_15_18_0114_lat_10.3640635_lon_105.4200076_alt_20.537m_NIR.TIF"", ""/home/hyggestuen/Downloads/_WeedyRice/WeedyRice-RGBMS-DB/Multispectral/DJI_DateTime_2025_01_15_15_18_0114_lat_10.3640635_lon_105.4200076_alt_20.537m_R.TIF"", ""/home/hyggestuen/Downloads/_WeedyRice/WeedyRice-RGBMS-DB/Multispectral/DJI_DateTime_2025_01_15_15_18_0114_lat_10.3640635_lon_105.4200076_alt_20.537m_RE.TIF""]",/home/hyggestuen/Downloads/_WeedyRice/WeedyRice-RGBMS-DB/Masks/DJI_DateTime_2025_01_15_15_18_0114_lat_10.3640635_lon_105.4200076_alt_20.537m.png,2025_01_15_15,test
DJI_DateTime_2025_01_15_15_18_0115_lat_10.3640310_lon_105.4199674_alt_20.454m,/home/hyggestuen/Downloads/_WeedyRice/WeedyRice-RGBMS-DB/RGB/DJI_DateTime_2025_01_15_15_18_0115_lat_10.3640310_lon_105.4199674_alt_20.454m.JPG,,"[""/home/hyggestuen/Downloads/_WeedyRice/WeedyRice-RGBMS-DB/Multispectral/DJI_DateTime_2025_01_15_15_18_0115_lat_10.3640310_lon_105.4199674_alt_20.454m_G.TIF"", ""/home/hyggestuen/Downloads/_WeedyRice/WeedyRice-RGBMS-DB/Multispectral/DJI_DateTime_2025_01_15_15_18_0115_lat_10.3640310_lon_105.4199674_alt_20.454m_NIR.TIF"", ""/home/hyggestuen/Downloads/_WeedyRice/WeedyRice-RGBMS-DB/Multispectral/DJI_DateTime_2025_01_15_15_18_0115_lat_10.3640310_lon_105.4199674_alt_20.454m_R.TIF"", ""/home/hyggestuen/Downloads/_WeedyRice/WeedyRice-RGBMS-DB/Multispectral/DJI_DateTime_2025_01_15_15_18_0115_lat_10.3640310_lon_105.4199674_alt_20.454m_RE.TIF""]",/home/hyggestuen/Downloads/_WeedyRice/WeedyRice-RGBMS-DB/Masks/DJI_DateTime_2025_01_15_15_18_0115_lat_10.3640310_lon_105.4199674_alt_20.454m.png,2025_01_15_15,test
DJI_DateTime_2025_01_15_15_18_0116_lat_10.3639994_lon_105.4199288_alt_20.398m,/home/hyggestuen/Downloads/_WeedyRice/WeedyRice-RGBMS-DB/RGB/DJI_DateTime_2025_01_15_15_18_0116_lat_10.3639994_lon_105.4199288_alt_20.398m.JPG,,"[""/home/hyggestuen/Downloads/_WeedyRice/WeedyRice-RGBMS-DB/Multispectral/DJI_DateTime_2025_01_15_15_18_0116_lat_10.3639994_lon_105.4199288_alt_20.398m_G.TIF"", ""/home/hyggestuen/Downloads/_WeedyRice/WeedyRice-RGBMS-DB/Multispectral/DJI_DateTime_2025_01_15_15_18_0116_lat_10.3639994_lon_105.4199288_alt_20.398m_NIR.TIF"", ""/home/hyggestuen/Downloads/_WeedyRice/WeedyRice-RGBMS-DB/Multispectral/DJI_DateTime_2025_01_15_15_18_0116_lat_10.3639994_lon_105.4199288_alt_20.398m_R.TIF"", ""/home/hyggestuen/Downloads/_WeedyRice/WeedyRice-RGBMS-DB/Multispectral/DJI_DateTime_2025_01_15_15_18_0116_lat_10.3639994_lon_105.4199288_alt_20.398m_RE.TIF""]",/home/hyggestuen/Downloads/_WeedyRice/WeedyRice-RGBMS-DB/Masks/DJI_DateTime_2025_01_15_15_18_0116_lat_10.3639994_lon_105.4199288_alt_20.398m.png,2025_01_15_15,test
DJI_DateTime_2025_01_15_15_18_0117_lat_10.3639681_lon_105.4198907_alt_20.398m,/home/hyggestuen/Downloads/_WeedyRice/WeedyRice-RGBMS-DB/RGB/DJI_DateTime_2025_01_15_15_18_0117_lat_10.3639681_lon_105.4198907_alt_20.398m.JPG,,"[""/home/hyggestuen/Downloads/_WeedyRice/WeedyRice-RGBMS-DB/Multispectral/DJI_DateTime_2025_01_15_15_18_0117_lat_10.3639681_lon_105.4198907_alt_20.398m_G.TIF"", ""/home/hyggestuen/Downloads/_WeedyRice/WeedyRice-RGBMS-DB/Multispectral/DJI_DateTime_2025_01_15_15_18_0117_lat_10.3639681_lon_105.4198907_alt_20.398m_NIR.TIF"", ""/home/hyggestuen/Downloads/_WeedyRice/WeedyRice-RGBMS-DB/Multispectral/DJI_DateTime_2025_01_15_15_18_0117_lat_10.3639681_lon_105.4198907_alt_20.398m_R.TIF"", ""/home/hyggestuen/Downloads/_WeedyRice/WeedyRice-RGBMS-DB/Multispectral/DJI_DateTime_2025_01_15_15_18_0117_lat_10.3639681_lon_105.4198907_alt_20.398m_RE.TIF""]",/home/hyggestuen/Downloads/_WeedyRice/WeedyRice-RGBMS-DB/Masks/DJI_DateTime_2025_01_15_15_18_0117_lat_10.3639681_lon_105.4198907_alt_20.398m.png,2025_01_15_15,test
DJI_DateTime_2025_01_15_15_18_0118_lat_10.3639374_lon_105.4198521_alt_20.388m,/home/hyggestuen/Downloads/_WeedyRice/WeedyRice-RGBMS-DB/RGB/DJI_DateTime_2025_01_15_15_18_0118_lat_10.3639374_lon_105.4198521_alt_20.388m.JPG,,"[""/home/hyggestuen/Downloads/_WeedyRice/WeedyRice-RGBMS-DB/Multispectral/DJI_DateTime_2025_01_15_15_18_0118_lat_10.3639374_lon_105.4198521_alt_20.388m_G.TIF"", ""/home/hyggestuen/Downloads/_WeedyRice/WeedyRice-RGBMS-DB/Multispectral/DJI_DateTime_2025_01_15_15_18_0118_lat_10.3639374_lon_105.4198521_alt_20.388m_NIR.TIF"", ""/home/hyggestuen/Downloads/_WeedyRice/WeedyRice-RGBMS-DB/Multispectral/DJI_DateTime_2025_01_15_15_18_0118_lat_10.3639374_lon_105.4198521_alt_20.388m_R.TIF"", ""/home/hyggestuen/Downloads/_WeedyRice/WeedyRice-RGBMS-DB/Multispectral/DJI_DateTime_2025_01_15_15_18_0118_lat_10.3639374_lon_105.4198521_alt_20.388m_RE.TIF""]",/home/hyggestuen/Downloads/_WeedyRice/WeedyRice-RGBMS-DB/Masks/DJI_DateTime_2025_01_15_15_18_0118_lat_10.3639374_lon_105.4198521_alt_20.388m.png,2025_01_15_15,test
DJI_DateTime_2025_01_15_15_18_0119_lat_10.3639053_lon_105.4198132_alt_20.370m,/home/hyggestuen/Downloads/_WeedyRice/WeedyRice-RGBMS-DB/RGB/DJI_DateTime_2025_01_15_15_18_0119_lat_10.3639053_lon_105.4198132_alt_20.370m.JPG,,"[""/home/hyggestuen/Downloads/_WeedyRice/WeedyRice-RGBMS-DB/Multispectral/DJI_DateTime_2025_01_15_15_18_0119_lat_10.3639053_lon_105.4198132_alt_20.370m_G.TIF"", ""/home/hyggestuen/Downloads/_WeedyRice/WeedyRice-RGBMS-DB/Multispectral/DJI_DateTime_2025_01_15_15_18_0119_lat_10.3639053_lon_105.4198132_alt_20.370m_NIR.TIF"", ""/home/hyggestuen/Downloads/_WeedyRice/WeedyRice-RGBMS-DB/Multispectral/DJI_DateTime_2025_01_15_15_18_0119_lat_10.3639053_lon_105.4198132_alt_20.370m_R.TIF"", ""/home/hyggestuen/Downloads/_WeedyRice/WeedyRice-RGBMS-DB/Multispectral/DJI_DateTime_2025_01_15_15_18_0119_lat_10.3639053_lon_105.4198132_alt_20.370m_RE.TIF""]",/home/hyggestuen/Downloads/_WeedyRice/WeedyRice-RGBMS-DB/Masks/DJI_DateTime_2025_01_15_15_18_0119_lat_10.3639053_lon_105.4198132_alt_20.370m.png,2025_01_15_15,test
DJI_DateTime_2025_01_15_15_18_0120_lat_10.3638737_lon_105.4197756_alt_20.402m,/home/hyggestuen/Downloads/_WeedyRice/WeedyRice-RGBMS-DB/RGB/DJI_DateTime_2025_01_15_15_18_0120_lat_10.3638737_lon_105.4197756_alt_20.402m.JPG,,"[""/home/hyggestuen/Downloads/_WeedyRice/WeedyRice-RGBMS-DB/Multispectral/DJI_DateTime_2025_01_15_15_18_0120_lat_10.3638737_lon_105.4197756_alt_20.402m_G.TIF"", ""/home/hyggestuen/Downloads/_WeedyRice/WeedyRice-RGBMS-DB/Multispectral/DJI_DateTime_2025_01_15_15_18_0120_lat_10.3638737_lon_105.4197756_alt_20.402m_NIR.TIF"", ""/home/hyggestuen/Downloads/_WeedyRice/WeedyRice-RGBMS-DB/Multispectral/DJI_DateTime_2025_01_15_15_18_0120_lat_10.3638737_lon_105.4197756_alt_20.402m_R.TIF"", ""/home/hyggestuen/Downloads/_WeedyRice/WeedyRice-RGBMS-DB/Multispectral/DJI_DateTime_2025_01_15_15_18_0120_lat_10.3638737_lon_105.4197756_alt_20.402m_RE.TIF""]",/home/hyggestuen/Downloads/_WeedyRice/WeedyRice-RGBMS-DB/Masks/DJI_DateTime_2025_01_15_15_18_0120_lat_10.3638737_lon_105.4197756_alt_20.402m.png,2025_01_15_15,test
DJI_DateTime_2025_01_15_15_18_0121_lat_10.3638417_lon_105.4197365_alt_20.375m,/home/hyggestuen/Downloads/_WeedyRice/WeedyRice-RGBMS-DB/RGB/DJI_DateTime_2025_01_15_15_18_0121_lat_10.3638417_lon_105.4197365_alt_20.375m.JPG,,"[""/home/hyggestuen/Downloads/_WeedyRice/WeedyRice-RGBMS-DB/Multispectral/DJI_DateTime_2025_01_15_15_18_0121_lat_10.3638417_lon_105.4197365_alt_20.375m_G.TIF"", ""/home/hyggestuen/Downloads/_WeedyRice/WeedyRice-RGBMS-DB/Multispectral/DJI_DateTime_2025_01_15_15_18_0121_lat_10.3638417_lon_105.4197365_alt_20.375m_NIR.TIF"", ""/home/hyggestuen/Downloads/_WeedyRice/WeedyRice-RGBMS-DB/Multispectral/DJI_DateTime_2025_01_15_15_18_0121_lat_10.3638417_lon_105.4197365_alt_20.375m_R.TIF"", ""/home/hyggestuen/Downloads/_WeedyRice/WeedyRice-RGBMS-DB/Multispectral/DJI_DateTime_2025_01_15_15_18_0121_lat_10.3638417_lon_105.4197365_alt_20.375m_RE.TIF""]",/home/hyggestuen/Downloads/_WeedyRice/WeedyRice-RGBMS-DB/Masks/DJI_DateTime_2025_01_15_15_18_0121_lat_10.3638417_lon_105.4197365_alt_20.375m.png,2025_01_15_15,test
DJI_DateTime_2025_01_15_15_18_0122_lat_10.3638103_lon_105.4196972_alt_20.393m,/home/hyggestuen/Downloads/_WeedyRice/WeedyRice-RGBMS-DB/RGB/DJI_DateTime_2025_01_15_15_18_0122_lat_10.3638103_lon_105.4196972_alt_20.393m.JPG,,"[""/home/hyggestuen/Downloads/_WeedyRice/WeedyRice-RGBMS-DB/Multispectral/DJI_DateTime_2025_01_15_15_18_0122_lat_10.3638103_lon_105.4196972_alt_20.393m_G.TIF"", ""/home/hyggestuen/Downloads/_WeedyRice/WeedyRice-RGBMS-DB/Multispectral/DJI_DateTime_2025_01_15_15_18_0122_lat_10.3638103_lon_105.4196972_alt_20.393m_NIR.TIF"", ""/home/hyggestuen/Downloads/_WeedyRice/WeedyRice-RGBMS-DB/Multispectral/DJI_DateTime_2025_01_15_15_18_0122_lat_10.3638103_lon_105.4196972_alt_20.393m_R.TIF"", ""/home/hyggestuen/Downloads/_WeedyRice/WeedyRice-RGBMS-DB/Multispectral/DJI_DateTime_2025_01_15_15_18_0122_lat_10.3638103_lon_105.4196972_alt_20.393m_RE.TIF""]",/home/hyggestuen/Downloads/_WeedyRice/WeedyRice-RGBMS-DB/Masks/DJI_DateTime_2025_01_15_15_18_0122_lat_10.3638103_lon_105.4196972_alt_20.393m.png,2025_01_15_15,test
DJI_DateTime_2025_01_15_15_19_0123_lat_10.3637786_lon_105.4196595_alt_20.408m,/home/hyggestuen/Downloads/_WeedyRice/WeedyRice-RGBMS-DB/RGB/DJI_DateTime_2025_01_15_15_19_0123_lat_10.3637786_lon_105.4196595_alt_20.408m.JPG,,"[""/home/hyggestuen/Downloads/_WeedyRice/WeedyRice-RGBMS-DB/Multispectral/DJI_DateTime_2025_01_15_15_19_0123_lat_10.3637786_lon_105.4196595_alt_20.408m_G.TIF"", ""/home/hyggestuen/Downloads/_WeedyRice/WeedyRice-RGBMS-DB/Multispectral/DJI_DateTime_2025_01_15_15_19_0123_lat_10.3637786_lon_105.4196595_alt_20.408m_NIR.TIF"", ""/home/hyggestuen/Downloads/_WeedyRice/WeedyRice-RGBMS-DB/Multispectral/DJI_DateTime_2025_01_15_15_19_0123_lat_10.3637786_lon_105.4196595_alt_20.408m_R.TIF"", ""/home/hyggestuen/Downloads/_WeedyRice/WeedyRice-RGBMS-DB/Multispectral/DJI_DateTime_2025_01_15_15_19_0123_lat_10.3637786_lon_105.4196595_alt_20.408m_RE.TIF""]",/home/hyggestuen/Downloads/_WeedyRice/WeedyRice-RGBMS-DB/Masks/DJI_DateTime_2025_01_15_15_19_0123_lat_10.3637786_lon_105.4196595_alt_20.408m.png,2025_01_15_15,test
DJI_DateTime_2025_01_15_15_19_0124_lat_10.3637471_lon_105.4196210_alt_20.526m,/home/hyggestuen/Downloads/_WeedyRice/WeedyRice-RGBMS-DB/RGB/DJI_DateTime_2025_01_15_15_19_0124_lat_10.3637471_lon_105.4196210_alt_20.526m.JPG,,"[""/home/hyggestuen/Downloads/_WeedyRice/WeedyRice-RGBMS-DB/Multispectral/DJI_DateTime_2025_01_15_15_19_0124_lat_10.3637471_lon_105.4196210_alt_20.526m_G.TIF"", ""/home/hyggestuen/Downloads/_WeedyRice/WeedyRice-RGBMS-DB/Multispectral/DJI_DateTime_2025_01_15_15_19_0124_lat_10.3637471_lon_105.4196210_alt_20.526m_NIR.TIF"", ""/home/hyggestuen/Downloads/_WeedyRice/WeedyRice-RGBMS-DB/Multispectral/DJI_DateTime_2025_01_15_15_19_0124_lat_10.3637471_lon_105.4196210_alt_20.526m_R.TIF"", ""/home/hyggestuen/Downloads/_WeedyRice/WeedyRice-RGBMS-DB/Multispectral/DJI_DateTime_2025_01_15_15_19_0124_lat_10.3637471_lon_105.4196210_alt_20.526m_RE.TIF""]",/home/hyggestuen/Downloads/_WeedyRice/WeedyRice-RGBMS-DB/Masks/DJI_DateTime_2025_01_15_15_19_0124_lat_10.3637471_lon_105.4196210_alt_20.526m.png,2025_01_15_15,test
DJI_DateTime_2025_01_15_15_19_0125_lat_10.3637149_lon_105.4195828_alt_20.447m,/home/hyggestuen/Downloads/_WeedyRice/WeedyRice-RGBMS-DB/RGB/DJI_DateTime_2025_01_15_15_19_0125_lat_10.3637149_lon_105.4195828_alt_20.447m.JPG,,"[""/home/hyggestuen/Downloads/_WeedyRice/WeedyRice-RGBMS-DB/Multispectral/DJI_DateTime_2025_01_15_15_19_0125_lat_10.3637149_lon_105.4195828_alt_20.447m_G.TIF"", ""/home/hyggestuen/Downloads/_WeedyRice/WeedyRice-RGBMS-DB/Multispectral/DJI_DateTime_2025_01_15_15_19_0125_lat_10.3637149_lon_105.4195828_alt_20.447m_NIR.TIF"", ""/home/hyggestuen/Downloads/_WeedyRice/WeedyRice-RGBMS-DB/Multispectral/DJI_DateTime_2025_01_15_15_19_0125_lat_10.3637149_lon_105.4195828_alt_20.447m_R.TIF"", ""/home/hyggestuen/Downloads/_WeedyRice/WeedyRice-RGBMS-DB/Multispectral/DJI_DateTime_2025_01_15_15_19_0125_lat_10.3637149_lon_105.4195828_alt_20.447m_RE.TIF""]",/home/hyggestuen/Downloads/_WeedyRice/WeedyRice-RGBMS-DB/Masks/DJI_DateTime_2025_01_15_15_19_0125_lat_10.3637149_lon_105.4195828_alt_20.447m.png,2025_01_15_15,test
DJI_DateTime_2025_01_15_15_19_0126_lat_10.3636839_lon_105.4195446_alt_20.366m,/home/hyggestuen/Downloads/_WeedyRice/WeedyRice-RGBMS-DB/RGB/DJI_DateTime_2025_01_15_15_19_0126_lat_10.3636839_lon_105.4195446_alt_20.366m.JPG,,"[""/home/hyggestuen/Downloads/_WeedyRice/WeedyRice-RGBMS-DB/Multispectral/DJI_DateTime_2025_01_15_15_19_0126_lat_10.3636839_lon_105.4195446_alt_20.366m_G.TIF"", ""/home/hyggestuen/Downloads/_WeedyRice/WeedyRice-RGBMS-DB/Multispectral/DJI_DateTime_2025_01_15_15_19_0126_lat_10.3636839_lon_105.4195446_alt_20.366m_NIR.TIF"", ""/home/hyggestuen/Downloads/_WeedyRice/WeedyRice-RGBMS-DB/Multispectral/DJI_DateTime_2025_01_15_15_19_0126_lat_10.3636839_lon_105.4195446_alt_20.366m_R.TIF"", ""/home/hyggestuen/Downloads/_WeedyRice/WeedyRice-RGBMS-DB/Multispectral/DJI_DateTime_2025_01_15_15_19_0126_lat_10.3636839_lon_105.4195446_alt_20.366m_RE.TIF""]",/home/hyggestuen/Downloads/_WeedyRice/WeedyRice-RGBMS-DB/Masks/DJI_DateTime_2025_01_15_15_19_0126_lat_10.3636839_lon_105.4195446_alt_20.366m.png,2025_01_15_15,test
DJI_DateTime_2025_01_15_15_19_0127_lat_10.3636520_lon_105.4195057_alt_20.416m,/home/hyggestuen/Downloads/_WeedyRice/WeedyRice-RGBMS-DB/RGB/DJI_DateTime_2025_01_15_15_19_0127_lat_10.3636520_lon_105.4195057_alt_20.416m.JPG,,"[""/home/hyggestuen/Downloads/_WeedyRice/WeedyRice-RGBMS-DB/Multispectral/DJI_DateTime_2025_01_15_15_19_0127_lat_10.3636520_lon_105.4195057_alt_20.416m_G.TIF"", ""/home/hyggestuen/Downloads/_WeedyRice/WeedyRice-RGBMS-DB/Multispectral/DJI_DateTime_2025_01_15_15_19_0127_lat_10.3636520_lon_105.4195057_alt_20.416m_NIR.TIF"", ""/home/hyggestuen/Downloads/_WeedyRice/WeedyRice-RGBMS-DB/Multispectral/DJI_DateTime_2025_01_15_15_19_0127_lat_10.3636520_lon_105.4195057_alt_20.416m_R.TIF"", ""/home/hyggestuen/Downloads/_WeedyRice/WeedyRice-RGBMS-DB/Multispectral/DJI_DateTime_2025_01_15_15_19_0127_lat_10.3636520_lon_105.4195057_alt_20.416m_RE.TIF""]",/home/hyggestuen/Downloads/_WeedyRice/WeedyRice-RGBMS-DB/Masks/DJI_DateTime_2025_01_15_15_19_0127_lat_10.3636520_lon_105.4195057_alt_20.416m.png,2025_01_15_15,test
DJI_DateTime_2025_01_15_15_19_0128_lat_10.3636202_lon_105.4194675_alt_20.389m,/home/hyggestuen/Downloads/_WeedyRice/WeedyRice-RGBMS-DB/RGB/DJI_DateTime_2025_01_15_15_19_0128_lat_10.3636202_lon_105.4194675_alt_20.389m.JPG,,"[""/home/hyggestuen/Downloads/_WeedyRice/WeedyRice-RGBMS-DB/Multispectral/DJI_DateTime_2025_01_15_15_19_0128_lat_10.3636202_lon_105.4194675_alt_20.389m_G.TIF"", ""/home/hyggestuen/Downloads/_WeedyRice/WeedyRice-RGBMS-DB/Multispectral/DJI_DateTime_2025_01_15_15_19_0128_lat_10.3636202_lon_105.4194675_alt_20.389m_NIR.TIF"", ""/home/hyggestuen/Downloads/_WeedyRice/WeedyRice-RGBMS-DB/Multispectral/DJI_DateTime_2025_01_15_15_19_0128_lat_10.3636202_lon_105.4194675_alt_20.389m_R.TIF"", ""/home/hyggestuen/Downloads/_WeedyRice/WeedyRice-RGBMS-DB/Multispectral/DJI_DateTime_2025_01_15_15_19_0128_lat_10.3636202_lon_105.4194675_alt_20.389m_RE.TIF""]",/home/hyggestuen/Downloads/_WeedyRice/WeedyRice-RGBMS-DB/Masks/DJI_DateTime_2025_01_15_15_19_0128_lat_10.3636202_lon_105.4194675_alt_20.389m.png,2025_01_15_15,test
DJI_DateTime_2025_01_15_15_19_0129_lat_10.3635888_lon_105.4194293_alt_20.379m,/home/hyggestuen/Downloads/_WeedyRice/WeedyRice-RGBMS-DB/RGB/DJI_DateTime_2025_01_15_15_19_0129_lat_10.3635888_lon_105.4194293_alt_20.379m.JPG,,"[""/home/hyggestuen/Downloads/_WeedyRice/WeedyRice-RGBMS-DB/Multispectral/DJI_DateTime_2025_01_15_15_19_0129_lat_10.3635888_lon_105.4194293_alt_20.379m_G.TIF"", ""/home/hyggestuen/Downloads/_WeedyRice/WeedyRice-RGBMS-DB/Multispectral/DJI_DateTime_2025_01_15_15_19_0129_lat_10.3635888_lon_105.4194293_alt_20.379m_NIR.TIF"", ""/home/hyggestuen/Downloads/_WeedyRice/WeedyRice-RGBMS-DB/Multispectral/DJI_DateTime_2025_01_15_15_19_0129_lat_10.3635888_lon_105.4194293_alt_20.379m_R.TIF"", ""/home/hyggestuen/Downloads/_WeedyRice/WeedyRice-RGBMS-DB/Multispectral/DJI_DateTime_2025_01_15_15_19_0129_lat_10.3635888_lon_105.4194293_alt_20.379m_RE.TIF""]",/home/hyggestuen/Downloads/_WeedyRice/WeedyRice-RGBMS-DB/Masks/DJI_DateTime_2025_01_15_15_19_0129_lat_10.3635888_lon_105.4194293_alt_20.379m.png,2025_01_15_15,test
DJI_DateTime_2025_01_15_15_19_0130_lat_10.3635569_lon_105.4193902_alt_20.372m,/home/hyggestuen/Downloads/_WeedyRice/WeedyRice-RGBMS-DB/RGB/DJI_DateTime_2025_01_15_15_19_0130_lat_10.3635569_lon_105.4193902_alt_20.372m.JPG,,"[""/home/hyggestuen/Downloads/_WeedyRice/WeedyRice-RGBMS-DB/Multispectral/DJI_DateTime_2025_01_15_15_19_0130_lat_10.3635569_lon_105.4193902_alt_20.372m_G.TIF"", ""/home/hyggestuen/Downloads/_WeedyRice/WeedyRice-RGBMS-DB/Multispectral/DJI_DateTime_2025_01_15_15_19_0130_lat_10.3635569_lon_105.4193902_alt_20.372m_NIR.TIF"", ""/home/hyggestuen/Downloads/_WeedyRice/WeedyRice-RGBMS-DB/Multispectral/DJI_DateTime_2025_01_15_15_19_0130_lat_10.3635569_lon_105.4193902_alt_20.372m_R.TIF"", ""/home/hyggestuen/Downloads/_WeedyRice/WeedyRice-RGBMS-DB/Multispectral/DJI_DateTime_2025_01_15_15_19_0130_lat_10.3635569_lon_105.4193902_alt_20.372m_RE.TIF""]",/home/hyggestuen/Downloads/_WeedyRice/WeedyRice-RGBMS-DB/Masks/DJI_DateTime_2025_01_15_15_19_0130_lat_10.3635569_lon_105.4193902_alt_20.372m.png,2025_01_15_15,test
DJI_DateTime_2025_01_15_15_19_0131_lat_10.3635580_lon_105.4193480_alt_20.492m,/home/hyggestuen/Downloads/_WeedyRice/WeedyRice-RGBMS-DB/RGB/DJI_DateTime_2025_01_15_15_19_0131_lat_10.3635580_lon_105.4193480_alt_20.492m.JPG,,"[""/home/hyggestuen/Downloads/_WeedyRice/WeedyRice-RGBMS-DB/Multispectral/DJI_DateTime_2025_01_15_15_19_0131_lat_10.3635580_lon_105.4193480_alt_20.492m_G.TIF"", ""/home/hyggestuen/Downloads/_WeedyRice/WeedyRice-RGBMS-DB/Multispectral/DJI_DateTime_2025_01_15_15_19_0131_lat_10.3635580_lon_105.4193480_alt_20.492m_NIR.TIF"", ""/home/hyggestuen/Downloads/_WeedyRice/WeedyRice-RGBMS-DB/Multispectral/DJI_DateTime_2025_01_15_15_19_0131_lat_10.3635580_lon_105.4193480_alt_20.492m_R.TIF"", ""/home/hyggestuen/Downloads/_WeedyRice/WeedyRice-RGBMS-DB/Multispectral/DJI_DateTime_2025_01_15_15_19_0131_lat_10.3635580_lon_105.4193480_alt_20.492m_RE.TIF""]",/home/hyggestuen/Downloads/_WeedyRice/WeedyRice-RGBMS-DB/Masks/DJI_DateTime_2025_01_15_15_19_0131_lat_10.3635580_lon_105.4193480_alt_20.492m.png,2025_01_15_15,test
DJI_DateTime_2025_01_15_15_19_0132_lat_10.3635977_lon_105.4193403_alt_20.289m,/home/hyggestuen/Downloads/_WeedyRice/WeedyRice-RGBMS-DB/RGB/DJI_DateTime_2025_01_15_15_19_0132_lat_10.3635977_lon_105.4193403_alt_20.289m.JPG,,"[""/home/hyggestuen/Downloads/_WeedyRice/WeedyRice-RGBMS-DB/Multispectral/DJI_DateTime_2025_01_15_15_19_0132_lat_10.3635977_lon_105.4193403_alt_20.289m_G.TIF"", ""/home/hyggestuen/Downloads/_WeedyRice/WeedyRice-RGBMS-DB/Multispectral/DJI_DateTime_2025_01_15_15_19_0132_lat_10.3635977_lon_105.4193403_alt_20.289m_NIR.TIF"", ""/home/hyggestuen/Downloads/_WeedyRice/WeedyRice-RGBMS-DB/Multispectral/DJI_DateTime_2025_01_15_15_19_0132_lat_10.3635977_lon_105.4193403_alt_20.289m_R.TIF"", ""/home/hyggestuen/Downloads/_WeedyRice/WeedyRice-RGBMS-DB/Multispectral/DJI_DateTime_2025_01_15_15_19_0132_lat_10.3635977_lon_105.4193403_alt_20.289m_RE.TIF""]",/home/hyggestuen/Downloads/_WeedyRice/WeedyRice-RGBMS-DB/Masks/DJI_DateTime_2025_01_15_15_19_0132_lat_10.3635977_lon_105.4193403_alt_20.289m.png,2025_01_15_15,test
DJI_DateTime_2025_01_15_15_19_0133_lat_10.3636291_lon_105.4193762_alt_20.265m,/home/hyggestuen/Downloads/_WeedyRice/WeedyRice-RGBMS-DB/RGB/DJI_DateTime_2025_01_15_15_19_0133_lat_10.3636291_lon_105.4193762_alt_20.265m.JPG,,"[""/home/hyggestuen/Downloads/_WeedyRice/WeedyRice-RGBMS-DB/Multispectral/DJI_DateTime_2025_01_15_15_19_0133_lat_10.3636291_lon_105.4193762_alt_20.265m_G.TIF"", ""/home/hyggestuen/Downloads/_WeedyRice/WeedyRice-RGBMS-DB/Multispectral/DJI_DateTime_2025_01_15_15_19_0133_lat_10.3636291_lon_105.4193762_alt_20.265m_NIR.TIF"", ""/home/hyggestuen/Downloads/_WeedyRice/WeedyRice-RGBMS-DB/Multispectral/DJI_DateTime_2025_01_15_15_19_0133_lat_10.3636291_lon_105.4193762_alt_20.265m_R.TIF"", ""/home/hyggestuen/Downloads/_WeedyRice/WeedyRice-RGBMS-DB/Multispectral/DJI_DateTime_2025_01_15_15_19_0133_lat_10.3636291_lon_105.4193762_alt_20.265m_RE.TIF""]",/home/hyggestuen/Downloads/_WeedyRice/WeedyRice-RGBMS-DB/Masks/DJI_DateTime_2025_01_15_15_19_0133_lat_10.3636291_lon_105.4193762_alt_20.265m.png,2025_01_15_15,test
DJI_DateTime_2025_01_15_15_19_0134_lat_10.3636615_lon_105.4194145_alt_20.318m,/home/hyggestuen/Downloads/_WeedyRice/WeedyRice-RGBMS-DB/RGB/DJI_DateTime_2025_01_15_15_19_0134_lat_10.3636615_lon_105.4194145_alt_20.318m.JPG,,"[""/home/hyggestuen/Downloads/_WeedyRice/WeedyRice-RGBMS-DB/Multispectral/DJI_DateTime_2025_01_15_15_19_0134_lat_10.3636615_lon_105.4194145_alt_20.318m_G.TIF"", ""/home/hyggestuen/Downloads/_WeedyRice/WeedyRice-RGBMS-DB/Multispectral/DJI_DateTime_2025_01_15_15_19_0134_lat_10.3636615_lon_105.4194145_alt_20.318m_NIR.TIF"", ""/home/hyggestuen/Downloads/_WeedyRice/WeedyRice-RGBMS-DB/Multispectral/DJI_DateTime_2025_01_15_15_19_0134_lat_10.3636615_lon_105.4194145_alt_20.318m_R.TIF"", ""/home/hyggestuen/Downloads/_WeedyRice/WeedyRice-RGBMS-DB/Multispectral/DJI_DateTime_2025_01_15_15_19_0134_lat_10.3636615_lon_105.4194145_alt_20.318m_RE.TIF""]",/home/hyggestuen/Downloads/_WeedyRice/WeedyRice-RGBMS-DB/Masks/DJI_DateTime_2025_01_15_15_19_0134_lat_10.3636615_lon_105.4194145_alt_20.318m.png,2025_01_15_15,test
DJI_DateTime_2025_01_15_15_19_0135_lat_10.3636939_lon_105.4194533_alt_20.393m,/home/hyggestuen/Downloads/_WeedyRice/WeedyRice-RGBMS-DB/RGB/DJI_DateTime_2025_01_15_15_19_0135_lat_10.3636939_lon_105.4194533_alt_20.393m.JPG,,"[""/home/hyggestuen/Downloads/_WeedyRice/WeedyRice-RGBMS-DB/Multispectral/DJI_DateTime_2025_01_15_15_19_0135_lat_10.3636939_lon_105.4194533_alt_20.393m_G.TIF"", ""/home/hyggestuen/Downloads/_WeedyRice/WeedyRice-RGBMS-DB/Multispectral/DJI_DateTime_2025_01_15_15_19_0135_lat_10.3636939_lon_105.4194533_alt_20.393m_NIR.TIF"", ""/home/hyggestuen/Downloads/_WeedyRice/WeedyRice-RGBMS-DB/Multispectral/DJI_DateTime_2025_01_15_15_19_0135_lat_10.3636939_lon_105.4194533_alt_20.393m_R.TIF"", ""/home/hyggestuen/Downloads/_WeedyRice/WeedyRice-RGBMS-DB/Multispectral/DJI_DateTime_2025_01_15_15_19_0135_lat_10.3636939_lon_105.4194533_alt_20.393m_RE.TIF""]",/home/hyggestuen/Downloads/_WeedyRice/WeedyRice-RGBMS-DB/Masks/DJI_DateTime_2025_01_15_15_19_0135_lat_10.3636939_lon_105.4194533_alt_20.393m.png,2025_01_15_15,test
DJI_DateTime_2025_01_15_15_19_0136_lat_10.3637249_lon_105.4194911_alt_20.268m,/home/hyggestuen/Downloads/_WeedyRice/WeedyRice-RGBMS-DB/RGB/DJI_DateTime_2025_01_15_15_19_0136_lat_10.3637249_lon_105.4194911_alt_20.268m.JPG,,"[""/home/hyggestuen/Downloads/_WeedyRice/WeedyRice-RGBMS-DB/Multispectral/DJI_DateTime_2025_01_15_15_19_0136_lat_10.3637249_lon_105.4194911_alt_20.268m_G.TIF"", ""/home/hyggestuen/Downloads/_WeedyRice/WeedyRice-RGBMS-DB/Multispectral/DJI_DateTime_2025_01_15_15_19_0136_lat_10.3637249_lon_105.4194911_alt_20.268m_NIR.TIF"", ""/home/hyggestuen/Downloads/_WeedyRice/WeedyRice-RGBMS-DB/Multispectral/DJI_DateTime_2025_01_15_15_19_0136_lat_10.3637249_lon_105.4194911_alt_20.268m_R.TIF"", ""/home/hyggestuen/Downloads/_WeedyRice/WeedyRice-RGBMS-DB/Multispectral/DJI_DateTime_2025_01_15_15_19_0136_lat_10.3637249_lon_105.4194911_alt_20.268m_RE.TIF""]",/home/hyggestuen/Downloads/_WeedyRice/WeedyRice-RGBMS-DB/Masks/DJI_DateTime_2025_01_15_15_19_0136_lat_10.3637249_lon_105.4194911_alt_20.268m.png,2025_01_15_15,test
DJI_DateTime_2025_01_15_15_19_0137_lat_10.3637572_lon_105.4195291_alt_20.310m,/home/hyggestuen/Downloads/_WeedyRice/WeedyRice-RGBMS-DB/RGB/DJI_DateTime_2025_01_15_15_19_0137_lat_10.3637572_lon_105.4195291_alt_20.310m.JPG,,"[""/home/hyggestuen/Downloads/_WeedyRice/WeedyRice-RGBMS-DB/Multispectral/DJI_DateTime_2025_01_15_15_19_0137_lat_10.3637572_lon_105.4195291_alt_20.310m_G.TIF"", ""/home/hyggestuen/Downloads/_WeedyRice/WeedyRice-RGBMS-DB/Multispectral/DJI_DateTime_2025_01_15_15_19_0137_lat_10.3637572_lon_105.4195291_alt_20.310m_NIR.TIF"", ""/home/hyggestuen/Downloads/_WeedyRice/WeedyRice-RGBMS-DB/Multispectral/DJI_DateTime_2025_01_15_15_19_0137_lat_10.3637572_lon_105.4195291_alt_20.310m_R.TIF"", ""/home/hyggestuen/Downloads/_WeedyRice/WeedyRice-RGBMS-DB/Multispectral/DJI_DateTime_2025_01_15_15_19_0137_lat_10.3637572_lon_105.4195291_alt_20.310m_RE.TIF""]",/home/hyggestuen/Downloads/_WeedyRice/WeedyRice-RGBMS-DB/Masks/DJI_DateTime_2025_01_15_15_19_0137_lat_10.3637572_lon_105.4195291_alt_20.310m.png,2025_01_15_15,test
DJI_DateTime_2025_01_15_15_19_0138_lat_10.3637891_lon_105.4195675_alt_20.368m,/home/hyggestuen/Downloads/_WeedyRice/WeedyRice-RGBMS-DB/RGB/DJI_DateTime_2025_01_15_15_19_0138_lat_10.3637891_lon_105.4195675_alt_20.368m.JPG,,"[""/home/hyggestuen/Downloads/_WeedyRice/WeedyRice-RGBMS-DB/Multispectral/DJI_DateTime_2025_01_15_15_19_0138_lat_10.3637891_lon_105.4195675_alt_20.368m_G.TIF"", ""/home/hyggestuen/Downloads/_WeedyRice/WeedyRice-RGBMS-DB/Multispectral/DJI_DateTime_2025_01_15_15_19_0138_lat_10.3637891_lon_105.4195675_alt_20.368m_NIR.TIF"", ""/home/hyggestuen/Downloads/_WeedyRice/WeedyRice-RGBMS-DB/Multispectral/DJI_DateTime_2025_01_15_15_19_0138_lat_10.3637891_lon_105.4195675_alt_20.368m_R.TIF"", ""/home/hyggestuen/Downloads/_WeedyRice/WeedyRice-RGBMS-DB/Multispectral/DJI_DateTime_2025_01_15_15_19_0138_lat_10.3637891_lon_105.4195675_alt_20.368m_RE.TIF""]",/home/hyggestuen/Downloads/_WeedyRice/WeedyRice-RGBMS-DB/Masks/DJI_DateTime_2025_01_15_15_19_0138_lat_10.3637891_lon_105.4195675_alt_20.368m.png,2025_01_15_15,test
DJI_DateTime_2025_01_15_15_19_0139_lat_10.3638203_lon_105.4196058_alt_20.433m,/home/hyggestuen/Downloads/_WeedyRice/WeedyRice-RGBMS-DB/RGB/DJI_DateTime_2025_01_15_15_19_0139_lat_10.3638203_lon_105.4196058_alt_20.433m.JPG,,"[""/home/hyggestuen/Downloads/_WeedyRice/WeedyRice-RGBMS-DB/Multispectral/DJI_DateTime_2025_01_15_15_19_0139_lat_10.3638203_lon_105.4196058_alt_20.433m_G.TIF"", ""/home/hyggestuen/Downloads/_WeedyRice/WeedyRice-RGBMS-DB/Multispectral/DJI_DateTime_2025_01_15_15_19_0139_lat_10.3638203_lon_105.4196058_alt_20.433m_NIR.TIF"", ""/home/hyggestuen/Downloads/_WeedyRice/WeedyRice-RGBMS-DB/Multispectral/DJI_DateTime_2025_01_15_15_19_0139_lat_10.3638203_lon_105.4196058_alt_20.433m_R.TIF"", ""/home/hyggestuen/Downloads/_WeedyRice/WeedyRice-RGBMS-DB/Multispectral/DJI_DateTime_2025_01_15_15_19_0139_lat_10.3638203_lon_105.4196058_alt_20.433m_RE.TIF""]",/home/hyggestuen/Downloads/_WeedyRice/WeedyRice-RGBMS-DB/Masks/DJI_DateTime_2025_01_15_15_19_0139_lat_10.3638203_lon_105.4196058_alt_20.433m.png,2025_01_15_15,test
DJI_DateTime_2025_01_15_15_19_0140_lat_10.3638519_lon_105.4196445_alt_20.383m,/home/hyggestuen/Downloads/_WeedyRice/WeedyRice-RGBMS-DB/RGB/DJI_DateTime_2025_01_15_15_19_0140_lat_10.3638519_lon_105.4196445_alt_20.383m.JPG,,"[""/home/hyggestuen/Downloads/_WeedyRice/WeedyRice-RGBMS-DB/Multispectral/DJI_DateTime_2025_01_15_15_19_0140_lat_10.3638519_lon_105.4196445_alt_20.383m_G.TIF"", ""/home/hyggestuen/Downloads/_WeedyRice/WeedyRice-RGBMS-DB/Multispectral/DJI_DateTime_2025_01_15_15_19_0140_lat_10.3638519_lon_105.4196445_alt_20.383m_NIR.TIF"", ""/home/hyggestuen/Downloads/_WeedyRice/WeedyRice-RGBMS-DB/Multispectral/DJI_DateTime_2025_01_15_15_19_0140_lat_10.3638519_lon_105.4196445_alt_20.383m_R.TIF"", ""/home/hyggestuen/Downloads/_WeedyRice/WeedyRice-RGBMS-DB/Multispectral/DJI_DateTime_2025_01_15_15_19_0140_lat_10.3638519_lon_105.4196445_alt_20.383m_RE.TIF""]",/home/hyggestuen/Downloads/_WeedyRice/WeedyRice-RGBMS-DB/Masks/DJI_DateTime_2025_01_15_15_19_0140_lat_10.3638519_lon_105.4196445_alt_20.383m.png,2025_01_15_15,test
DJI_DateTime_2025_01_15_15_19_0141_lat_10.3638839_lon_105.4196828_alt_20.416m,/home/hyggestuen/Downloads/_WeedyRice/WeedyRice-RGBMS-DB/RGB/DJI_DateTime_2025_01_15_15_19_0141_lat_10.3638839_lon_105.4196828_alt_20.416m.JPG,,"[""/home/hyggestuen/Downloads/_WeedyRice/WeedyRice-RGBMS-DB/Multispectral/DJI_DateTime_2025_01_15_15_19_0141_lat_10.3638839_lon_105.4196828_alt_20.416m_G.TIF"", ""/home/hyggestuen/Downloads/_WeedyRice/WeedyRice-RGBMS-DB/Multispectral/DJI_DateTime_2025_01_15_15_19_0141_lat_10.3638839_lon_105.4196828_alt_20.416m_NIR.TIF"", ""/home/hyggestuen/Downloads/_WeedyRice/WeedyRice-RGBMS-DB/Multispectral/DJI_DateTime_2025_01_15_15_19_0141_lat_10.3638839_lon_105.4196828_alt_20.416m_R.TIF"", ""/home/hyggestuen/Downloads/_WeedyRice/WeedyRice-RGBMS-DB/Multispectral/DJI_DateTime_2025_01_15_15_19_0141_lat_10.3638839_lon_105.4196828_alt_20.416m_RE.TIF""]",/home/hyggestuen/Downloads/_WeedyRice/WeedyRice-RGBMS-DB/Masks/DJI_DateTime_2025_01_15_15_19_0141_lat_10.3638839_lon_105.4196828_alt_20.416m.png,2025_01_15_15,test
DJI_DateTime_2025_01_15_15_19_0142_lat_10.3639160_lon_105.4197214_alt_20.402m,/home/hyggestuen/Downloads/_WeedyRice/WeedyRice-RGBMS-DB/RGB/DJI_DateTime_2025_01_15_15_19_0142_lat_10.3639160_lon_105.4197214_alt_20.402m.JPG,,"[""/home/hyggestuen/Downloads/_WeedyRice/WeedyRice-RGBMS-DB/Multispectral/DJI_DateTime_2025_01_15_15_19_0142_lat_10.3639160_lon_105.4197214_alt_20.402m_G.TIF"", ""/home/hyggestuen/Downloads/_WeedyRice/WeedyRice-RGBMS-DB/Multispectral/DJI_DateTime_2025_01_15_15_19_0142_lat_10.3639160_lon_105.4197214_alt_20.402m_NIR.TIF"", ""/home/hyggestuen/Downloads/_WeedyRice/WeedyRice-RGBMS-DB/Multispectral/DJI_DateTime_2025_01_15_15_19_0142_lat_10.3639160_lon_105.4197214_alt_20.402m_R.TIF"", ""/home/hyggestuen/Downloads/_WeedyRice/WeedyRice-RGBMS-DB/Multispectral/DJI_DateTime_2025_01_15_15_19_0142_lat_10.3639160_lon_105.4197214_alt_20.402m_RE.TIF""]",/home/hyggestuen/Downloads/_WeedyRice/WeedyRice-RGBMS-DB/Masks/DJI_DateTime_2025_01_15_15_19_0142_lat_10.3639160_lon_105.4197214_alt_20.402m.png,2025_01_15_15,test
DJI_DateTime_2025_01_15_15_19_0143_lat_10.3639477_lon_105.4197602_alt_20.426m,/home/hyggestuen/Downloads/_WeedyRice/WeedyRice-RGBMS-DB/RGB/DJI_DateTime_2025_01_15_15_19_0143_lat_10.3639477_lon_105.4197602_alt_20.426m.JPG,,"[""/home/hyggestuen/Downloads/_WeedyRice/WeedyRice-RGBMS-DB/Multispectral/DJI_DateTime_2025_01_15_15_19_0143_lat_10.3639477_lon_105.4197602_alt_20.426m_G.TIF"", ""/home/hyggestuen/Downloads/_WeedyRice/WeedyRice-RGBMS-DB/Multispectral/DJI_DateTime_2025_01_15_15_19_0143_lat_10.3639477_lon_105.4197602_alt_20.426m_NIR.TIF"", ""/home/hyggestuen/Downloads/_WeedyRice/WeedyRice-RGBMS-DB/Multispectral/DJI_DateTime_2025_01_15_15_19_0143_lat_10.3639477_lon_105.4197602_alt_20.426m_R.TIF"", ""/home/hyggestuen/Downloads/_WeedyRice/WeedyRice-RGBMS-DB/Multispectral/DJI_DateTime_2025_01_15_15_19_0143_lat_10.3639477_lon_105.4197602_alt_20.426m_RE.TIF""]",/home/hyggestuen/Downloads/_WeedyRice/WeedyRice-RGBMS-DB/Masks/DJI_DateTime_2025_01_15_15_19_0143_lat_10.3639477_lon_105.4197602_alt_20.426m.png,2025_01_15_15,test
DJI_DateTime_2025_01_15_15_19_0144_lat_10.3639791_lon_105.4197987_alt_20.386m,/home/hyggestuen/Downloads/_WeedyRice/WeedyRice-RGBMS-DB/RGB/DJI_DateTime_2025_01_15_15_19_0144_lat_10.3639791_lon_105.4197987_alt_20.386m.JPG,,"[""/home/hyggestuen/Downloads/_WeedyRice/WeedyRice-RGBMS-DB/Multispectral/DJI_DateTime_2025_01_15_15_19_0144_lat_10.3639791_lon_105.4197987_alt_20.386m_G.TIF"", ""/home/hyggestuen/Downloads/_WeedyRice/WeedyRice-RGBMS-DB/Multispectral/DJI_DateTime_2025_01_15_15_19_0144_lat_10.3639791_lon_105.4197987_alt_20.386m_NIR.TIF"", ""/home/hyggestuen/Downloads/_WeedyRice/WeedyRice-RGBMS-DB/Multispectral/DJI_DateTime_2025_01_15_15_19_0144_lat_10.3639791_lon_105.4197987_alt_20.386m_R.TIF"", ""/home/hyggestuen/Downloads/_WeedyRice/WeedyRice-RGBMS-DB/Multispectral/DJI_DateTime_2025_01_15_15_19_0144_lat_10.3639791_lon_105.4197987_alt_20.386m_RE.TIF""]",/home/hyggestuen/Downloads/_WeedyRice/WeedyRice-RGBMS-DB/Masks/DJI_DateTime_2025_01_15_15_19_0144_lat_10.3639791_lon_105.4197987_alt_20.386m.png,2025_01_15_15,test
DJI_DateTime_2025_01_15_15_19_0145_lat_10.3640104_lon_105.4198366_alt_20.364m,/home/hyggestuen/Downloads/_WeedyRice/WeedyRice-RGBMS-DB/RGB/DJI_DateTime_2025_01_15_15_19_0145_lat_10.3640104_lon_105.4198366_alt_20.364m.JPG,,"[""/home/hyggestuen/Downloads/_WeedyRice/WeedyRice-RGBMS-DB/Multispectral/DJI_DateTime_2025_01_15_15_19_0145_lat_10.3640104_lon_105.4198366_alt_20.364m_G.TIF"", ""/home/hyggestuen/Downloads/_WeedyRice/WeedyRice-RGBMS-DB/Multispectral/DJI_DateTime_2025_01_15_15_19_0145_lat_10.3640104_lon_105.4198366_alt_20.364m_NIR.TIF"", ""/home/hyggestuen/Downloads/_WeedyRice/WeedyRice-RGBMS-DB/Multispectral/DJI_DateTime_2025_01_15_15_19_0145_lat_10.3640104_lon_105.4198366_alt_20.364m_R.TIF"", ""/home/hyggestuen/Downloads/_WeedyRice/WeedyRice-RGBMS-DB/Multispectral/DJI_DateTime_2025_01_15_15_19_0145_lat_10.3640104_lon_105.4198366_alt_20.364m_RE.TIF""]",/home/hyggestuen/Downloads/_WeedyRice/WeedyRice-RGBMS-DB/Masks/DJI_DateTime_2025_01_15_15_19_0145_lat_10.3640104_lon_105.4198366_alt_20.364m.png,2025_01_15_15,test
DJI_DateTime_2025_01_15_15_19_0146_lat_10.3640424_lon_105.4198758_alt_20.406m,/home/hyggestuen/Downloads/_WeedyRice/WeedyRice-RGBMS-DB/RGB/DJI_DateTime_2025_01_15_15_19_0146_lat_10.3640424_lon_105.4198758_alt_20.406m.JPG,,"[""/home/hyggestuen/Downloads/_WeedyRice/WeedyRice-RGBMS-DB/Multispectral/DJI_DateTime_2025_01_15_15_19_0146_lat_10.3640424_lon_105.4198758_alt_20.406m_G.TIF"", ""/home/hyggestuen/Downloads/_WeedyRice/WeedyRice-RGBMS-DB/Multispectral/DJI_DateTime_2025_01_15_15_19_0146_lat_10.3640424_lon_105.4198758_alt_20.406m_NIR.TIF"", ""/home/hyggestuen/Downloads/_WeedyRice/WeedyRice-RGBMS-DB/Multispectral/DJI_DateTime_2025_01_15_15_19_0146_lat_10.3640424_lon_105.4198758_alt_20.406m_R.TIF"", ""/home/hyggestuen/Downloads/_WeedyRice/WeedyRice-RGBMS-DB/Multispectral/DJI_DateTime_2025_01_15_15_19_0146_lat_10.3640424_lon_105.4198758_alt_20.406m_RE.TIF""]",/home/hyggestuen/Downloads/_WeedyRice/WeedyRice-RGBMS-DB/Masks/DJI_DateTime_2025_01_15_15_19_0146_lat_10.3640424_lon_105.4198758_alt_20.406m.png,2025_01_15_15,test
DJI_DateTime_2025_01_15_15_19_0147_lat_10.3640736_lon_105.4199138_alt_20.428m,/home/hyggestuen/Downloads/_WeedyRice/WeedyRice-RGBMS-DB/RGB/DJI_DateTime_2025_01_15_15_19_0147_lat_10.3640736_lon_105.4199138_alt_20.428m.JPG,,"[""/home/hyggestuen/Downloads/_WeedyRice/WeedyRice-RGBMS-DB/Multispectral/DJI_DateTime_2025_01_15_15_19_0147_lat_10.3640736_lon_105.4199138_alt_20.428m_G.TIF"", ""/home/hyggestuen/Downloads/_WeedyRice/WeedyRice-RGBMS-DB/Multispectral/DJI_DateTime_2025_01_15_15_19_0147_lat_10.3640736_lon_105.4199138_alt_20.428m_NIR.TIF"", ""/home/hyggestuen/Downloads/_WeedyRice/WeedyRice-RGBMS-DB/Multispectral/DJI_DateTime_2025_01_15_15_19_0147_lat_10.3640736_lon_105.4199138_alt_20.428m_R.TIF"", ""/home/hyggestuen/Downloads/_WeedyRice/WeedyRice-RGBMS-DB/Multispectral/DJI_DateTime_2025_01_15_15_19_0147_lat_10.3640736_lon_105.4199138_alt_20.428m_RE.TIF""]",/home/hyggestuen/Downloads/_WeedyRice/WeedyRice-RGBMS-DB/Masks/DJI_DateTime_2025_01_15_15_19_0147_lat_10.3640736_lon_105.4199138_alt_20.428m.png,2025_01_15_15,test
DJI_DateTime_2025_01_15_15_19_0148_lat_10.3641056_lon_105.4199524_alt_20.401m,/home/hyggestuen/Downloads/_WeedyRice/WeedyRice-RGBMS-DB/RGB/DJI_DateTime_2025_01_15_15_19_0148_lat_10.3641056_lon_105.4199524_alt_20.401m.JPG,,"[""/home/hyggestuen/Downloads/_WeedyRice/WeedyRice-RGBMS-DB/Multispectral/DJI_DateTime_2025_01_15_15_19_0148_lat_10.3641056_lon_105.4199524_alt_20.401m_G.TIF"", ""/home/hyggestuen/Downloads/_WeedyRice/WeedyRice-RGBMS-DB/Multispectral/DJI_DateTime_2025_01_15_15_19_0148_lat_10.3641056_lon_105.4199524_alt_20.401m_NIR.TIF"", ""/home/hyggestuen/Downloads/_WeedyRice/WeedyRice-RGBMS-DB/Multispectral/DJI_DateTime_2025_01_15_15_19_0148_lat_10.3641056_lon_105.4199524_alt_20.401m_R.TIF"", ""/home/hyggestuen/Downloads/_WeedyRice/WeedyRice-RGBMS-DB/Multispectral/DJI_DateTime_2025_01_15_15_19_0148_lat_10.3641056_lon_105.4199524_alt_20.401m_RE.TIF""]",/home/hyggestuen/Downloads/_WeedyRice/WeedyRice-RGBMS-DB/Masks/DJI_DateTime_2025_01_15_15_19_0148_lat_10.3641056_lon_105.4199524_alt_20.401m.png,2025_01_15_15,test
DJI_DateTime_2025_01_15_15_20_0151_lat_10.3641666_lon_105.4199245_alt_20.529m,/home/hyggestuen/Downloads/_WeedyRice/WeedyRice-RGBMS-DB/RGB/DJI_DateTime_2025_01_15_15_20_0151_lat_10.3641666_lon_105.4199245_alt_20.529m.JPG,,"[""/home/hyggestuen/Downloads/_WeedyRice/WeedyRice-RGBMS-DB/Multispectral/DJI_DateTime_2025_01_15_15_20_0151_lat_10.3641666_lon_105.4199245_alt_20.529m_G.TIF"", ""/home/hyggestuen/Downloads/_WeedyRice/WeedyRice-RGBMS-DB/Multispectral/DJI_DateTime_2025_01_15_15_20_0151_lat_10.3641666_lon_105.4199245_alt_20.529m_NIR.TIF"", ""/home/hyggestuen/Downloads/_WeedyRice/WeedyRice-RGBMS-DB/Multispectral/DJI_DateTime_2025_01_15_15_20_0151_lat_10.3641666_lon_105.4199245_alt_20.529m_R.TIF"", ""/home/hyggestuen/Downloads/_WeedyRice/WeedyRice-RGBMS-DB/Multispectral/DJI_DateTime_2025_01_15_15_20_0151_lat_10.3641666_lon_105.4199245_alt_20.529m_RE.TIF""]",/home/hyggestuen/Downloads/_WeedyRice/WeedyRice-RGBMS-DB/Masks/DJI_DateTime_2025_01_15_15_20_0151_lat_10.3641666_lon_105.4199245_alt_20.529m.png,2025_01_15_15,test
DJI_DateTime_2025_01_15_15_20_0152_lat_10.3641352_lon_105.4198848_alt_20.430m,/home/hyggestuen/Downloads/_WeedyRice/WeedyRice-RGBMS-DB/RGB/DJI_DateTime_2025_01_15_15_20_0152_lat_10.3641352_lon_105.4198848_alt_20.430m.JPG,,"[""/home/hyggestuen/Downloads/_WeedyRice/WeedyRice-RGBMS-DB/Multispectral/DJI_DateTime_2025_01_15_15_20_0152_lat_10.3641352_lon_105.4198848_alt_20.430m_G.TIF"", ""/home/hyggestuen/Downloads/_WeedyRice/WeedyRice-RGBMS-DB/Multispectral/DJI_DateTime_2025_01_15_15_20_0152_lat_10.3641352_lon_105.4198848_alt_20.430m_NIR.TIF"", ""/home/hyggestuen/Downloads/_WeedyRice/WeedyRice-RGBMS-DB/Multispectral/DJI_DateTime_2025_01_15_15_20_0152_lat_10.3641352_lon_105.4198848_alt_20.430m_R.TIF"", ""/home/hyggestuen/Downloads/_WeedyRice/WeedyRice-RGBMS-DB/Multispectral/DJI_DateTime_2025_01_15_15_20_0152_lat_10.3641352_lon_105.4198848_alt_20.430m_RE.TIF""]",/home/hyggestuen/Downloads/_WeedyRice/WeedyRice-RGBMS-DB/Masks/DJI_DateTime_2025_01_15_15_20_0152_lat_10.3641352_lon_105.4198848_alt_20.430m.png,2025_01_15_15,test
DJI_DateTime_2025_01_15_15_20_0153_lat_10.3641017_lon_105.4198448_alt_20.391m,/home/hyggestuen/Downloads/_WeedyRice/WeedyRice-RGBMS-DB/RGB/DJI_DateTime_2025_01_15_15_20_0153_lat_10.3641017_lon_105.4198448_alt_20.391m.JPG,,"[""/home/hyggestuen/Downloads/_WeedyRice/WeedyRice-RGBMS-DB/Multispectral/DJI_DateTime_2025_01_15_15_20_0153_lat_10.3641017_lon_105.4198448_alt_20.391m_G.TIF"", ""/home/hyggestuen/Downloads/_WeedyRice/WeedyRice-RGBMS-DB/Multispectral/DJI_DateTime_2025_01_15_15_20_0153_lat_10.3641017_lon_105.4198448_alt_20.391m_NIR.TIF"", ""/home/hyggestuen/Downloads/_WeedyRice/WeedyRice-RGBMS-DB/Multispectral/DJI_DateTime_2025_01_15_15_20_0153_lat_10.3641017_lon_105.4198448_alt_20.391m_R.TIF"", ""/home/hyggestuen/Downloads/_WeedyRice/WeedyRice-RGBMS-DB/Multispectral/DJI_DateTime_2025_01_15_15_20_0153_lat_10.3641017_lon_105.4198448_alt_20.391m_RE.TIF""]",/home/hyggestuen/Downloads/_WeedyRice/WeedyRice-RGBMS-DB/Masks/DJI_DateTime_2025_01_15_15_20_0153_lat_10.3641017_lon_105.4198448_alt_20.391m.png,2025_01_15_15,test
DJI_DateTime_2025_01_15_15_20_0154_lat_10.3640705_lon_105.4198064_alt_20.375m,/home/hyggestuen/Downloads/_WeedyRice/WeedyRice-RGBMS-DB/RGB/DJI_DateTime_2025_01_15_15_20_0154_lat_10.3640705_lon_105.4198064_alt_20.375m.JPG,,"[""/home/hyggestuen/Downloads/_WeedyRice/WeedyRice-RGBMS-DB/Multispectral/DJI_DateTime_2025_01_15_15_20_0154_lat_10.3640705_lon_105.4198064_alt_20.375m_G.TIF"", ""/home/hyggestuen/Downloads/_WeedyRice/WeedyRice-RGBMS-DB/Multispectral/DJI_DateTime_2025_01_15_15_20_0154_lat_10.3640705_lon_105.4198064_alt_20.375m_NIR.TIF"", ""/home/hyggestuen/Downloads/_WeedyRice/WeedyRice-RGBMS-DB/Multispectral/DJI_DateTime_2025_01_15_15_20_0154_lat_10.3640705_lon_105.4198064_alt_20.375m_R.TIF"", ""/home/hyggestuen/Downloads/_WeedyRice/WeedyRice-RGBMS-DB/Multispectral/DJI_DateTime_2025_01_15_15_20_0154_lat_10.3640705_lon_105.4198064_alt_20.375m_RE.TIF""]",/home/hyggestuen/Downloads/_WeedyRice/WeedyRice-RGBMS-DB/Masks/DJI_DateTime_2025_01_15_15_20_0154_lat_10.3640705_lon_105.4198064_alt_20.375m.png,2025_01_15_15,test
DJI_DateTime_2025_01_15_15_20_0155_lat_10.3640388_lon_105.4197681_alt_20.353m,/home/hyggestuen/Downloads/_WeedyRice/WeedyRice-RGBMS-DB/RGB/DJI_DateTime_2025_01_15_15_20_0155_lat_10.3640388_lon_105.4197681_alt_20.353m.JPG,,"[""/home/hyggestuen/Downloads/_WeedyRice/WeedyRice-RGBMS-DB/Multispectral/DJI_DateTime_2025_01_15_15_20_0155_lat_10.3640388_lon_105.4197681_alt_20.353m_G.TIF"", ""/home/hyggestuen/Downloads/_WeedyRice/WeedyRice-RGBMS-DB/Multispectral/DJI_DateTime_2025_01_15_15_20_0155_lat_10.3640388_lon_105.4197681_alt_20.353m_NIR.TIF"", ""/home/hyggestuen/Downloads/_WeedyRice/WeedyRice-RGBMS-DB/Multispectral/DJI_DateTime_2025_01_15_15_20_0155_lat_10.3640388_lon_105.4197681_alt_20.353m_R.TIF"", ""/home/hyggestuen/Downloads/_WeedyRice/WeedyRice-RGBMS-DB/Multispectral/DJI_DateTime_2025_01_15_15_20_0155_lat_10.3640388_lon_105.4197681_alt_20.353m_RE.TIF""]",/home/hyggestuen/Downloads/_WeedyRice/WeedyRice-RGBMS-DB/Masks/DJI_DateTime_2025_01_15_15_20_0155_lat_10.3640388_lon_105.4197681_alt_20.353m.png,2025_01_15_15,test
DJI_DateTime_2025_01_15_15_20_0156_lat_10.3640079_lon_105.4197308_alt_20.362m,/home/hyggestuen/Downloads/_WeedyRice/WeedyRice-RGBMS-DB/RGB/DJI_DateTime_2025_01_15_15_20_0156_lat_10.3640079_lon_105.4197308_alt_20.362m.JPG,,"[""/home/hyggestuen/Downloads/_WeedyRice/WeedyRice-RGBMS-DB/Multispectral/DJI_DateTime_2025_01_15_15_20_0156_lat_10.3640079_lon_105.4197308_alt_20.362m_G.TIF"", ""/home/hyggestuen/Downloads/_WeedyRice/WeedyRice-RGBMS-DB/Multispectral/DJI_DateTime_2025_01_15_15_20_0156_lat_10.3640079_lon_105.4197308_alt_20.362m_NIR.TIF"", ""/home/hyggestuen/Downloads/_WeedyRice/WeedyRice-RGBMS-DB/Multispectral/DJI_DateTime_2025_01_15_15_20_0156_lat_10.3640079_lon_105.4197308_alt_20.362m_R.TIF"", ""/home/hyggestuen/Downloads/_WeedyRice/WeedyRice-RGBMS-DB/Multispectral/DJI_DateTime_2025_01_15_15_20_0156_lat_10.3640079_lon_105.4197308_alt_20.362m_RE.TIF""]",/home/hyggestuen/Downloads/_WeedyRice/WeedyRice-RGBMS-DB/Masks/DJI_DateTime_2025_01_15_15_20_0156_lat_10.3640079_lon_105.4197308_alt_20.362m.png,2025_01_15_15,test
DJI_DateTime_2025_01_15_15_20_0157_lat_10.3639759_lon_105.4196921_alt_20.396m,/home/hyggestuen/Downloads/_WeedyRice/WeedyRice-RGBMS-DB/RGB/DJI_DateTime_2025_01_15_15_20_0157_lat_10.3639759_lon_105.4196921_alt_20.396m.JPG,,"[""/home/hyggestuen/Downloads/_WeedyRice/WeedyRice-RGBMS-DB/Multispectral/DJI_DateTime_2025_01_15_15_20_0157_lat_10.3639759_lon_105.4196921_alt_20.396m_G.TIF"", ""/home/hyggestuen/Downloads/_WeedyRice/WeedyRice-RGBMS-DB/Multispectral/DJI_DateTime_2025_01_15_15_20_0157_lat_10.3639759_lon_105.4196921_alt_20.396m_NIR.TIF"", ""/home/hyggestuen/Downloads/_WeedyRice/WeedyRice-RGBMS-DB/Multispectral/DJI_DateTime_2025_01_15_15_20_0157_lat_10.3639759_lon_105.4196921_alt_20.396m_R.TIF"", ""/home/hyggestuen/Downloads/_WeedyRice/WeedyRice-RGBMS-DB/Multispectral/DJI_DateTime_2025_01_15_15_20_0157_lat_10.3639759_lon_105.4196921_alt_20.396m_RE.TIF""]",/home/hyggestuen/Downloads/_WeedyRice/WeedyRice-RGBMS-DB/Masks/DJI_DateTime_2025_01_15_15_20_0157_lat_10.3639759_lon_105.4196921_alt_20.396m.png,2025_01_15_15,test
DJI_DateTime_2025_01_15_15_20_0158_lat_10.3639450_lon_105.4196541_alt_20.398m,/home/hyggestuen/Downloads/_WeedyRice/WeedyRice-RGBMS-DB/RGB/DJI_DateTime_2025_01_15_15_20_0158_lat_10.3639450_lon_105.4196541_alt_20.398m.JPG,,"[""/home/hyggestuen/Downloads/_WeedyRice/WeedyRice-RGBMS-DB/Multispectral/DJI_DateTime_2025_01_15_15_20_0158_lat_10.3639450_lon_105.4196541_alt_20.398m_G.TIF"", ""/home/hyggestuen/Downloads/_WeedyRice/WeedyRice-RGBMS-DB/Multispectral/DJI_DateTime_2025_01_15_15_20_0158_lat_10.3639450_lon_105.4196541_alt_20.398m_NIR.TIF"", ""/home/hyggestuen/Downloads/_WeedyRice/WeedyRice-RGBMS-DB/Multispectral/DJI_DateTime_2025_01_15_15_20_0158_lat_10.3639450_lon_105.4196541_alt_20.398m_R.TIF"", ""/home/hyggestuen/Downloads/_WeedyRice/WeedyRice-RGBMS-DB/Multispectral/DJI_DateTime_2025_01_15_15_20_0158_lat_10.3639450_lon_105.4196541_alt_20.398m_RE.TIF""]",/home/hyggestuen/Downloads/_WeedyRice/WeedyRice-RGBMS-DB/Masks/DJI_DateTime_2025_01_15_15_20_0158_lat_10.3639450_lon_105.4196541_alt_20.398m.png,2025_01_15_15,test
DJI_DateTime_2025_01_15_15_20_0159_lat_10.3639129_lon_105.4196158_alt_20.413m,/home/hyggestuen/Downloads/_WeedyRice/WeedyRice-RGBMS-DB/RGB/DJI_DateTime_2025_01_15_15_20_0159_lat_10.3639129_lon_105.4196158_alt_20.413m.JPG,,"[""/home/hyggestuen/Downloads/_WeedyRice/WeedyRice-RGBMS-DB/Multispectral/DJI_DateTime_2025_01_15_15_20_0159_lat_10.3639129_lon_105.4196158_alt_20.413m_G.TIF"", ""/home/hyggestuen/Downloads/_WeedyRice/WeedyRice-RGBMS-DB/Multispectral/DJI_DateTime_2025_01_15_15_20_0159_lat_10.3639129_lon_105.4196158_alt_20.413m_NIR.TIF"", ""/home/hyggestuen/Downloads/_WeedyRice/WeedyRice-RGBMS-DB/Multispectral/DJI_DateTime_2025_01_15_15_20_0159_lat_10.3639129_lon_105.4196158_alt_20.413m_R.TIF"", ""/home/hyggestuen/Downloads/_WeedyRice/WeedyRice-RGBMS-DB/Multispectral/DJI_DateTime_2025_01_15_15_20_0159_lat_10.3639129_lon_105.4196158_alt_20.413m_RE.TIF""]",/home/hyggestuen/Downloads/_WeedyRice/WeedyRice-RGBMS-DB/Masks/DJI_DateTime_2025_01_15_15_20_0159_lat_10.3639129_lon_105.4196158_alt_20.413m.png,2025_01_15_15,test
DJI_DateTime_2025_01_15_15_20_0160_lat_10.3638814_lon_105.4195768_alt_20.381m,/home/hyggestuen/Downloads/_WeedyRice/WeedyRice-RGBMS-DB/RGB/DJI_DateTime_2025_01_15_15_20_0160_lat_10.3638814_lon_105.4195768_alt_20.381m.JPG,,"[""/home/hyggestuen/Downloads/_WeedyRice/WeedyRice-RGBMS-DB/Multispectral/DJI_DateTime_2025_01_15_15_20_0160_lat_10.3638814_lon_105.4195768_alt_20.381m_G.TIF"", ""/home/hyggestuen/Downloads/_WeedyRice/WeedyRice-RGBMS-DB/Multispectral/DJI_DateTime_2025_01_15_15_20_0160_lat_10.3638814_lon_105.4195768_alt_20.381m_NIR.TIF"", ""/home/hyggestuen/Downloads/_WeedyRice/WeedyRice-RGBMS-DB/Multispectral/DJI_DateTime_2025_01_15_15_20_0160_lat_10.3638814_lon_105.4195768_alt_20.381m_R.TIF"", ""/home/hyggestuen/Downloads/_WeedyRice/WeedyRice-RGBMS-DB/Multispectral/DJI_DateTime_2025_01_15_15_20_0160_lat_10.3638814_lon_105.4195768_alt_20.381m_RE.TIF""]",/home/hyggestuen/Downloads/_WeedyRice/WeedyRice-RGBMS-DB/Masks/DJI_DateTime_2025_01_15_15_20_0160_lat_10.3638814_lon_105.4195768_alt_20.381m.png,2025_01_15_15,test
DJI_DateTime_2025_01_15_15_20_0161_lat_10.3638503_lon_105.4195394_alt_20.425m,/home/hyggestuen/Downloads/_WeedyRice/WeedyRice-RGBMS-DB/RGB/DJI_DateTime_2025_01_15_15_20_0161_lat_10.3638503_lon_105.4195394_alt_20.425m.JPG,,"[""/home/hyggestuen/Downloads/_WeedyRice/WeedyRice-RGBMS-DB/Multispectral/DJI_DateTime_2025_01_15_15_20_0161_lat_10.3638503_lon_105.4195394_alt_20.425m_G.TIF"", ""/home/hyggestuen/Downloads/_WeedyRice/WeedyRice-RGBMS-DB/Multispectral/DJI_DateTime_2025_01_15_15_20_0161_lat_10.3638503_lon_105.4195394_alt_20.425m_NIR.TIF"", ""/home/hyggestuen/Downloads/_WeedyRice/WeedyRice-RGBMS-DB/Multispectral/DJI_DateTime_2025_01_15_15_20_0161_lat_10.3638503_lon_105.4195394_alt_20.425m_R.TIF"", ""/home/hyggestuen/Downloads/_WeedyRice/WeedyRice-RGBMS-DB/Multispectral/DJI_DateTime_2025_01_15_15_20_0161_lat_10.3638503_lon_105.4195394_alt_20.425m_RE.TIF""]",/home/hyggestuen/Downloads/_WeedyRice/WeedyRice-RGBMS-DB/Masks/DJI_DateTime_2025_01_15_15_20_0161_lat_10.3638503_lon_105.4195394_alt_20.425m.png,2025_01_15_15,test
DJI_DateTime_2025_01_15_15_20_0162_lat_10.3638185_lon_105.4195010_alt_20.455m,/home/hyggestuen/Downloads/_WeedyRice/WeedyRice-RGBMS-DB/RGB/DJI_DateTime_2025_01_15_15_20_0162_lat_10.3638185_lon_105.4195010_alt_20.455m.JPG,,"[""/home/hyggestuen/Downloads/_WeedyRice/WeedyRice-RGBMS-DB/Multispectral/DJI_DateTime_2025_01_15_15_20_0162_lat_10.3638185_lon_105.4195010_alt_20.455m_G.TIF"", ""/home/hyggestuen/Downloads/_WeedyRice/WeedyRice-RGBMS-DB/Multispectral/DJI_DateTime_2025_01_15_15_20_0162_lat_10.3638185_lon_105.4195010_alt_20.455m_NIR.TIF"", ""/home/hyggestuen/Downloads/_WeedyRice/WeedyRice-RGBMS-DB/Multispectral/DJI_DateTime_2025_01_15_15_20_0162_lat_10.3638185_lon_105.4195010_alt_20.455m_R.TIF"", ""/home/hyggestuen/Downloads/_WeedyRice/WeedyRice-RGBMS-DB/Multispectral/DJI_DateTime_2025_01_15_15_20_0162_lat_10.3638185_lon_105.4195010_alt_20.455m_RE.TIF""]",/home/hyggestuen/Downloads/_WeedyRice/WeedyRice-RGBMS-DB/Masks/DJI_DateTime_2025_01_15_15_20_0162_lat_10.3638185_lon_105.4195010_alt_20.455m.png,2025_01_15_15,test
DJI_DateTime_2025_01_15_15_20_0163_lat_10.3637865_lon_105.4194621_alt_20.436m,/home/hyggestuen/Downloads/_WeedyRice/WeedyRice-RGBMS-DB/RGB/DJI_DateTime_2025_01_15_15_20_0163_lat_10.3637865_lon_105.4194621_alt_20.436m.JPG,,"[""/home/hyggestuen/Downloads/_WeedyRice/WeedyRice-RGBMS-DB/Multispectral/DJI_DateTime_2025_01_15_15_20_0163_lat_10.3637865_lon_105.4194621_alt_20.436m_G.TIF"", ""/home/hyggestuen/Downloads/_WeedyRice/WeedyRice-RGBMS-DB/Multispectral/DJI_DateTime_2025_01_15_15_20_0163_lat_10.3637865_lon_105.4194621_alt_20.436m_NIR.TIF"", ""/home/hyggestuen/Downloads/_WeedyRice/WeedyRice-RGBMS-DB/Multispectral/DJI_DateTime_2025_01_15_15_20_0163_lat_10.3637865_lon_105.4194621_alt_20.436m_R.TIF"", ""/home/hyggestuen/Downloads/_WeedyRice/WeedyRice-RGBMS-DB/Multispectral/DJI_DateTime_2025_01_15_15_20_0163_lat_10.3637865_lon_105.4194621_alt_20.436m_RE.TIF""]",/home/hyggestuen/Downloads/_WeedyRice/WeedyRice-RGBMS-DB/Masks/DJI_DateTime_2025_01_15_15_20_0163_lat_10.3637865_lon_105.4194621_alt_20.436m.png,2025_01_15_15,test
DJI_DateTime_2025_01_15_15_20_0164_lat_10.3637553_lon_105.4194236_alt_20.408m,/home/hyggestuen/Downloads/_WeedyRice/WeedyRice-RGBMS-DB/RGB/DJI_DateTime_2025_01_15_15_20_0164_lat_10.3637553_lon_105.4194236_alt_20.408m.JPG,,"[""/home/hyggestuen/Downloads/_WeedyRice/WeedyRice-RGBMS-DB/Multispectral/DJI_DateTime_2025_01_15_15_20_0164_lat_10.3637553_lon_105.4194236_alt_20.408m_G.TIF"", ""/home/hyggestuen/Downloads/_WeedyRice/WeedyRice-RGBMS-DB/Multispectral/DJI_DateTime_2025_01_15_15_20_0164_lat_10.3637553_lon_105.4194236_alt_20.408m_NIR.TIF"", ""/home/hyggestuen/Downloads/_WeedyRice/WeedyRice-RGBMS-DB/Multispectral/DJI_DateTime_2025_01_15_15_20_0164_lat_10.3637553_lon_105.4194236_alt_20.408m_R.TIF"", ""/home/hyggestuen/Downloads/_WeedyRice/WeedyRice-RGBMS-DB/Multispectral/DJI_DateTime_2025_01_15_15_20_0164_lat_10.3637553_lon_105.4194236_alt_20.408m_RE.TIF""]",/home/hyggestuen/Downloads/_WeedyRice/WeedyRice-RGBMS-DB/Masks/DJI_DateTime_2025_01_15_15_20_0164_lat_10.3637553_lon_105.4194236_alt_20.408m.png,2025_01_15_15,test
DJI_DateTime_2025_01_15_15_20_0165_lat_10.3637234_lon_105.4193860_alt_20.399m,/home/hyggestuen/Downloads/_WeedyRice/WeedyRice-RGBMS-DB/RGB/DJI_DateTime_2025_01_15_15_20_0165_lat_10.3637234_lon_105.4193860_alt_20.399m.JPG,,"[""/home/hyggestuen/Downloads/_WeedyRice/WeedyRice-RGBMS-DB/Multispectral/DJI_DateTime_2025_01_15_15_20_0165_lat_10.3637234_lon_105.4193860_alt_20.399m_G.TIF"", ""/home/hyggestuen/Downloads/_WeedyRice/WeedyRice-RGBMS-DB/Multispectral/DJI_DateTime_2025_01_15_15_20_0165_lat_10.3637234_lon_105.4193860_alt_20.399m_NIR.TIF"", ""/home/hyggestuen/Downloads/_WeedyRice/WeedyRice-RGBMS-DB/Multispectral/DJI_DateTime_2025_01_15_15_20_0165_lat_10.3637234_lon_105.4193860_alt_20.399m_R.TIF"", ""/home/hyggestuen/Downloads/_WeedyRice/WeedyRice-RGBMS-DB/Multispectral/DJI_DateTime_2025_01_15_15_20_0165_lat_10.3637234_lon_105.4193860_alt_20.399m_RE.TIF""]",/home/hyggestuen/Downloads/_WeedyRice/WeedyRice-RGBMS-DB/Masks/DJI_DateTime_2025_01_15_15_20_0165_lat_10.3637234_lon_105.4193860_alt_20.399m.png,2025_01_15_15,test
DJI_DateTime_2025_01_15_15_20_0166_lat_10.3636915_lon_105.4193481_alt_20.403m,/home/hyggestuen/Downloads/_WeedyRice/WeedyRice-RGBMS-DB/RGB/DJI_DateTime_2025_01_15_15_20_0166_lat_10.3636915_lon_105.4193481_alt_20.403m.JPG,,"[""/home/hyggestuen/Downloads/_WeedyRice/WeedyRice-RGBMS-DB/Multispectral/DJI_DateTime_2025_01_15_15_20_0166_lat_10.3636915_lon_105.4193481_alt_20.403m_G.TIF"", ""/home/hyggestuen/Downloads/_WeedyRice/WeedyRice-RGBMS-DB/Multispectral/DJI_DateTime_2025_01_15_15_20_0166_lat_10.3636915_lon_105.4193481_alt_20.403m_NIR.TIF"", ""/home/hyggestuen/Downloads/_WeedyRice/WeedyRice-RGBMS-DB/Multispectral/DJI_DateTime_2025_01_15_15_20_0166_lat_10.3636915_lon_105.4193481_alt_20.403m_R.TIF"", ""/home/hyggestuen/Downloads/_WeedyRice/WeedyRice-RGBMS-DB/Multispectral/DJI_DateTime_2025_01_15_15_20_0166_lat_10.3636915_lon_105.4193481_alt_20.403m_RE.TIF""]",/home/hyggestuen/Downloads/_WeedyRice/WeedyRice-RGBMS-DB/Masks/DJI_DateTime_2025_01_15_15_20_0166_lat_10.3636915_lon_105.4193481_alt_20.403m.png,2025_01_15_15,test
DJI_DateTime_2025_01_15_15_20_0167_lat_10.3636601_lon_105.4193093_alt_20.389m,/home/hyggestuen/Downloads/_WeedyRice/WeedyRice-RGBMS-DB/RGB/DJI_DateTime_2025_01_15_15_20_0167_lat_10.3636601_lon_105.4193093_alt_20.389m.JPG,,"[""/home/hyggestuen/Downloads/_WeedyRice/WeedyRice-RGBMS-DB/Multispectral/DJI_DateTime_2025_01_15_15_20_0167_lat_10.3636601_lon_105.4193093_alt_20.389m_G.TIF"", ""/home/hyggestuen/Downloads/_WeedyRice/WeedyRice-RGBMS-DB/Multispectral/DJI_DateTime_2025_01_15_15_20_0167_lat_10.3636601_lon_105.4193093_alt_20.389m_NIR.TIF"", ""/home/hyggestuen/Downloads/_WeedyRice/WeedyRice-RGBMS-DB/Multispectral/DJI_DateTime_2025_01_15_15_20_0167_lat_10.3636601_lon_105.4193093_alt_20.389m_R.TIF"", ""/home/hyggestuen/Downloads/_WeedyRice/WeedyRice-RGBMS-DB/Multispectral/DJI_DateTime_2025_01_15_15_20_0167_lat_10.3636601_lon_105.4193093_alt_20.389m_RE.TIF""]",/home/hyggestuen/Downloads/_WeedyRice/WeedyRice-RGBMS-DB/Masks/DJI_DateTime_2025_01_15_15_20_0167_lat_10.3636601_lon_105.4193093_alt_20.389m.png,2025_01_15_15,test
DJI_DateTime_2025_01_15_15_20_0168_lat_10.3636510_lon_105.4192666_alt_20.451m,/home/hyggestuen/Downloads/_WeedyRice/WeedyRice-RGBMS-DB/RGB/DJI_DateTime_2025_01_15_15_20_0168_lat_10.3636510_lon_105.4192666_alt_20.451m.JPG,,"[""/home/hyggestuen/Downloads/_WeedyRice/WeedyRice-RGBMS-DB/Multispectral/DJI_DateTime_2025_01_15_15_20_0168_lat_10.3636510_lon_105.4192666_alt_20.451m_G.TIF"", ""/home/hyggestuen/Downloads/_WeedyRice/WeedyRice-RGBMS-DB/Multispectral/DJI_DateTime_2025_01_15_15_20_0168_lat_10.3636510_lon_105.4192666_alt_20.451m_NIR.TIF"", ""/home/hyggestuen/Downloads/_WeedyRice/WeedyRice-RGBMS-DB/Multispectral/DJI_DateTime_2025_01_15_15_20_0168_lat_10.3636510_lon_105.4192666_alt_20.451m_R.TIF"", ""/home/hyggestuen/Downloads/_WeedyRice/WeedyRice-RGBMS-DB/Multispectral/DJI_DateTime_2025_01_15_15_20_0168_lat_10.3636510_lon_105.4192666_alt_20.451m_RE.TIF""]",/home/hyggestuen/Downloads/_WeedyRice/WeedyRice-RGBMS-DB/Masks/DJI_DateTime_2025_01_15_15_20_0168_lat_10.3636510_lon_105.4192666_alt_20.451m.png,2025_01_15_15,test
DJI_DateTime_2025_01_15_15_20_0169_lat_10.3636893_lon_105.4192482_alt_20.353m,/home/hyggestuen/Downloads/_WeedyRice/WeedyRice-RGBMS-DB/RGB/DJI_DateTime_2025_01_15_15_20_0169_lat_10.3636893_lon_105.4192482_alt_20.353m.JPG,,"[""/home/hyggestuen/Downloads/_WeedyRice/WeedyRice-RGBMS-DB/Multispectral/DJI_DateTime_2025_01_15_15_20_0169_lat_10.3636893_lon_105.4192482_alt_20.353m_G.TIF"", ""/home/hyggestuen/Downloads/_WeedyRice/WeedyRice-RGBMS-DB/Multispectral/DJI_DateTime_2025_01_15_15_20_0169_lat_10.3636893_lon_105.4192482_alt_20.353m_NIR.TIF"", ""/home/hyggestuen/Downloads/_WeedyRice/WeedyRice-RGBMS-DB/Multispectral/DJI_DateTime_2025_01_15_15_20_0169_lat_10.3636893_lon_105.4192482_alt_20.353m_R.TIF"", ""/home/hyggestuen/Downloads/_WeedyRice/WeedyRice-RGBMS-DB/Multispectral/DJI_DateTime_2025_01_15_15_20_0169_lat_10.3636893_lon_105.4192482_alt_20.353m_RE.TIF""]",/home/hyggestuen/Downloads/_WeedyRice/WeedyRice-RGBMS-DB/Masks/DJI_DateTime_2025_01_15_15_20_0169_lat_10.3636893_lon_105.4192482_alt_20.353m.png,2025_01_15_15,test
DJI_DateTime_2025_01_15_15_20_0170_lat_10.3637217_lon_105.4192814_alt_20.271m,/home/hyggestuen/Downloads/_WeedyRice/WeedyRice-RGBMS-DB/RGB/DJI_DateTime_2025_01_15_15_20_0170_lat_10.3637217_lon_105.4192814_alt_20.271m.JPG,,"[""/home/hyggestuen/Downloads/_WeedyRice/WeedyRice-RGBMS-DB/Multispectral/DJI_DateTime_2025_01_15_15_20_0170_lat_10.3637217_lon_105.4192814_alt_20.271m_G.TIF"", ""/home/hyggestuen/Downloads/_WeedyRice/WeedyRice-RGBMS-DB/Multispectral/DJI_DateTime_2025_01_15_15_20_0170_lat_10.3637217_lon_105.4192814_alt_20.271m_NIR.TIF"", ""/home/hyggestuen/Downloads/_WeedyRice/WeedyRice-RGBMS-DB/Multispectral/DJI_DateTime_2025_01_15_15_20_0170_lat_10.3637217_lon_105.4192814_alt_20.271m_R.TIF"", ""/home/hyggestuen/Downloads/_WeedyRice/WeedyRice-RGBMS-DB/Multispectral/DJI_DateTime_2025_01_15_15_20_0170_lat_10.3637217_lon_105.4192814_alt_20.271m_RE.TIF""]",/home/hyggestuen/Downloads/_WeedyRice/WeedyRice-RGBMS-DB/Masks/DJI_DateTime_2025_01_15_15_20_0170_lat_10.3637217_lon_105.4192814_alt_20.271m.png,2025_01_15_15,test
DJI_DateTime_2025_01_15_15_20_0171_lat_10.3637535_lon_105.4193190_alt_20.336m,/home/hyggestuen/Downloads/_WeedyRice/WeedyRice-RGBMS-DB/RGB/DJI_DateTime_2025_01_15_15_20_0171_lat_10.3637535_lon_105.4193190_alt_20.336m.JPG,,"[""/home/hyggestuen/Downloads/_WeedyRice/WeedyRice-RGBMS-DB/Multispectral/DJI_DateTime_2025_01_15_15_20_0171_lat_10.3637535_lon_105.4193190_alt_20.336m_G.TIF"", ""/home/hyggestuen/Downloads/_WeedyRice/WeedyRice-RGBMS-DB/Multispectral/DJI_DateTime_2025_01_15_15_20_0171_lat_10.3637535_lon_105.4193190_alt_20.336m_NIR.TIF"", ""/home/hyggestuen/Downloads/_WeedyRice/WeedyRice-RGBMS-DB/Multispectral/DJI_DateTime_2025_01_15_15_20_0171_lat_10.3637535_lon_105.4193190_alt_20.336m_R.TIF"", ""/home/hyggestuen/Downloads/_WeedyRice/WeedyRice-RGBMS-DB/Multispectral/DJI_DateTime_2025_01_15_15_20_0171_lat_10.3637535_lon_105.4193190_alt_20.336m_RE.TIF""]",/home/hyggestuen/Downloads/_WeedyRice/WeedyRice-RGBMS-DB/Masks/DJI_DateTime_2025_01_15_15_20_0171_lat_10.3637535_lon_105.4193190_alt_20.336m.png,2025_01_15_15,test
DJI_DateTime_2025_01_15_15_20_0172_lat_10.3637857_lon_105.4193574_alt_20.343m,/home/hyggestuen/Downloads/_WeedyRice/WeedyRice-RGBMS-DB/RGB/DJI_DateTime_2025_01_15_15_20_0172_lat_10.3637857_lon_105.4193574_alt_20.343m.JPG,,"[""/home/hyggestuen/Downloads/_WeedyRice/WeedyRice-RGBMS-DB/Multispectral/DJI_DateTime_2025_01_15_15_20_0172_lat_10.3637857_lon_105.4193574_alt_20.343m_G.TIF"", ""/home/hyggestuen/Downloads/_WeedyRice/WeedyRice-RGBMS-DB/Multispectral/DJI_DateTime_2025_01_15_15_20_0172_lat_10.3637857_lon_105.4193574_alt_20.343m_NIR.TIF"", ""/home/hyggestuen/Downloads/_WeedyRice/WeedyRice-RGBMS-DB/Multispectral/DJI_DateTime_2025_01_15_15_20_0172_lat_10.3637857_lon_105.4193574_alt_20.343m_R.TIF"", ""/home/hyggestuen/Downloads/_WeedyRice/WeedyRice-RGBMS-DB/Multispectral/DJI_DateTime_2025_01_15_15_20_0172_lat_10.3637857_lon_105.4193574_alt_20.343m_RE.TIF""]",/home/hyggestuen/Downloads/_WeedyRice/WeedyRice-RGBMS-DB/Masks/DJI_DateTime_2025_01_15_15_20_0172_lat_10.3637857_lon_105.4193574_alt_20.343m.png,2025_01_15_15,test
DJI_DateTime_2025_01_15_15_20_0173_lat_10.3638174_lon_105.4193954_alt_20.323m,/home/hyggestuen/Downloads/_WeedyRice/WeedyRice-RGBMS-DB/RGB/DJI_DateTime_2025_01_15_15_20_0173_lat_10.3638174_lon_105.4193954_alt_20.323m.JPG,,"[""/home/hyggestuen/Downloads/_WeedyRice/WeedyRice-RGBMS-DB/Multispectral/DJI_DateTime_2025_01_15_15_20_0173_lat_10.3638174_lon_105.4193954_alt_20.323m_G.TIF"", ""/home/hyggestuen/Downloads/_WeedyRice/WeedyRice-RGBMS-DB/Multispectral/DJI_DateTime_2025_01_15_15_20_0173_lat_10.3638174_lon_105.4193954_alt_20.323m_NIR.TIF"", ""/home/hyggestuen/Downloads/_WeedyRice/WeedyRice-RGBMS-DB/Multispectral/DJI_DateTime_2025_01_15_15_20_0173_lat_10.3638174_lon_105.4193954_alt_20.323m_R.TIF"", ""/home/hyggestuen/Downloads/_WeedyRice/WeedyRice-RGBMS-DB/Multispectral/DJI_DateTime_2025_01_15_15_20_0173_lat_10.3638174_lon_105.4193954_alt_20.323m_RE.TIF""]",/home/hyggestuen/Downloads/_WeedyRice/WeedyRice-RGBMS-DB/Masks/DJI_DateTime_2025_01_15_15_20_0173_lat_10.3638174_lon_105.4193954_alt_20.323m.png,2025_01_15_15,test
DJI_DateTime_2025_01_15_15_21_0174_lat_10.3638494_lon_105.4194341_alt_20.327m,/home/hyggestuen/Downloads/_WeedyRice/WeedyRice-RGBMS-DB/RGB/DJI_DateTime_2025_01_15_15_21_0174_lat_10.3638494_lon_105.4194341_alt_20.327m.JPG,,"[""/home/hyggestuen/Downloads/_WeedyRice/WeedyRice-RGBMS-DB/Multispectral/DJI_DateTime_2025_01_15_15_21_0174_lat_10.3638494_lon_105.4194341_alt_20.327m_G.TIF"", ""/home/hyggestuen/Downloads/_WeedyRice/WeedyRice-RGBMS-DB/Multispectral/DJI_DateTime_2025_01_15_15_21_0174_lat_10.3638494_lon_105.4194341_alt_20.327m_NIR.TIF"", ""/home/hyggestuen/Downloads/_WeedyRice/WeedyRice-RGBMS-DB/Multispectral/DJI_DateTime_2025_01_15_15_21_0174_lat_10.3638494_lon_105.4194341_alt_20.327m_R.TIF"", ""/home/hyggestuen/Downloads/_WeedyRice/WeedyRice-RGBMS-DB/Multispectral/DJI_DateTime_2025_01_15_15_21_0174_lat_10.3638494_lon_105.4194341_alt_20.327m_RE.TIF""]",/home/hyggestuen/Downloads/_WeedyRice/WeedyRice-RGBMS-DB/Masks/DJI_DateTime_2025_01_15_15_21_0174_lat_10.3638494_lon_105.4194341_alt_20.327m.png,2025_01_15_15,test
DJI_DateTime_2025_01_15_15_21_0175_lat_10.3638814_lon_105.4194720_alt_20.401m,/home/hyggestuen/Downloads/_WeedyRice/WeedyRice-RGBMS-DB/RGB/DJI_DateTime_2025_01_15_15_21_0175_lat_10.3638814_lon_105.4194720_alt_20.401m.JPG,,"[""/home/hyggestuen/Downloads/_WeedyRice/WeedyRice-RGBMS-DB/Multispectral/DJI_DateTime_2025_01_15_15_21_0175_lat_10.3638814_lon_105.4194720_alt_20.401m_G.TIF"", ""/home/hyggestuen/Downloads/_WeedyRice/WeedyRice-RGBMS-DB/Multispectral/DJI_DateTime_2025_01_15_15_21_0175_lat_10.3638814_lon_105.4194720_alt_20.401m_NIR.TIF"", ""/home/hyggestuen/Downloads/_WeedyRice/WeedyRice-RGBMS-DB/Multispectral/DJI_DateTime_2025_01_15_15_21_0175_lat_10.3638814_lon_105.4194720_alt_20.401m_R.TIF"", ""/home/hyggestuen/Downloads/_WeedyRice/WeedyRice-RGBMS-DB/Multispectral/DJI_DateTime_2025_01_15_15_21_0175_lat_10.3638814_lon_105.4194720_alt_20.401m_RE.TIF""]",/home/hyggestuen/Downloads/_WeedyRice/WeedyRice-RGBMS-DB/Masks/DJI_DateTime_2025_01_15_15_21_0175_lat_10.3638814_lon_105.4194720_alt_20.401m.png,2025_01_15_15,test
DJI_DateTime_2025_01_15_15_21_0176_lat_10.3639135_lon_105.4195105_alt_20.422m,/home/hyggestuen/Downloads/_WeedyRice/WeedyRice-RGBMS-DB/RGB/DJI_DateTime_2025_01_15_15_21_0176_lat_10.3639135_lon_105.4195105_alt_20.422m.JPG,,"[""/home/hyggestuen/Downloads/_WeedyRice/WeedyRice-RGBMS-DB/Multispectral/DJI_DateTime_2025_01_15_15_21_0176_lat_10.3639135_lon_105.4195105_alt_20.422m_G.TIF"", ""/home/hyggestuen/Downloads/_WeedyRice/WeedyRice-RGBMS-DB/Multispectral/DJI_DateTime_2025_01_15_15_21_0176_lat_10.3639135_lon_105.4195105_alt_20.422m_NIR.TIF"", ""/home/hyggestuen/Downloads/_WeedyRice/WeedyRice-RGBMS-DB/Multispectral/DJI_DateTime_2025_01_15_15_21_0176_lat_10.3639135_lon_105.4195105_alt_20.422m_R.TIF"", ""/home/hyggestuen/Downloads/_WeedyRice/WeedyRice-RGBMS-DB/Multispectral/DJI_DateTime_2025_01_15_15_21_0176_lat_10.3639135_lon_105.4195105_alt_20.422m_RE.TIF""]",/home/hyggestuen/Downloads/_WeedyRice/WeedyRice-RGBMS-DB/Masks/DJI_DateTime_2025_01_15_15_21_0176_lat_10.3639135_lon_105.4195105_alt_20.422m.png,2025_01_15_15,test
DJI_DateTime_2025_01_15_15_21_0177_lat_10.3639457_lon_105.4195489_alt_20.415m,/home/hyggestuen/Downloads/_WeedyRice/WeedyRice-RGBMS-DB/RGB/DJI_DateTime_2025_01_15_15_21_0177_lat_10.3639457_lon_105.4195489_alt_20.415m.JPG,,"[""/home/hyggestuen/Downloads/_WeedyRice/WeedyRice-RGBMS-DB/Multispectral/DJI_DateTime_2025_01_15_15_21_0177_lat_10.3639457_lon_105.4195489_alt_20.415m_G.TIF"", ""/home/hyggestuen/Downloads/_WeedyRice/WeedyRice-RGBMS-DB/Multispectral/DJI_DateTime_2025_01_15_15_21_0177_lat_10.3639457_lon_105.4195489_alt_20.415m_NIR.TIF"", ""/home/hyggestuen/Downloads/_WeedyRice/WeedyRice-RGBMS-DB/Multispectral/DJI_DateTime_2025_01_15_15_21_0177_lat_10.3639457_lon_105.4195489_alt_20.415m_R.TIF"", ""/home/hyggestuen/Downloads/_WeedyRice/WeedyRice-RGBMS-DB/Multispectral/DJI_DateTime_2025_01_15_15_21_0177_lat_10.3639457_lon_105.4195489_alt_20.415m_RE.TIF""]",/home/hyggestuen/Downloads/_WeedyRice/WeedyRice-RGBMS-DB/Masks/DJI_DateTime_2025_01_15_15_21_0177_lat_10.3639457_lon_105.4195489_alt_20.415m.png,2025_01_15_15,test
DJI_DateTime_2025_01_15_15_21_0178_lat_10.3639769_lon_105.4195868_alt_20.434m,/home/hyggestuen/Downloads/_WeedyRice/WeedyRice-RGBMS-DB/RGB/DJI_DateTime_2025_01_15_15_21_0178_lat_10.3639769_lon_105.4195868_alt_20.434m.JPG,,"[""/home/hyggestuen/Downloads/_WeedyRice/WeedyRice-RGBMS-DB/Multispectral/DJI_DateTime_2025_01_15_15_21_0178_lat_10.3639769_lon_105.4195868_alt_20.434m_G.TIF"", ""/home/hyggestuen/Downloads/_WeedyRice/WeedyRice-RGBMS-DB/Multispectral/DJI_DateTime_2025_01_15_15_21_0178_lat_10.3639769_lon_105.4195868_alt_20.434m_NIR.TIF"", ""/home/hyggestuen/Downloads/_WeedyRice/WeedyRice-RGBMS-DB/Multispectral/DJI_DateTime_2025_01_15_15_21_0178_lat_10.3639769_lon_105.4195868_alt_20.434m_R.TIF"", ""/home/hyggestuen/Downloads/_WeedyRice/WeedyRice-RGBMS-DB/Multispectral/DJI_DateTime_2025_01_15_15_21_0178_lat_10.3639769_lon_105.4195868_alt_20.434m_RE.TIF""]",/home/hyggestuen/Downloads/_WeedyRice/WeedyRice-RGBMS-DB/Masks/DJI_DateTime_2025_01_15_15_21_0178_lat_10.3639769_lon_105.4195868_alt_20.434m.png,2025_01_15_15,test
DJI_DateTime_2025_01_15_15_21_0179_lat_10.3640081_lon_105.4196247_alt_20.439m,/home/hyggestuen/Downloads/_WeedyRice/WeedyRice-RGBMS-DB/RGB/DJI_DateTime_2025_01_15_15_21_0179_lat_10.3640081_lon_105.4196247_alt_20.439m.JPG,,"[""/home/hyggestuen/Downloads/_WeedyRice/WeedyRice-RGBMS-DB/Multispectral/DJI_DateTime_2025_01_15_15_21_0179_lat_10.3640081_lon_105.4196247_alt_20.439m_G.TIF"", ""/home/hyggestuen/Downloads/_WeedyRice/WeedyRice-RGBMS-DB/Multispectral/DJI_DateTime_2025_01_15_15_21_0179_lat_10.3640081_lon_105.4196247_alt_20.439m_NIR.TIF"", ""/home/hyggestuen/Downloads/_WeedyRice/WeedyRice-RGBMS-DB/Multispectral/DJI_DateTime_2025_01_15_15_21_0179_lat_10.3640081_lon_105.4196247_alt_20.439m_R.TIF"", ""/home/hyggestuen/Downloads/_WeedyRice/WeedyRice-RGBMS-DB/Multispectral/DJI_DateTime_2025_01_15_15_21_0179_lat_10.3640081_lon_105.4196247_alt_20.439m_RE.TIF""]",/home/hyggestuen/Downloads/_WeedyRice/WeedyRice-RGBMS-DB/Masks/DJI_DateTime_2025_01_15_15_21_0179_lat_10.3640081_lon_105.4196247_alt_20.439m.png,2025_01_15_15,test
DJI_DateTime_2025_01_15_15_21_0180_lat_10.3640403_lon_105.4196633_alt_20.417m,/home/hyggestuen/Downloads/_WeedyRice/WeedyRice-RGBMS-DB/RGB/DJI_DateTime_2025_01_15_15_21_0180_lat_10.3640403_lon_105.4196633_alt_20.417m.JPG,,"[""/home/hyggestuen/Downloads/_WeedyRice/WeedyRice-RGBMS-DB/Multispectral/DJI_DateTime_2025_01_15_15_21_0180_lat_10.3640403_lon_105.4196633_alt_20.417m_G.TIF"", ""/home/hyggestuen/Downloads/_WeedyRice/WeedyRice-RGBMS-DB/Multispectral/DJI_DateTime_2025_01_15_15_21_0180_lat_10.3640403_lon_105.4196633_alt_20.417m_NIR.TIF"", ""/home/hyggestuen/Downloads/_WeedyRice/WeedyRice-RGBMS-DB/Multispectral/DJI_DateTime_2025_01_15_15_21_0180_lat_10.3640403_lon_105.4196633_alt_20.417m_R.TIF"", ""/home/hyggestuen/Downloads/_WeedyRice/WeedyRice-RGBMS-DB/Multispectral/DJI_DateTime_2025_01_15_15_21_0180_lat_10.3640403_lon_105.4196633_alt_20.417m_RE.TIF""]",/home/hyggestuen/Downloads/_WeedyRice/WeedyRice-RGBMS-DB/Masks/DJI_DateTime_2025_01_15_15_21_0180_lat_10.3640403_lon_105.4196633_alt_20.417m.png,2025_01_15_15,test
DJI_DateTime_2025_01_15_15_21_0181_lat_10.3640718_lon_105.4197011_alt_20.432m,/home/hyggestuen/Downloads/_WeedyRice/WeedyRice-RGBMS-DB/RGB/DJI_DateTime_2025_01_15_15_21_0181_lat_10.3640718_lon_105.4197011_alt_20.432m.JPG,,"[""/home/hyggestuen/Downloads/_WeedyRice/WeedyRice-RGBMS-DB/Multispectral/DJI_DateTime_2025_01_15_15_21_0181_lat_10.3640718_lon_105.4197011_alt_20.432m_G.TIF"", ""/home/hyggestuen/Downloads/_WeedyRice/WeedyRice-RGBMS-DB/Multispectral/DJI_DateTime_2025_01_15_15_21_0181_lat_10.3640718_lon_105.4197011_alt_20.432m_NIR.TIF"", ""/home/hyggestuen/Downloads/_WeedyRice/WeedyRice-RGBMS-DB/Multispectral/DJI_DateTime_2025_01_15_15_21_0181_lat_10.3640718_lon_105.4197011_alt_20.432m_R.TIF"", ""/home/hyggestuen/Downloads/_WeedyRice/WeedyRice-RGBMS-DB/Multispectral/DJI_DateTime_2025_01_15_15_21_0181_lat_10.3640718_lon_105.4197011_alt_20.432m_RE.TIF""]",/home/hyggestuen/Downloads/_WeedyRice/WeedyRice-RGBMS-DB/Masks/DJI_DateTime_2025_01_15_15_21_0181_lat_10.3640718_lon_105.4197011_alt_20.432m.png,2025_01_15_15,test
DJI_DateTime_2025_01_15_15_21_0182_lat_10.3641033_lon_105.4197389_alt_20.380m,/home/hyggestuen/Downloads/_WeedyRice/WeedyRice-RGBMS-DB/RGB/DJI_DateTime_2025_01_15_15_21_0182_lat_10.3641033_lon_105.4197389_alt_20.380m.JPG,,"[""/home/hyggestuen/Downloads/_WeedyRice/WeedyRice-RGBMS-DB/Multispectral/DJI_DateTime_2025_01_15_15_21_0182_lat_10.3641033_lon_105.4197389_alt_20.380m_G.TIF"", ""/home/hyggestuen/Downloads/_WeedyRice/WeedyRice-RGBMS-DB/Multispectral/DJI_DateTime_2025_01_15_15_21_0182_lat_10.3641033_lon_105.4197389_alt_20.380m_NIR.TIF"", ""/home/hyggestuen/Downloads/_WeedyRice/WeedyRice-RGBMS-DB/Multispectral/DJI_DateTime_2025_01_15_15_21_0182_lat_10.3641033_lon_105.4197389_alt_20.380m_R.TIF"", ""/home/hyggestuen/Downloads/_WeedyRice/WeedyRice-RGBMS-DB/Multispectral/DJI_DateTime_2025_01_15_15_21_0182_lat_10.3641033_lon_105.4197389_alt_20.380m_RE.TIF""]",/home/hyggestuen/Downloads/_WeedyRice/WeedyRice-RGBMS-DB/Masks/DJI_DateTime_2025_01_15_15_21_0182_lat_10.3641033_lon_105.4197389_alt_20.380m.png,2025_01_15_15,test
DJI_DateTime_2025_01_15_15_21_0183_lat_10.3641350_lon_105.4197774_alt_20.398m,/home/hyggestuen/Downloads/_WeedyRice/WeedyRice-RGBMS-DB/RGB/DJI_DateTime_2025_01_15_15_21_0183_lat_10.3641350_lon_105.4197774_alt_20.398m.JPG,,"[""/home/hyggestuen/Downloads/_WeedyRice/WeedyRice-RGBMS-DB/Multispectral/DJI_DateTime_2025_01_15_15_21_0183_lat_10.3641350_lon_105.4197774_alt_20.398m_G.TIF"", ""/home/hyggestuen/Downloads/_WeedyRice/WeedyRice-RGBMS-DB/Multispectral/DJI_DateTime_2025_01_15_15_21_0183_lat_10.3641350_lon_105.4197774_alt_20.398m_NIR.TIF"", ""/home/hyggestuen/Downloads/_WeedyRice/WeedyRice-RGBMS-DB/Multispectral/DJI_DateTime_2025_01_15_15_21_0183_lat_10.3641350_lon_105.4197774_alt_20.398m_R.TIF"", ""/home/hyggestuen/Downloads/_WeedyRice/WeedyRice-RGBMS-DB/Multispectral/DJI_DateTime_2025_01_15_15_21_0183_lat_10.3641350_lon_105.4197774_alt_20.398m_RE.TIF""]",/home/hyggestuen/Downloads/_WeedyRice/WeedyRice-RGBMS-DB/Masks/DJI_DateTime_2025_01_15_15_21_0183_lat_10.3641350_lon_105.4197774_alt_20.398m.png,2025_01_15_15,test
DJI_DateTime_2025_01_15_15_21_0184_lat_10.3641667_lon_105.4198156_alt_20.392m,/home/hyggestuen/Downloads/_WeedyRice/WeedyRice-RGBMS-DB/RGB/DJI_DateTime_2025_01_15_15_21_0184_lat_10.3641667_lon_105.4198156_alt_20.392m.JPG,,"[""/home/hyggestuen/Downloads/_WeedyRice/WeedyRice-RGBMS-DB/Multispectral/DJI_DateTime_2025_01_15_15_21_0184_lat_10.3641667_lon_105.4198156_alt_20.392m_G.TIF"", ""/home/hyggestuen/Downloads/_WeedyRice/WeedyRice-RGBMS-DB/Multispectral/DJI_DateTime_2025_01_15_15_21_0184_lat_10.3641667_lon_105.4198156_alt_20.392m_NIR.TIF"", ""/home/hyggestuen/Downloads/_WeedyRice/WeedyRice-RGBMS-DB/Multispectral/DJI_DateTime_2025_01_15_15_21_0184_lat_10.3641667_lon_105.4198156_alt_20.392m_R.TIF"", ""/home/hyggestuen/Downloads/_WeedyRice/WeedyRice-RGBMS-DB/Multispectral/DJI_DateTime_2025_01_15_15_21_0184_lat_10.3641667_lon_105.4198156_alt_20.392m_RE.TIF""]",/home/hyggestuen/Downloads/_WeedyRice/WeedyRice-RGBMS-DB/Masks/DJI_DateTime_2025_01_15_15_21_0184_lat_10.3641667_lon_105.4198156_alt_20.392m.png,2025_01_15_15,test
DJI_DateTime_2025_01_15_15_21_0185_lat_10.3641981_lon_105.4198538_alt_20.422m,/home/hyggestuen/Downloads/_WeedyRice/WeedyRice-RGBMS-DB/RGB/DJI_DateTime_2025_01_15_15_21_0185_lat_10.3641981_lon_105.4198538_alt_20.422m.JPG,,"[""/home/hyggestuen/Downloads/_WeedyRice/WeedyRice-RGBMS-DB/Multispectral/DJI_DateTime_2025_01_15_15_21_0185_lat_10.3641981_lon_105.4198538_alt_20.422m_G.TIF"", ""/home/hyggestuen/Downloads/_WeedyRice/WeedyRice-RGBMS-DB/Multispectral/DJI_DateTime_2025_01_15_15_21_0185_lat_10.3641981_lon_105.4198538_alt_20.422m_NIR.TIF"", ""/home/hyggestuen/Downloads/_WeedyRice/WeedyRice-RGBMS-DB/Multispectral/DJI_DateTime_2025_01_15_15_21_0185_lat_10.3641981_lon_105.4198538_alt_20.422m_R.TIF"", ""/home/hyggestuen/Downloads/_WeedyRice/WeedyRice-RGBMS-DB/Multispectral/DJI_DateTime_2025_01_15_15_21_0185_lat_10.3641981_lon_105.4198538_alt_20.422m_RE.TIF""]",/home/hyggestuen/Downloads/_WeedyRice/WeedyRice-RGBMS-DB/Masks/DJI_DateTime_2025_01_15_15_21_0185_lat_10.3641981_lon_105.4198538_alt_20.422m.png,2025_01_15_15,test
DJI_DateTime_2025_01_15_15_21_0189_lat_10.3642417_lon_105.4198047_alt_20.464m,/home/hyggestuen/Downloads/_WeedyRice/WeedyRice-RGBMS-DB/RGB/DJI_DateTime_2025_01_15_15_21_0189_lat_10.3642417_lon_105.4198047_alt_20.464m.JPG,,"[""/home/hyggestuen/Downloads/_WeedyRice/WeedyRice-RGBMS-DB/Multispectral/DJI_DateTime_2025_01_15_15_21_0189_lat_10.3642417_lon_105.4198047_alt_20.464m_G.TIF"", ""/home/hyggestuen/Downloads/_WeedyRice/WeedyRice-RGBMS-DB/Multispectral/DJI_DateTime_2025_01_15_15_21_0189_lat_10.3642417_lon_105.4198047_alt_20.464m_NIR.TIF"", ""/home/hyggestuen/Downloads/_WeedyRice/WeedyRice-RGBMS-DB/Multispectral/DJI_DateTime_2025_01_15_15_21_0189_lat_10.3642417_lon_105.4198047_alt_20.464m_R.TIF"", ""/home/hyggestuen/Downloads/_WeedyRice/WeedyRice-RGBMS-DB/Multispectral/DJI_DateTime_2025_01_15_15_21_0189_lat_10.3642417_lon_105.4198047_alt_20.464m_RE.TIF""]",/home/hyggestuen/Downloads/_WeedyRice/WeedyRice-RGBMS-DB/Masks/DJI_DateTime_2025_01_15_15_21_0189_lat_10.3642417_lon_105.4198047_alt_20.464m.png,2025_01_15_15,test
DJI_DateTime_2025_01_15_15_21_0190_lat_10.3642096_lon_105.4197657_alt_20.395m,/home/hyggestuen/Downloads/_WeedyRice/WeedyRice-RGBMS-DB/RGB/DJI_DateTime_2025_01_15_15_21_0190_lat_10.3642096_lon_105.4197657_alt_20.395m.JPG,,"[""/home/hyggestuen/Downloads/_WeedyRice/WeedyRice-RGBMS-DB/Multispectral/DJI_DateTime_2025_01_15_15_21_0190_lat_10.3642096_lon_105.4197657_alt_20.395m_G.TIF"", ""/home/hyggestuen/Downloads/_WeedyRice/WeedyRice-RGBMS-DB/Multispectral/DJI_DateTime_2025_01_15_15_21_0190_lat_10.3642096_lon_105.4197657_alt_20.395m_NIR.TIF"", ""/home/hyggestuen/Downloads/_WeedyRice/WeedyRice-RGBMS-DB/Multispectral/DJI_DateTime_2025_01_15_15_21_0190_lat_10.3642096_lon_105.4197657_alt_20.395m_R.TIF"", ""/home/hyggestuen/Downloads/_WeedyRice/WeedyRice-RGBMS-DB/Multispectral/DJI_DateTime_2025_01_15_15_21_0190_lat_10.3642096_lon_105.4197657_alt_20.395m_RE.TIF""]",/home/hyggestuen/Downloads/_WeedyRice/WeedyRice-RGBMS-DB/Masks/DJI_DateTime_2025_01_15_15_21_0190_lat_10.3642096_lon_105.4197657_alt_20.395m.png,2025_01_15_15,test
DJI_DateTime_2025_01_15_15_21_0191_lat_10.3641782_lon_105.4197282_alt_20.399m,/home/hyggestuen/Downloads/_WeedyRice/WeedyRice-RGBMS-DB/RGB/DJI_DateTime_2025_01_15_15_21_0191_lat_10.3641782_lon_105.4197282_alt_20.399m.JPG,,"[""/home/hyggestuen/Downloads/_WeedyRice/WeedyRice-RGBMS-DB/Multispectral/DJI_DateTime_2025_01_15_15_21_0191_lat_10.3641782_lon_105.4197282_alt_20.399m_G.TIF"", ""/home/hyggestuen/Downloads/_WeedyRice/WeedyRice-RGBMS-DB/Multispectral/DJI_DateTime_2025_01_15_15_21_0191_lat_10.3641782_lon_105.4197282_alt_20.399m_NIR.TIF"", ""/home/hyggestuen/Downloads/_WeedyRice/WeedyRice-RGBMS-DB/Multispectral/DJI_DateTime_2025_01_15_15_21_0191_lat_10.3641782_lon_105.4197282_alt_20.399m_R.TIF"", ""/home/hyggestuen/Downloads/_WeedyRice/WeedyRice-RGBMS-DB/Multispectral/DJI_DateTime_2025_01_15_15_21_0191_lat_10.3641782_lon_105.4197282_alt_20.399m_RE.TIF""]",/home/hyggestuen/Downloads/_WeedyRice/WeedyRice-RGBMS-DB/Masks/DJI_DateTime_2025_01_15_15_21_0191_lat_10.3641782_lon_105.4197282_alt_20.399m.png,2025_01_15_15,test
DJI_DateTime_2025_01_15_15_21_0192_lat_10.3641464_lon_105.4196902_alt_20.388m,/home/hyggestuen/Downloads/_WeedyRice/WeedyRice-RGBMS-DB/RGB/DJI_DateTime_2025_01_15_15_21_0192_lat_10.3641464_lon_105.4196902_alt_20.388m.JPG,,"[""/home/hyggestuen/Downloads/_WeedyRice/WeedyRice-RGBMS-DB/Multispectral/DJI_DateTime_2025_01_15_15_21_0192_lat_10.3641464_lon_105.4196902_alt_20.388m_G.TIF"", ""/home/hyggestuen/Downloads/_WeedyRice/WeedyRice-RGBMS-DB/Multispectral/DJI_DateTime_2025_01_15_15_21_0192_lat_10.3641464_lon_105.4196902_alt_20.388m_NIR.TIF"", ""/home/hyggestuen/Downloads/_WeedyRice/WeedyRice-RGBMS-DB/Multispectral/DJI_DateTime_2025_01_15_15_21_0192_lat_10.3641464_lon_105.4196902_alt_20.388m_R.TIF"", ""/home/hyggestuen/Downloads/_WeedyRice/WeedyRice-RGBMS-DB/Multispectral/DJI_DateTime_2025_01_15_15_21_0192_lat_10.3641464_lon_105.4196902_alt_20.388m_RE.TIF""]",/home/hyggestuen/Downloads/_WeedyRice/WeedyRice-RGBMS-DB/Masks/DJI_DateTime_2025_01_15_15_21_0192_lat_10.3641464_lon_105.4196902_alt_20.388m.png,2025_01_15_15,test
DJI_DateTime_2025_01_15_15_21_0193_lat_10.3641144_lon_105.4196513_alt_20.374m,/home/hyggestuen/Downloads/_WeedyRice/WeedyRice-RGBMS-DB/RGB/DJI_DateTime_2025_01_15_15_21_0193_lat_10.3641144_lon_105.4196513_alt_20.374m.JPG,,"[""/home/hyggestuen/Downloads/_WeedyRice/WeedyRice-RGBMS-DB/Multispectral/DJI_DateTime_2025_01_15_15_21_0193_lat_10.3641144_lon_105.4196513_alt_20.374m_G.TIF"", ""/home/hyggestuen/Downloads/_WeedyRice/WeedyRice-RGBMS-DB/Multispectral/DJI_DateTime_2025_01_15_15_21_0193_lat_10.3641144_lon_105.4196513_alt_20.374m_NIR.TIF"", ""/home/hyggestuen/Downloads/_WeedyRice/WeedyRice-RGBMS-DB/Multispectral/DJI_DateTime_2025_01_15_15_21_0193_lat_10.3641144_lon_105.4196513_alt_20.374m_R.TIF"", ""/home/hyggestuen/Downloads/_WeedyRice/WeedyRice-RGBMS-DB/Multispectral/DJI_DateTime_2025_01_15_15_21_0193_lat_10.3641144_lon_105.4196513_alt_20.374m_RE.TIF""]",/home/hyggestuen/Downloads/_WeedyRice/WeedyRice-RGBMS-DB/Masks/DJI_DateTime_2025_01_15_15_21_0193_lat_10.3641144_lon_105.4196513_alt_20.374m.png,2025_01_15_15,test
DJI_DateTime_2025_01_15_15_21_0194_lat_10.3640833_lon_105.4196135_alt_20.382m,/home/hyggestuen/Downloads/_WeedyRice/WeedyRice-RGBMS-DB/RGB/DJI_DateTime_2025_01_15_15_21_0194_lat_10.3640833_lon_105.4196135_alt_20.382m.JPG,,"[""/home/hyggestuen/Downloads/_WeedyRice/WeedyRice-RGBMS-DB/Multispectral/DJI_DateTime_2025_01_15_15_21_0194_lat_10.3640833_lon_105.4196135_alt_20.382m_G.TIF"", ""/home/hyggestuen/Downloads/_WeedyRice/WeedyRice-RGBMS-DB/Multispectral/DJI_DateTime_2025_01_15_15_21_0194_lat_10.3640833_lon_105.4196135_alt_20.382m_NIR.TIF"", ""/home/hyggestuen/Downloads/_WeedyRice/WeedyRice-RGBMS-DB/Multispectral/DJI_DateTime_2025_01_15_15_21_0194_lat_10.3640833_lon_105.4196135_alt_20.382m_R.TIF"", ""/home/hyggestuen/Downloads/_WeedyRice/WeedyRice-RGBMS-DB/Multispectral/DJI_DateTime_2025_01_15_15_21_0194_lat_10.3640833_lon_105.4196135_alt_20.382m_RE.TIF""]",/home/hyggestuen/Downloads/_WeedyRice/WeedyRice-RGBMS-DB/Masks/DJI_DateTime_2025_01_15_15_21_0194_lat_10.3640833_lon_105.4196135_alt_20.382m.png,2025_01_15_15,test
DJI_DateTime_2025_01_15_15_21_0195_lat_10.3640516_lon_105.4195753_alt_20.378m,/home/hyggestuen/Downloads/_WeedyRice/WeedyRice-RGBMS-DB/RGB/DJI_DateTime_2025_01_15_15_21_0195_lat_10.3640516_lon_105.4195753_alt_20.378m.JPG,,"[""/home/hyggestuen/Downloads/_WeedyRice/WeedyRice-RGBMS-DB/Multispectral/DJI_DateTime_2025_01_15_15_21_0195_lat_10.3640516_lon_105.4195753_alt_20.378m_G.TIF"", ""/home/hyggestuen/Downloads/_WeedyRice/WeedyRice-RGBMS-DB/Multispectral/DJI_DateTime_2025_01_15_15_21_0195_lat_10.3640516_lon_105.4195753_alt_20.378m_NIR.TIF"", ""/home/hyggestuen/Downloads/_WeedyRice/WeedyRice-RGBMS-DB/Multispectral/DJI_DateTime_2025_01_15_15_21_0195_lat_10.3640516_lon_105.4195753_alt_20.378m_R.TIF"", ""/home/hyggestuen/Downloads/_WeedyRice/WeedyRice-RGBMS-DB/Multispectral/DJI_DateTime_2025_01_15_15_21_0195_lat_10.3640516_lon_105.4195753_alt_20.378m_RE.TIF""]",/home/hyggestuen/Downloads/_WeedyRice/WeedyRice-RGBMS-DB/Masks/DJI_DateTime_2025_01_15_15_21_0195_lat_10.3640516_lon_105.4195753_alt_20.378m.png,2025_01_15_15,test
DJI_DateTime_2025_01_15_15_21_0196_lat_10.3640202_lon_105.4195364_alt_20.428m,/home/hyggestuen/Downloads/_WeedyRice/WeedyRice-RGBMS-DB/RGB/DJI_DateTime_2025_01_15_15_21_0196_lat_10.3640202_lon_105.4195364_alt_20.428m.JPG,,"[""/home/hyggestuen/Downloads/_WeedyRice/WeedyRice-RGBMS-DB/Multispectral/DJI_DateTime_2025_01_15_15_21_0196_lat_10.3640202_lon_105.4195364_alt_20.428m_G.TIF"", ""/home/hyggestuen/Downloads/_WeedyRice/WeedyRice-RGBMS-DB/Multispectral/DJI_DateTime_2025_01_15_15_21_0196_lat_10.3640202_lon_105.4195364_alt_20.428m_NIR.TIF"", ""/home/hyggestuen/Downloads/_WeedyRice/WeedyRice-RGBMS-DB/Multispectral/DJI_DateTime_2025_01_15_15_21_0196_lat_10.3640202_lon_105.4195364_alt_20.428m_R.TIF"", ""/home/hyggestuen/Downloads/_WeedyRice/WeedyRice-RGBMS-DB/Multispectral/DJI_DateTime_2025_01_15_15_21_0196_lat_10.3640202_lon_105.4195364_alt_20.428m_RE.TIF""]",/home/hyggestuen/Downloads/_WeedyRice/WeedyRice-RGBMS-DB/Masks/DJI_DateTime_2025_01_15_15_21_0196_lat_10.3640202_lon_105.4195364_alt_20.428m.png,2025_01_15_15,test
DJI_DateTime_2025_01_15_15_21_0197_lat_10.3639874_lon_105.4194970_alt_20.463m,/home/hyggestuen/Downloads/_WeedyRice/WeedyRice-RGBMS-DB/RGB/DJI_DateTime_2025_01_15_15_21_0197_lat_10.3639874_lon_105.4194970_alt_20.463m.JPG,,"[""/home/hyggestuen/Downloads/_WeedyRice/WeedyRice-RGBMS-DB/Multispectral/DJI_DateTime_2025_01_15_15_21_0197_lat_10.3639874_lon_105.4194970_alt_20.463m_G.TIF"", ""/home/hyggestuen/Downloads/_WeedyRice/WeedyRice-RGBMS-DB/Multispectral/DJI_DateTime_2025_01_15_15_21_0197_lat_10.3639874_lon_105.4194970_alt_20.463m_NIR.TIF"", ""/home/hyggestuen/Downloads/_WeedyRice/WeedyRice-RGBMS-DB/Multispectral/DJI_DateTime_2025_01_15_15_21_0197_lat_10.3639874_lon_105.4194970_alt_20.463m_R.TIF"", ""/home/hyggestuen/Downloads/_WeedyRice/WeedyRice-RGBMS-DB/Multispectral/DJI_DateTime_2025_01_15_15_21_0197_lat_10.3639874_lon_105.4194970_alt_20.463m_RE.TIF""]",/home/hyggestuen/Downloads/_WeedyRice/WeedyRice-RGBMS-DB/Masks/DJI_DateTime_2025_01_15_15_21_0197_lat_10.3639874_lon_105.4194970_alt_20.463m.png,2025_01_15_15,test
DJI_DateTime_2025_01_15_15_21_0198_lat_10.3639522_lon_105.4194534_alt_20.436m,/home/hyggestuen/Downloads/_WeedyRice/WeedyRice-RGBMS-DB/RGB/DJI_DateTime_2025_01_15_15_21_0198_lat_10.3639522_lon_105.4194534_alt_20.436m.JPG,,"[""/home/hyggestuen/Downloads/_WeedyRice/WeedyRice-RGBMS-DB/Multispectral/DJI_DateTime_2025_01_15_15_21_0198_lat_10.3639522_lon_105.4194534_alt_20.436m_G.TIF"", ""/home/hyggestuen/Downloads/_WeedyRice/WeedyRice-RGBMS-DB/Multispectral/DJI_DateTime_2025_01_15_15_21_0198_lat_10.3639522_lon_105.4194534_alt_20.436m_NIR.TIF"", ""/home/hyggestuen/Downloads/_WeedyRice/WeedyRice-RGBMS-DB/Multispectral/DJI_DateTime_2025_01_15_15_21_0198_lat_10.3639522_lon_105.4194534_alt_20.436m_R.TIF"", ""/home/hyggestuen/Downloads/_WeedyRice/WeedyRice-RGBMS-DB/Multispectral/DJI_DateTime_2025_01_15_15_21_0198_lat_10.3639522_lon_105.4194534_alt_20.436m_RE.TIF""]",/home/hyggestuen/Downloads/_WeedyRice/WeedyRice-RGBMS-DB/Masks/DJI_DateTime_2025_01_15_15_21_0198_lat_10.3639522_lon_105.4194534_alt_20.436m.png,2025_01_15_15,test
DJI_DateTime_2025_01_15_15_22_0199_lat_10.3639247_lon_105.4194201_alt_20.414m,/home/hyggestuen/Downloads/_WeedyRice/WeedyRice-RGBMS-DB/RGB/DJI_DateTime_2025_01_15_15_22_0199_lat_10.3639247_lon_105.4194201_alt_20.414m.JPG,,"[""/home/hyggestuen/Downloads/_WeedyRice/WeedyRice-RGBMS-DB/Multispectral/DJI_DateTime_2025_01_15_15_22_0199_lat_10.3639247_lon_105.4194201_alt_20.414m_G.TIF"", ""/home/hyggestuen/Downloads/_WeedyRice/WeedyRice-RGBMS-DB/Multispectral/DJI_DateTime_2025_01_15_15_22_0199_lat_10.3639247_lon_105.4194201_alt_20.414m_NIR.TIF"", ""/home/hyggestuen/Downloads/_WeedyRice/WeedyRice-RGBMS-DB/Multispectral/DJI_DateTime_2025_01_15_15_22_0199_lat_10.3639247_lon_105.4194201_alt_20.414m_R.TIF"", ""/home/hyggestuen/Downloads/_WeedyRice/WeedyRice-RGBMS-DB/Multispectral/DJI_DateTime_2025_01_15_15_22_0199_lat_10.3639247_lon_105.4194201_alt_20.414m_RE.TIF""]",/home/hyggestuen/Downloads/_WeedyRice/WeedyRice-RGBMS-DB/Masks/DJI_DateTime_2025_01_15_15_22_0199_lat_10.3639247_lon_105.4194201_alt_20.414m.png,2025_01_15_15,test
DJI_DateTime_2025_01_15_15_22_0200_lat_10.3638938_lon_105.4193823_alt_20.400m,/home/hyggestuen/Downloads/_WeedyRice/WeedyRice-RGBMS-DB/RGB/DJI_DateTime_2025_01_15_15_22_0200_lat_10.3638938_lon_105.4193823_alt_20.400m.JPG,,"[""/home/hyggestuen/Downloads/_WeedyRice/WeedyRice-RGBMS-DB/Multispectral/DJI_DateTime_2025_01_15_15_22_0200_lat_10.3638938_lon_105.4193823_alt_20.400m_G.TIF"", ""/home/hyggestuen/Downloads/_WeedyRice/WeedyRice-RGBMS-DB/Multispectral/DJI_DateTime_2025_01_15_15_22_0200_lat_10.3638938_lon_105.4193823_alt_20.400m_NIR.TIF"", ""/home/hyggestuen/Downloads/_WeedyRice/WeedyRice-RGBMS-DB/Multispectral/DJI_DateTime_2025_01_15_15_22_0200_lat_10.3638938_lon_105.4193823_alt_20.400m_R.TIF"", ""/home/hyggestuen/Downloads/_WeedyRice/WeedyRice-RGBMS-DB/Multispectral/DJI_DateTime_2025_01_15_15_22_0200_lat_10.3638938_lon_105.4193823_alt_20.400m_RE.TIF""]",/home/hyggestuen/Downloads/_WeedyRice/WeedyRice-RGBMS-DB/Masks/DJI_DateTime_2025_01_15_15_22_0200_lat_10.3638938_lon_105.4193823_alt_20.400m.png,2025_01_15_15,test
DJI_DateTime_2025_01_15_15_22_0201_lat_10.3638625_lon_105.4193445_alt_20.394m,/home/hyggestuen/Downloads/_WeedyRice/WeedyRice-RGBMS-DB/RGB/DJI_DateTime_2025_01_15_15_22_0201_lat_10.3638625_lon_105.4193445_alt_20.394m.JPG,,"[""/home/hyggestuen/Downloads/_WeedyRice/WeedyRice-RGBMS-DB/Multispectral/DJI_DateTime_2025_01_15_15_22_0201_lat_10.3638625_lon_105.4193445_alt_20.394m_G.TIF"", ""/home/hyggestuen/Downloads/_WeedyRice/WeedyRice-RGBMS-DB/Multispectral/DJI_DateTime_2025_01_15_15_22_0201_lat_10.3638625_lon_105.4193445_alt_20.394m_NIR.TIF"", ""/home/hyggestuen/Downloads/_WeedyRice/WeedyRice-RGBMS-DB/Multispectral/DJI_DateTime_2025_01_15_15_22_0201_lat_10.3638625_lon_105.4193445_alt_20.394m_R.TIF"", ""/home/hyggestuen/Downloads/_WeedyRice/WeedyRice-RGBMS-DB/Multispectral/DJI_DateTime_2025_01_15_15_22_0201_lat_10.3638625_lon_105.4193445_alt_20.394m_RE.TIF""]",/home/hyggestuen/Downloads/_WeedyRice/WeedyRice-RGBMS-DB/Masks/DJI_DateTime_2025_01_15_15_22_0201_lat_10.3638625_lon_105.4193445_alt_20.394m.png,2025_01_15_15,test
DJI_DateTime_2025_01_15_15_22_0202_lat_10.3638307_lon_105.4193058_alt_20.391m,/home/hyggestuen/Downloads/_WeedyRice/WeedyRice-RGBMS-DB/RGB/DJI_DateTime_2025_01_15_15_22_0202_lat_10.3638307_lon_105.4193058_alt_20.391m.JPG,,"[""/home/hyggestuen/Downloads/_WeedyRice/WeedyRice-RGBMS-DB/Multispectral/DJI_DateTime_2025_01_15_15_22_0202_lat_10.3638307_lon_105.4193058_alt_20.391m_G.TIF"", ""/home/hyggestuen/Downloads/_WeedyRice/WeedyRice-RGBMS-DB/Multispectral/DJI_DateTime_2025_01_15_15_22_0202_lat_10.3638307_lon_105.4193058_alt_20.391m_NIR.TIF"", ""/home/hyggestuen/Downloads/_WeedyRice/WeedyRice-RGBMS-DB/Multispectral/DJI_DateTime_2025_01_15_15_22_0202_lat_10.3638307_lon_105.4193058_alt_20.391m_R.TIF"", ""/home/hyggestuen/Downloads/_WeedyRice/WeedyRice-RGBMS-DB/Multispectral/DJI_DateTime_2025_01_15_15_22_0202_lat_10.3638307_lon_105.4193058_alt_20.391m_RE.TIF""]",/home/hyggestuen/Downloads/_WeedyRice/WeedyRice-RGBMS-DB/Masks/DJI_DateTime_2025_01_15_15_22_0202_lat_10.3638307_lon_105.4193058_alt_20.391m.png,2025_01_15_15,test
DJI_DateTime_2025_01_15_15_22_0203_lat_10.3637984_lon_105.4192671_alt_20.403m,/home/hyggestuen/Downloads/_WeedyRice/WeedyRice-RGBMS-DB/RGB/DJI_DateTime_2025_01_15_15_22_0203_lat_10.3637984_lon_105.4192671_alt_20.403m.JPG,,"[""/home/hyggestuen/Downloads/_WeedyRice/WeedyRice-RGBMS-DB/Multispectral/DJI_DateTime_2025_01_15_15_22_0203_lat_10.3637984_lon_105.4192671_alt_20.403m_G.TIF"", ""/home/hyggestuen/Downloads/_WeedyRice/WeedyRice-RGBMS-DB/Multispectral/DJI_DateTime_2025_01_15_15_22_0203_lat_10.3637984_lon_105.4192671_alt_20.403m_NIR.TIF"", ""/home/hyggestuen/Downloads/_WeedyRice/WeedyRice-RGBMS-DB/Multispectral/DJI_DateTime_2025_01_15_15_22_0203_lat_10.3637984_lon_105.4192671_alt_20.403m_R.TIF"", ""/home/hyggestuen/Downloads/_WeedyRice/WeedyRice-RGBMS-DB/Multispectral/DJI_DateTime_2025_01_15_15_22_0203_lat_10.3637984_lon_105.4192671_alt_20.403m_RE.TIF""]",/home/hyggestuen/Downloads/_WeedyRice/WeedyRice-RGBMS-DB/Masks/DJI_DateTime_2025_01_15_15_22_0203_lat_10.3637984_lon_105.4192671_alt_20.403m.png,2025_01_15_15,test
DJI_DateTime_2025_01_15_15_22_0204_lat_10.3637676_lon_105.4192299_alt_20.410m,/home/hyggestuen/Downloads/_WeedyRice/WeedyRice-RGBMS-DB/RGB/DJI_DateTime_2025_01_15_15_22_0204_lat_10.3637676_lon_105.4192299_alt_20.410m.JPG,,"[""/home/hyggestuen/Downloads/_WeedyRice/WeedyRice-RGBMS-DB/Multispectral/DJI_DateTime_2025_01_15_15_22_0204_lat_10.3637676_lon_105.4192299_alt_20.410m_G.TIF"", ""/home/hyggestuen/Downloads/_WeedyRice/WeedyRice-RGBMS-DB/Multispectral/DJI_DateTime_2025_01_15_15_22_0204_lat_10.3637676_lon_105.4192299_alt_20.410m_NIR.TIF"", ""/home/hyggestuen/Downloads/_WeedyRice/WeedyRice-RGBMS-DB/Multispectral/DJI_DateTime_2025_01_15_15_22_0204_lat_10.3637676_lon_105.4192299_alt_20.410m_R.TIF"", ""/home/hyggestuen/Downloads/_WeedyRice/WeedyRice-RGBMS-DB/Multispectral/DJI_DateTime_2025_01_15_15_22_0204_lat_10.3637676_lon_105.4192299_alt_20.410m_RE.TIF""]",/home/hyggestuen/Downloads/_WeedyRice/WeedyRice-RGBMS-DB/Masks/DJI_DateTime_2025_01_15_15_22_0204_lat_10.3637676_lon_105.4192299_alt_20.410m.png,2025_01_15_15,test
DJI_DateTime_2025_01_15_15_22_0205_lat_10.3637394_lon_105.4191954_alt_20.420m,/home/hyggestuen/Downloads/_WeedyRice/WeedyRice-RGBMS-DB/RGB/DJI_DateTime_2025_01_15_15_22_0205_lat_10.3637394_lon_105.4191954_alt_20.420m.JPG,,"[""/home/hyggestuen/Downloads/_WeedyRice/WeedyRice-RGBMS-DB/Multispectral/DJI_DateTime_2025_01_15_15_22_0205_lat_10.3637394_lon_105.4191954_alt_20.420m_G.TIF"", ""/home/hyggestuen/Downloads/_WeedyRice/WeedyRice-RGBMS-DB/Multispectral/DJI_DateTime_2025_01_15_15_22_0205_lat_10.3637394_lon_105.4191954_alt_20.420m_NIR.TIF"", ""/home/hyggestuen/Downloads/_WeedyRice/WeedyRice-RGBMS-DB/Multispectral/DJI_DateTime_2025_01_15_15_22_0205_lat_10.3637394_lon_105.4191954_alt_20.420m_R.TIF"", ""/home/hyggestuen/Downloads/_WeedyRice/WeedyRice-RGBMS-DB/Multispectral/DJI_DateTime_2025_01_15_15_22_0205_lat_10.3637394_lon_105.4191954_alt_20.420m_RE.TIF""]",/home/hyggestuen/Downloads/_WeedyRice/WeedyRice-RGBMS-DB/Masks/DJI_DateTime_2025_01_15_15_22_0205_lat_10.3637394_lon_105.4191954_alt_20.420m.png,2025_01_15_15,test
