sample_id,rgb_path,synthetic_msi_path,real_msi_path,mask_path,group_id,split
DJI_DateTime_2024_06_04_09_14_0013_lat_10.3013333_lon_105.2719561_alt_20.217m,/home/hyggestuen/Downloads/_WeedyRice/WeedyRice-RGBMS-DB/RGB/DJI_DateTime_2024_06_04_09_14_0013_lat_10.3013333_lon_105.2719561_alt_20.217m.JPG,,"[""/home/hyggestuen/Downloads/_WeedyRice/WeedyRice-RGBMS-DB/Multispectral/DJI_DateTime_2024_06_04_09_14_0013_lat_10.3013333_lon_105.2719561_alt_20.217m_G.TIF"", ""/home/hyggestuen/Downloads/_WeedyRice/WeedyRice-RGBMS-DB/Multispectral/DJI_DateTime_2024_06_04_09_14_0013_lat_10.3013333_lon_105.2719561_alt_20.217m_NIR.TIF"", ""/home/hyggestuen/Downloads/_WeedyRice/WeedyRice-RGBMS-DB/Multispectral/DJI_DateTime_2024_06_04_09_14_0013_lat_10.3013333_lon_105.2719561_alt_20.217m_R.TIF"", ""/home/hyggestuen/Downloads/_WeedyRice/WeedyRice-RGBMS-DB/Multispectral/DJI_DateTime_2024_06_04_09_14_0013_lat_10.3013333_lon_105.2719561_alt_20.217m_RE.TIF""]",/home/hyggestuen/Downloads/_WeedyRice/WeedyRice-RGBMS-DB/Masks/DJI_DateTime_2024_06_04_09_14_0013_lat_10.3013333_lon_105.2719561_alt_20.217m.png,2024_06_04_09,train
DJI_DateTime_2024_06_04_09_14_0014_lat_10.3013805_lon_105.2719234_alt_20.182m,/home/hyggestuen/Downloads/_WeedyRice/WeedyRice-RGBMS-DB/RGB/DJI_DateTime_2024_06_04_09_14_0014_lat_10.3013805_lon_105.2719234_alt_20.182m.JPG,,"[""/home/hyggestuen/Downloads/_WeedyRice/WeedyRice-RGBMS-DB/Multispectral/DJI_DateTime_2024_06_04_09_14_0014_lat_10.3013805_lon_105.2719234_alt_20.182m_G.TIF"", ""/home/hyggestuen/Downloads/_WeedyRice/WeedyRice-RGBMS-DB/Multispectral/DJI_DateTime_2024_06_04_09_14_0014_lat_10.3013805_lon_105.2719234_alt_20.182m_NIR.TIF"", ""/home/hyggestuen/Downloads/_WeedyRice/WeedyRice-RGBMS-DB/Multispectral/DJI_DateTime_2024_06_04_09_14_0014_lat_10.3013805_lon_105.2719234_alt_20.182m_R.TIF"", ""/home/hyggestuen/Downloads/_WeedyRice/WeedyRice-RGBMS-DB/Multispectral/DJI_DateTime_2024_06_04_09_14_0014_lat_10.3013805_lon_105.2719234_alt_20.182m_RE.TIF""]",/home/hyggestuen/Downloads/_WeedyRice/WeedyRice-RGBMS-DB/Masks/DJI_DateTime_2024_06_04_09_14_0014_lat_10.3013805_lon_105.2719234_alt_20.182m.png,2024_06_04_09,train
DJI_DateTime_2024_06_04_09_14_0015_lat_10.3014282_lon_105.2718923_alt_20.211m,/home/hyggestuen/Downloads/_WeedyRice/WeedyRice-RGBMS-DB/RGB/DJI_DateTime_2024_06_04_09_14_0015_lat_10.3014282_lon_105.2718923_alt_20.211m.JPG,,"[""/home/hyggestuen/Downloads/_WeedyRice/WeedyRice-RGBMS-DB/Multispectral/DJI_DateTime_2024_06_04_09_14_0015_lat_10.3014282_lon_105.2718923_alt_20.211m_G.TIF"", ""/home/hyggestuen/Downloads/_WeedyRice/WeedyRice-RGBMS-DB/Multispectral/DJI_DateTime_2024_06_04_09_14_0015_lat_10.3014282_lon_105.2718923_alt_20.211m_NIR.TIF"", ""/home/hyggestuen/Downloads/_WeedyRice/WeedyRice-RGBMS-DB/Multispectral/DJI_DateTime_2024_06_04_09_14_0015_lat_10.3014282_lon_105.2718923_alt_20.211m_R.TIF"", ""/home/hyggestuen/Downloads/_WeedyRice/WeedyRice-RGBMS-DB/Multispectral/DJI_DateTime_2024_06_04_09_14_0015_lat_10.3014282_lon_105.2718923_alt_20.211m_RE.TIF""]",/home/hyggestuen/Downloads/_WeedyRice/WeedyRice-RGBMS-DB/Masks/DJI_DateTime_2024_06_04_09_14_0015_lat_10.3014282_lon_105.2718923_alt_20.211m.png,2024_06_04_09,train
DJI_DateTime_2024_06_04_09_14_0016_lat_10.3014760_lon_105.2718599_alt_20.177m,/home/hyggestuen/Downloads/_WeedyRice/WeedyRice-RGBMS-DB/RGB/DJI_DateTime_2024_06_04_09_14_0016_lat_10.3014760_lon_105.2718599_alt_20.177m.JPG,,"[""/home/hyggestuen/Downloads/_WeedyRice/WeedyRice-RGBMS-DB/Multispectral/DJI_DateTime_2024_06_04_09_14_0016_lat_10.3014760_lon_105.2718599_alt_20.177m_G.TIF"", ""/home/hyggestuen/Downloads/_WeedyRice/WeedyRice-RGBMS-DB/Multispectral/DJI_DateTime_2024_06_04_09_14_0016_lat_10.3014760_lon_105.2718599_alt_20.177m_NIR.TIF"", ""/home/hyggestuen/Downloads/_WeedyRice/WeedyRice-RGBMS-DB/Multispectral/DJI_DateTime_2024_06_04_09_14_0016_lat_10.3014760_lon_105.2718599_alt_20.177m_R.TIF"", ""/home/hyggestuen/Downloads/_WeedyRice/WeedyRice-RGBMS-DB/Multispectral/DJI_DateTime_2024_06_04_09_14_0016_lat_10.3014760_lon_105.2718599_alt_20.177m_RE.TIF""]",/home/hyggestuen/Downloads/_WeedyRice/WeedyRice-RGBMS-DB/Masks/DJI_DateTime_2024_06_04_09_14_0016_lat_10.3014760_lon_105.2718599_alt_20.177m.png,2024_06_04_09,train
DJI_DateTime_2024_06_04_09_14_0017_lat_10.3015244_lon_105.2718290_alt_20.243m,/home/hyggestuen/Downloads/_WeedyRice/WeedyRice-RGBMS-DB/RGB/DJI_DateTime_2024_06_04_09_14_0017_lat_10.3015244_lon_105.2718290_alt_20.243m.JPG,,"[""/home/hyggestuen/Downloads/_WeedyRice/WeedyRice-RGBMS-DB/Multispectral/DJI_DateTime_2024_06_04_09_14_0017_lat_10.3015244_lon_105.2718290_alt_20.243m_G.TIF"", ""/home/hyggestuen/Downloads/_WeedyRice/WeedyRice-RGBMS-DB/Multispectral/DJI_DateTime_2024_06_04_09_14_0017_lat_10.3015244_lon_105.2718290_alt_20.243m_NIR.TIF"", ""/home/hyggestuen/Downloads/_WeedyRice/WeedyRice-RGBMS-DB/Multispectral/DJI_DateTime_2024_06_04_09_14_0017_lat_10.3015244_lon_105.2718290_alt_20.243m_R.TIF"", ""/home/hyggestuen/Downloads/_WeedyRice/WeedyRice-RGBMS-DB/Multispectral/DJI_DateTime_2024_06_04_09_14_0017_lat_10.3015244_lon_105.2718290_alt_20.243m_RE.TIF""]",/home/hyggestuen/Downloads/_WeedyRice/WeedyRice-RGBMS-DB/Masks/DJI_DateTime_2024_06_04_09_14_0017_lat_10.3015244_lon_105.2718290_alt_20.243m.png,2024_06_04_09,train
DJI_DateTime_2024_06_04_09_14_0018_lat_10.3015725_lon_105.2717978_alt_20.207m,/home/hyggestuen/Downloads/_WeedyRice/WeedyRice-RGBMS-DB/RGB/DJI_DateTime_2024_06_04_09_14_0018_lat_10.3015725_lon_105.2717978_alt_20.207m.JPG,,"[""/home/hyggestuen/Downloads/_WeedyRice/WeedyRice-RGBMS-DB/Multispectral/DJI_DateTime_2024_06_04_09_14_0018_lat_10.3015725_lon_105.2717978_alt_20.207m_G.TIF"", ""/home/hyggestuen/Downloads/_WeedyRice/WeedyRice-RGBMS-DB/Multispectral/DJI_DateTime_2024_06_04_09_14_0018_lat_10.3015725_lon_105.2717978_alt_20.207m_NIR.TIF"", ""/home/hyggestuen/Downloads/_WeedyRice/WeedyRice-RGBMS-DB/Multispectral/DJI_DateTime_2024_06_04_09_14_0018_lat_10.3015725_lon_105.2717978_alt_20.207m_R.TIF"", ""/home/hyggestuen/Downloads/_WeedyRice/WeedyRice-RGBMS-DB/Multispectral/DJI_DateTime_2024_06_04_09_14_0018_lat_10.3015725_lon_105.2717978_alt_20.207m_RE.TIF""]",/home/hyggestuen/Downloads/_WeedyRice/WeedyRice-RGBMS-DB/Masks/DJI_DateTime_2024_06_04_09_14_0018_lat_10.3015725_lon_105.2717978_alt_20.207m.png,2024_06_04_09,train
DJI_DateTime_2024_06_04_09_15_0019_lat_10.3016196_lon_105.2717662_alt_20.199m,/home/hyggestuen/Downloads/_WeedyRice/WeedyRice-RGBMS-DB/RGB/DJI_DateTime_2024_06_04_09_15_0019_lat_10.3016196_lon_105.2717662_alt_20.199m.JPG,,"[""/home/hyggestuen/Downloads/_WeedyRice/WeedyRice-RGBMS-DB/Multispectral/DJI_DateTime_2024_06_04_09_15_0019_lat_10.3016196_lon_105.2717662_alt_20.199m_G.TIF"", ""/home/hyggestuen/Downloads/_WeedyRice/WeedyRice-RGBMS-DB/Multispectral/DJI_DateTime_2024_06_04_09_15_0019_lat_10.3016196_lon_105.2717662_alt_20.199m_NIR.TIF"", ""/home/hyggestuen/Downloads/_WeedyRice/WeedyRice-RGBMS-DB/Multispectral/DJI_DateTime_2024_06_04_09_15_0019_lat_10.3016196_lon_105.2717662_alt_20.199m_R.TIF"", ""/home/hyggestuen/Downloads/_WeedyRice/WeedyRice-RGBMS-DB/Multispectral/DJI_DateTime_2024_06_04_09_15_0019_lat_10.3016196_lon_105.2717662_alt_20.199m_RE.TIF""]",/home/hyggestuen/Downloads/_WeedyRice/WeedyRice-RGBMS-DB/Masks/DJI_DateTime_2024_06_04_09_15_0019_lat_10.3016196_lon_105.2717662_alt_20.199m.png,2024_06_04_09,train
DJI_DateTime_2024_06_04_09_15_0020_lat_10.3016678_lon_105.2717347_alt_20.185m,/home/hyggestuen/Downloads/_WeedyRice/WeedyRice-RGBMS-DB/RGB/DJI_DateTime_2024_06_04_09_15_0020_lat_10.3016678_lon_105.2717347_alt_20.185m.JPG,,"[""/home/hyggestuen/Downloads/_WeedyRice/WeedyRice-RGBMS-DB/Multispectral/DJI_DateTime_2024_06_04_09_15_0020_lat_10.3016678_lon_105.2717347_alt_20.185m_G.TIF"", ""/home/hyggestuen/Downloads/_WeedyRice/WeedyRice-RGBMS-DB/Multispectral/DJI_DateTime_2024_06_04_09_15_0020_lat_10.3016678_lon_105.2717347_alt_20.185m_NIR.TIF"", ""/home/hyggestuen/Downloads/_WeedyRice/WeedyRice-RGBMS-DB/Multispectral/DJI_DateTime_2024_06_04_09_15_0020_lat_10.3016678_lon_105.2717347_alt_20.185m_R.TIF"", ""/home/hyggestuen/Downloads/_WeedyRice/WeedyRice-RGBMS-DB/Multispectral/DJI_DateTime_2024_06_04_09_15_0020_lat_10.3016678_lon_105.2717347_alt_20.185m_RE.TIF""]",/home/hyggestuen/Downloads/_WeedyRice/WeedyRice-RGBMS-DB/Masks/DJI_DateTime_2024_06_04_09_15_0020_lat_10.3016678_lon_105.2717347_alt_20.185m.png,2024_06_04_09,train
DJI_DateTime_2024_06_04_09_15_0021_lat_10.3017146_lon_105.2717043_alt_20.174m,/home/hyggestuen/Downloads/_WeedyRice/WeedyRice-RGBMS-DB/RGB/DJI_DateTime_2024_06_04_09_15_0021_lat_10.3017146_lon_105.2717043_alt_20.174m.JPG,,"[""/home/hyggestuen/Downloads/_WeedyRice/WeedyRice-RGBMS-DB/Multispectral/DJI_DateTime_2024_06_04_09_15_0021_lat_10.3017146_lon_105.2717043_alt_20.174m_G.TIF"", ""/home/hyggestuen/Downloads/_WeedyRice/WeedyRice-RGBMS-DB/Multispectral/DJI_DateTime_2024_06_04_09_15_0021_lat_10.3017146_lon_105.2717043_alt_20.174m_NIR.TIF"", ""/home/hyggestuen/Downloads/_WeedyRice/WeedyRice-RGBMS-DB/Multispectral/DJI_DateTime_2024_06_04_09_15_0021_lat_10.3017146_lon_105.2717043_alt_20.174m_R.TIF"", ""/home/hyggestuen/Downloads/_WeedyRice/WeedyRice-RGBMS-DB/Multispectral/DJI_DateTime_2024_06_04_09_15_0021_lat_10.3017146_lon_105.2717043_alt_20.174m_RE.TIF""]",/home/hyggestuen/Downloads/_WeedyRice/WeedyRice-RGBMS-DB/Masks/DJI_DateTime_2024_06_04_09_15_0021_lat_10.3017146_lon_105.2717043_alt_20.174m.png,2024_06_04_09,train
DJI_DateTime_2024_06_04_09_15_0022_lat_10.3017625_lon_105.2716735_alt_20.181m,/home/hyggestuen/Downloads/_WeedyRice/WeedyRice-RGBMS-DB/RGB/DJI_DateTime_2024_06_04_09_15_0022_lat_10.3017625_lon_105.2716735_alt_20.181m.JPG,,"[""/home/hyggestuen/Downloads/_WeedyRice/WeedyRice-RGBMS-DB/Multispectral/DJI_DateTime_2024_06_04_09_15_0022_lat_10.3017625_lon_105.2716735_alt_20.181m_G.TIF"", ""/home/hyggestuen/Downloads/_WeedyRice/WeedyRice-RGBMS-DB/Multispectral/DJI_DateTime_2024_06_04_09_15_0022_lat_10.3017625_lon_105.2716735_alt_20.181m_NIR.TIF"", ""/home/hyggestuen/Downloads/_WeedyRice/WeedyRice-RGBMS-DB/Multispectral/DJI_DateTime_2024_06_04_09_15_0022_lat_10.3017625_lon_105.2716735_alt_20.181m_R.TIF"", ""/home/hyggestuen/Downloads/_WeedyRice/WeedyRice-RGBMS-DB/Multispectral/DJI_DateTime_2024_06_04_09_15_0022_lat_10.3017625_lon_105.2716735_alt_20.181m_RE.TIF""]",/home/hyggestuen/Downloads/_WeedyRice/WeedyRice-RGBMS-DB/Masks/DJI_DateTime_2024_06_04_09_15_0022_lat_10.3017625_lon_105.2716735_alt_20.181m.png,2024_06_04_09,train
DJI_DateTime_2024_06_04_09_15_0024_lat_10.3018574_lon_105.2716103_alt_20.211m,/home/hyggestuen/Downloads/_WeedyRice/WeedyRice-RGBMS-DB/RGB/DJI_DateTime_2024_06_04_09_15_0024_lat_10.3018574_lon_105.2716103_alt_20.211m.JPG,,"[""/home/hyggestuen/Downloads/_WeedyRice/WeedyRice-RGBMS-DB/Multispectral/DJI_DateTime_2024_06_04_09_15_0024_lat_10.3018574_lon_105.2716103_alt_20.211m_G.TIF"", ""/home/hyggestuen/Downloads/_WeedyRice/WeedyRice-RGBMS-DB/Multispectral/DJI_DateTime_2024_06_04_09_15_0024_lat_10.3018574_lon_105.2716103_alt_20.211m_NIR.TIF"", ""/home/hyggestuen/Downloads/_WeedyRice/WeedyRice-RGBMS-DB/Multispectral/DJI_DateTime_2024_06_04_09_15_0024_lat_10.3018574_lon_105.2716103_alt_20.211m_R.TIF"", ""/home/hyggestuen/Downloads/_WeedyRice/WeedyRice-RGBMS-DB/Multispectral/DJI_DateTime_2024_06_04_09_15_0024_lat_10.3018574_lon_105.2716103_alt_20.211m_RE.TIF""]",/home/hyggestuen/Downloads/_WeedyRice/WeedyRice-RGBMS-DB/Masks/DJI_DateTime_2024_06_04_09_15_0024_lat_10.3018574_lon_105.2716103_alt_20.211m.png,2024_06_04_09,train
DJI_DateTime_2024_06_04_09_15_0025_lat_10.3019049_lon_105.2715784_alt_20.205m,/home/hyggestuen/Downloads/_WeedyRice/WeedyRice-RGBMS-DB/RGB/DJI_DateTime_2024_06_04_09_15_0025_lat_10.3019049_lon_105.2715784_alt_20.205m.JPG,,"[""/home/hyggestuen/Downloads/_WeedyRice/WeedyRice-RGBMS-DB/Multispectral/DJI_DateTime_2024_06_04_09_15_0025_lat_10.3019049_lon_105.2715784_alt_20.205m_G.TIF"", ""/home/hyggestuen/Downloads/_WeedyRice/WeedyRice-RGBMS-DB/Multispectral/DJI_DateTime_2024_06_04_09_15_0025_lat_10.3019049_lon_105.2715784_alt_20.205m_NIR.TIF"", ""/home/hyggestuen/Downloads/_WeedyRice/WeedyRice-RGBMS-DB/Multispectral/DJI_DateTime_2024_06_04_09_15_0025_lat_10.3019049_lon_105.2715784_alt_20.205m_R.TIF"", ""/home/hyggestuen/Downloads/_WeedyRice/WeedyRice-RGBMS-DB/Multispectral/DJI_DateTime_2024_06_04_09_15_0025_lat_10.3019049_lon_105.2715784_alt_20.205m_RE.TIF""]",/home/hyggestuen/Downloads/_WeedyRice/WeedyRice-RGBMS-DB/Masks/DJI_DateTime_2024_06_04_09_15_0025_lat_10.3019049_lon_105.2715784_alt_20.205m.png,2024_06_04_09,train
DJI_DateTime_2024_06_04_09_15_0026_lat_10.3019527_lon_105.2715472_alt_20.217m,/home/hyggestuen/Downloads/_WeedyRice/WeedyRice-RGBMS-DB/RGB/DJI_DateTime_2024_06_04_09_15_0026_lat_10.3019527_lon_105.2715472_alt_20.217m.JPG,,"[""/home/hyggestuen/Downloads/_WeedyRice/WeedyRice-RGBMS-DB/Multispectral/DJI_DateTime_2024_06_04_09_15_0026_lat_10.3019527_lon_105.2715472_alt_20.217m_G.TIF"", ""/home/hyggestuen/Downloads/_WeedyRice/WeedyRice-RGBMS-DB/Multispectral/DJI_DateTime_2024_06_04_09_15_0026_lat_10.3019527_lon_105.2715472_alt_20.217m_NIR.TIF"", ""/home/hyggestuen/Downloads/_WeedyRice/WeedyRice-RGBMS-DB/Multispectral/DJI_DateTime_2024_06_04_09_15_0026_lat_10.3019527_lon_105.2715472_alt_20.217m_R.TIF"", ""/home/hyggestuen/Downloads/_WeedyRice/WeedyRice-RGBMS-DB/Multispectral/DJI_DateTime_2024_06_04_09_15_0026_lat_10.3019527_lon_105.2715472_alt_20.217m_RE.TIF""]",/home/hyggestuen/Downloads/_WeedyRice/WeedyRice-RGBMS-DB/Masks/DJI_DateTime_2024_06_04_09_15_0026_lat_10.3019527_lon_105.2715472_alt_20.217m.png,2024_06_04_09,train
DJI_DateTime_2024_06_04_09_15_0027_lat_10.3020010_lon_105.2715153_alt_20.212m,/home/hyggestuen/Downloads/_WeedyRice/WeedyRice-RGBMS-DB/RGB/DJI_DateTime_2024_06_04_09_15_0027_lat_10.3020010_lon_105.2715153_alt_20.212m.JPG,,"[""/home/hyggestuen/Downloads/_WeedyRice/WeedyRice-RGBMS-DB/Multispectral/DJI_DateTime_2024_06_04_09_15_0027_lat_10.3020010_lon_105.2715153_alt_20.212m_G.TIF"", ""/home/hyggestuen/Downloads/_WeedyRice/WeedyRice-RGBMS-DB/Multispectral/DJI_DateTime_2024_06_04_09_15_0027_lat_10.3020010_lon_105.2715153_alt_20.212m_NIR.TIF"", ""/home/hyggestuen/Downloads/_WeedyRice/WeedyRice-RGBMS-DB/Multispectral/DJI_DateTime_2024_06_04_09_15_0027_lat_10.3020010_lon_105.2715153_alt_20.212m_R.TIF"", ""/home/hyggestuen/Downloads/_WeedyRice/WeedyRice-RGBMS-DB/Multispectral/DJI_DateTime_2024_06_04_09_15_0027_lat_10.3020010_lon_105.2715153_alt_20.212m_RE.TIF""]",/home/hyggestuen/Downloads/_WeedyRice/WeedyRice-RGBMS-DB/Masks/DJI_DateTime_2024_06_04_09_15_0027_lat_10.3020010_lon_105.2715153_alt_20.212m.png,2024_06_04_09,train
DJI_DateTime_2024_06_04_09_15_0035_lat_10.3020989_lon_105.2715552_alt_20.226m,/home/hyggestuen/Downloads/_WeedyRice/WeedyRice-RGBMS-DB/RGB/DJI_DateTime_2024_06_04_09_15_0035_lat_10.3020989_lon_105.2715552_alt_20.226m.JPG,,"[""/home/hyggestuen/Downloads/_WeedyRice/WeedyRice-RGBMS-DB/Multispectral/DJI_DateTime_2024_06_04_09_15_0035_lat_10.3020989_lon_105.2715552_alt_20.226m_G.TIF"", ""/home/hyggestuen/Downloads/_WeedyRice/WeedyRice-RGBMS-DB/Multispectral/DJI_DateTime_2024_06_04_09_15_0035_lat_10.3020989_lon_105.2715552_alt_20.226m_NIR.TIF"", ""/home/hyggestuen/Downloads/_WeedyRice/WeedyRice-RGBMS-DB/Multispectral/DJI_DateTime_2024_06_04_09_15_0035_lat_10.3020989_lon_105.2715552_alt_20.226m_R.TIF"", ""/home/hyggestuen/Downloads/_WeedyRice/WeedyRice-RGBMS-DB/Multispectral/DJI_DateTime_2024_06_04_09_15_0035_lat_10.3020989_lon_105.2715552_alt_20.226m_RE.TIF""]",/home/hyggestuen/Downloads/_WeedyRice/WeedyRice-RGBMS-DB/Masks/DJI_DateTime_2024_06_04_09_15_0035_lat_10.3020989_lon_105.2715552_alt_20.226m.png,2024_06_04_09,train
DJI_DateTime_2024_06_04_09_16_0036_lat_10.3020512_lon_105.2715861_alt_20.191m,/home/hyggestuen/Downloads/_WeedyRice/WeedyRice-RGBMS-DB/RGB/DJI_DateTime_2024_06_04_09_16_0036_lat_10.3020512_lon_105.2715861_alt_20.191m.JPG,,"[""/home/hyggestuen/Downloads/_WeedyRice/WeedyRice-RGBMS-DB/Multispectral/DJI_DateTime_2024_06_04_09_16_0036_lat_10.3020512_lon_105.2715861_alt_20.191m_G.TIF"", ""/home/hyggestuen/Downloads/_WeedyRice/WeedyRice-RGBMS-DB/Multispectral/DJI_DateTime_2024_06_04_09_16_0036_lat_10.3020512_lon_105.2715861_alt_20.191m_NIR.TIF"", ""/home/hyggestuen/Downloads/_WeedyRice/WeedyRice-RGBMS-DB/Multispectral/DJI_DateTime_2024_06_04_09_16_0036_lat_10.3020512_lon_105.2715861_alt_20.191m_R.TIF"", ""/home/hyggestuen/Downloads/_WeedyRice/WeedyRice-RGBMS-DB/Multispectral/DJI_DateTime_2024_06_04_09_16_0036_lat_10.3020512_lon_105.2715861_alt_20.191m_RE.TIF""]",/home/hyggestuen/Downloads/_WeedyRice/WeedyRice-RGBMS-DB/Masks/DJI_DateTime_2024_06_04_09_16_0036_lat_10.3020512_lon_105.2715861_alt_20.191m.png,2024_06_04_09,train
DJI_DateTime_2024_06_04_09_16_0037_lat_10.3020034_lon_105.2716173_alt_20.172m,/home/hyggestuen/Downloads/_WeedyRice/WeedyRice-RGBMS-DB/RGB/DJI_DateTime_2024_06_04_09_16_0037_lat_10.3020034_lon_105.2716173_alt_20.172m.JPG,,"[""/home/hyggestuen/Downloads/_WeedyRice/WeedyRice-RGBMS-DB/Multispectral/DJI_DateTime_2024_06_04_09_16_0037_lat_10.3020034_lon_105.2716173_alt_20.172m_G.TIF"", ""/home/hyggestuen/Downloads/_WeedyRice/WeedyRice-RGBMS-DB/Multispectral/DJI_DateTime_2024_06_04_09_16_0037_lat_10.3020034_lon_105.2716173_alt_20.172m_NIR.TIF"", ""/home/hyggestuen/Downloads/_WeedyRice/WeedyRice-RGBMS-DB/Multispectral/DJI_DateTime_2024_06_04_09_16_0037_lat_10.3020034_lon_105.2716173_alt_20.172m_R.TIF"", ""/home/hyggestuen/Downloads/_WeedyRice/WeedyRice-RGBMS-DB/Multispectral/DJI_DateTime_2024_06_04_09_16_0037_lat_10.3020034_lon_105.2716173_alt_20.172m_RE.TIF""]",/home/hyggestuen/Downloads/_WeedyRice/WeedyRice-RGBMS-DB/Masks/DJI_DateTime_2024_06_04_09_16_0037_lat_10.3020034_lon_105.2716173_alt_20.172m.png,2024_06_04_09,train
DJI_DateTime_2024_06_04_09_16_0038_lat_10.3019551_lon_105.2716485_alt_20.193m,/home/hyggestuen/Downloads/_WeedyRice/WeedyRice-RGBMS-DB/RGB/DJI_DateTime_2024_06_04_09_16_0038_lat_10.3019551_lon_105.2716485_alt_20.193m.JPG,,"[""/home/hyggestuen/Downloads/_WeedyRice/WeedyRice-RGBMS-DB/Multispectral/DJI_DateTime_2024_06_04_09_16_0038_lat_10.3019551_lon_105.2716485_alt_20.193m_G.TIF"", ""/home/hyggestuen/Downloads/_WeedyRice/WeedyRice-RGBMS-DB/Multispectral/DJI_DateTime_2024_06_04_09_16_0038_lat_10.3019551_lon_105.2716485_alt_20.193m_NIR.TIF"", ""/home/hyggestuen/Downloads/_WeedyRice/WeedyRice-RGBMS-DB/Multispectral/DJI_DateTime_2024_06_04_09_16_0038_lat_10.3019551_lon_105.2716485_alt_20.193m_R.TIF"", ""/home/hyggestuen/Downloads/_WeedyRice/WeedyRice-RGBMS-DB/Multispectral/DJI_DateTime_2024_06_04_09_16_0038_lat_10.3019551_lon_105.2716485_alt_20.193m_RE.TIF""]",/home/hyggestuen/Downloads/_WeedyRice/WeedyRice-RGBMS-DB/Masks/DJI_DateTime_2024_06_04_09_16_0038_lat_10.3019551_lon_105.2716485_alt_20.193m.png,2024_06_04_09,train
DJI_DateTime_2024_06_04_09_16_0039_lat_10.3019069_lon_105.2716799_alt_20.215m,/home/hyggestuen/Downloads/_WeedyRice/WeedyRice-RGBMS-DB/RGB/DJI_DateTime_2024_06_04_09_16_0039_lat_10.3019069_lon_105.2716799_alt_20.215m.JPG,,"[""/home/hyggestuen/Downloads/_WeedyRice/WeedyRice-RGBMS-DB/Multispectral/DJI_DateTime_2024_06_04_09_16_0039_lat_10.3019069_lon_105.2716799_alt_20.215m_G.TIF"", ""/home/hyggestuen/Downloads/_WeedyRice/WeedyRice-RGBMS-DB/Multispectral/DJI_DateTime_2024_06_04_09_16_0039_lat_10.3019069_lon_105.2716799_alt_20.215m_NIR.TIF"", ""/home/hyggestuen/Downloads/_WeedyRice/WeedyRice-RGBMS-DB/Multispectral/DJI_DateTime_2024_06_04_09_16_0039_lat_10.3019069_lon_105.2716799_alt_20.215m_R.TIF"", ""/home/hyggestuen/Downloads/_WeedyRice/WeedyRice-RGBMS-DB/Multispectral/DJI_DateTime_2024_06_04_09_16_0039_lat_10.3019069_lon_105.2716799_alt_20.215m_RE.TIF""]",/home/hyggestuen/Downloads/_WeedyRice/WeedyRice-RGBMS-DB/Masks/DJI_DateTime_2024_06_04_09_16_0039_lat_10.3019069_lon_105.2716799_alt_20.215m.png,2024_06_04_09,train
DJI_DateTime_2024_06_04_09_16_0040_lat_10.3018593_lon_105.2717119_alt_20.326m,/home/hyggestuen/Downloads/_WeedyRice/WeedyRice-RGBMS-DB/RGB/DJI_DateTime_2024_06_04_09_16_0040_lat_10.3018593_lon_105.2717119_alt_20.326m.JPG,,"[""/home/hyggestuen/Downloads/_WeedyRice/WeedyRice-RGBMS-DB/Multispectral/DJI_DateTime_2024_06_04_09_16_0040_lat_10.3018593_lon_105.2717119_alt_20.326m_G.TIF"", ""/home/hyggestuen/Downloads/_WeedyRice/WeedyRice-RGBMS-DB/Multispectral/DJI_DateTime_2024_06_04_09_16_0040_lat_10.3018593_lon_105.2717119_alt_20.326m_NIR.TIF"", ""/home/hyggestuen/Downloads/_WeedyRice/WeedyRice-RGBMS-DB/Multispectral/DJI_DateTime_2024_06_04_09_16_0040_lat_10.3018593_lon_105.2717119_alt_20.326m_R.TIF"", ""/home/hyggestuen/Downloads/_WeedyRice/WeedyRice-RGBMS-DB/Multispectral/DJI_DateTime_2024_06_04_09_16_0040_lat_10.3018593_lon_105.2717119_alt_20.326m_RE.TIF""]",/home/hyggestuen/Downloads/_WeedyRice/WeedyRice-RGBMS-DB/Masks/DJI_DateTime_2024_06_04_09_16_0040_lat_10.3018593_lon_105.2717119_alt_20.326m.png,2024_06_04_09,train
DJI_DateTime_2024_06_04_09_16_0041_lat_10.3018122_lon_105.2717432_alt_20.312m,/home/hyggestuen/Downloads/_WeedyRice/WeedyRice-RGBMS-DB/RGB/DJI_DateTime_2024_06_04_09_16_0041_lat_10.3018122_lon_105.2717432_alt_20.312m.JPG,,"[""/home/hyggestuen/Downloads/_WeedyRice/WeedyRice-RGBMS-DB/Multispectral/DJI_DateTime_2024_06_04_09_16_0041_lat_10.3018122_lon_105.2717432_alt_20.312m_G.TIF"", ""/home/hyggestuen/Downloads/_WeedyRice/WeedyRice-RGBMS-DB/Multispectral/DJI_DateTime_2024_06_04_09_16_0041_lat_10.3018122_lon_105.2717432_alt_20.312m_NIR.TIF"", ""/home/hyggestuen/Downloads/_WeedyRice/WeedyRice-RGBMS-DB/Multispectral/DJI_DateTime_2024_06_04_09_16_0041_lat_10.3018122_lon_105.2717432_alt_20.312m_R.TIF"", ""/home/hyggestuen/Downloads/_WeedyRice/WeedyRice-RGBMS-DB/Multispectral/DJI_DateTime_2024_06_04_09_16_0041_lat_10.3018122_lon_105.2717432_alt_20.312m_RE.TIF""]",/home/hyggestuen/Downloads/_WeedyRice/WeedyRice-RGBMS-DB/Masks/DJI_DateTime_2024_06_04_09_16_0041_lat_10.3018122_lon_105.2717432_alt_20.312m.png,2024_06_04_09,train
DJI_DateTime_2024_06_04_09_16_0042_lat_10.3017648_lon_105.2717751_alt_20.307m,/home/hyggestuen/Downloads/_WeedyRice/WeedyRice-RGBMS-DB/RGB/DJI_DateTime_2024_06_04_09_16_0042_lat_10.3017648_lon_105.2717751_alt_20.307m.JPG,,"[""/home/hyggestuen/Downloads/_WeedyRice/WeedyRice-RGBMS-DB/Multispectral/DJI_DateTime_2024_06_04_09_16_0042_lat_10.3017648_lon_105.2717751_alt_20.307m_G.TIF"", ""/home/hyggestuen/Downloads/_WeedyRice/WeedyRice-RGBMS-DB/Multispectral/DJI_DateTime_2024_06_04_09_16_0042_lat_10.3017648_lon_105.2717751_alt_20.307m_NIR.TIF"", ""/home/hyggestuen/Downloads/_WeedyRice/WeedyRice-RGBMS-DB/Multispectral/DJI_DateTime_2024_06_04_09_16_0042_lat_10.3017648_lon_105.2717751_alt_20.307m_R.TIF"", ""/home/hyggestuen/Downloads/_WeedyRice/WeedyRice-RGBMS-DB/Multispectral/DJI_DateTime_2024_06_04_09_16_0042_lat_10.3017648_lon_105.2717751_alt_20.307m_RE.TIF""]",/home/hyggestuen/Downloads/_WeedyRice/WeedyRice-RGBMS-DB/Masks/DJI_DateTime_2024_06_04_09_16_0042_lat_10.3017648_lon_105.2717751_alt_20.307m.png,2024_06_04_09,train
DJI_DateTime_2024_06_04_09_16_0043_lat_10.3017170_lon_105.2718063_alt_20.193m,/home/hyggestuen/Downloads/_WeedyRice/WeedyRice-RGBMS-DB/RGB/DJI_DateTime_2024_06_04_09_16_0043_lat_10.3017170_lon_105.2718063_alt_20.193m.JPG,,"[""/home/hyggestuen/Downloads/_WeedyRice/WeedyRice-RGBMS-DB/Multispectral/DJI_DateTime_2024_06_04_09_16_0043_lat_10.3017170_lon_105.2718063_alt_20.193m_G.TIF"", ""/home/hyggestuen/Downloads/_WeedyRice/WeedyRice-RGBMS-DB/Multispectral/DJI_DateTime_2024_06_04_09_16_0043_lat_10.3017170_lon_105.2718063_alt_20.193m_NIR.TIF"", ""/home/hyggestuen/Downloads/_WeedyRice/WeedyRice-RGBMS-DB/Multispectral/DJI_DateTime_2024_06_04_09_16_0043_lat_10.3017170_lon_105.2718063_alt_20.193m_R.TIF"", ""/home/hyggestuen/Downloads/_WeedyRice/WeedyRice-RGBMS-DB/Multispectral/DJI_DateTime_2024_06_04_09_16_0043_lat_10.3017170_lon_105.2718063_alt_20.193m_RE.TIF""]",/home/hyggestuen/Downloads/_WeedyRice/WeedyRice-RGBMS-DB/Masks/DJI_DateTime_2024_06_04_09_16_0043_lat_10.3017170_lon_105.2718063_alt_20.193m.png,2024_06_04_09,train
DJI_DateTime_2024_06_04_09_16_0044_lat_10.3016696_lon_105.2718376_alt_20.206m,/home/hyggestuen/Downloads/_WeedyRice/WeedyRice-RGBMS-DB/RGB/DJI_DateTime_2024_06_04_09_16_0044_lat_10.3016696_lon_105.2718376_alt_20.206m.JPG,,"[""/home/hyggestuen/Downloads/_WeedyRice/WeedyRice-RGBMS-DB/Multispectral/DJI_DateTime_2024_06_04_09_16_0044_lat_10.3016696_lon_105.2718376_alt_20.206m_G.TIF"", ""/home/hyggestuen/Downloads/_WeedyRice/WeedyRice-RGBMS-DB/Multispectral/DJI_DateTime_2024_06_04_09_16_0044_lat_10.3016696_lon_105.2718376_alt_20.206m_NIR.TIF"", ""/home/hyggestuen/Downloads/_WeedyRice/WeedyRice-RGBMS-DB/Multispectral/DJI_DateTime_2024_06_04_09_16_0044_lat_10.3016696_lon_105.2718376_alt_20.206m_R.TIF"", ""/home/hyggestuen/Downloads/_WeedyRice/WeedyRice-RGBMS-DB/Multispectral/DJI_DateTime_2024_06_04_09_16_0044_lat_10.3016696_lon_105.2718376_alt_20.206m_RE.TIF""]",/home/hyggestuen/Downloads/_WeedyRice/WeedyRice-RGBMS-DB/Masks/DJI_DateTime_2024_06_04_09_16_0044_lat_10.3016696_lon_105.2718376_alt_20.206m.png,2024_06_04_09,train
DJI_DateTime_2024_06_04_09_16_0045_lat_10.3016208_lon_105.2718690_alt_20.224m,/home/hyggestuen/Downloads/_WeedyRice/WeedyRice-RGBMS-DB/RGB/DJI_DateTime_2024_06_04_09_16_0045_lat_10.3016208_lon_105.2718690_alt_20.224m.JPG,,"[""/home/hyggestuen/Downloads/_WeedyRice/WeedyRice-RGBMS-DB/Multispectral/DJI_DateTime_2024_06_04_09_16_0045_lat_10.3016208_lon_105.2718690_alt_20.224m_G.TIF"", ""/home/hyggestuen/Downloads/_WeedyRice/WeedyRice-RGBMS-DB/Multispectral/DJI_DateTime_2024_06_04_09_16_0045_lat_10.3016208_lon_105.2718690_alt_20.224m_NIR.TIF"", ""/home/hyggestuen/Downloads/_WeedyRice/WeedyRice-RGBMS-DB/Multispectral/DJI_DateTime_2024_06_04_09_16_0045_lat_10.3016208_lon_105.2718690_alt_20.224m_R.TIF"", ""/home/hyggestuen/Downloads/_WeedyRice/WeedyRice-RGBMS-DB/Multispectral/DJI_DateTime_2024_06_04_09_16_0045_lat_10.3016208_lon_105.2718690_alt_20.224m_RE.TIF""]",/home/hyggestuen/Downloads/_WeedyRice/WeedyRice-RGBMS-DB/Masks/DJI_DateTime_2024_06_04_09_16_0045_lat_10.3016208_lon_105.2718690_alt_20.224m.png,2024_06_04_09,train
DJI_DateTime_2024_06_04_09_16_0046_lat_10.3015734_lon_105.2719004_alt_20.210m,/home/hyggestuen/Downloads/_WeedyRice/WeedyRice-RGBMS-DB/RGB/DJI_DateTime_2024_06_04_09_16_0046_lat_10.3015734_lon_105.2719004_alt_20.210m.JPG,,"[""/home/hyggestuen/Downloads/_WeedyRice/WeedyRice-RGBMS-DB/Multispectral/DJI_DateTime_2024_06_04_09_16_0046_lat_10.3015734_lon_105.2719004_alt_20.210m_G.TIF"", ""/home/hyggestuen/Downloads/_WeedyRice/WeedyRice-RGBMS-DB/Multispectral/DJI_DateTime_2024_06_04_09_16_0046_lat_10.3015734_lon_105.2719004_alt_20.210m_NIR.TIF"", ""/home/hyggestuen/Downloads/_WeedyRice/WeedyRice-RGBMS-DB/Multispectral/DJI_DateTime_2024_06_04_09_16_0046_lat_10.3015734_lon_105.2719004_alt_20.210m_R.TIF"", ""/home/hyggestuen/Downloads/_WeedyRice/WeedyRice-RGBMS-DB/Multispectral/DJI_DateTime_2024_06_04_09_16_0046_lat_10.3015734_lon_105.2719004_alt_20.210m_RE.TIF""]",/home/hyggestuen/Downloads/_WeedyRice/WeedyRice-RGBMS-DB/Masks/DJI_DateTime_2024_06_04_09_16_0046_lat_10.3015734_lon_105.2719004_alt_20.210m.png,2024_06_04_09,train
DJI_DateTime_2024_06_04_09_16_0047_lat_10.3015259_lon_105.2719314_alt_20.177m,/home/hyggestuen/Downloads/_WeedyRice/WeedyRice-RGBMS-DB/RGB/DJI_DateTime_2024_06_04_09_16_0047_lat_10.3015259_lon_105.2719314_alt_20.177m.JPG,,"[""/home/hyggestuen/Downloads/_WeedyRice/WeedyRice-RGBMS-DB/Multispectral/DJI_DateTime_2024_06_04_09_16_0047_lat_10.3015259_lon_105.2719314_alt_20.177m_G.TIF"", ""/home/hyggestuen/Downloads/_WeedyRice/WeedyRice-RGBMS-DB/Multispectral/DJI_DateTime_2024_06_04_09_16_0047_lat_10.3015259_lon_105.2719314_alt_20.177m_NIR.TIF"", ""/home/hyggestuen/Downloads/_WeedyRice/WeedyRice-RGBMS-DB/Multispectral/DJI_DateTime_2024_06_04_09_16_0047_lat_10.3015259_lon_105.2719314_alt_20.177m_R.TIF"", ""/home/hyggestuen/Downloads/_WeedyRice/WeedyRice-RGBMS-DB/Multispectral/DJI_DateTime_2024_06_04_09_16_0047_lat_10.3015259_lon_105.2719314_alt_20.177m_RE.TIF""]",/home/hyggestuen/Downloads/_WeedyRice/WeedyRice-RGBMS-DB/Masks/DJI_DateTime_2024_06_04_09_16_0047_lat_10.3015259_lon_105.2719314_alt_20.177m.png,2024_06_04_09,train
DJI_DateTime_2024_06_04_09_16_0048_lat_10.3014783_lon_105.2719639_alt_20.239m,/home/hyggestuen/Downloads/_WeedyRice/WeedyRice-RGBMS-DB/RGB/DJI_DateTime_2024_06_04_09_16_0048_lat_10.3014783_lon_105.2719639_alt_20.239m.JPG,,"[""/home/hyggestuen/Downloads/_WeedyRice/WeedyRice-RGBMS-DB/Multispectral/DJI_DateTime_2024_06_04_09_16_0048_lat_10.3014783_lon_105.2719639_alt_20.239m_G.TIF"", ""/home/hyggestuen/Downloads/_WeedyRice/WeedyRice-RGBMS-DB/Multispectral/DJI_DateTime_2024_06_04_09_16_0048_lat_10.3014783_lon_105.2719639_alt_20.239m_NIR.TIF"", ""/home/hyggestuen/Downloads/_WeedyRice/WeedyRice-RGBMS-DB/Multispectral/DJI_DateTime_2024_06_04_09_16_0048_lat_10.3014783_lon_105.2719639_alt_20.239m_R.TIF"", ""/home/hyggestuen/Downloads/_WeedyRice/WeedyRice-RGBMS-DB/Multispectral/DJI_DateTime_2024_06_04_09_16_0048_lat_10.3014783_lon_105.2719639_alt_20.239m_RE.TIF""]",/home/hyggestuen/Downloads/_WeedyRice/WeedyRice-RGBMS-DB/Masks/DJI_DateTime_2024_06_04_09_16_0048_lat_10.3014783_lon_105.2719639_alt_20.239m.png,2024_06_04_09,train
DJI_DateTime_2024_06_04_09_16_0049_lat_10.3014306_lon_105.2719956_alt_20.219m,/home/hyggestuen/Downloads/_WeedyRice/WeedyRice-RGBMS-DB/RGB/DJI_DateTime_2024_06_04_09_16_0049_lat_10.3014306_lon_105.2719956_alt_20.219m.JPG,,"[""/home/hyggestuen/Downloads/_WeedyRice/WeedyRice-RGBMS-DB/Multispectral/DJI_DateTime_2024_06_04_09_16_0049_lat_10.3014306_lon_105.2719956_alt_20.219m_G.TIF"", ""/home/hyggestuen/Downloads/_WeedyRice/WeedyRice-RGBMS-DB/Multispectral/DJI_DateTime_2024_06_04_09_16_0049_lat_10.3014306_lon_105.2719956_alt_20.219m_NIR.TIF"", ""/home/hyggestuen/Downloads/_WeedyRice/WeedyRice-RGBMS-DB/Multispectral/DJI_DateTime_2024_06_04_09_16_0049_lat_10.3014306_lon_105.2719956_alt_20.219m_R.TIF"", ""/home/hyggestuen/Downloads/_WeedyRice/WeedyRice-RGBMS-DB/Multispectral/DJI_DateTime_2024_06_04_09_16_0049_lat_10.3014306_lon_105.2719956_alt_20.219m_RE.TIF""]",/home/hyggestuen/Downloads/_WeedyRice/WeedyRice-RGBMS-DB/Masks/DJI_DateTime_2024_06_04_09_16_0049_lat_10.3014306_lon_105.2719956_alt_20.219m.png,2024_06_04_09,train
DJI_DateTime_2024_06_04_09_16_0050_lat_10.3013831_lon_105.2720264_alt_20.212m,/home/hyggestuen/Downloads/_WeedyRice/WeedyRice-RGBMS-DB/RGB/DJI_DateTime_2024_06_04_09_16_0050_lat_10.3013831_lon_105.2720264_alt_20.212m.JPG,,"[""/home/hyggestuen/Downloads/_WeedyRice/WeedyRice-RGBMS-DB/Multispectral/DJI_DateTime_2024_06_04_09_16_0050_lat_10.3013831_lon_105.2720264_alt_20.212m_G.TIF"", ""/home/hyggestuen/Downloads/_WeedyRice/WeedyRice-RGBMS-DB/Multispectral/DJI_DateTime_2024_06_04_09_16_0050_lat_10.3013831_lon_105.2720264_alt_20.212m_NIR.TIF"", ""/home/hyggestuen/Downloads/_WeedyRice/WeedyRice-RGBMS-DB/Multispectral/DJI_DateTime_2024_06_04_09_16_0050_lat_10.3013831_lon_105.2720264_alt_20.212m_R.TIF"", ""/home/hyggestuen/Downloads/_WeedyRice/WeedyRice-RGBMS-DB/Multispectral/DJI_DateTime_2024_06_04_09_16_0050_lat_10.3013831_lon_105.2720264_alt_20.212m_RE.TIF""]",/home/hyggestuen/Downloads/_WeedyRice/WeedyRice-RGBMS-DB/Masks/DJI_DateTime_2024_06_04_09_16_0050_lat_10.3013831_lon_105.2720264_alt_20.212m.png,2024_06_04_09,train
DJI_DateTime_2024_06_04_09_16_0051_lat_10.3013355_lon_105.2720578_alt_20.212m,/home/hyggestuen/Downloads/_WeedyRice/WeedyRice-RGBMS-DB/RGB/DJI_DateTime_2024_06_04_09_16_0051_lat_10.3013355_lon_105.2720578_alt_20.212m.JPG,,"[""/home/hyggestuen/Downloads/_WeedyRice/WeedyRice-RGBMS-DB/Multispectral/DJI_DateTime_2024_06_04_09_16_0051_lat_10.3013355_lon_105.2720578_alt_20.212m_G.TIF"", ""/home/hyggestuen/Downloads/_WeedyRice/WeedyRice-RGBMS-DB/Multispectral/DJI_DateTime_2024_06_04_09_16_0051_lat_10.3013355_lon_105.2720578_alt_20.212m_NIR.TIF"", ""/home/hyggestuen/Downloads/_WeedyRice/WeedyRice-RGBMS-DB/Multispectral/DJI_DateTime_2024_06_04_09_16_0051_lat_10.3013355_lon_105.2720578_alt_20.212m_R.TIF"", ""/home/hyggestuen/Downloads/_WeedyRice/WeedyRice-RGBMS-DB/Multispectral/DJI_DateTime_2024_06_04_09_16_0051_lat_10.3013355_lon_105.2720578_alt_20.212m_RE.TIF""]",/home/hyggestuen/Downloads/_WeedyRice/WeedyRice-RGBMS-DB/Masks/DJI_DateTime_2024_06_04_09_16_0051_lat_10.3013355_lon_105.2720578_alt_20.212m.png,2024_06_04_09,train
DJI_DateTime_2024_06_04_09_16_0052_lat_10.3012875_lon_105.2720893_alt_20.257m,/home/hyggestuen/Downloads/_WeedyRice/WeedyRice-RGBMS-DB/RGB/DJI_DateTime_2024_06_04_09_16_0052_lat_10.3012875_lon_105.2720893_alt_20.257m.JPG,,"[""/home/hyggestuen/Downloads/_WeedyRice/WeedyRice-RGBMS-DB/Multispectral/DJI_DateTime_2024_06_04_09_16_0052_lat_10.3012875_lon_105.2720893_alt_20.257m_G.TIF"", ""/home/hyggestuen/Downloads/_WeedyRice/WeedyRice-RGBMS-DB/Multispectral/DJI_DateTime_2024_06_04_09_16_0052_lat_10.3012875_lon_105.2720893_alt_20.257m_NIR.TIF"", ""/home/hyggestuen/Downloads/_WeedyRice/WeedyRice-RGBMS-DB/Multispectral/DJI_DateTime_2024_06_04_09_16_0052_lat_10.3012875_lon_105.2720893_alt_20.257m_R.TIF"", ""/home/hyggestuen/Downloads/_WeedyRice/WeedyRice-RGBMS-DB/Multispectral/DJI_DateTime_2024_06_04_09_16_0052_lat_10.3012875_lon_105.2720893_alt_20.257m_RE.TIF""]",/home/hyggestuen/Downloads/_WeedyRice/WeedyRice-RGBMS-DB/Masks/DJI_DateTime_2024_06_04_09_16_0052_lat_10.3012875_lon_105.2720893_alt_20.257m.png,2024_06_04_09,train
DJI_DateTime_2024_06_04_09_17_0053_lat_10.3012401_lon_105.2721211_alt_20.198m,/home/hyggestuen/Downloads/_WeedyRice/WeedyRice-RGBMS-DB/RGB/DJI_DateTime_2024_06_04_09_17_0053_lat_10.3012401_lon_105.2721211_alt_20.198m.JPG,,"[""/home/hyggestuen/Downloads/_WeedyRice/WeedyRice-RGBMS-DB/Multispectral/DJI_DateTime_2024_06_04_09_17_0053_lat_10.3012401_lon_105.2721211_alt_20.198m_G.TIF"", ""/home/hyggestuen/Downloads/_WeedyRice/WeedyRice-RGBMS-DB/Multispectral/DJI_DateTime_2024_06_04_09_17_0053_lat_10.3012401_lon_105.2721211_alt_20.198m_NIR.TIF"", ""/home/hyggestuen/Downloads/_WeedyRice/WeedyRice-RGBMS-DB/Multispectral/DJI_DateTime_2024_06_04_09_17_0053_lat_10.3012401_lon_105.2721211_alt_20.198m_R.TIF"", ""/home/hyggestuen/Downloads/_WeedyRice/WeedyRice-RGBMS-DB/Multispectral/DJI_DateTime_2024_06_04_09_17_0053_lat_10.3012401_lon_105.2721211_alt_20.198m_RE.TIF""]",/home/hyggestuen/Downloads/_WeedyRice/WeedyRice-RGBMS-DB/Masks/DJI_DateTime_2024_06_04_09_17_0053_lat_10.3012401_lon_105.2721211_alt_20.198m.png,2024_06_04_09,train
DJI_DateTime_2024_06_04_09_17_0054_lat_10.3011925_lon_105.2721531_alt_20.239m,/home/hyggestuen/Downloads/_WeedyRice/WeedyRice-RGBMS-DB/RGB/DJI_DateTime_2024_06_04_09_17_0054_lat_10.3011925_lon_105.2721531_alt_20.239m.JPG,,"[""/home/hyggestuen/Downloads/_WeedyRice/WeedyRice-RGBMS-DB/Multispectral/DJI_DateTime_2024_06_04_09_17_0054_lat_10.3011925_lon_105.2721531_alt_20.239m_G.TIF"", ""/home/hyggestuen/Downloads/_WeedyRice/WeedyRice-RGBMS-DB/Multispectral/DJI_DateTime_2024_06_04_09_17_0054_lat_10.3011925_lon_105.2721531_alt_20.239m_NIR.TIF"", ""/home/hyggestuen/Downloads/_WeedyRice/WeedyRice-RGBMS-DB/Multispectral/DJI_DateTime_2024_06_04_09_17_0054_lat_10.3011925_lon_105.2721531_alt_20.239m_R.TIF"", ""/home/hyggestuen/Downloads/_WeedyRice/WeedyRice-RGBMS-DB/Multispectral/DJI_DateTime_2024_06_04_09_17_0054_lat_10.3011925_lon_105.2721531_alt_20.239m_RE.TIF""]",/home/hyggestuen/Downloads/_WeedyRice/WeedyRice-RGBMS-DB/Masks/DJI_DateTime_2024_06_04_09_17_0054_lat_10.3011925_lon_105.2721531_alt_20.239m.png,2024_06_04_09,train
DJI_DateTime_2024_06_04_09_17_0055_lat_10.3011447_lon_105.2721838_alt_20.146m,/home/hyggestuen/Downloads/_WeedyRice/WeedyRice-RGBMS-DB/RGB/DJI_DateTime_2024_06_04_09_17_0055_lat_10.3011447_lon_105.2721838_alt_20.146m.JPG,,"[""/home/hyggestuen/Downloads/_WeedyRice/WeedyRice-RGBMS-DB/Multispectral/DJI_DateTime_2024_06_04_09_17_0055_lat_10.3011447_lon_105.2721838_alt_20.146m_G.TIF"", ""/home/hyggestuen/Downloads/_WeedyRice/WeedyRice-RGBMS-DB/Multispectral/DJI_DateTime_2024_06_04_09_17_0055_lat_10.3011447_lon_105.2721838_alt_20.146m_NIR.TIF"", ""/home/hyggestuen/Downloads/_WeedyRice/WeedyRice-RGBMS-DB/Multispectral/DJI_DateTime_2024_06_04_09_17_0055_lat_10.3011447_lon_105.2721838_alt_20.146m_R.TIF"", ""/home/hyggestuen/Downloads/_WeedyRice/WeedyRice-RGBMS-DB/Multispectral/DJI_DateTime_2024_06_04_09_17_0055_lat_10.3011447_lon_105.2721838_alt_20.146m_RE.TIF""]",/home/hyggestuen/Downloads/_WeedyRice/WeedyRice-RGBMS-DB/Masks/DJI_DateTime_2024_06_04_09_17_0055_lat_10.3011447_lon_105.2721838_alt_20.146m.png,2024_06_04_09,train
DJI_DateTime_2024_06_04_09_17_0056_lat_10.3010966_lon_105.2722156_alt_20.203m,/home/hyggestuen/Downloads/_WeedyRice/WeedyRice-RGBMS-DB/RGB/DJI_DateTime_2024_06_04_09_17_0056_lat_10.3010966_lon_105.2722156_alt_20.203m.JPG,,"[""/home/hyggestuen/Downloads/_WeedyRice/WeedyRice-RGBMS-DB/Multispectral/DJI_DateTime_2024_06_04_09_17_0056_lat_10.3010966_lon_105.2722156_alt_20.203m_G.TIF"", ""/home/hyggestuen/Downloads/_WeedyRice/WeedyRice-RGBMS-DB/Multispectral/DJI_DateTime_2024_06_04_09_17_0056_lat_10.3010966_lon_105.2722156_alt_20.203m_NIR.TIF"", ""/home/hyggestuen/Downloads/_WeedyRice/WeedyRice-RGBMS-DB/Multispectral/DJI_DateTime_2024_06_04_09_17_0056_lat_10.3010966_lon_105.2722156_alt_20.203m_R.TIF"", ""/home/hyggestuen/Downloads/_WeedyRice/WeedyRice-RGBMS-DB/Multispectral/DJI_DateTime_2024_06_04_09_17_0056_lat_10.3010966_lon_105.2722156_alt_20.203m_RE.TIF""]",/home/hyggestuen/Downloads/_WeedyRice/WeedyRice-RGBMS-DB/Masks/DJI_DateTime_2024_06_04_09_17_0056_lat_10.3010966_lon_105.2722156_alt_20.203m.png,2024_06_04_09,train
DJI_DateTime_2024_06_04_09_17_0057_lat_10.3010487_lon_105.2722472_alt_20.224m,/home/hyggestuen/Downloads/_WeedyRice/WeedyRice-RGBMS-DB/RGB/DJI_DateTime_2024_06_04_09_17_0057_lat_10.3010487_lon_105.2722472_alt_20.224m.JPG,,"[""/home/hyggestuen/Downloads/_WeedyRice/WeedyRice-RGBMS-DB/Multispectral/DJI_DateTime_2024_06_04_09_17_0057_lat_10.3010487_lon_105.2722472_alt_20.224m_G.TIF"", ""/home/hyggestuen/Downloads/_WeedyRice/WeedyRice-RGBMS-DB/Multispectral/DJI_DateTime_2024_06_04_09_17_0057_lat_10.3010487_lon_105.2722472_alt_20.224m_NIR.TIF"", ""/home/hyggestuen/Downloads/_WeedyRice/WeedyRice-RGBMS-DB/Multispectral/DJI_DateTime_2024_06_04_09_17_0057_lat_10.3010487_lon_105.2722472_alt_20.224m_R.TIF"", ""/home/hyggestuen/Downloads/_WeedyRice/WeedyRice-RGBMS-DB/Multispectral/DJI_DateTime_2024_06_04_09_17_0057_lat_10.3010487_lon_105.2722472_alt_20.224m_RE.TIF""]",/home/hyggestuen/Downloads/_WeedyRice/WeedyRice-RGBMS-DB/Masks/DJI_DateTime_2024_06_04_09_17_0057_lat_10.3010487_lon_105.2722472_alt_20.224m.png,2024_06_04_09,train
DJI_DateTime_2024_06_04_09_17_0058_lat_10.3010012_lon_105.2722782_alt_20.197m,/home/hyggestuen/Downloads/_WeedyRice/WeedyRice-RGBMS-DB/RGB/DJI_DateTime_2024_06_04_09_17_0058_lat_10.3010012_lon_105.2722782_alt_20.197m.JPG,,"[""/home/hyggestuen/Downloads/_WeedyRice/WeedyRice-RGBMS-DB/Multispectral/DJI_DateTime_2024_06_04_09_17_0058_lat_10.3010012_lon_105.2722782_alt_20.197m_G.TIF"", ""/home/hyggestuen/Downloads/_WeedyRice/WeedyRice-RGBMS-DB/Multispectral/DJI_DateTime_2024_06_04_09_17_0058_lat_10.3010012_lon_105.2722782_alt_20.197m_NIR.TIF"", ""/home/hyggestuen/Downloads/_WeedyRice/WeedyRice-RGBMS-DB/Multispectral/DJI_DateTime_2024_06_04_09_17_0058_lat_10.3010012_lon_105.2722782_alt_20.197m_R.TIF"", ""/home/hyggestuen/Downloads/_WeedyRice/WeedyRice-RGBMS-DB/Multispectral/DJI_DateTime_2024_06_04_09_17_0058_lat_10.3010012_lon_105.2722782_alt_20.197m_RE.TIF""]",/home/hyggestuen/Downloads/_WeedyRice/WeedyRice-RGBMS-DB/Masks/DJI_DateTime_2024_06_04_09_17_0058_lat_10.3010012_lon_105.2722782_alt_20.197m.png,2024_06_04_09,train
DJI_DateTime_2024_06_04_09_17_0061_lat_10.3008618_lon_105.2723763_alt_20.210m,/home/hyggestuen/Downloads/_WeedyRice/WeedyRice-RGBMS-DB/RGB/DJI_DateTime_2024_06_04_09_17_0061_lat_10.3008618_lon_105.2723763_alt_20.210m.JPG,,"[""/home/hyggestuen/Downloads/_WeedyRice/WeedyRice-RGBMS-DB/Multispectral/DJI_DateTime_2024_06_04_09_17_0061_lat_10.3008618_lon_105.2723763_alt_20.210m_G.TIF"", ""/home/hyggestuen/Downloads/_WeedyRice/WeedyRice-RGBMS-DB/Multispectral/DJI_DateTime_2024_06_04_09_17_0061_lat_10.3008618_lon_105.2723763_alt_20.210m_NIR.TIF"", ""/home/hyggestuen/Downloads/_WeedyRice/WeedyRice-RGBMS-DB/Multispectral/DJI_DateTime_2024_06_04_09_17_0061_lat_10.3008618_lon_105.2723763_alt_20.210m_R.TIF"", ""/home/hyggestuen/Downloads/_WeedyRice/WeedyRice-RGBMS-DB/Multispectral/DJI_DateTime_2024_06_04_09_17_0061_lat_10.3008618_lon_105.2723763_alt_20.210m_RE.TIF""]",/home/hyggestuen/Downloads/_WeedyRice/WeedyRice-RGBMS-DB/Masks/DJI_DateTime_2024_06_04_09_17_0061_lat_10.3008618_lon_105.2723763_alt_20.210m.png,2024_06_04_09,train
DJI_DateTime_2024_06_04_09_17_0067_lat_10.3011335_lon_105.2722954_alt_20.220m,/home/hyggestuen/Downloads/_WeedyRice/WeedyRice-RGBMS-DB/RGB/DJI_DateTime_2024_06_04_09_17_0067_lat_10.3011335_lon_105.2722954_alt_20.220m.JPG,,"[""/home/hyggestuen/Downloads/_WeedyRice/WeedyRice-RGBMS-DB/Multispectral/DJI_DateTime_2024_06_04_09_17_0067_lat_10.3011335_lon_105.2722954_alt_20.220m_G.TIF"", ""/home/hyggestuen/Downloads/_WeedyRice/WeedyRice-RGBMS-DB/Multispectral/DJI_DateTime_2024_06_04_09_17_0067_lat_10.3011335_lon_105.2722954_alt_20.220m_NIR.TIF"", ""/home/hyggestuen/Downloads/_WeedyRice/WeedyRice-RGBMS-DB/Multispectral/DJI_DateTime_2024_06_04_09_17_0067_lat_10.3011335_lon_105.2722954_alt_20.220m_R.TIF"", ""/home/hyggestuen/Downloads/_WeedyRice/WeedyRice-RGBMS-DB/Multispectral/DJI_DateTime_2024_06_04_09_17_0067_lat_10.3011335_lon_105.2722954_alt_20.220m_RE.TIF""]",/home/hyggestuen/Downloads/_WeedyRice/WeedyRice-RGBMS-DB/Masks/DJI_DateTime_2024_06_04_09_17_0067_lat_10.3011335_lon_105.2722954_alt_20.220m.png,2024_06_04_09,train
DJI_DateTime_2024_06_04_09_17_0068_lat_10.3011816_lon_105.2722632_alt_20.232m,/home/hyggestuen/Downloads/_WeedyRice/WeedyRice-RGBMS-DB/RGB/DJI_DateTime_2024_06_04_09_17_0068_lat_10.3011816_lon_105.2722632_alt_20.232m.JPG,,"[""/home/hyggestuen/Downloads/_WeedyRice/WeedyRice-RGBMS-DB/Multispectral/DJI_DateTime_2024_06_04_09_17_0068_lat_10.3011816_lon_105.2722632_alt_20.232m_G.TIF"", ""/home/hyggestuen/Downloads/_WeedyRice/WeedyRice-RGBMS-DB/Multispectral/DJI_DateTime_2024_06_04_09_17_0068_lat_10.3011816_lon_105.2722632_alt_20.232m_NIR.TIF"", ""/home/hyggestuen/Downloads/_WeedyRice/WeedyRice-RGBMS-DB/Multispectral/DJI_DateTime_2024_06_04_09_17_0068_lat_10.3011816_lon_105.2722632_alt_20.232m_R.TIF"", ""/home/hyggestuen/Downloads/_WeedyRice/WeedyRice-RGBMS-DB/Multispectral/DJI_DateTime_2024_06_04_09_17_0068_lat_10.3011816_lon_105.2722632_alt_20.232m_RE.TIF""]",/home/hyggestuen/Downloads/_WeedyRice/WeedyRice-RGBMS-DB/Masks/DJI_DateTime_2024_06_04_09_17_0068_lat_10.3011816_lon_105.2722632_alt_20.232m.png,2024_06_04_09,train
DJI_DateTime_2024_06_04_09_17_0069_lat_10.3012291_lon_105.2722318_alt_20.217m,/home/hyggestuen/Downloads/_WeedyRice/WeedyRice-RGBMS-DB/RGB/DJI_DateTime_2024_06_04_09_17_0069_lat_10.3012291_lon_105.2722318_alt_20.217m.JPG,,"[""/home/hyggestuen/Downloads/_WeedyRice/WeedyRice-RGBMS-DB/Multispectral/DJI_DateTime_2024_06_04_09_17_0069_lat_10.3012291_lon_105.2722318_alt_20.217m_G.TIF"", ""/home/hyggestuen/Downloads/_WeedyRice/WeedyRice-RGBMS-DB/Multispectral/DJI_DateTime_2024_06_04_09_17_0069_lat_10.3012291_lon_105.2722318_alt_20.217m_NIR.TIF"", ""/home/hyggestuen/Downloads/_WeedyRice/WeedyRice-RGBMS-DB/Multispectral/DJI_DateTime_2024_06_04_09_17_0069_lat_10.3012291_lon_105.2722318_alt_20.217m_R.TIF"", ""/home/hyggestuen/Downloads/_WeedyRice/WeedyRice-RGBMS-DB/Multispectral/DJI_DateTime_2024_06_04_09_17_0069_lat_10.3012291_lon_105.2722318_alt_20.217m_RE.TIF""]",/home/hyggestuen/Downloads/_WeedyRice/WeedyRice-RGBMS-DB/Masks/DJI_DateTime_2024_06_04_09_17_0069_lat_10.3012291_lon_105.2722318_alt_20.217m.png,2024_06_04_09,train
DJI_DateTime_2024_06_04_09_17_0070_lat_10.3012765_lon_105.2722004_alt_20.182m,/home/hyggestuen/Downloads/_WeedyRice/WeedyRice-RGBMS-DB/RGB/DJI_DateTime_2024_06_04_09_17_0070_lat_10.3012765_lon_105.2722004_alt_20.182m.JPG,,"[""/home/hyggestuen/Downloads/_WeedyRice/WeedyRice-RGBMS-DB/Multispectral/DJI_DateTime_2024_06_04_09_17_0070_lat_10.3012765_lon_105.2722004_alt_20.182m_G.TIF"", ""/home/hyggestuen/Downloads/_WeedyRice/WeedyRice-RGBMS-DB/Multispectral/DJI_DateTime_2024_06_04_09_17_0070_lat_10.3012765_lon_105.2722004_alt_20.182m_NIR.TIF"", ""/home/hyggestuen/Downloads/_WeedyRice/WeedyRice-RGBMS-DB/Multispectral/DJI_DateTime_2024_06_04_09_17_0070_lat_10.3012765_lon_105.2722004_alt_20.182m_R.TIF"", ""/home/hyggestuen/Downloads/_WeedyRice/WeedyRice-RGBMS-DB/Multispectral/DJI_DateTime_2024_06_04_09_17_0070_lat_10.3012765_lon_105.2722004_alt_20.182m_RE.TIF""]",/home/hyggestuen/Downloads/_WeedyRice/WeedyRice-RGBMS-DB/Masks/DJI_DateTime_2024_06_04_09_17_0070_lat_10.3012765_lon_105.2722004_alt_20.182m.png,2024_06_04_09,train
DJI_DateTime_2024_06_04_09_18_0071_lat_10.3013249_lon_105.2721684_alt_20.203m,/home/hyggestuen/Downloads/_WeedyRice/WeedyRice-RGBMS-DB/RGB/DJI_DateTime_2024_06_04_09_18_0071_lat_10.3013249_lon_105.2721684_alt_20.203m.JPG,,"[""/home/hyggestuen/Downloads/_WeedyRice/WeedyRice-RGBMS-DB/Multispectral/DJI_DateTime_2024_06_04_09_18_0071_lat_10.3013249_lon_105.2721684_alt_20.203m_G.TIF"", ""/home/hyggestuen/Downloads/_WeedyRice/WeedyRice-RGBMS-DB/Multispectral/DJI_DateTime_2024_06_04_09_18_0071_lat_10.3013249_lon_105.2721684_alt_20.203m_NIR.TIF"", ""/home/hyggestuen/Downloads/_WeedyRice/WeedyRice-RGBMS-DB/Multispectral/DJI_DateTime_2024_06_04_09_18_0071_lat_10.3013249_lon_105.2721684_alt_20.203m_R.TIF"", ""/home/hyggestuen/Downloads/_WeedyRice/WeedyRice-RGBMS-DB/Multispectral/DJI_DateTime_2024_06_04_09_18_0071_lat_10.3013249_lon_105.2721684_alt_20.203m_RE.TIF""]",/home/hyggestuen/Downloads/_WeedyRice/WeedyRice-RGBMS-DB/Masks/DJI_DateTime_2024_06_04_09_18_0071_lat_10.3013249_lon_105.2721684_alt_20.203m.png,2024_06_04_09,train
DJI_DateTime_2024_06_04_09_18_0072_lat_10.3013729_lon_105.2721368_alt_20.197m,/home/hyggestuen/Downloads/_WeedyRice/WeedyRice-RGBMS-DB/RGB/DJI_DateTime_2024_06_04_09_18_0072_lat_10.3013729_lon_105.2721368_alt_20.197m.JPG,,"[""/home/hyggestuen/Downloads/_WeedyRice/WeedyRice-RGBMS-DB/Multispectral/DJI_DateTime_2024_06_04_09_18_0072_lat_10.3013729_lon_105.2721368_alt_20.197m_G.TIF"", ""/home/hyggestuen/Downloads/_WeedyRice/WeedyRice-RGBMS-DB/Multispectral/DJI_DateTime_2024_06_04_09_18_0072_lat_10.3013729_lon_105.2721368_alt_20.197m_NIR.TIF"", ""/home/hyggestuen/Downloads/_WeedyRice/WeedyRice-RGBMS-DB/Multispectral/DJI_DateTime_2024_06_04_09_18_0072_lat_10.3013729_lon_105.2721368_alt_20.197m_R.TIF"", ""/home/hyggestuen/Downloads/_WeedyRice/WeedyRice-RGBMS-DB/Multispectral/DJI_DateTime_2024_06_04_09_18_0072_lat_10.3013729_lon_105.2721368_alt_20.197m_RE.TIF""]",/home/hyggestuen/Downloads/_WeedyRice/WeedyRice-RGBMS-DB/Masks/DJI_DateTime_2024_06_04_09_18_0072_lat_10.3013729_lon_105.2721368_alt_20.197m.png,2024_06_04_09,train
DJI_DateTime_2024_06_04_09_18_0073_lat_10.3014197_lon_105.2721057_alt_20.203m,/home/hyggestuen/Downloads/_WeedyRice/WeedyRice-RGBMS-DB/RGB/DJI_DateTime_2024_06_04_09_18_0073_lat_10.3014197_lon_105.2721057_alt_20.203m.JPG,,"[""/home/hyggestuen/Downloads/_WeedyRice/WeedyRice-RGBMS-DB/Multispectral/DJI_DateTime_2024_06_04_09_18_0073_lat_10.3014197_lon_105.2721057_alt_20.203m_G.TIF"", ""/home/hyggestuen/Downloads/_WeedyRice/WeedyRice-RGBMS-DB/Multispectral/DJI_DateTime_2024_06_04_09_18_0073_lat_10.3014197_lon_105.2721057_alt_20.203m_NIR.TIF"", ""/home/hyggestuen/Downloads/_WeedyRice/WeedyRice-RGBMS-DB/Multispectral/DJI_DateTime_2024_06_04_09_18_0073_lat_10.3014197_lon_105.2721057_alt_20.203m_R.TIF"", ""/home/hyggestuen/Downloads/_WeedyRice/WeedyRice-RGBMS-DB/Multispectral/DJI_DateTime_2024_06_04_09_18_0073_lat_10.3014197_lon_105.2721057_alt_20.203m_RE.TIF""]",/home/hyggestuen/Downloads/_WeedyRice/WeedyRice-RGBMS-DB/Masks/DJI_DateTime_2024_06_04_09_18_0073_lat_10.3014197_lon_105.2721057_alt_20.203m.png,2024_06_04_09,train
DJI_DateTime_2024_06_04_09_18_0074_lat_10.3014673_lon_105.2720743_alt_20.168m,/home/hyggestuen/Downloads/_WeedyRice/WeedyRice-RGBMS-DB/RGB/DJI_DateTime_2024_06_04_09_18_0074_lat_10.3014673_lon_105.2720743_alt_20.168m.JPG,,"[""/home/hyggestuen/Downloads/_WeedyRice/WeedyRice-RGBMS-DB/Multispectral/DJI_DateTime_2024_06_04_09_18_0074_lat_10.3014673_lon_105.2720743_alt_20.168m_G.TIF"", ""/home/hyggestuen/Downloads/_WeedyRice/WeedyRice-RGBMS-DB/Multispectral/DJI_DateTime_2024_06_04_09_18_0074_lat_10.3014673_lon_105.2720743_alt_20.168m_NIR.TIF"", ""/home/hyggestuen/Downloads/_WeedyRice/WeedyRice-RGBMS-DB/Multispectral/DJI_DateTime_2024_06_04_09_18_0074_lat_10.3014673_lon_105.2720743_alt_20.168m_R.TIF"", ""/home/hyggestuen/Downloads/_WeedyRice/WeedyRice-RGBMS-DB/Multispectral/DJI_DateTime_2024_06_04_09_18_0074_lat_10.3014673_lon_105.2720743_alt_20.168m_RE.TIF""]",/home/hyggestuen/Downloads/_WeedyRice/WeedyRice-RGBMS-DB/Masks/DJI_DateTime_2024_06_04_09_18_0074_lat_10.3014673_lon_105.2720743_alt_20.168m.png,2024_06_04_09,train
DJI_DateTime_2024_06_04_09_18_0075_lat_10.3015155_lon_105.2720421_alt_20.200m,/home/hyggestuen/Downloads/_WeedyRice/WeedyRice-RGBMS-DB/RGB/DJI_DateTime_2024_06_04_09_18_0075_lat_10.3015155_lon_105.2720421_alt_20.200m.JPG,,"[""/home/hyggestuen/Downloads/_WeedyRice/WeedyRice-RGBMS-DB/Multispectral/DJI_DateTime_2024_06_04_09_18_0075_lat_10.3015155_lon_105.2720421_alt_20.200m_G.TIF"", ""/home/hyggestuen/Downloads/_WeedyRice/WeedyRice-RGBMS-DB/Multispectral/DJI_DateTime_2024_06_04_09_18_0075_lat_10.3015155_lon_105.2720421_alt_20.200m_NIR.TIF"", ""/home/hyggestuen/Downloads/_WeedyRice/WeedyRice-RGBMS-DB/Multispectral/DJI_DateTime_2024_06_04_09_18_0075_lat_10.3015155_lon_105.2720421_alt_20.200m_R.TIF"", ""/home/hyggestuen/Downloads/_WeedyRice/WeedyRice-RGBMS-DB/Multispectral/DJI_DateTime_2024_06_04_09_18_0075_lat_10.3015155_lon_105.2720421_alt_20.200m_RE.TIF""]",/home/hyggestuen/Downloads/_WeedyRice/WeedyRice-RGBMS-DB/Masks/DJI_DateTime_2024_06_04_09_18_0075_lat_10.3015155_lon_105.2720421_alt_20.200m.png,2024_06_04_09,train
DJI_DateTime_2024_06_04_09_18_0076_lat_10.3015632_lon_105.2720113_alt_20.208m,/home/hyggestuen/Downloads/_WeedyRice/WeedyRice-RGBMS-DB/RGB/DJI_DateTime_2024_06_04_09_18_0076_lat_10.3015632_lon_105.2720113_alt_20.208m.JPG,,"[""/home/hyggestuen/Downloads/_WeedyRice/WeedyRice-RGBMS-DB/Multispectral/DJI_DateTime_2024_06_04_09_18_0076_lat_10.3015632_lon_105.2720113_alt_20.208m_G.TIF"", ""/home/hyggestuen/Downloads/_WeedyRice/WeedyRice-RGBMS-DB/Multispectral/DJI_DateTime_2024_06_04_09_18_0076_lat_10.3015632_lon_105.2720113_alt_20.208m_NIR.TIF"", ""/home/hyggestuen/Downloads/_WeedyRice/WeedyRice-RGBMS-DB/Multispectral/DJI_DateTime_2024_06_04_09_18_0076_lat_10.3015632_lon_105.2720113_alt_20.208m_R.TIF"", ""/home/hyggestuen/Downloads/_WeedyRice/WeedyRice-RGBMS-DB/Multispectral/DJI_DateTime_2024_06_04_09_18_0076_lat_10.3015632_lon_105.2720113_alt_20.208m_RE.TIF""]",/home/hyggestuen/Downloads/_WeedyRice/WeedyRice-RGBMS-DB/Masks/DJI_DateTime_2024_06_04_09_18_0076_lat_10.3015632_lon_105.2720113_alt_20.208m.png,2024_06_04_09,train
DJI_DateTime_2024_06_04_09_18_0077_lat_10.3016106_lon_105.2719794_alt_20.186m,/home/hyggestuen/Downloads/_WeedyRice/WeedyRice-RGBMS-DB/RGB/DJI_DateTime_2024_06_04_09_18_0077_lat_10.3016106_lon_105.2719794_alt_20.186m.JPG,,"[""/home/hyggestuen/Downloads/_WeedyRice/WeedyRice-RGBMS-DB/Multispectral/DJI_DateTime_2024_06_04_09_18_0077_lat_10.3016106_lon_105.2719794_alt_20.186m_G.TIF"", ""/home/hyggestuen/Downloads/_WeedyRice/WeedyRice-RGBMS-DB/Multispectral/DJI_DateTime_2024_06_04_09_18_0077_lat_10.3016106_lon_105.2719794_alt_20.186m_NIR.TIF"", ""/home/hyggestuen/Downloads/_WeedyRice/WeedyRice-RGBMS-DB/Multispectral/DJI_DateTime_2024_06_04_09_18_0077_lat_10.3016106_lon_105.2719794_alt_20.186m_R.TIF"", ""/home/hyggestuen/Downloads/_WeedyRice/WeedyRice-RGBMS-DB/Multispectral/DJI_DateTime_2024_06_04_09_18_0077_lat_10.3016106_lon_105.2719794_alt_20.186m_RE.TIF""]",/home/hyggestuen/Downloads/_WeedyRice/WeedyRice-RGBMS-DB/Masks/DJI_DateTime_2024_06_04_09_18_0077_lat_10.3016106_lon_105.2719794_alt_20.186m.png,2024_06_04_09,train
DJI_DateTime_2024_06_04_09_18_0078_lat_10.3016587_lon_105.2719481_alt_20.214m,/home/hyggestuen/Downloads/_WeedyRice/WeedyRice-RGBMS-DB/RGB/DJI_DateTime_2024_06_04_09_18_0078_lat_10.3016587_lon_105.2719481_alt_20.214m.JPG,,"[""/home/hyggestuen/Downloads/_WeedyRice/WeedyRice-RGBMS-DB/Multispectral/DJI_DateTime_2024_06_04_09_18_0078_lat_10.3016587_lon_105.2719481_alt_20.214m_G.TIF"", ""/home/hyggestuen/Downloads/_WeedyRice/WeedyRice-RGBMS-DB/Multispectral/DJI_DateTime_2024_06_04_09_18_0078_lat_10.3016587_lon_105.2719481_alt_20.214m_NIR.TIF"", ""/home/hyggestuen/Downloads/_WeedyRice/WeedyRice-RGBMS-DB/Multispectral/DJI_DateTime_2024_06_04_09_18_0078_lat_10.3016587_lon_105.2719481_alt_20.214m_R.TIF"", ""/home/hyggestuen/Downloads/_WeedyRice/WeedyRice-RGBMS-DB/Multispectral/DJI_DateTime_2024_06_04_09_18_0078_lat_10.3016587_lon_105.2719481_alt_20.214m_RE.TIF""]",/home/hyggestuen/Downloads/_WeedyRice/WeedyRice-RGBMS-DB/Masks/DJI_DateTime_2024_06_04_09_18_0078_lat_10.3016587_lon_105.2719481_alt_20.214m.png,2024_06_04_09,train
DJI_DateTime_2024_06_04_09_18_0079_lat_10.3017056_lon_105.2719171_alt_20.172m,/home/hyggestuen/Downloads/_WeedyRice/WeedyRice-RGBMS-DB/RGB/DJI_DateTime_2024_06_04_09_18_0079_lat_10.3017056_lon_105.2719171_alt_20.172m.JPG,,"[""/home/hyggestuen/Downloads/_WeedyRice/WeedyRice-RGBMS-DB/Multispectral/DJI_DateTime_2024_06_04_09_18_0079_lat_10.3017056_lon_105.2719171_alt_20.172m_G.TIF"", ""/home/hyggestuen/Downloads/_WeedyRice/WeedyRice-RGBMS-DB/Multispectral/DJI_DateTime_2024_06_04_09_18_0079_lat_10.3017056_lon_105.2719171_alt_20.172m_NIR.TIF"", ""/home/hyggestuen/Downloads/_WeedyRice/WeedyRice-RGBMS-DB/Multispectral/DJI_DateTime_2024_06_04_09_18_0079_lat_10.3017056_lon_105.2719171_alt_20.172m_R.TIF"", ""/home/hyggestuen/Downloads/_WeedyRice/WeedyRice-RGBMS-DB/Multispectral/DJI_DateTime_2024_06_04_09_18_0079_lat_10.3017056_lon_105.2719171_alt_20.172m_RE.TIF""]",/home/hyggestuen/Downloads/_WeedyRice/WeedyRice-RGBMS-DB/Masks/DJI_DateTime_2024_06_04_09_18_0079_lat_10.3017056_lon_105.2719171_alt_20.172m.png,2024_06_04_09,train
DJI_DateTime_2024_06_04_09_18_0080_lat_10.3017541_lon_105.2718854_alt_20.168m,/home/hyggestuen/Downloads/_WeedyRice/WeedyRice-RGBMS-DB/RGB/DJI_DateTime_2024_06_04_09_18_0080_lat_10.3017541_lon_105.2718854_alt_20.168m.JPG,,"[""/home/hyggestuen/Downloads/_WeedyRice/WeedyRice-RGBMS-DB/Multispectral/DJI_DateTime_2024_06_04_09_18_0080_lat_10.3017541_lon_105.2718854_alt_20.168m_G.TIF"", ""/home/hyggestuen/Downloads/_WeedyRice/WeedyRice-RGBMS-DB/Multispectral/DJI_DateTime_2024_06_04_09_18_0080_lat_10.3017541_lon_105.2718854_alt_20.168m_NIR.TIF"", ""/home/hyggestuen/Downloads/_WeedyRice/WeedyRice-RGBMS-DB/Multispectral/DJI_DateTime_2024_06_04_09_18_0080_lat_10.3017541_lon_105.2718854_alt_20.168m_R.TIF"", ""/home/hyggestuen/Downloads/_WeedyRice/WeedyRice-RGBMS-DB/Multispectral/DJI_DateTime_2024_06_04_09_18_0080_lat_10.3017541_lon_105.2718854_alt_20.168m_RE.TIF""]",/home/hyggestuen/Downloads/_WeedyRice/WeedyRice-RGBMS-DB/Masks/DJI_DateTime_2024_06_04_09_18_0080_lat_10.3017541_lon_105.2718854_alt_20.168m.png,2024_06_04_09,train
DJI_DateTime_2024_06_04_09_18_0081_lat_10.3018015_lon_105.2718541_alt_20.194m,/home/hyggestuen/Downloads/_WeedyRice/WeedyRice-RGBMS-DB/RGB/DJI_DateTime_2024_06_04_09_18_0081_lat_10.3018015_lon_105.2718541_alt_20.194m.JPG,,"[""/home/hyggestuen/Downloads/_WeedyRice/WeedyRice-RGBMS-DB/Multispectral/DJI_DateTime_2024_06_04_09_18_0081_lat_10.3018015_lon_105.2718541_alt_20.194m_G.TIF"", ""/home/hyggestuen/Downloads/_WeedyRice/WeedyRice-RGBMS-DB/Multispectral/DJI_DateTime_2024_06_04_09_18_0081_lat_10.3018015_lon_105.2718541_alt_20.194m_NIR.TIF"", ""/home/hyggestuen/Downloads/_WeedyRice/WeedyRice-RGBMS-DB/Multispectral/DJI_DateTime_2024_06_04_09_18_0081_lat_10.3018015_lon_105.2718541_alt_20.194m_R.TIF"", ""/home/hyggestuen/Downloads/_WeedyRice/WeedyRice-RGBMS-DB/Multispectral/DJI_DateTime_2024_06_04_09_18_0081_lat_10.3018015_lon_105.2718541_alt_20.194m_RE.TIF""]",/home/hyggestuen/Downloads/_WeedyRice/WeedyRice-RGBMS-DB/Masks/DJI_DateTime_2024_06_04_09_18_0081_lat_10.3018015_lon_105.2718541_alt_20.194m.png,2024_06_04_09,train
DJI_DateTime_2024_06_04_09_18_0082_lat_10.3018489_lon_105.2718225_alt_20.220m,/home/hyggestuen/Downloads/_WeedyRice/WeedyRice-RGBMS-DB/RGB/DJI_DateTime_2024_06_04_09_18_0082_lat_10.3018489_lon_105.2718225_alt_20.220m.JPG,,"[""/home/hyggestuen/Downloads/_WeedyRice/WeedyRice-RGBMS-DB/Multispectral/DJI_DateTime_2024_06_04_09_18_0082_lat_10.3018489_lon_105.2718225_alt_20.220m_G.TIF"", ""/home/hyggestuen/Downloads/_WeedyRice/WeedyRice-RGBMS-DB/Multispectral/DJI_DateTime_2024_06_04_09_18_0082_lat_10.3018489_lon_105.2718225_alt_20.220m_NIR.TIF"", ""/home/hyggestuen/Downloads/_WeedyRice/WeedyRice-RGBMS-DB/Multispectral/DJI_DateTime_2024_06_04_09_18_0082_lat_10.3018489_lon_105.2718225_alt_20.220m_R.TIF"", ""/home/hyggestuen/Downloads/_WeedyRice/WeedyRice-RGBMS-DB/Multispectral/DJI_DateTime_2024_06_04_09_18_0082_lat_10.3018489_lon_105.2718225_alt_20.220m_RE.TIF""]",/home/hyggestuen/Downloads/_WeedyRice/WeedyRice-RGBMS-DB/Masks/DJI_DateTime_2024_06_04_09_18_0082_lat_10.3018489_lon_105.2718225_alt_20.220m.png,2024_06_04_09,train
DJI_DateTime_2024_06_04_09_18_0083_lat_10.3018969_lon_105.2717908_alt_20.251m,/home/hyggestuen/Downloads/_WeedyRice/WeedyRice-RGBMS-DB/RGB/DJI_DateTime_2024_06_04_09_18_0083_lat_10.3018969_lon_105.2717908_alt_20.251m.JPG,,"[""/home/hyggestuen/Downloads/_WeedyRice/WeedyRice-RGBMS-DB/Multispectral/DJI_DateTime_2024_06_04_09_18_0083_lat_10.3018969_lon_105.2717908_alt_20.251m_G.TIF"", ""/home/hyggestuen/Downloads/_WeedyRice/WeedyRice-RGBMS-DB/Multispectral/DJI_DateTime_2024_06_04_09_18_0083_lat_10.3018969_lon_105.2717908_alt_20.251m_NIR.TIF"", ""/home/hyggestuen/Downloads/_WeedyRice/WeedyRice-RGBMS-DB/Multispectral/DJI_DateTime_2024_06_04_09_18_0083_lat_10.3018969_lon_105.2717908_alt_20.251m_R.TIF"", ""/home/hyggestuen/Downloads/_WeedyRice/WeedyRice-RGBMS-DB/Multispectral/DJI_DateTime_2024_06_04_09_18_0083_lat_10.3018969_lon_105.2717908_alt_20.251m_RE.TIF""]",/home/hyggestuen/Downloads/_WeedyRice/WeedyRice-RGBMS-DB/Masks/DJI_DateTime_2024_06_04_09_18_0083_lat_10.3018969_lon_105.2717908_alt_20.251m.png,2024_06_04_09,train
DJI_DateTime_2024_06_04_09_18_0084_lat_10.3019440_lon_105.2717589_alt_20.237m,/home/hyggestuen/Downloads/_WeedyRice/WeedyRice-RGBMS-DB/RGB/DJI_DateTime_2024_06_04_09_18_0084_lat_10.3019440_lon_105.2717589_alt_20.237m.JPG,,"[""/home/hyggestuen/Downloads/_WeedyRice/WeedyRice-RGBMS-DB/Multispectral/DJI_DateTime_2024_06_04_09_18_0084_lat_10.3019440_lon_105.2717589_alt_20.237m_G.TIF"", ""/home/hyggestuen/Downloads/_WeedyRice/WeedyRice-RGBMS-DB/Multispectral/DJI_DateTime_2024_06_04_09_18_0084_lat_10.3019440_lon_105.2717589_alt_20.237m_NIR.TIF"", ""/home/hyggestuen/Downloads/_WeedyRice/WeedyRice-RGBMS-DB/Multispectral/DJI_DateTime_2024_06_04_09_18_0084_lat_10.3019440_lon_105.2717589_alt_20.237m_R.TIF"", ""/home/hyggestuen/Downloads/_WeedyRice/WeedyRice-RGBMS-DB/Multispectral/DJI_DateTime_2024_06_04_09_18_0084_lat_10.3019440_lon_105.2717589_alt_20.237m_RE.TIF""]",/home/hyggestuen/Downloads/_WeedyRice/WeedyRice-RGBMS-DB/Masks/DJI_DateTime_2024_06_04_09_18_0084_lat_10.3019440_lon_105.2717589_alt_20.237m.png,2024_06_04_09,train
DJI_DateTime_2024_06_04_09_18_0085_lat_10.3019921_lon_105.2717280_alt_20.196m,/home/hyggestuen/Downloads/_WeedyRice/WeedyRice-RGBMS-DB/RGB/DJI_DateTime_2024_06_04_09_18_0085_lat_10.3019921_lon_105.2717280_alt_20.196m.JPG,,"[""/home/hyggestuen/Downloads/_WeedyRice/WeedyRice-RGBMS-DB/Multispectral/DJI_DateTime_2024_06_04_09_18_0085_lat_10.3019921_lon_105.2717280_alt_20.196m_G.TIF"", ""/home/hyggestuen/Downloads/_WeedyRice/WeedyRice-RGBMS-DB/Multispectral/DJI_DateTime_2024_06_04_09_18_0085_lat_10.3019921_lon_105.2717280_alt_20.196m_NIR.TIF"", ""/home/hyggestuen/Downloads/_WeedyRice/WeedyRice-RGBMS-DB/Multispectral/DJI_DateTime_2024_06_04_09_18_0085_lat_10.3019921_lon_105.2717280_alt_20.196m_R.TIF"", ""/home/hyggestuen/Downloads/_WeedyRice/WeedyRice-RGBMS-DB/Multispectral/DJI_DateTime_2024_06_04_09_18_0085_lat_10.3019921_lon_105.2717280_alt_20.196m_RE.TIF""]",/home/hyggestuen/Downloads/_WeedyRice/WeedyRice-RGBMS-DB/Masks/DJI_DateTime_2024_06_04_09_18_0085_lat_10.3019921_lon_105.2717280_alt_20.196m.png,2024_06_04_09,train
DJI_DateTime_2024_06_04_09_18_0086_lat_10.3020406_lon_105.2716959_alt_20.221m,/home/hyggestuen/Downloads/_WeedyRice/WeedyRice-RGBMS-DB/RGB/DJI_DateTime_2024_06_04_09_18_0086_lat_10.3020406_lon_105.2716959_alt_20.221m.JPG,,"[""/home/hyggestuen/Downloads/_WeedyRice/WeedyRice-RGBMS-DB/Multispectral/DJI_DateTime_2024_06_04_09_18_0086_lat_10.3020406_lon_105.2716959_alt_20.221m_G.TIF"", ""/home/hyggestuen/Downloads/_WeedyRice/WeedyRice-RGBMS-DB/Multispectral/DJI_DateTime_2024_06_04_09_18_0086_lat_10.3020406_lon_105.2716959_alt_20.221m_NIR.TIF"", ""/home/hyggestuen/Downloads/_WeedyRice/WeedyRice-RGBMS-DB/Multispectral/DJI_DateTime_2024_06_04_09_18_0086_lat_10.3020406_lon_105.2716959_alt_20.221m_R.TIF"", ""/home/hyggestuen/Downloads/_WeedyRice/WeedyRice-RGBMS-DB/Multispectral/DJI_DateTime_2024_06_04_09_18_0086_lat_10.3020406_lon_105.2716959_alt_20.221m_RE.TIF""]",/home/hyggestuen/Downloads/_WeedyRice/WeedyRice-RGBMS-DB/Masks/DJI_DateTime_2024_06_04_09_18_0086_lat_10.3020406_lon_105.2716959_alt_20.221m.png,2024_06_04_09,train
DJI_DateTime_2024_06_04_09_18_0087_lat_10.3020864_lon_105.2716646_alt_20.189m,/home/hyggestuen/Downloads/_WeedyRice/WeedyRice-RGBMS-DB/RGB/DJI_DateTime_2024_06_04_09_18_0087_lat_10.3020864_lon_105.2716646_alt_20.189m.JPG,,"[""/home/hyggestuen/Downloads/_WeedyRice/WeedyRice-RGBMS-DB/Multispectral/DJI_DateTime_2024_06_04_09_18_0087_lat_10.3020864_lon_105.2716646_alt_20.189m_G.TIF"", ""/home/hyggestuen/Downloads/_WeedyRice/WeedyRice-RGBMS-DB/Multispectral/DJI_DateTime_2024_06_04_09_18_0087_lat_10.3020864_lon_105.2716646_alt_20.189m_NIR.TIF"", ""/home/hyggestuen/Downloads/_WeedyRice/WeedyRice-RGBMS-DB/Multispectral/DJI_DateTime_2024_06_04_09_18_0087_lat_10.3020864_lon_105.2716646_alt_20.189m_R.TIF"", ""/home/hyggestuen/Downloads/_WeedyRice/WeedyRice-RGBMS-DB/Multispectral/DJI_DateTime_2024_06_04_09_18_0087_lat_10.3020864_lon_105.2716646_alt_20.189m_RE.TIF""]",/home/hyggestuen/Downloads/_WeedyRice/WeedyRice-RGBMS-DB/Masks/DJI_DateTime_2024_06_04_09_18_0087_lat_10.3020864_lon_105.2716646_alt_20.189m.png,2024_06_04_09,train
DJI_DateTime_2024_06_04_09_19_0101_lat_10.3019920_lon_105.2718346_alt_20.207m,/home/hyggestuen/Downloads/_WeedyRice/WeedyRice-RGBMS-DB/RGB/DJI_DateTime_2024_06_04_09_19_0101_lat_10.3019920_lon_105.2718346_alt_20.207m.JPG,,"[""/home/hyggestuen/Downloads/_WeedyRice/WeedyRice-RGBMS-DB/Multispectral/DJI_DateTime_2024_06_04_09_19_0101_lat_10.3019920_lon_105.2718346_alt_20.207m_G.TIF"", ""/home/hyggestuen/Downloads/_WeedyRice/WeedyRice-RGBMS-DB/Multispectral/DJI_DateTime_2024_06_04_09_19_0101_lat_10.3019920_lon_105.2718346_alt_20.207m_NIR.TIF"", ""/home/hyggestuen/Downloads/_WeedyRice/WeedyRice-RGBMS-DB/Multispectral/DJI_DateTime_2024_06_04_09_19_0101_lat_10.3019920_lon_105.2718346_alt_20.207m_R.TIF"", ""/home/hyggestuen/Downloads/_WeedyRice/WeedyRice-RGBMS-DB/Multispectral/DJI_DateTime_2024_06_04_09_19_0101_lat_10.3019920_lon_105.2718346_alt_20.207m_RE.TIF""]",/home/hyggestuen/Downloads/_WeedyRice/WeedyRice-RGBMS-DB/Masks/DJI_DateTime_2024_06_04_09_19_0101_lat_10.3019920_lon_105.2718346_alt_20.207m.png,2024_06_04_09,train
DJI_DateTime_2024_06_04_09_19_0102_lat_10.3019443_lon_105.2718668_alt_20.218m,/home/hyggestuen/Downloads/_WeedyRice/WeedyRice-RGBMS-DB/RGB/DJI_DateTime_2024_06_04_09_19_0102_lat_10.3019443_lon_105.2718668_alt_20.218m.JPG,,"[""/home/hyggestuen/Downloads/_WeedyRice/WeedyRice-RGBMS-DB/Multispectral/DJI_DateTime_2024_06_04_09_19_0102_lat_10.3019443_lon_105.2718668_alt_20.218m_G.TIF"", ""/home/hyggestuen/Downloads/_WeedyRice/WeedyRice-RGBMS-DB/Multispectral/DJI_DateTime_2024_06_04_09_19_0102_lat_10.3019443_lon_105.2718668_alt_20.218m_NIR.TIF"", ""/home/hyggestuen/Downloads/_WeedyRice/WeedyRice-RGBMS-DB/Multispectral/DJI_DateTime_2024_06_04_09_19_0102_lat_10.3019443_lon_105.2718668_alt_20.218m_R.TIF"", ""/home/hyggestuen/Downloads/_WeedyRice/WeedyRice-RGBMS-DB/Multispectral/DJI_DateTime_2024_06_04_09_19_0102_lat_10.3019443_lon_105.2718668_alt_20.218m_RE.TIF""]",/home/hyggestuen/Downloads/_WeedyRice/WeedyRice-RGBMS-DB/Masks/DJI_DateTime_2024_06_04_09_19_0102_lat_10.3019443_lon_105.2718668_alt_20.218m.png,2024_06_04_09,train
DJI_DateTime_2024_06_04_09_19_0103_lat_10.3018964_lon_105.2718985_alt_20.239m,/home/hyggestuen/Downloads/_WeedyRice/WeedyRice-RGBMS-DB/RGB/DJI_DateTime_2024_06_04_09_19_0103_lat_10.3018964_lon_105.2718985_alt_20.239m.JPG,,"[""/home/hyggestuen/Downloads/_WeedyRice/WeedyRice-RGBMS-DB/Multispectral/DJI_DateTime_2024_06_04_09_19_0103_lat_10.3018964_lon_105.2718985_alt_20.239m_G.TIF"", ""/home/hyggestuen/Downloads/_WeedyRice/WeedyRice-RGBMS-DB/Multispectral/DJI_DateTime_2024_06_04_09_19_0103_lat_10.3018964_lon_105.2718985_alt_20.239m_NIR.TIF"", ""/home/hyggestuen/Downloads/_WeedyRice/WeedyRice-RGBMS-DB/Multispectral/DJI_DateTime_2024_06_04_09_19_0103_lat_10.3018964_lon_105.2718985_alt_20.239m_R.TIF"", ""/home/hyggestuen/Downloads/_WeedyRice/WeedyRice-RGBMS-DB/Multispectral/DJI_DateTime_2024_06_04_09_19_0103_lat_10.3018964_lon_105.2718985_alt_20.239m_RE.TIF""]",/home/hyggestuen/Downloads/_WeedyRice/WeedyRice-RGBMS-DB/Masks/DJI_DateTime_2024_06_04_09_19_0103_lat_10.3018964_lon_105.2718985_alt_20.239m.png,2024_06_04_09,train
DJI_DateTime_2024_06_04_09_19_0104_lat_10.3018489_lon_105.2719297_alt_20.235m,/home/hyggestuen/Downloads/_WeedyRice/WeedyRice-RGBMS-DB/RGB/DJI_DateTime_2024_06_04_09_19_0104_lat_10.3018489_lon_105.2719297_alt_20.235m.JPG,,"[""/home/hyggestuen/Downloads/_WeedyRice/WeedyRice-RGBMS-DB/Multispectral/DJI_DateTime_2024_06_04_09_19_0104_lat_10.3018489_lon_105.2719297_alt_20.235m_G.TIF"", ""/home/hyggestuen/Downloads/_WeedyRice/WeedyRice-RGBMS-DB/Multispectral/DJI_DateTime_2024_06_04_09_19_0104_lat_10.3018489_lon_105.2719297_alt_20.235m_NIR.TIF"", ""/home/hyggestuen/Downloads/_WeedyRice/WeedyRice-RGBMS-DB/Multispectral/DJI_DateTime_2024_06_04_09_19_0104_lat_10.3018489_lon_105.2719297_alt_20.235m_R.TIF"", ""/home/hyggestuen/Downloads/_WeedyRice/WeedyRice-RGBMS-DB/Multispectral/DJI_DateTime_2024_06_04_09_19_0104_lat_10.3018489_lon_105.2719297_alt_20.235m_RE.TIF""]",/home/hyggestuen/Downloads/_WeedyRice/WeedyRice-RGBMS-DB/Masks/DJI_DateTime_2024_06_04_09_19_0104_lat_10.3018489_lon_105.2719297_alt_20.235m.png,2024_06_04_09,train
DJI_DateTime_2024_06_04_09_20_0105_lat_10.3018006_lon_105.2719609_alt_20.239m,/home/hyggestuen/Downloads/_WeedyRice/WeedyRice-RGBMS-DB/RGB/DJI_DateTime_2024_06_04_09_20_0105_lat_10.3018006_lon_105.2719609_alt_20.239m.JPG,,"[""/home/hyggestuen/Downloads/_WeedyRice/WeedyRice-RGBMS-DB/Multispectral/DJI_DateTime_2024_06_04_09_20_0105_lat_10.3018006_lon_105.2719609_alt_20.239m_G.TIF"", ""/home/hyggestuen/Downloads/_WeedyRice/WeedyRice-RGBMS-DB/Multispectral/DJI_DateTime_2024_06_04_09_20_0105_lat_10.3018006_lon_105.2719609_alt_20.239m_NIR.TIF"", ""/home/hyggestuen/Downloads/_WeedyRice/WeedyRice-RGBMS-DB/Multispectral/DJI_DateTime_2024_06_04_09_20_0105_lat_10.3018006_lon_105.2719609_alt_20.239m_R.TIF"", ""/home/hyggestuen/Downloads/_WeedyRice/WeedyRice-RGBMS-DB/Multispectral/DJI_DateTime_2024_06_04_09_20_0105_lat_10.3018006_lon_105.2719609_alt_20.239m_RE.TIF""]",/home/hyggestuen/Downloads/_WeedyRice/WeedyRice-RGBMS-DB/Masks/DJI_DateTime_2024_06_04_09_20_0105_lat_10.3018006_lon_105.2719609_alt_20.239m.png,2024_06_04_09,train
DJI_DateTime_2024_06_04_09_20_0106_lat_10.3017528_lon_105.2719928_alt_20.256m,/home/hyggestuen/Downloads/_WeedyRice/WeedyRice-RGBMS-DB/RGB/DJI_DateTime_2024_06_04_09_20_0106_lat_10.3017528_lon_105.2719928_alt_20.256m.JPG,,"[""/home/hyggestuen/Downloads/_WeedyRice/WeedyRice-RGBMS-DB/Multispectral/DJI_DateTime_2024_06_04_09_20_0106_lat_10.3017528_lon_105.2719928_alt_20.256m_G.TIF"", ""/home/hyggestuen/Downloads/_WeedyRice/WeedyRice-RGBMS-DB/Multispectral/DJI_DateTime_2024_06_04_09_20_0106_lat_10.3017528_lon_105.2719928_alt_20.256m_NIR.TIF"", ""/home/hyggestuen/Downloads/_WeedyRice/WeedyRice-RGBMS-DB/Multispectral/DJI_DateTime_2024_06_04_09_20_0106_lat_10.3017528_lon_105.2719928_alt_20.256m_R.TIF"", ""/home/hyggestuen/Downloads/_WeedyRice/WeedyRice-RGBMS-DB/Multispectral/DJI_DateTime_2024_06_04_09_20_0106_lat_10.3017528_lon_105.2719928_alt_20.256m_RE.TIF""]",/home/hyggestuen/Downloads/_WeedyRice/WeedyRice-RGBMS-DB/Masks/DJI_DateTime_2024_06_04_09_20_0106_lat_10.3017528_lon_105.2719928_alt_20.256m.png,2024_06_04_09,train
DJI_DateTime_2024_06_04_09_20_0107_lat_10.3017051_lon_105.2720244_alt_20.191m,/home/hyggestuen/Downloads/_WeedyRice/WeedyRice-RGBMS-DB/RGB/DJI_DateTime_2024_06_04_09_20_0107_lat_10.3017051_lon_105.2720244_alt_20.191m.JPG,,"[""/home/hyggestuen/Downloads/_WeedyRice/WeedyRice-RGBMS-DB/Multispectral/DJI_DateTime_2024_06_04_09_20_0107_lat_10.3017051_lon_105.2720244_alt_20.191m_G.TIF"", ""/home/hyggestuen/Downloads/_WeedyRice/WeedyRice-RGBMS-DB/Multispectral/DJI_DateTime_2024_06_04_09_20_0107_lat_10.3017051_lon_105.2720244_alt_20.191m_NIR.TIF"", ""/home/hyggestuen/Downloads/_WeedyRice/WeedyRice-RGBMS-DB/Multispectral/DJI_DateTime_2024_06_04_09_20_0107_lat_10.3017051_lon_105.2720244_alt_20.191m_R.TIF"", ""/home/hyggestuen/Downloads/_WeedyRice/WeedyRice-RGBMS-DB/Multispectral/DJI_DateTime_2024_06_04_09_20_0107_lat_10.3017051_lon_105.2720244_alt_20.191m_RE.TIF""]",/home/hyggestuen/Downloads/_WeedyRice/WeedyRice-RGBMS-DB/Masks/DJI_DateTime_2024_06_04_09_20_0107_lat_10.3017051_lon_105.2720244_alt_20.191m.png,2024_06_04_09,train
DJI_DateTime_2024_06_04_09_20_0108_lat_10.3016570_lon_105.2720565_alt_20.205m,/home/hyggestuen/Downloads/_WeedyRice/WeedyRice-RGBMS-DB/RGB/DJI_DateTime_2024_06_04_09_20_0108_lat_10.3016570_lon_105.2720565_alt_20.205m.JPG,,"[""/home/hyggestuen/Downloads/_WeedyRice/WeedyRice-RGBMS-DB/Multispectral/DJI_DateTime_2024_06_04_09_20_0108_lat_10.3016570_lon_105.2720565_alt_20.205m_G.TIF"", ""/home/hyggestuen/Downloads/_WeedyRice/WeedyRice-RGBMS-DB/Multispectral/DJI_DateTime_2024_06_04_09_20_0108_lat_10.3016570_lon_105.2720565_alt_20.205m_NIR.TIF"", ""/home/hyggestuen/Downloads/_WeedyRice/WeedyRice-RGBMS-DB/Multispectral/DJI_DateTime_2024_06_04_09_20_0108_lat_10.3016570_lon_105.2720565_alt_20.205m_R.TIF"", ""/home/hyggestuen/Downloads/_WeedyRice/WeedyRice-RGBMS-DB/Multispectral/DJI_DateTime_2024_06_04_09_20_0108_lat_10.3016570_lon_105.2720565_alt_20.205m_RE.TIF""]",/home/hyggestuen/Downloads/_WeedyRice/WeedyRice-RGBMS-DB/Masks/DJI_DateTime_2024_06_04_09_20_0108_lat_10.3016570_lon_105.2720565_alt_20.205m.png,2024_06_04_09,train
DJI_DateTime_2024_06_04_09_20_0109_lat_10.3016096_lon_105.2720870_alt_20.218m,/home/hyggestuen/Downloads/_WeedyRice/WeedyRice-RGBMS-DB/RGB/DJI_DateTime_2024_06_04_09_20_0109_lat_10.3016096_lon_105.2720870_alt_20.218m.JPG,,"[""/home/hyggestuen/Downloads/_WeedyRice/WeedyRice-RGBMS-DB/Multispectral/DJI_DateTime_2024_06_04_09_20_0109_lat_10.3016096_lon_105.2720870_alt_20.218m_G.TIF"", ""/home/hyggestuen/Downloads/_WeedyRice/WeedyRice-RGBMS-DB/Multispectral/DJI_DateTime_2024_06_04_09_20_0109_lat_10.3016096_lon_105.2720870_alt_20.218m_NIR.TIF"", ""/home/hyggestuen/Downloads/_WeedyRice/WeedyRice-RGBMS-DB/Multispectral/DJI_DateTime_2024_06_04_09_20_0109_lat_10.3016096_lon_105.2720870_alt_20.218m_R.TIF"", ""/home/hyggestuen/Downloads/_WeedyRice/WeedyRice-RGBMS-DB/Multispectral/DJI_DateTime_2024_06_04_09_20_0109_lat_10.3016096_lon_105.2720870_alt_20.218m_RE.TIF""]",/home/hyggestuen/Downloads/_WeedyRice/WeedyRice-RGBMS-DB/Masks/DJI_DateTime_2024_06_04_09_20_0109_lat_10.3016096_lon_105.2720870_alt_20.218m.png,2024_06_04_09,train
DJI_DateTime_2024_06_04_09_20_0110_lat_10.3015620_lon_105.2721183_alt_20.219m,/home/hyggestuen/Downloads/_WeedyRice/WeedyRice-RGBMS-DB/RGB/DJI_DateTime_2024_06_04_09_20_0110_lat_10.3015620_lon_105.2721183_alt_20.219m.JPG,,"[""/home/hyggestuen/Downloads/_WeedyRice/WeedyRice-RGBMS-DB/Multispectral/DJI_DateTime_2024_06_04_09_20_0110_lat_10.3015620_lon_105.2721183_alt_20.219m_G.TIF"", ""/home/hyggestuen/Downloads/_WeedyRice/WeedyRice-RGBMS-DB/Multispectral/DJI_DateTime_2024_06_04_09_20_0110_lat_10.3015620_lon_105.2721183_alt_20.219m_NIR.TIF"", ""/home/hyggestuen/Downloads/_WeedyRice/WeedyRice-RGBMS-DB/Multispectral/DJI_DateTime_2024_06_04_09_20_0110_lat_10.3015620_lon_105.2721183_alt_20.219m_R.TIF"", ""/home/hyggestuen/Downloads/_WeedyRice/WeedyRice-RGBMS-DB/Multispectral/DJI_DateTime_2024_06_04_09_20_0110_lat_10.3015620_lon_105.2721183_alt_20.219m_RE.TIF""]",/home/hyggestuen/Downloads/_WeedyRice/WeedyRice-RGBMS-DB/Masks/DJI_DateTime_2024_06_04_09_20_0110_lat_10.3015620_lon_105.2721183_alt_20.219m.png,2024_06_04_09,train
DJI_DateTime_2024_06_04_09_20_0111_lat_10.3015142_lon_105.2721497_alt_20.208m,/home/hyggestuen/Downloads/_WeedyRice/WeedyRice-RGBMS-DB/RGB/DJI_DateTime_2024_06_04_09_20_0111_lat_10.3015142_lon_105.2721497_alt_20.208m.JPG,,"[""/home/hyggestuen/Downloads/_WeedyRice/WeedyRice-RGBMS-DB/Multispectral/DJI_DateTime_2024_06_04_09_20_0111_lat_10.3015142_lon_105.2721497_alt_20.208m_G.TIF"", ""/home/hyggestuen/Downloads/_WeedyRice/WeedyRice-RGBMS-DB/Multispectral/DJI_DateTime_2024_06_04_09_20_0111_lat_10.3015142_lon_105.2721497_alt_20.208m_NIR.TIF"", ""/home/hyggestuen/Downloads/_WeedyRice/WeedyRice-RGBMS-DB/Multispectral/DJI_DateTime_2024_06_04_09_20_0111_lat_10.3015142_lon_105.2721497_alt_20.208m_R.TIF"", ""/home/hyggestuen/Downloads/_WeedyRice/WeedyRice-RGBMS-DB/Multispectral/DJI_DateTime_2024_06_04_09_20_0111_lat_10.3015142_lon_105.2721497_alt_20.208m_RE.TIF""]",/home/hyggestuen/Downloads/_WeedyRice/WeedyRice-RGBMS-DB/Masks/DJI_DateTime_2024_06_04_09_20_0111_lat_10.3015142_lon_105.2721497_alt_20.208m.png,2024_06_04_09,train
DJI_DateTime_2024_06_04_09_20_0112_lat_10.3014667_lon_105.2721811_alt_20.208m,/home/hyggestuen/Downloads/_WeedyRice/WeedyRice-RGBMS-DB/RGB/DJI_DateTime_2024_06_04_09_20_0112_lat_10.3014667_lon_105.2721811_alt_20.208m.JPG,,"[""/home/hyggestuen/Downloads/_WeedyRice/WeedyRice-RGBMS-DB/Multispectral/DJI_DateTime_2024_06_04_09_20_0112_lat_10.3014667_lon_105.2721811_alt_20.208m_G.TIF"", ""/home/hyggestuen/Downloads/_WeedyRice/WeedyRice-RGBMS-DB/Multispectral/DJI_DateTime_2024_06_04_09_20_0112_lat_10.3014667_lon_105.2721811_alt_20.208m_NIR.TIF"", ""/home/hyggestuen/Downloads/_WeedyRice/WeedyRice-RGBMS-DB/Multispectral/DJI_DateTime_2024_06_04_09_20_0112_lat_10.3014667_lon_105.2721811_alt_20.208m_R.TIF"", ""/home/hyggestuen/Downloads/_WeedyRice/WeedyRice-RGBMS-DB/Multispectral/DJI_DateTime_2024_06_04_09_20_0112_lat_10.3014667_lon_105.2721811_alt_20.208m_RE.TIF""]",/home/hyggestuen/Downloads/_WeedyRice/WeedyRice-RGBMS-DB/Masks/DJI_DateTime_2024_06_04_09_20_0112_lat_10.3014667_lon_105.2721811_alt_20.208m.png,2024_06_04_09,train
DJI_DateTime_2024_06_04_09_20_0113_lat_10.3014194_lon_105.2722128_alt_20.218m,/home/hyggestuen/Downloads/_WeedyRice/WeedyRice-RGBMS-DB/RGB/DJI_DateTime_2024_06_04_09_20_0113_lat_10.3014194_lon_105.2722128_alt_20.218m.JPG,,"[""/home/hyggestuen/Downloads/_WeedyRice/WeedyRice-RGBMS-DB/Multispectral/DJI_DateTime_2024_06_04_09_20_0113_lat_10.3014194_lon_105.2722128_alt_20.218m_G.TIF"", ""/home/hyggestuen/Downloads/_WeedyRice/WeedyRice-RGBMS-DB/Multispectral/DJI_DateTime_2024_06_04_09_20_0113_lat_10.3014194_lon_105.2722128_alt_20.218m_NIR.TIF"", ""/home/hyggestuen/Downloads/_WeedyRice/WeedyRice-RGBMS-DB/Multispectral/DJI_DateTime_2024_06_04_09_20_0113_lat_10.3014194_lon_105.2722128_alt_20.218m_R.TIF"", ""/home/hyggestuen/Downloads/_WeedyRice/WeedyRice-RGBMS-DB/Multispectral/DJI_DateTime_2024_06_04_09_20_0113_lat_10.3014194_lon_105.2722128_alt_20.218m_RE.TIF""]",/home/hyggestuen/Downloads/_WeedyRice/WeedyRice-RGBMS-DB/Masks/DJI_DateTime_2024_06_04_09_20_0113_lat_10.3014194_lon_105.2722128_alt_20.218m.png,2024_06_04_09,train
DJI_DateTime_2024_06_04_09_20_0114_lat_10.3013718_lon_105.2722446_alt_20.179m,/home/hyggestuen/Downloads/_WeedyRice/WeedyRice-RGBMS-DB/RGB/DJI_DateTime_2024_06_04_09_20_0114_lat_10.3013718_lon_105.2722446_alt_20.179m.JPG,,"[""/home/hyggestuen/Downloads/_WeedyRice/WeedyRice-RGBMS-DB/Multispectral/DJI_DateTime_2024_06_04_09_20_0114_lat_10.3013718_lon_105.2722446_alt_20.179m_G.TIF"", ""/home/hyggestuen/Downloads/_WeedyRice/WeedyRice-RGBMS-DB/Multispectral/DJI_DateTime_2024_06_04_09_20_0114_lat_10.3013718_lon_105.2722446_alt_20.179m_NIR.TIF"", ""/home/hyggestuen/Downloads/_WeedyRice/WeedyRice-RGBMS-DB/Multispectral/DJI_DateTime_2024_06_04_09_20_0114_lat_10.3013718_lon_105.2722446_alt_20.179m_R.TIF"", ""/home/hyggestuen/Downloads/_WeedyRice/WeedyRice-RGBMS-DB/Multispectral/DJI_DateTime_2024_06_04_09_20_0114_lat_10.3013718_lon_105.2722446_alt_20.179m_RE.TIF""]",/home/hyggestuen/Downloads/_WeedyRice/WeedyRice-RGBMS-DB/Masks/DJI_DateTime_2024_06_04_09_20_0114_lat_10.3013718_lon_105.2722446_alt_20.179m.png,2024_06_04_09,train
DJI_DateTime_2024_06_04_09_20_0115_lat_10.3013236_lon_105.2722764_alt_20.223m,/home/hyggestuen/Downloads/_WeedyRice/WeedyRice-RGBMS-DB/RGB/DJI_DateTime_2024_06_04_09_20_0115_lat_10.3013236_lon_105.2722764_alt_20.223m.JPG,,"[""/home/hyggestuen/Downloads/_WeedyRice/WeedyRice-RGBMS-DB/Multispectral/DJI_DateTime_2024_06_04_09_20_0115_lat_10.3013236_lon_105.2722764_alt_20.223m_G.TIF"", ""/home/hyggestuen/Downloads/_WeedyRice/WeedyRice-RGBMS-DB/Multispectral/DJI_DateTime_2024_06_04_09_20_0115_lat_10.3013236_lon_105.2722764_alt_20.223m_NIR.TIF"", ""/home/hyggestuen/Downloads/_WeedyRice/WeedyRice-RGBMS-DB/Multispectral/DJI_DateTime_2024_06_04_09_20_0115_lat_10.3013236_lon_105.2722764_alt_20.223m_R.TIF"", ""/home/hyggestuen/Downloads/_WeedyRice/WeedyRice-RGBMS-DB/Multispectral/DJI_DateTime_2024_06_04_09_20_0115_lat_10.3013236_lon_105.2722764_alt_20.223m_RE.TIF""]",/home/hyggestuen/Downloads/_WeedyRice/WeedyRice-RGBMS-DB/Masks/DJI_DateTime_2024_06_04_09_20_0115_lat_10.3013236_lon_105.2722764_alt_20.223m.png,2024_06_04_09,train
DJI_DateTime_2024_06_04_09_20_0116_lat_10.3012759_lon_105.2723077_alt_20.189m,/home/hyggestuen/Downloads/_WeedyRice/WeedyRice-RGBMS-DB/RGB/DJI_DateTime_2024_06_04_09_20_0116_lat_10.3012759_lon_105.2723077_alt_20.189m.JPG,,"[""/home/hyggestuen/Downloads/_WeedyRice/WeedyRice-RGBMS-DB/Multispectral/DJI_DateTime_2024_06_04_09_20_0116_lat_10.3012759_lon_105.2723077_alt_20.189m_G.TIF"", ""/home/hyggestuen/Downloads/_WeedyRice/WeedyRice-RGBMS-DB/Multispectral/DJI_DateTime_2024_06_04_09_20_0116_lat_10.3012759_lon_105.2723077_alt_20.189m_NIR.TIF"", ""/home/hyggestuen/Downloads/_WeedyRice/WeedyRice-RGBMS-DB/Multispectral/DJI_DateTime_2024_06_04_09_20_0116_lat_10.3012759_lon_105.2723077_alt_20.189m_R.TIF"", ""/home/hyggestuen/Downloads/_WeedyRice/WeedyRice-RGBMS-DB/Multispectral/DJI_DateTime_2024_06_04_09_20_0116_lat_10.3012759_lon_105.2723077_alt_20.189m_RE.TIF""]",/home/hyggestuen/Downloads/_WeedyRice/WeedyRice-RGBMS-DB/Masks/DJI_DateTime_2024_06_04_09_20_0116_lat_10.3012759_lon_105.2723077_alt_20.189m.png,2024_06_04_09,train
DJI_DateTime_2024_06_04_09_20_0117_lat_10.3012285_lon_105.2723387_alt_20.171m,/home/hyggestuen/Downloads/_WeedyRice/WeedyRice-RGBMS-DB/RGB/DJI_DateTime_2024_06_04_09_20_0117_lat_10.3012285_lon_105.2723387_alt_20.171m.JPG,,"[""/home/hyggestuen/Downloads/_WeedyRice/WeedyRice-RGBMS-DB/Multispectral/DJI_DateTime_2024_06_04_09_20_0117_lat_10.3012285_lon_105.2723387_alt_20.171m_G.TIF"", ""/home/hyggestuen/Downloads/_WeedyRice/WeedyRice-RGBMS-DB/Multispectral/DJI_DateTime_2024_06_04_09_20_0117_lat_10.3012285_lon_105.2723387_alt_20.171m_NIR.TIF"", ""/home/hyggestuen/Downloads/_WeedyRice/WeedyRice-RGBMS-DB/Multispectral/DJI_DateTime_2024_06_04_09_20_0117_lat_10.3012285_lon_105.2723387_alt_20.171m_R.TIF"", ""/home/hyggestuen/Downloads/_WeedyRice/WeedyRice-RGBMS-DB/Multispectral/DJI_DateTime_2024_06_04_09_20_0117_lat_10.3012285_lon_105.2723387_alt_20.171m_RE.TIF""]",/home/hyggestuen/Downloads/_WeedyRice/WeedyRice-RGBMS-DB/Masks/DJI_DateTime_2024_06_04_09_20_0117_lat_10.3012285_lon_105.2723387_alt_20.171m.png,2024_06_04_09,train
DJI_DateTime_2024_06_04_09_20_0118_lat_10.3011802_lon_105.2723710_alt_20.195m,/home/hyggestuen/Downloads/_WeedyRice/WeedyRice-RGBMS-DB/RGB/DJI_DateTime_2024_06_04_09_20_0118_lat_10.3011802_lon_105.2723710_alt_20.195m.JPG,,"[""/home/hyggestuen/Downloads/_WeedyRice/WeedyRice-RGBMS-DB/Multispectral/DJI_DateTime_2024_06_04_09_20_0118_lat_10.3011802_lon_105.2723710_alt_20.195m_G.TIF"", ""/home/hyggestuen/Downloads/_WeedyRice/WeedyRice-RGBMS-DB/Multispectral/DJI_DateTime_2024_06_04_09_20_0118_lat_10.3011802_lon_105.2723710_alt_20.195m_NIR.TIF"", ""/home/hyggestuen/Downloads/_WeedyRice/WeedyRice-RGBMS-DB/Multispectral/DJI_DateTime_2024_06_04_09_20_0118_lat_10.3011802_lon_105.2723710_alt_20.195m_R.TIF"", ""/home/hyggestuen/Downloads/_WeedyRice/WeedyRice-RGBMS-DB/Multispectral/DJI_DateTime_2024_06_04_09_20_0118_lat_10.3011802_lon_105.2723710_alt_20.195m_RE.TIF""]",/home/hyggestuen/Downloads/_WeedyRice/WeedyRice-RGBMS-DB/Masks/DJI_DateTime_2024_06_04_09_20_0118_lat_10.3011802_lon_105.2723710_alt_20.195m.png,2024_06_04_09,train
DJI_DateTime_2024_06_04_09_20_0119_lat_10.3011328_lon_105.2724032_alt_20.255m,/home/hyggestuen/Downloads/_WeedyRice/WeedyRice-RGBMS-DB/RGB/DJI_DateTime_2024_06_04_09_20_0119_lat_10.3011328_lon_105.2724032_alt_20.255m.JPG,,"[""/home/hyggestuen/Downloads/_WeedyRice/WeedyRice-RGBMS-DB/Multispectral/DJI_DateTime_2024_06_04_09_20_0119_lat_10.3011328_lon_105.2724032_alt_20.255m_G.TIF"", ""/home/hyggestuen/Downloads/_WeedyRice/WeedyRice-RGBMS-DB/Multispectral/DJI_DateTime_2024_06_04_09_20_0119_lat_10.3011328_lon_105.2724032_alt_20.255m_NIR.TIF"", ""/home/hyggestuen/Downloads/_WeedyRice/WeedyRice-RGBMS-DB/Multispectral/DJI_DateTime_2024_06_04_09_20_0119_lat_10.3011328_lon_105.2724032_alt_20.255m_R.TIF"", ""/home/hyggestuen/Downloads/_WeedyRice/WeedyRice-RGBMS-DB/Multispectral/DJI_DateTime_2024_06_04_09_20_0119_lat_10.3011328_lon_105.2724032_alt_20.255m_RE.TIF""]",/home/hyggestuen/Downloads/_WeedyRice/WeedyRice-RGBMS-DB/Masks/DJI_DateTime_2024_06_04_09_20_0119_lat_10.3011328_lon_105.2724032_alt_20.255m.png,2024_06_04_09,train
DJI_DateTime_2024_06_04_09_20_0120_lat_10.3010847_lon_105.2724341_alt_20.181m,/home/hyggestuen/Downloads/_WeedyRice/WeedyRice-RGBMS-DB/RGB/DJI_DateTime_2024_06_04_09_20_0120_lat_10.3010847_lon_105.2724341_alt_20.181m.JPG,,"[""/home/hyggestuen/Downloads/_WeedyRice/WeedyRice-RGBMS-DB/Multispectral/DJI_DateTime_2024_06_04_09_20_0120_lat_10.3010847_lon_105.2724341_alt_20.181m_G.TIF"", ""/home/hyggestuen/Downloads/_WeedyRice/WeedyRice-RGBMS-DB/Multispectral/DJI_DateTime_2024_06_04_09_20_0120_lat_10.3010847_lon_105.2724341_alt_20.181m_NIR.TIF"", ""/home/hyggestuen/Downloads/_WeedyRice/WeedyRice-RGBMS-DB/Multispectral/DJI_DateTime_2024_06_04_09_20_0120_lat_10.3010847_lon_105.2724341_alt_20.181m_R.TIF"", ""/home/hyggestuen/Downloads/_WeedyRice/WeedyRice-RGBMS-DB/Multispectral/DJI_DateTime_2024_06_04_09_20_0120_lat_10.3010847_lon_105.2724341_alt_20.181m_RE.TIF""]",/home/hyggestuen/Downloads/_WeedyRice/WeedyRice-RGBMS-DB/Masks/DJI_DateTime_2024_06_04_09_20_0120_lat_10.3010847_lon_105.2724341_alt_20.181m.png,2024_06_04_09,train
DJI_DateTime_2024_06_04_09_20_0121_lat_10.3010368_lon_105.2724642_alt_20.195m,/home/hyggestuen/Downloads/_WeedyRice/WeedyRice-RGBMS-DB/RGB/DJI_DateTime_2024_06_04_09_20_0121_lat_10.3010368_lon_105.2724642_alt_20.195m.JPG,,"[""/home/hyggestuen/Downloads/_WeedyRice/WeedyRice-RGBMS-DB/Multispectral/DJI_DateTime_2024_06_04_09_20_0121_lat_10.3010368_lon_105.2724642_alt_20.195m_G.TIF"", ""/home/hyggestuen/Downloads/_WeedyRice/WeedyRice-RGBMS-DB/Multispectral/DJI_DateTime_2024_06_04_09_20_0121_lat_10.3010368_lon_105.2724642_alt_20.195m_NIR.TIF"", ""/home/hyggestuen/Downloads/_WeedyRice/WeedyRice-RGBMS-DB/Multispectral/DJI_DateTime_2024_06_04_09_20_0121_lat_10.3010368_lon_105.2724642_alt_20.195m_R.TIF"", ""/home/hyggestuen/Downloads/_WeedyRice/WeedyRice-RGBMS-DB/Multispectral/DJI_DateTime_2024_06_04_09_20_0121_lat_10.3010368_lon_105.2724642_alt_20.195m_RE.TIF""]",/home/hyggestuen/Downloads/_WeedyRice/WeedyRice-RGBMS-DB/Masks/DJI_DateTime_2024_06_04_09_20_0121_lat_10.3010368_lon_105.2724642_alt_20.195m.png,2024_06_04_09,train
DJI_DateTime_2024_06_04_09_21_0124_lat_10.3011147_lon_105.2725183_alt_20.104m,/home/hyggestuen/Downloads/_WeedyRice/WeedyRice-RGBMS-DB/RGB/DJI_DateTime_2024_06_04_09_21_0124_lat_10.3011147_lon_105.2725183_alt_20.104m.JPG,,"[""/home/hyggestuen/Downloads/_WeedyRice/WeedyRice-RGBMS-DB/Multispectral/DJI_DateTime_2024_06_04_09_21_0124_lat_10.3011147_lon_105.2725183_alt_20.104m_G.TIF"", ""/home/hyggestuen/Downloads/_WeedyRice/WeedyRice-RGBMS-DB/Multispectral/DJI_DateTime_2024_06_04_09_21_0124_lat_10.3011147_lon_105.2725183_alt_20.104m_NIR.TIF"", ""/home/hyggestuen/Downloads/_WeedyRice/WeedyRice-RGBMS-DB/Multispectral/DJI_DateTime_2024_06_04_09_21_0124_lat_10.3011147_lon_105.2725183_alt_20.104m_R.TIF"", ""/home/hyggestuen/Downloads/_WeedyRice/WeedyRice-RGBMS-DB/Multispectral/DJI_DateTime_2024_06_04_09_21_0124_lat_10.3011147_lon_105.2725183_alt_20.104m_RE.TIF""]",/home/hyggestuen/Downloads/_WeedyRice/WeedyRice-RGBMS-DB/Masks/DJI_DateTime_2024_06_04_09_21_0124_lat_10.3011147_lon_105.2725183_alt_20.104m.png,2024_06_04_09,train
DJI_DateTime_2024_06_04_09_21_0125_lat_10.3011630_lon_105.2724863_alt_20.206m,/home/hyggestuen/Downloads/_WeedyRice/WeedyRice-RGBMS-DB/RGB/DJI_DateTime_2024_06_04_09_21_0125_lat_10.3011630_lon_105.2724863_alt_20.206m.JPG,,"[""/home/hyggestuen/Downloads/_WeedyRice/WeedyRice-RGBMS-DB/Multispectral/DJI_DateTime_2024_06_04_09_21_0125_lat_10.3011630_lon_105.2724863_alt_20.206m_G.TIF"", ""/home/hyggestuen/Downloads/_WeedyRice/WeedyRice-RGBMS-DB/Multispectral/DJI_DateTime_2024_06_04_09_21_0125_lat_10.3011630_lon_105.2724863_alt_20.206m_NIR.TIF"", ""/home/hyggestuen/Downloads/_WeedyRice/WeedyRice-RGBMS-DB/Multispectral/DJI_DateTime_2024_06_04_09_21_0125_lat_10.3011630_lon_105.2724863_alt_20.206m_R.TIF"", ""/home/hyggestuen/Downloads/_WeedyRice/WeedyRice-RGBMS-DB/Multispectral/DJI_DateTime_2024_06_04_09_21_0125_lat_10.3011630_lon_105.2724863_alt_20.206m_RE.TIF""]",/home/hyggestuen/Downloads/_WeedyRice/WeedyRice-RGBMS-DB/Masks/DJI_DateTime_2024_06_04_09_21_0125_lat_10.3011630_lon_105.2724863_alt_20.206m.png,2024_06_04_09,train
DJI_DateTime_2024_06_04_09_21_0126_lat_10.3012115_lon_105.2724544_alt_20.201m,/home/hyggestuen/Downloads/_WeedyRice/WeedyRice-RGBMS-DB/RGB/DJI_DateTime_2024_06_04_09_21_0126_lat_10.3012115_lon_105.2724544_alt_20.201m.JPG,,"[""/home/hyggestuen/Downloads/_WeedyRice/WeedyRice-RGBMS-DB/Multispectral/DJI_DateTime_2024_06_04_09_21_0126_lat_10.3012115_lon_105.2724544_alt_20.201m_G.TIF"", ""/home/hyggestuen/Downloads/_WeedyRice/WeedyRice-RGBMS-DB/Multispectral/DJI_DateTime_2024_06_04_09_21_0126_lat_10.3012115_lon_105.2724544_alt_20.201m_NIR.TIF"", ""/home/hyggestuen/Downloads/_WeedyRice/WeedyRice-RGBMS-DB/Multispectral/DJI_DateTime_2024_06_04_09_21_0126_lat_10.3012115_lon_105.2724544_alt_20.201m_R.TIF"", ""/home/hyggestuen/Downloads/_WeedyRice/WeedyRice-RGBMS-DB/Multispectral/DJI_DateTime_2024_06_04_09_21_0126_lat_10.3012115_lon_105.2724544_alt_20.201m_RE.TIF""]",/home/hyggestuen/Downloads/_WeedyRice/WeedyRice-RGBMS-DB/Masks/DJI_DateTime_2024_06_04_09_21_0126_lat_10.3012115_lon_105.2724544_alt_20.201m.png,2024_06_04_09,train
DJI_DateTime_2024_06_04_09_21_0128_lat_10.3013080_lon_105.2723910_alt_20.174m,/home/hyggestuen/Downloads/_WeedyRice/WeedyRice-RGBMS-DB/RGB/DJI_DateTime_2024_06_04_09_21_0128_lat_10.3013080_lon_105.2723910_alt_20.174m.JPG,,"[""/home/hyggestuen/Downloads/_WeedyRice/WeedyRice-RGBMS-DB/Multispectral/DJI_DateTime_2024_06_04_09_21_0128_lat_10.3013080_lon_105.2723910_alt_20.174m_G.TIF"", ""/home/hyggestuen/Downloads/_WeedyRice/WeedyRice-RGBMS-DB/Multispectral/DJI_DateTime_2024_06_04_09_21_0128_lat_10.3013080_lon_105.2723910_alt_20.174m_NIR.TIF"", ""/home/hyggestuen/Downloads/_WeedyRice/WeedyRice-RGBMS-DB/Multispectral/DJI_DateTime_2024_06_04_09_21_0128_lat_10.3013080_lon_105.2723910_alt_20.174m_R.TIF"", ""/home/hyggestuen/Downloads/_WeedyRice/WeedyRice-RGBMS-DB/Multispectral/DJI_DateTime_2024_06_04_09_21_0128_lat_10.3013080_lon_105.2723910_alt_20.174m_RE.TIF""]",/home/hyggestuen/Downloads/_WeedyRice/WeedyRice-RGBMS-DB/Masks/DJI_DateTime_2024_06_04_09_21_0128_lat_10.3013080_lon_105.2723910_alt_20.174m.png,2024_06_04_09,train
DJI_DateTime_2024_06_04_09_21_0129_lat_10.3013543_lon_105.2723608_alt_20.182m,/home/hyggestuen/Downloads/_WeedyRice/WeedyRice-RGBMS-DB/RGB/DJI_DateTime_2024_06_04_09_21_0129_lat_10.3013543_lon_105.2723608_alt_20.182m.JPG,,"[""/home/hyggestuen/Downloads/_WeedyRice/WeedyRice-RGBMS-DB/Multispectral/DJI_DateTime_2024_06_04_09_21_0129_lat_10.3013543_lon_105.2723608_alt_20.182m_G.TIF"", ""/home/hyggestuen/Downloads/_WeedyRice/WeedyRice-RGBMS-DB/Multispectral/DJI_DateTime_2024_06_04_09_21_0129_lat_10.3013543_lon_105.2723608_alt_20.182m_NIR.TIF"", ""/home/hyggestuen/Downloads/_WeedyRice/WeedyRice-RGBMS-DB/Multispectral/DJI_DateTime_2024_06_04_09_21_0129_lat_10.3013543_lon_105.2723608_alt_20.182m_R.TIF"", ""/home/hyggestuen/Downloads/_WeedyRice/WeedyRice-RGBMS-DB/Multispectral/DJI_DateTime_2024_06_04_09_21_0129_lat_10.3013543_lon_105.2723608_alt_20.182m_RE.TIF""]",/home/hyggestuen/Downloads/_WeedyRice/WeedyRice-RGBMS-DB/Masks/DJI_DateTime_2024_06_04_09_21_0129_lat_10.3013543_lon_105.2723608_alt_20.182m.png,2024_06_04_09,train
DJI_DateTime_2024_06_04_09_21_0130_lat_10.3014020_lon_105.2723300_alt_20.194m,/home/hyggestuen/Downloads/_WeedyRice/WeedyRice-RGBMS-DB/RGB/DJI_DateTime_2024_06_04_09_21_0130_lat_10.3014020_lon_105.2723300_alt_20.194m.JPG,,"[""/home/hyggestuen/Downloads/_WeedyRice/WeedyRice-RGBMS-DB/Multispectral/DJI_DateTime_2024_06_04_09_21_0130_lat_10.3014020_lon_105.2723300_alt_20.194m_G.TIF"", ""/home/hyggestuen/Downloads/_WeedyRice/WeedyRice-RGBMS-DB/Multispectral/DJI_DateTime_2024_06_04_09_21_0130_lat_10.3014020_lon_105.2723300_alt_20.194m_NIR.TIF"", ""/home/hyggestuen/Downloads/_WeedyRice/WeedyRice-RGBMS-DB/Multispectral/DJI_DateTime_2024_06_04_09_21_0130_lat_10.3014020_lon_105.2723300_alt_20.194m_R.TIF"", ""/home/hyggestuen/Downloads/_WeedyRice/WeedyRice-RGBMS-DB/Multispectral/DJI_DateTime_2024_06_04_09_21_0130_lat_10.3014020_lon_105.2723300_alt_20.194m_RE.TIF""]",/home/hyggestuen/Downloads/_WeedyRice/WeedyRice-RGBMS-DB/Masks/DJI_DateTime_2024_06_04_09_21_0130_lat_10.3014020_lon_105.2723300_alt_20.194m.png,2024_06_04_09,train
DJI_DateTime_2024_06_04_09_21_0131_lat_10.3014497_lon_105.2722987_alt_20.214m,/home/hyggestuen/Downloads/_WeedyRice/WeedyRice-RGBMS-DB/RGB/DJI_DateTime_2024_06_04_09_21_0131_lat_10.3014497_lon_105.2722987_alt_20.214m.JPG,,"[""/home/hyggestuen/Downloads/_WeedyRice/WeedyRice-RGBMS-DB/Multispectral/DJI_DateTime_2024_06_04_09_21_0131_lat_10.3014497_lon_105.2722987_alt_20.214m_G.TIF"", ""/home/hyggestuen/Downloads/_WeedyRice/WeedyRice-RGBMS-DB/Multispectral/DJI_DateTime_2024_06_04_09_21_0131_lat_10.3014497_lon_105.2722987_alt_20.214m_NIR.TIF"", ""/home/hyggestuen/Downloads/_WeedyRice/WeedyRice-RGBMS-DB/Multispectral/DJI_DateTime_2024_06_04_09_21_0131_lat_10.3014497_lon_105.2722987_alt_20.214m_R.TIF"", ""/home/hyggestuen/Downloads/_WeedyRice/WeedyRice-RGBMS-DB/Multispectral/DJI_DateTime_2024_06_04_09_21_0131_lat_10.3014497_lon_105.2722987_alt_20.214m_RE.TIF""]",/home/hyggestuen/Downloads/_WeedyRice/WeedyRice-RGBMS-DB/Masks/DJI_DateTime_2024_06_04_09_21_0131_lat_10.3014497_lon_105.2722987_alt_20.214m.png,2024_06_04_09,train
DJI_DateTime_2024_06_04_09_21_0132_lat_10.3014971_lon_105.2722675_alt_20.168m,/home/hyggestuen/Downloads/_WeedyRice/WeedyRice-RGBMS-DB/RGB/DJI_DateTime_2024_06_04_09_21_0132_lat_10.3014971_lon_105.2722675_alt_20.168m.JPG,,"[""/home/hyggestuen/Downloads/_WeedyRice/WeedyRice-RGBMS-DB/Multispectral/DJI_DateTime_2024_06_04_09_21_0132_lat_10.3014971_lon_105.2722675_alt_20.168m_G.TIF"", ""/home/hyggestuen/Downloads/_WeedyRice/WeedyRice-RGBMS-DB/Multispectral/DJI_DateTime_2024_06_04_09_21_0132_lat_10.3014971_lon_105.2722675_alt_20.168m_NIR.TIF"", ""/home/hyggestuen/Downloads/_WeedyRice/WeedyRice-RGBMS-DB/Multispectral/DJI_DateTime_2024_06_04_09_21_0132_lat_10.3014971_lon_105.2722675_alt_20.168m_R.TIF"", ""/home/hyggestuen/Downloads/_WeedyRice/WeedyRice-RGBMS-DB/Multispectral/DJI_DateTime_2024_06_04_09_21_0132_lat_10.3014971_lon_105.2722675_alt_20.168m_RE.TIF""]",/home/hyggestuen/Downloads/_WeedyRice/WeedyRice-RGBMS-DB/Masks/DJI_DateTime_2024_06_04_09_21_0132_lat_10.3014971_lon_105.2722675_alt_20.168m.png,2024_06_04_09,train
DJI_DateTime_2024_06_04_09_21_0133_lat_10.3015453_lon_105.2722357_alt_20.198m,/home/hyggestuen/Downloads/_WeedyRice/WeedyRice-RGBMS-DB/RGB/DJI_DateTime_2024_06_04_09_21_0133_lat_10.3015453_lon_105.2722357_alt_20.198m.JPG,,"[""/home/hyggestuen/Downloads/_WeedyRice/WeedyRice-RGBMS-DB/Multispectral/DJI_DateTime_2024_06_04_09_21_0133_lat_10.3015453_lon_105.2722357_alt_20.198m_G.TIF"", ""/home/hyggestuen/Downloads/_WeedyRice/WeedyRice-RGBMS-DB/Multispectral/DJI_DateTime_2024_06_04_09_21_0133_lat_10.3015453_lon_105.2722357_alt_20.198m_NIR.TIF"", ""/home/hyggestuen/Downloads/_WeedyRice/WeedyRice-RGBMS-DB/Multispectral/DJI_DateTime_2024_06_04_09_21_0133_lat_10.3015453_lon_105.2722357_alt_20.198m_R.TIF"", ""/home/hyggestuen/Downloads/_WeedyRice/WeedyRice-RGBMS-DB/Multispectral/DJI_DateTime_2024_06_04_09_21_0133_lat_10.3015453_lon_105.2722357_alt_20.198m_RE.TIF""]",/home/hyggestuen/Downloads/_WeedyRice/WeedyRice-RGBMS-DB/Masks/DJI_DateTime_2024_06_04_09_21_0133_lat_10.3015453_lon_105.2722357_alt_20.198m.png,2024_06_04_09,train
DJI_DateTime_2024_06_04_09_21_0134_lat_10.3015931_lon_105.2722039_alt_20.204m,/home/hyggestuen/Downloads/_WeedyRice/WeedyRice-RGBMS-DB/RGB/DJI_DateTime_2024_06_04_09_21_0134_lat_10.3015931_lon_105.2722039_alt_20.204m.JPG,,"[""/home/hyggestuen/Downloads/_WeedyRice/WeedyRice-RGBMS-DB/Multispectral/DJI_DateTime_2024_06_04_09_21_0134_lat_10.3015931_lon_105.2722039_alt_20.204m_G.TIF"", ""/home/hyggestuen/Downloads/_WeedyRice/WeedyRice-RGBMS-DB/Multispectral/DJI_DateTime_2024_06_04_09_21_0134_lat_10.3015931_lon_105.2722039_alt_20.204m_NIR.TIF"", ""/home/hyggestuen/Downloads/_WeedyRice/WeedyRice-RGBMS-DB/Multispectral/DJI_DateTime_2024_06_04_09_21_0134_lat_10.3015931_lon_105.2722039_alt_20.204m_R.TIF"", ""/home/hyggestuen/Downloads/_WeedyRice/WeedyRice-RGBMS-DB/Multispectral/DJI_DateTime_2024_06_04_09_21_0134_lat_10.3015931_lon_105.2722039_alt_20.204m_RE.TIF""]",/home/hyggestuen/Downloads/_WeedyRice/WeedyRice-RGBMS-DB/Masks/DJI_DateTime_2024_06_04_09_21_0134_lat_10.3015931_lon_105.2722039_alt_20.204m.png,2024_06_04_09,train
DJI_DateTime_2024_06_04_09_21_0135_lat_10.3016416_lon_105.2721720_alt_20.207m,/home/hyggestuen/Downloads/_WeedyRice/WeedyRice-RGBMS-DB/RGB/DJI_DateTime_2024_06_04_09_21_0135_lat_10.3016416_lon_105.2721720_alt_20.207m.JPG,,"[""/home/hyggestuen/Downloads/_WeedyRice/WeedyRice-RGBMS-DB/Multispectral/DJI_DateTime_2024_06_04_09_21_0135_lat_10.3016416_lon_105.2721720_alt_20.207m_G.TIF"", ""/home/hyggestuen/Downloads/_WeedyRice/WeedyRice-RGBMS-DB/Multispectral/DJI_DateTime_2024_06_04_09_21_0135_lat_10.3016416_lon_105.2721720_alt_20.207m_NIR.TIF"", ""/home/hyggestuen/Downloads/_WeedyRice/WeedyRice-RGBMS-DB/Multispectral/DJI_DateTime_2024_06_04_09_21_0135_lat_10.3016416_lon_105.2721720_alt_20.207m_R.TIF"", ""/home/hyggestuen/Downloads/_WeedyRice/WeedyRice-RGBMS-DB/Multispectral/DJI_DateTime_2024_06_04_09_21_0135_lat_10.3016416_lon_105.2721720_alt_20.207m_RE.TIF""]",/home/hyggestuen/Downloads/_WeedyRice/WeedyRice-RGBMS-DB/Masks/DJI_DateTime_2024_06_04_09_21_0135_lat_10.3016416_lon_105.2721720_alt_20.207m.png,2024_06_04_09,train
DJI_DateTime_2024_06_04_09_21_0136_lat_10.3016887_lon_105.2721404_alt_20.130m,/home/hyggestuen/Downloads/_WeedyRice/WeedyRice-RGBMS-DB/RGB/DJI_DateTime_2024_06_04_09_21_0136_lat_10.3016887_lon_105.2721404_alt_20.130m.JPG,,"[""/home/hyggestuen/Downloads/_WeedyRice/WeedyRice-RGBMS-DB/Multispectral/DJI_DateTime_2024_06_04_09_21_0136_lat_10.3016887_lon_105.2721404_alt_20.130m_G.TIF"", ""/home/hyggestuen/Downloads/_WeedyRice/WeedyRice-RGBMS-DB/Multispectral/DJI_DateTime_2024_06_04_09_21_0136_lat_10.3016887_lon_105.2721404_alt_20.130m_NIR.TIF"", ""/home/hyggestuen/Downloads/_WeedyRice/WeedyRice-RGBMS-DB/Multispectral/DJI_DateTime_2024_06_04_09_21_0136_lat_10.3016887_lon_105.2721404_alt_20.130m_R.TIF"", ""/home/hyggestuen/Downloads/_WeedyRice/WeedyRice-RGBMS-DB/Multispectral/DJI_DateTime_2024_06_04_09_21_0136_lat_10.3016887_lon_105.2721404_alt_20.130m_RE.TIF""]",/home/hyggestuen/Downloads/_WeedyRice/WeedyRice-RGBMS-DB/Masks/DJI_DateTime_2024_06_04_09_21_0136_lat_10.3016887_lon_105.2721404_alt_20.130m.png,2024_06_04_09,train
DJI_DateTime_2024_06_04_09_21_0137_lat_10.3017362_lon_105.2721097_alt_20.134m,/home/hyggestuen/Downloads/_WeedyRice/WeedyRice-RGBMS-DB/RGB/DJI_DateTime_2024_06_04_09_21_0137_lat_10.3017362_lon_105.2721097_alt_20.134m.JPG,,"[""/home/hyggestuen/Downloads/_WeedyRice/WeedyRice-RGBMS-DB/Multispectral/DJI_DateTime_2024_06_04_09_21_0137_lat_10.3017362_lon_105.2721097_alt_20.134m_G.TIF"", ""/home/hyggestuen/Downloads/_WeedyRice/WeedyRice-RGBMS-DB/Multispectral/DJI_DateTime_2024_06_04_09_21_0137_lat_10.3017362_lon_105.2721097_alt_20.134m_NIR.TIF"", ""/home/hyggestuen/Downloads/_WeedyRice/WeedyRice-RGBMS-DB/Multispectral/DJI_DateTime_2024_06_04_09_21_0137_lat_10.3017362_lon_105.2721097_alt_20.134m_R.TIF"", ""/home/hyggestuen/Downloads/_WeedyRice/WeedyRice-RGBMS-DB/Multispectral/DJI_DateTime_2024_06_04_09_21_0137_lat_10.3017362_lon_105.2721097_alt_20.134m_RE.TIF""]",/home/hyggestuen/Downloads/_WeedyRice/WeedyRice-RGBMS-DB/Masks/DJI_DateTime_2024_06_04_09_21_0137_lat_10.3017362_lon_105.2721097_alt_20.134m.png,2024_06_04_09,train
DJI_DateTime_2024_06_04_09_21_0138_lat_10.3017845_lon_105.2720785_alt_20.271m,/home/hyggestuen/Downloads/_WeedyRice/WeedyRice-RGBMS-DB/RGB/DJI_DateTime_2024_06_04_09_21_0138_lat_10.3017845_lon_105.2720785_alt_20.271m.JPG,,"[""/home/hyggestuen/Downloads/_WeedyRice/WeedyRice-RGBMS-DB/Multispectral/DJI_DateTime_2024_06_04_09_21_0138_lat_10.3017845_lon_105.2720785_alt_20.271m_G.TIF"", ""/home/hyggestuen/Downloads/_WeedyRice/WeedyRice-RGBMS-DB/Multispectral/DJI_DateTime_2024_06_04_09_21_0138_lat_10.3017845_lon_105.2720785_alt_20.271m_NIR.TIF"", ""/home/hyggestuen/Downloads/_WeedyRice/WeedyRice-RGBMS-DB/Multispectral/DJI_DateTime_2024_06_04_09_21_0138_lat_10.3017845_lon_105.2720785_alt_20.271m_R.TIF"", ""/home/hyggestuen/Downloads/_WeedyRice/WeedyRice-RGBMS-DB/Multispectral/DJI_DateTime_2024_06_04_09_21_0138_lat_10.3017845_lon_105.2720785_alt_20.271m_RE.TIF""]",/home/hyggestuen/Downloads/_WeedyRice/WeedyRice-RGBMS-DB/Masks/DJI_DateTime_2024_06_04_09_21_0138_lat_10.3017845_lon_105.2720785_alt_20.271m.png,2024_06_04_09,train
DJI_DateTime_2024_06_04_09_22_0139_lat_10.3018322_lon_105.2720472_alt_20.167m,/home/hyggestuen/Downloads/_WeedyRice/WeedyRice-RGBMS-DB/RGB/DJI_DateTime_2024_06_04_09_22_0139_lat_10.3018322_lon_105.2720472_alt_20.167m.JPG,,"[""/home/hyggestuen/Downloads/_WeedyRice/WeedyRice-RGBMS-DB/Multispectral/DJI_DateTime_2024_06_04_09_22_0139_lat_10.3018322_lon_105.2720472_alt_20.167m_G.TIF"", ""/home/hyggestuen/Downloads/_WeedyRice/WeedyRice-RGBMS-DB/Multispectral/DJI_DateTime_2024_06_04_09_22_0139_lat_10.3018322_lon_105.2720472_alt_20.167m_NIR.TIF"", ""/home/hyggestuen/Downloads/_WeedyRice/WeedyRice-RGBMS-DB/Multispectral/DJI_DateTime_2024_06_04_09_22_0139_lat_10.3018322_lon_105.2720472_alt_20.167m_R.TIF"", ""/home/hyggestuen/Downloads/_WeedyRice/WeedyRice-RGBMS-DB/Multispectral/DJI_DateTime_2024_06_04_09_22_0139_lat_10.3018322_lon_105.2720472_alt_20.167m_RE.TIF""]",/home/hyggestuen/Downloads/_WeedyRice/WeedyRice-RGBMS-DB/Masks/DJI_DateTime_2024_06_04_09_22_0139_lat_10.3018322_lon_105.2720472_alt_20.167m.png,2024_06_04_09,train
DJI_DateTime_2024_06_04_09_22_0140_lat_10.3018809_lon_105.2720157_alt_20.195m,/home/hyggestuen/Downloads/_WeedyRice/WeedyRice-RGBMS-DB/RGB/DJI_DateTime_2024_06_04_09_22_0140_lat_10.3018809_lon_105.2720157_alt_20.195m.JPG,,"[""/home/hyggestuen/Downloads/_WeedyRice/WeedyRice-RGBMS-DB/Multispectral/DJI_DateTime_2024_06_04_09_22_0140_lat_10.3018809_lon_105.2720157_alt_20.195m_G.TIF"", ""/home/hyggestuen/Downloads/_WeedyRice/WeedyRice-RGBMS-DB/Multispectral/DJI_DateTime_2024_06_04_09_22_0140_lat_10.3018809_lon_105.2720157_alt_20.195m_NIR.TIF"", ""/home/hyggestuen/Downloads/_WeedyRice/WeedyRice-RGBMS-DB/Multispectral/DJI_DateTime_2024_06_04_09_22_0140_lat_10.3018809_lon_105.2720157_alt_20.195m_R.TIF"", ""/home/hyggestuen/Downloads/_WeedyRice/WeedyRice-RGBMS-DB/Multispectral/DJI_DateTime_2024_06_04_09_22_0140_lat_10.3018809_lon_105.2720157_alt_20.195m_RE.TIF""]",/home/hyggestuen/Downloads/_WeedyRice/WeedyRice-RGBMS-DB/Masks/DJI_DateTime_2024_06_04_09_22_0140_lat_10.3018809_lon_105.2720157_alt_20.195m.png,2024_06_04_09,train
DJI_DateTime_2024_06_04_09_22_0141_lat_10.3019288_lon_105.2719840_alt_20.173m,/home/hyggestuen/Downloads/_WeedyRice/WeedyRice-RGBMS-DB/RGB/DJI_DateTime_2024_06_04_09_22_0141_lat_10.3019288_lon_105.2719840_alt_20.173m.JPG,,"[""/home/hyggestuen/Downloads/_WeedyRice/WeedyRice-RGBMS-DB/Multispectral/DJI_DateTime_2024_06_04_09_22_0141_lat_10.3019288_lon_105.2719840_alt_20.173m_G.TIF"", ""/home/hyggestuen/Downloads/_WeedyRice/WeedyRice-RGBMS-DB/Multispectral/DJI_DateTime_2024_06_04_09_22_0141_lat_10.3019288_lon_105.2719840_alt_20.173m_NIR.TIF"", ""/home/hyggestuen/Downloads/_WeedyRice/WeedyRice-RGBMS-DB/Multispectral/DJI_DateTime_2024_06_04_09_22_0141_lat_10.3019288_lon_105.2719840_alt_20.173m_R.TIF"", ""/home/hyggestuen/Downloads/_WeedyRice/WeedyRice-RGBMS-DB/Multispectral/DJI_DateTime_2024_06_04_09_22_0141_lat_10.3019288_lon_105.2719840_alt_20.173m_RE.TIF""]",/home/hyggestuen/Downloads/_WeedyRice/WeedyRice-RGBMS-DB/Masks/DJI_DateTime_2024_06_04_09_22_0141_lat_10.3019288_lon_105.2719840_alt_20.173m.png,2024_06_04_09,train
DJI_DateTime_2024_06_04_09_22_0142_lat_10.3019774_lon_105.2719526_alt_20.209m,/home/hyggestuen/Downloads/_WeedyRice/WeedyRice-RGBMS-DB/RGB/DJI_DateTime_2024_06_04_09_22_0142_lat_10.3019774_lon_105.2719526_alt_20.209m.JPG,,"[""/home/hyggestuen/Downloads/_WeedyRice/WeedyRice-RGBMS-DB/Multispectral/DJI_DateTime_2024_06_04_09_22_0142_lat_10.3019774_lon_105.2719526_alt_20.209m_G.TIF"", ""/home/hyggestuen/Downloads/_WeedyRice/WeedyRice-RGBMS-DB/Multispectral/DJI_DateTime_2024_06_04_09_22_0142_lat_10.3019774_lon_105.2719526_alt_20.209m_NIR.TIF"", ""/home/hyggestuen/Downloads/_WeedyRice/WeedyRice-RGBMS-DB/Multispectral/DJI_DateTime_2024_06_04_09_22_0142_lat_10.3019774_lon_105.2719526_alt_20.209m_R.TIF"", ""/home/hyggestuen/Downloads/_WeedyRice/WeedyRice-RGBMS-DB/Multispectral/DJI_DateTime_2024_06_04_09_22_0142_lat_10.3019774_lon_105.2719526_alt_20.209m_RE.TIF""]",/home/hyggestuen/Downloads/_WeedyRice/WeedyRice-RGBMS-DB/Masks/DJI_DateTime_2024_06_04_09_22_0142_lat_10.3019774_lon_105.2719526_alt_20.209m.png,2024_06_04_09,train
DJI_DateTime_2024_06_04_09_22_0143_lat_10.3020244_lon_105.2719216_alt_20.239m,/home/hyggestuen/Downloads/_WeedyRice/WeedyRice-RGBMS-DB/RGB/DJI_DateTime_2024_06_04_09_22_0143_lat_10.3020244_lon_105.2719216_alt_20.239m.JPG,,"[""/home/hyggestuen/Downloads/_WeedyRice/WeedyRice-RGBMS-DB/Multispectral/DJI_DateTime_2024_06_04_09_22_0143_lat_10.3020244_lon_105.2719216_alt_20.239m_G.TIF"", ""/home/hyggestuen/Downloads/_WeedyRice/WeedyRice-RGBMS-DB/Multispectral/DJI_DateTime_2024_06_04_09_22_0143_lat_10.3020244_lon_105.2719216_alt_20.239m_NIR.TIF"", ""/home/hyggestuen/Downloads/_WeedyRice/WeedyRice-RGBMS-DB/Multispectral/DJI_DateTime_2024_06_04_09_22_0143_lat_10.3020244_lon_105.2719216_alt_20.239m_R.TIF"", ""/home/hyggestuen/Downloads/_WeedyRice/WeedyRice-RGBMS-DB/Multispectral/DJI_DateTime_2024_06_04_09_22_0143_lat_10.3020244_lon_105.2719216_alt_20.239m_RE.TIF""]",/home/hyggestuen/Downloads/_WeedyRice/WeedyRice-RGBMS-DB/Masks/DJI_DateTime_2024_06_04_09_22_0143_lat_10.3020244_lon_105.2719216_alt_20.239m.png,2024_06_04_09,train
DJI_DateTime_2024_06_04_09_23_0162_lat_10.3020826_lon_105.2719921_alt_20.180m,/home/hyggestuen/Downloads/_WeedyRice/WeedyRice-RGBMS-DB/RGB/DJI_DateTime_2024_06_04_09_23_0162_lat_10.3020826_lon_105.2719921_alt_20.180m.JPG,,"[""/home/hyggestuen/Downloads/_WeedyRice/WeedyRice-RGBMS-DB/Multispectral/DJI_DateTime_2024_06_04_09_23_0162_lat_10.3020826_lon_105.2719921_alt_20.180m_G.TIF"", ""/home/hyggestuen/Downloads/_WeedyRice/WeedyRice-RGBMS-DB/Multispectral/DJI_DateTime_2024_06_04_09_23_0162_lat_10.3020826_lon_105.2719921_alt_20.180m_NIR.TIF"", ""/home/hyggestuen/Downloads/_WeedyRice/WeedyRice-RGBMS-DB/Multispectral/DJI_DateTime_2024_06_04_09_23_0162_lat_10.3020826_lon_105.2719921_alt_20.180m_R.TIF"", ""/home/hyggestuen/Downloads/_WeedyRice/WeedyRice-RGBMS-DB/Multispectral/DJI_DateTime_2024_06_04_09_23_0162_lat_10.3020826_lon_105.2719921_alt_20.180m_RE.TIF""]",/home/hyggestuen/Downloads/_WeedyRice/WeedyRice-RGBMS-DB/Masks/DJI_DateTime_2024_06_04_09_23_0162_lat_10.3020826_lon_105.2719921_alt_20.180m.png,2024_06_04_09,train
DJI_DateTime_2024_06_04_09_23_0163_lat_10.3020355_lon_105.2720236_alt_20.197m,/home/hyggestuen/Downloads/_WeedyRice/WeedyRice-RGBMS-DB/RGB/DJI_DateTime_2024_06_04_09_23_0163_lat_10.3020355_lon_105.2720236_alt_20.197m.JPG,,"[""/home/hyggestuen/Downloads/_WeedyRice/WeedyRice-RGBMS-DB/Multispectral/DJI_DateTime_2024_06_04_09_23_0163_lat_10.3020355_lon_105.2720236_alt_20.197m_G.TIF"", ""/home/hyggestuen/Downloads/_WeedyRice/WeedyRice-RGBMS-DB/Multispectral/DJI_DateTime_2024_06_04_09_23_0163_lat_10.3020355_lon_105.2720236_alt_20.197m_NIR.TIF"", ""/home/hyggestuen/Downloads/_WeedyRice/WeedyRice-RGBMS-DB/Multispectral/DJI_DateTime_2024_06_04_09_23_0163_lat_10.3020355_lon_105.2720236_alt_20.197m_R.TIF"", ""/home/hyggestuen/Downloads/_WeedyRice/WeedyRice-RGBMS-DB/Multispectral/DJI_DateTime_2024_06_04_09_23_0163_lat_10.3020355_lon_105.2720236_alt_20.197m_RE.TIF""]",/home/hyggestuen/Downloads/_WeedyRice/WeedyRice-RGBMS-DB/Masks/DJI_DateTime_2024_06_04_09_23_0163_lat_10.3020355_lon_105.2720236_alt_20.197m.png,2024_06_04_09,train
DJI_DateTime_2024_06_04_09_23_0164_lat_10.3019874_lon_105.2720552_alt_20.206m,/home/hyggestuen/Downloads/_WeedyRice/WeedyRice-RGBMS-DB/RGB/DJI_DateTime_2024_06_04_09_23_0164_lat_10.3019874_lon_105.2720552_alt_20.206m.JPG,,"[""/home/hyggestuen/Downloads/_WeedyRice/WeedyRice-RGBMS-DB/Multispectral/DJI_DateTime_2024_06_04_09_23_0164_lat_10.3019874_lon_105.2720552_alt_20.206m_G.TIF"", ""/home/hyggestuen/Downloads/_WeedyRice/WeedyRice-RGBMS-DB/Multispectral/DJI_DateTime_2024_06_04_09_23_0164_lat_10.3019874_lon_105.2720552_alt_20.206m_NIR.TIF"", ""/home/hyggestuen/Downloads/_WeedyRice/WeedyRice-RGBMS-DB/Multispectral/DJI_DateTime_2024_06_04_09_23_0164_lat_10.3019874_lon_105.2720552_alt_20.206m_R.TIF"", ""/home/hyggestuen/Downloads/_WeedyRice/WeedyRice-RGBMS-DB/Multispectral/DJI_DateTime_2024_06_04_09_23_0164_lat_10.3019874_lon_105.2720552_alt_20.206m_RE.TIF""]",/home/hyggestuen/Downloads/_WeedyRice/WeedyRice-RGBMS-DB/Masks/DJI_DateTime_2024_06_04_09_23_0164_lat_10.3019874_lon_105.2720552_alt_20.206m.png,2024_06_04_09,train
DJI_DateTime_2024_06_04_09_23_0165_lat_10.3019395_lon_105.2720873_alt_20.217m,/home/hyggestuen/Downloads/_WeedyRice/WeedyRice-RGBMS-DB/RGB/DJI_DateTime_2024_06_04_09_23_0165_lat_10.3019395_lon_105.2720873_alt_20.217m.JPG,,"[""/home/hyggestuen/Downloads/_WeedyRice/WeedyRice-RGBMS-DB/Multispectral/DJI_DateTime_2024_06_04_09_23_0165_lat_10.3019395_lon_105.2720873_alt_20.217m_G.TIF"", ""/home/hyggestuen/Downloads/_WeedyRice/WeedyRice-RGBMS-DB/Multispectral/DJI_DateTime_2024_06_04_09_23_0165_lat_10.3019395_lon_105.2720873_alt_20.217m_NIR.TIF"", ""/home/hyggestuen/Downloads/_WeedyRice/WeedyRice-RGBMS-DB/Multispectral/DJI_DateTime_2024_06_04_09_23_0165_lat_10.3019395_lon_105.2720873_alt_20.217m_R.TIF"", ""/home/hyggestuen/Downloads/_WeedyRice/WeedyRice-RGBMS-DB/Multispectral/DJI_DateTime_2024_06_04_09_23_0165_lat_10.3019395_lon_105.2720873_alt_20.217m_RE.TIF""]",/home/hyggestuen/Downloads/_WeedyRice/WeedyRice-RGBMS-DB/Masks/DJI_DateTime_2024_06_04_09_23_0165_lat_10.3019395_lon_105.2720873_alt_20.217m.png,2024_06_04_09,train
DJI_DateTime_2024_06_04_09_23_0166_lat_10.3018916_lon_105.2721180_alt_20.216m,/home/hyggestuen/Downloads/_WeedyRice/WeedyRice-RGBMS-DB/RGB/DJI_DateTime_2024_06_04_09_23_0166_lat_10.3018916_lon_105.2721180_alt_20.216m.JPG,,"[""/home/hyggestuen/Downloads/_WeedyRice/WeedyRice-RGBMS-DB/Multispectral/DJI_DateTime_2024_06_04_09_23_0166_lat_10.3018916_lon_105.2721180_alt_20.216m_G.TIF"", ""/home/hyggestuen/Downloads/_WeedyRice/WeedyRice-RGBMS-DB/Multispectral/DJI_DateTime_2024_06_04_09_23_0166_lat_10.3018916_lon_105.2721180_alt_20.216m_NIR.TIF"", ""/home/hyggestuen/Downloads/_WeedyRice/WeedyRice-RGBMS-DB/Multispectral/DJI_DateTime_2024_06_04_09_23_0166_lat_10.3018916_lon_105.2721180_alt_20.216m_R.TIF"", ""/home/hyggestuen/Downloads/_WeedyRice/WeedyRice-RGBMS-DB/Multispectral/DJI_DateTime_2024_06_04_09_23_0166_lat_10.3018916_lon_105.2721180_alt_20.216m_RE.TIF""]",/home/hyggestuen/Downloads/_WeedyRice/WeedyRice-RGBMS-DB/Masks/DJI_DateTime_2024_06_04_09_23_0166_lat_10.3018916_lon_105.2721180_alt_20.216m.png,2024_06_04_09,train
DJI_DateTime_2024_06_04_09_23_0167_lat_10.3018444_lon_105.2721492_alt_20.200m,/home/hyggestuen/Downloads/_WeedyRice/WeedyRice-RGBMS-DB/RGB/DJI_DateTime_2024_06_04_09_23_0167_lat_10.3018444_lon_105.2721492_alt_20.200m.JPG,,"[""/home/hyggestuen/Downloads/_WeedyRice/WeedyRice-RGBMS-DB/Multispectral/DJI_DateTime_2024_06_04_09_23_0167_lat_10.3018444_lon_105.2721492_alt_20.200m_G.TIF"", ""/home/hyggestuen/Downloads/_WeedyRice/WeedyRice-RGBMS-DB/Multispectral/DJI_DateTime_2024_06_04_09_23_0167_lat_10.3018444_lon_105.2721492_alt_20.200m_NIR.TIF"", ""/home/hyggestuen/Downloads/_WeedyRice/WeedyRice-RGBMS-DB/Multispectral/DJI_DateTime_2024_06_04_09_23_0167_lat_10.3018444_lon_105.2721492_alt_20.200m_R.TIF"", ""/home/hyggestuen/Downloads/_WeedyRice/WeedyRice-RGBMS-DB/Multispectral/DJI_DateTime_2024_06_04_09_23_0167_lat_10.3018444_lon_105.2721492_alt_20.200m_RE.TIF""]",/home/hyggestuen/Downloads/_WeedyRice/WeedyRice-RGBMS-DB/Masks/DJI_DateTime_2024_06_04_09_23_0167_lat_10.3018444_lon_105.2721492_alt_20.200m.png,2024_06_04_09,train
DJI_DateTime_2024_06_04_09_23_0168_lat_10.3017967_lon_105.2721809_alt_20.213m,/home/hyggestuen/Downloads/_WeedyRice/WeedyRice-RGBMS-DB/RGB/DJI_DateTime_2024_06_04_09_23_0168_lat_10.3017967_lon_105.2721809_alt_20.213m.JPG,,"[""/home/hyggestuen/Downloads/_WeedyRice/WeedyRice-RGBMS-DB/Multispectral/DJI_DateTime_2024_06_04_09_23_0168_lat_10.3017967_lon_105.2721809_alt_20.213m_G.TIF"", ""/home/hyggestuen/Downloads/_WeedyRice/WeedyRice-RGBMS-DB/Multispectral/DJI_DateTime_2024_06_04_09_23_0168_lat_10.3017967_lon_105.2721809_alt_20.213m_NIR.TIF"", ""/home/hyggestuen/Downloads/_WeedyRice/WeedyRice-RGBMS-DB/Multispectral/DJI_DateTime_2024_06_04_09_23_0168_lat_10.3017967_lon_105.2721809_alt_20.213m_R.TIF"", ""/home/hyggestuen/Downloads/_WeedyRice/WeedyRice-RGBMS-DB/Multispectral/DJI_DateTime_2024_06_04_09_23_0168_lat_10.3017967_lon_105.2721809_alt_20.213m_RE.TIF""]",/home/hyggestuen/Downloads/_WeedyRice/WeedyRice-RGBMS-DB/Masks/DJI_DateTime_2024_06_04_09_23_0168_lat_10.3017967_lon_105.2721809_alt_20.213m.png,2024_06_04_09,train
DJI_DateTime_2024_06_04_09_23_0169_lat_10.3017493_lon_105.2722121_alt_20.167m,/home/hyggestuen/Downloads/_WeedyRice/WeedyRice-RGBMS-DB/RGB/DJI_DateTime_2024_06_04_09_23_0169_lat_10.3017493_lon_105.2722121_alt_20.167m.JPG,,"[""/home/hyggestuen/Downloads/_WeedyRice/WeedyRice-RGBMS-DB/Multispectral/DJI_DateTime_2024_06_04_09_23_0169_lat_10.3017493_lon_105.2722121_alt_20.167m_G.TIF"", ""/home/hyggestuen/Downloads/_WeedyRice/WeedyRice-RGBMS-DB/Multispectral/DJI_DateTime_2024_06_04_09_23_0169_lat_10.3017493_lon_105.2722121_alt_20.167m_NIR.TIF"", ""/home/hyggestuen/Downloads/_WeedyRice/WeedyRice-RGBMS-DB/Multispectral/DJI_DateTime_2024_06_04_09_23_0169_lat_10.3017493_lon_105.2722121_alt_20.167m_R.TIF"", ""/home/hyggestuen/Downloads/_WeedyRice/WeedyRice-RGBMS-DB/Multispectral/DJI_DateTime_2024_06_04_09_23_0169_lat_10.3017493_lon_105.2722121_alt_20.167m_RE.TIF""]",/home/hyggestuen/Downloads/_WeedyRice/WeedyRice-RGBMS-DB/Masks/DJI_DateTime_2024_06_04_09_23_0169_lat_10.3017493_lon_105.2722121_alt_20.167m.png,2024_06_04_09,train
DJI_DateTime_2024_06_04_09_23_0170_lat_10.3017010_lon_105.2722449_alt_20.225m,/home/hyggestuen/Downloads/_WeedyRice/WeedyRice-RGBMS-DB/RGB/DJI_DateTime_2024_06_04_09_23_0170_lat_10.3017010_lon_105.2722449_alt_20.225m.JPG,,"[""/home/hyggestuen/Downloads/_WeedyRice/WeedyRice-RGBMS-DB/Multispectral/DJI_DateTime_2024_06_04_09_23_0170_lat_10.3017010_lon_105.2722449_alt_20.225m_G.TIF"", ""/home/hyggestuen/Downloads/_WeedyRice/WeedyRice-RGBMS-DB/Multispectral/DJI_DateTime_2024_06_04_09_23_0170_lat_10.3017010_lon_105.2722449_alt_20.225m_NIR.TIF"", ""/home/hyggestuen/Downloads/_WeedyRice/WeedyRice-RGBMS-DB/Multispectral/DJI_DateTime_2024_06_04_09_23_0170_lat_10.3017010_lon_105.2722449_alt_20.225m_R.TIF"", ""/home/hyggestuen/Downloads/_WeedyRice/WeedyRice-RGBMS-DB/Multispectral/DJI_DateTime_2024_06_04_09_23_0170_lat_10.3017010_lon_105.2722449_alt_20.225m_RE.TIF""]",/home/hyggestuen/Downloads/_WeedyRice/WeedyRice-RGBMS-DB/Masks/DJI_DateTime_2024_06_04_09_23_0170_lat_10.3017010_lon_105.2722449_alt_20.225m.png,2024_06_04_09,train
DJI_DateTime_2024_06_04_09_23_0171_lat_10.3016535_lon_105.2722765_alt_20.192m,/home/hyggestuen/Downloads/_WeedyRice/WeedyRice-RGBMS-DB/RGB/DJI_DateTime_2024_06_04_09_23_0171_lat_10.3016535_lon_105.2722765_alt_20.192m.JPG,,"[""/home/hyggestuen/Downloads/_WeedyRice/WeedyRice-RGBMS-DB/Multispectral/DJI_DateTime_2024_06_04_09_23_0171_lat_10.3016535_lon_105.2722765_alt_20.192m_G.TIF"", ""/home/hyggestuen/Downloads/_WeedyRice/WeedyRice-RGBMS-DB/Multispectral/DJI_DateTime_2024_06_04_09_23_0171_lat_10.3016535_lon_105.2722765_alt_20.192m_NIR.TIF"", ""/home/hyggestuen/Downloads/_WeedyRice/WeedyRice-RGBMS-DB/Multispectral/DJI_DateTime_2024_06_04_09_23_0171_lat_10.3016535_lon_105.2722765_alt_20.192m_R.TIF"", ""/home/hyggestuen/Downloads/_WeedyRice/WeedyRice-RGBMS-DB/Multispectral/DJI_DateTime_2024_06_04_09_23_0171_lat_10.3016535_lon_105.2722765_alt_20.192m_RE.TIF""]",/home/hyggestuen/Downloads/_WeedyRice/WeedyRice-RGBMS-DB/Masks/DJI_DateTime_2024_06_04_09_23_0171_lat_10.3016535_lon_105.2722765_alt_20.192m.png,2024_06_04_09,train
DJI_DateTime_2024_06_04_09_23_0172_lat_10.3016064_lon_105.2723081_alt_20.252m,/home/hyggestuen/Downloads/_WeedyRice/WeedyRice-RGBMS-DB/RGB/DJI_DateTime_2024_06_04_09_23_0172_lat_10.3016064_lon_105.2723081_alt_20.252m.JPG,,"[""/home/hyggestuen/Downloads/_WeedyRice/WeedyRice-RGBMS-DB/Multispectral/DJI_DateTime_2024_06_04_09_23_0172_lat_10.3016064_lon_105.2723081_alt_20.252m_G.TIF"", ""/home/hyggestuen/Downloads/_WeedyRice/WeedyRice-RGBMS-DB/Multispectral/DJI_DateTime_2024_06_04_09_23_0172_lat_10.3016064_lon_105.2723081_alt_20.252m_NIR.TIF"", ""/home/hyggestuen/Downloads/_WeedyRice/WeedyRice-RGBMS-DB/Multispectral/DJI_DateTime_2024_06_04_09_23_0172_lat_10.3016064_lon_105.2723081_alt_20.252m_R.TIF"", ""/home/hyggestuen/Downloads/_WeedyRice/WeedyRice-RGBMS-DB/Multispectral/DJI_DateTime_2024_06_04_09_23_0172_lat_10.3016064_lon_105.2723081_alt_20.252m_RE.TIF""]",/home/hyggestuen/Downloads/_WeedyRice/WeedyRice-RGBMS-DB/Masks/DJI_DateTime_2024_06_04_09_23_0172_lat_10.3016064_lon_105.2723081_alt_20.252m.png,2024_06_04_09,train
DJI_DateTime_2024_06_04_09_24_0173_lat_10.3015593_lon_105.2723398_alt_20.219m,/home/hyggestuen/Downloads/_WeedyRice/WeedyRice-RGBMS-DB/RGB/DJI_DateTime_2024_06_04_09_24_0173_lat_10.3015593_lon_105.2723398_alt_20.219m.JPG,,"[""/home/hyggestuen/Downloads/_WeedyRice/WeedyRice-RGBMS-DB/Multispectral/DJI_DateTime_2024_06_04_09_24_0173_lat_10.3015593_lon_105.2723398_alt_20.219m_G.TIF"", ""/home/hyggestuen/Downloads/_WeedyRice/WeedyRice-RGBMS-DB/Multispectral/DJI_DateTime_2024_06_04_09_24_0173_lat_10.3015593_lon_105.2723398_alt_20.219m_NIR.TIF"", ""/home/hyggestuen/Downloads/_WeedyRice/WeedyRice-RGBMS-DB/Multispectral/DJI_DateTime_2024_06_04_09_24_0173_lat_10.3015593_lon_105.2723398_alt_20.219m_R.TIF"", ""/home/hyggestuen/Downloads/_WeedyRice/WeedyRice-RGBMS-DB/Multispectral/DJI_DateTime_2024_06_04_09_24_0173_lat_10.3015593_lon_105.2723398_alt_20.219m_RE.TIF""]",/home/hyggestuen/Downloads/_WeedyRice/WeedyRice-RGBMS-DB/Masks/DJI_DateTime_2024_06_04_09_24_0173_lat_10.3015593_lon_105.2723398_alt_20.219m.png,2024_06_04_09,train
DJI_DateTime_2024_06_04_09_24_0174_lat_10.3015115_lon_105.2723709_alt_20.136m,/home/hyggestuen/Downloads/_WeedyRice/WeedyRice-RGBMS-DB/RGB/DJI_DateTime_2024_06_04_09_24_0174_lat_10.3015115_lon_105.2723709_alt_20.136m.JPG,,"[""/home/hyggestuen/Downloads/_WeedyRice/WeedyRice-RGBMS-DB/Multispectral/DJI_DateTime_2024_06_04_09_24_0174_lat_10.3015115_lon_105.2723709_alt_20.136m_G.TIF"", ""/home/hyggestuen/Downloads/_WeedyRice/WeedyRice-RGBMS-DB/Multispectral/DJI_DateTime_2024_06_04_09_24_0174_lat_10.3015115_lon_105.2723709_alt_20.136m_NIR.TIF"", ""/home/hyggestuen/Downloads/_WeedyRice/WeedyRice-RGBMS-DB/Multispectral/DJI_DateTime_2024_06_04_09_24_0174_lat_10.3015115_lon_105.2723709_alt_20.136m_R.TIF"", ""/home/hyggestuen/Downloads/_WeedyRice/WeedyRice-RGBMS-DB/Multispectral/DJI_DateTime_2024_06_04_09_24_0174_lat_10.3015115_lon_105.2723709_alt_20.136m_RE.TIF""]",/home/hyggestuen/Downloads/_WeedyRice/WeedyRice-RGBMS-DB/Masks/DJI_DateTime_2024_06_04_09_24_0174_lat_10.3015115_lon_105.2723709_alt_20.136m.png,2024_06_04_09,train
DJI_DateTime_2024_06_04_09_24_0175_lat_10.3014636_lon_105.2724023_alt_20.169m,/home/hyggestuen/Downloads/_WeedyRice/WeedyRice-RGBMS-DB/RGB/DJI_DateTime_2024_06_04_09_24_0175_lat_10.3014636_lon_105.2724023_alt_20.169m.JPG,,"[""/home/hyggestuen/Downloads/_WeedyRice/WeedyRice-RGBMS-DB/Multispectral/DJI_DateTime_2024_06_04_09_24_0175_lat_10.3014636_lon_105.2724023_alt_20.169m_G.TIF"", ""/home/hyggestuen/Downloads/_WeedyRice/WeedyRice-RGBMS-DB/Multispectral/DJI_DateTime_2024_06_04_09_24_0175_lat_10.3014636_lon_105.2724023_alt_20.169m_NIR.TIF"", ""/home/hyggestuen/Downloads/_WeedyRice/WeedyRice-RGBMS-DB/Multispectral/DJI_DateTime_2024_06_04_09_24_0175_lat_10.3014636_lon_105.2724023_alt_20.169m_R.TIF"", ""/home/hyggestuen/Downloads/_WeedyRice/WeedyRice-RGBMS-DB/Multispectral/DJI_DateTime_2024_06_04_09_24_0175_lat_10.3014636_lon_105.2724023_alt_20.169m_RE.TIF""]",/home/hyggestuen/Downloads/_WeedyRice/WeedyRice-RGBMS-DB/Masks/DJI_DateTime_2024_06_04_09_24_0175_lat_10.3014636_lon_105.2724023_alt_20.169m.png,2024_06_04_09,train
DJI_DateTime_2024_06_04_09_24_0176_lat_10.3014159_lon_105.2724334_alt_20.217m,/home/hyggestuen/Downloads/_WeedyRice/WeedyRice-RGBMS-DB/RGB/DJI_DateTime_2024_06_04_09_24_0176_lat_10.3014159_lon_105.2724334_alt_20.217m.JPG,,"[""/home/hyggestuen/Downloads/_WeedyRice/WeedyRice-RGBMS-DB/Multispectral/DJI_DateTime_2024_06_04_09_24_0176_lat_10.3014159_lon_105.2724334_alt_20.217m_G.TIF"", ""/home/hyggestuen/Downloads/_WeedyRice/WeedyRice-RGBMS-DB/Multispectral/DJI_DateTime_2024_06_04_09_24_0176_lat_10.3014159_lon_105.2724334_alt_20.217m_NIR.TIF"", ""/home/hyggestuen/Downloads/_WeedyRice/WeedyRice-RGBMS-DB/Multispectral/DJI_DateTime_2024_06_04_09_24_0176_lat_10.3014159_lon_105.2724334_alt_20.217m_R.TIF"", ""/home/hyggestuen/Downloads/_WeedyRice/WeedyRice-RGBMS-DB/Multispectral/DJI_DateTime_2024_06_04_09_24_0176_lat_10.3014159_lon_105.2724334_alt_20.217m_RE.TIF""]",/home/hyggestuen/Downloads/_WeedyRice/WeedyRice-RGBMS-DB/Masks/DJI_DateTime_2024_06_04_09_24_0176_lat_10.3014159_lon_105.2724334_alt_20.217m.png,2024_06_04_09,train
DJI_DateTime_2024_06_04_09_24_0177_lat_10.3013684_lon_105.2724650_alt_20.185m,/home/hyggestuen/Downloads/_WeedyRice/WeedyRice-RGBMS-DB/RGB/DJI_DateTime_2024_06_04_09_24_0177_lat_10.3013684_lon_105.2724650_alt_20.185m.JPG,,"[""/home/hyggestuen/Downloads/_WeedyRice/WeedyRice-RGBMS-DB/Multispectral/DJI_DateTime_2024_06_04_09_24_0177_lat_10.3013684_lon_105.2724650_alt_20.185m_G.TIF"", ""/home/hyggestuen/Downloads/_WeedyRice/WeedyRice-RGBMS-DB/Multispectral/DJI_DateTime_2024_06_04_09_24_0177_lat_10.3013684_lon_105.2724650_alt_20.185m_NIR.TIF"", ""/home/hyggestuen/Downloads/_WeedyRice/WeedyRice-RGBMS-DB/Multispectral/DJI_DateTime_2024_06_04_09_24_0177_lat_10.3013684_lon_105.2724650_alt_20.185m_R.TIF"", ""/home/hyggestuen/Downloads/_WeedyRice/WeedyRice-RGBMS-DB/Multispectral/DJI_DateTime_2024_06_04_09_24_0177_lat_10.3013684_lon_105.2724650_alt_20.185m_RE.TIF""]",/home/hyggestuen/Downloads/_WeedyRice/WeedyRice-RGBMS-DB/Masks/DJI_DateTime_2024_06_04_09_24_0177_lat_10.3013684_lon_105.2724650_alt_20.185m.png,2024_06_04_09,train
DJI_DateTime_2024_06_04_09_24_0178_lat_10.3013215_lon_105.2724959_alt_20.194m,/home/hyggestuen/Downloads/_WeedyRice/WeedyRice-RGBMS-DB/RGB/DJI_DateTime_2024_06_04_09_24_0178_lat_10.3013215_lon_105.2724959_alt_20.194m.JPG,,"[""/home/hyggestuen/Downloads/_WeedyRice/WeedyRice-RGBMS-DB/Multispectral/DJI_DateTime_2024_06_04_09_24_0178_lat_10.3013215_lon_105.2724959_alt_20.194m_G.TIF"", ""/home/hyggestuen/Downloads/_WeedyRice/WeedyRice-RGBMS-DB/Multispectral/DJI_DateTime_2024_06_04_09_24_0178_lat_10.3013215_lon_105.2724959_alt_20.194m_NIR.TIF"", ""/home/hyggestuen/Downloads/_WeedyRice/WeedyRice-RGBMS-DB/Multispectral/DJI_DateTime_2024_06_04_09_24_0178_lat_10.3013215_lon_105.2724959_alt_20.194m_R.TIF"", ""/home/hyggestuen/Downloads/_WeedyRice/WeedyRice-RGBMS-DB/Multispectral/DJI_DateTime_2024_06_04_09_24_0178_lat_10.3013215_lon_105.2724959_alt_20.194m_RE.TIF""]",/home/hyggestuen/Downloads/_WeedyRice/WeedyRice-RGBMS-DB/Masks/DJI_DateTime_2024_06_04_09_24_0178_lat_10.3013215_lon_105.2724959_alt_20.194m.png,2024_06_04_09,train
DJI_DateTime_2024_06_04_09_24_0179_lat_10.3012734_lon_105.2725273_alt_20.228m,/home/hyggestuen/Downloads/_WeedyRice/WeedyRice-RGBMS-DB/RGB/DJI_DateTime_2024_06_04_09_24_0179_lat_10.3012734_lon_105.2725273_alt_20.228m.JPG,,"[""/home/hyggestuen/Downloads/_WeedyRice/WeedyRice-RGBMS-DB/Multispectral/DJI_DateTime_2024_06_04_09_24_0179_lat_10.3012734_lon_105.2725273_alt_20.228m_G.TIF"", ""/home/hyggestuen/Downloads/_WeedyRice/WeedyRice-RGBMS-DB/Multispectral/DJI_DateTime_2024_06_04_09_24_0179_lat_10.3012734_lon_105.2725273_alt_20.228m_NIR.TIF"", ""/home/hyggestuen/Downloads/_WeedyRice/WeedyRice-RGBMS-DB/Multispectral/DJI_DateTime_2024_06_04_09_24_0179_lat_10.3012734_lon_105.2725273_alt_20.228m_R.TIF"", ""/home/hyggestuen/Downloads/_WeedyRice/WeedyRice-RGBMS-DB/Multispectral/DJI_DateTime_2024_06_04_09_24_0179_lat_10.3012734_lon_105.2725273_alt_20.228m_RE.TIF""]",/home/hyggestuen/Downloads/_WeedyRice/WeedyRice-RGBMS-DB/Masks/DJI_DateTime_2024_06_04_09_24_0179_lat_10.3012734_lon_105.2725273_alt_20.228m.png,2024_06_04_09,train
DJI_DateTime_2024_06_04_09_24_0180_lat_10.3012258_lon_105.2725595_alt_20.219m,/home/hyggestuen/Downloads/_WeedyRice/WeedyRice-RGBMS-DB/RGB/DJI_DateTime_2024_06_04_09_24_0180_lat_10.3012258_lon_105.2725595_alt_20.219m.JPG,,"[""/home/hyggestuen/Downloads/_WeedyRice/WeedyRice-RGBMS-DB/Multispectral/DJI_DateTime_2024_06_04_09_24_0180_lat_10.3012258_lon_105.2725595_alt_20.219m_G.TIF"", ""/home/hyggestuen/Downloads/_WeedyRice/WeedyRice-RGBMS-DB/Multispectral/DJI_DateTime_2024_06_04_09_24_0180_lat_10.3012258_lon_105.2725595_alt_20.219m_NIR.TIF"", ""/home/hyggestuen/Downloads/_WeedyRice/WeedyRice-RGBMS-DB/Multispectral/DJI_DateTime_2024_06_04_09_24_0180_lat_10.3012258_lon_105.2725595_alt_20.219m_R.TIF"", ""/home/hyggestuen/Downloads/_WeedyRice/WeedyRice-RGBMS-DB/Multispectral/DJI_DateTime_2024_06_04_09_24_0180_lat_10.3012258_lon_105.2725595_alt_20.219m_RE.TIF""]",/home/hyggestuen/Downloads/_WeedyRice/WeedyRice-RGBMS-DB/Masks/DJI_DateTime_2024_06_04_09_24_0180_lat_10.3012258_lon_105.2725595_alt_20.219m.png,2024_06_04_09,train
DJI_DateTime_2024_06_04_09_24_0184_lat_10.3012866_lon_105.2726258_alt_20.047m,/home/hyggestuen/Downloads/_WeedyRice/WeedyRice-RGBMS-DB/RGB/DJI_DateTime_2024_06_04_09_24_0184_lat_10.3012866_lon_105.2726258_alt_20.047m.JPG,,"[""/home/hyggestuen/Downloads/_WeedyRice/WeedyRice-RGBMS-DB/Multispectral/DJI_DateTime_2024_06_04_09_24_0184_lat_10.3012866_lon_105.2726258_alt_20.047m_G.TIF"", ""/home/hyggestuen/Downloads/_WeedyRice/WeedyRice-RGBMS-DB/Multispectral/DJI_DateTime_2024_06_04_09_24_0184_lat_10.3012866_lon_105.2726258_alt_20.047m_NIR.TIF"", ""/home/hyggestuen/Downloads/_WeedyRice/WeedyRice-RGBMS-DB/Multispectral/DJI_DateTime_2024_06_04_09_24_0184_lat_10.3012866_lon_105.2726258_alt_20.047m_R.TIF"", ""/home/hyggestuen/Downloads/_WeedyRice/WeedyRice-RGBMS-DB/Multispectral/DJI_DateTime_2024_06_04_09_24_0184_lat_10.3012866_lon_105.2726258_alt_20.047m_RE.TIF""]",/home/hyggestuen/Downloads/_WeedyRice/WeedyRice-RGBMS-DB/Masks/DJI_DateTime_2024_06_04_09_24_0184_lat_10.3012866_lon_105.2726258_alt_20.047m.png,2024_06_04_09,train
DJI_DateTime_2024_06_04_09_24_0185_lat_10.3013346_lon_105.2725940_alt_20.140m,/home/hyggestuen/Downloads/_WeedyRice/WeedyRice-RGBMS-DB/RGB/DJI_DateTime_2024_06_04_09_24_0185_lat_10.3013346_lon_105.2725940_alt_20.140m.JPG,,"[""/home/hyggestuen/Downloads/_WeedyRice/WeedyRice-RGBMS-DB/Multispectral/DJI_DateTime_2024_06_04_09_24_0185_lat_10.3013346_lon_105.2725940_alt_20.140m_G.TIF"", ""/home/hyggestuen/Downloads/_WeedyRice/WeedyRice-RGBMS-DB/Multispectral/DJI_DateTime_2024_06_04_09_24_0185_lat_10.3013346_lon_105.2725940_alt_20.140m_NIR.TIF"", ""/home/hyggestuen/Downloads/_WeedyRice/WeedyRice-RGBMS-DB/Multispectral/DJI_DateTime_2024_06_04_09_24_0185_lat_10.3013346_lon_105.2725940_alt_20.140m_R.TIF"", ""/home/hyggestuen/Downloads/_WeedyRice/WeedyRice-RGBMS-DB/Multispectral/DJI_DateTime_2024_06_04_09_24_0185_lat_10.3013346_lon_105.2725940_alt_20.140m_RE.TIF""]",/home/hyggestuen/Downloads/_WeedyRice/WeedyRice-RGBMS-DB/Masks/DJI_DateTime_2024_06_04_09_24_0185_lat_10.3013346_lon_105.2725940_alt_20.140m.png,2024_06_04_09,train
DJI_DateTime_2024_06_04_09_24_0186_lat_10.3013824_lon_105.2725620_alt_20.183m,/home/hyggestuen/Downloads/_WeedyRice/WeedyRice-RGBMS-DB/RGB/DJI_DateTime_2024_06_04_09_24_0186_lat_10.3013824_lon_105.2725620_alt_20.183m.JPG,,"[""/home/hyggestuen/Downloads/_WeedyRice/WeedyRice-RGBMS-DB/Multispectral/DJI_DateTime_2024_06_04_09_24_0186_lat_10.3013824_lon_105.2725620_alt_20.183m_G.TIF"", ""/home/hyggestuen/Downloads/_WeedyRice/WeedyRice-RGBMS-DB/Multispectral/DJI_DateTime_2024_06_04_09_24_0186_lat_10.3013824_lon_105.2725620_alt_20.183m_NIR.TIF"", ""/home/hyggestuen/Downloads/_WeedyRice/WeedyRice-RGBMS-DB/Multispectral/DJI_DateTime_2024_06_04_09_24_0186_lat_10.3013824_lon_105.2725620_alt_20.183m_R.TIF"", ""/home/hyggestuen/Downloads/_WeedyRice/WeedyRice-RGBMS-DB/Multispectral/DJI_DateTime_2024_06_04_09_24_0186_lat_10.3013824_lon_105.2725620_alt_20.183m_RE.TIF""]",/home/hyggestuen/Downloads/_WeedyRice/WeedyRice-RGBMS-DB/Masks/DJI_DateTime_2024_06_04_09_24_0186_lat_10.3013824_lon_105.2725620_alt_20.183m.png,2024_06_04_09,train
DJI_DateTime_2024_06_04_09_24_0187_lat_10.3014308_lon_105.2725307_alt_20.320m,/home/hyggestuen/Downloads/_WeedyRice/WeedyRice-RGBMS-DB/RGB/DJI_DateTime_2024_06_04_09_24_0187_lat_10.3014308_lon_105.2725307_alt_20.320m.JPG,,"[""/home/hyggestuen/Downloads/_WeedyRice/WeedyRice-RGBMS-DB/Multispectral/DJI_DateTime_2024_06_04_09_24_0187_lat_10.3014308_lon_105.2725307_alt_20.320m_G.TIF"", ""/home/hyggestuen/Downloads/_WeedyRice/WeedyRice-RGBMS-DB/Multispectral/DJI_DateTime_2024_06_04_09_24_0187_lat_10.3014308_lon_105.2725307_alt_20.320m_NIR.TIF"", ""/home/hyggestuen/Downloads/_WeedyRice/WeedyRice-RGBMS-DB/Multispectral/DJI_DateTime_2024_06_04_09_24_0187_lat_10.3014308_lon_105.2725307_alt_20.320m_R.TIF"", ""/home/hyggestuen/Downloads/_WeedyRice/WeedyRice-RGBMS-DB/Multispectral/DJI_DateTime_2024_06_04_09_24_0187_lat_10.3014308_lon_105.2725307_alt_20.320m_RE.TIF""]",/home/hyggestuen/Downloads/_WeedyRice/WeedyRice-RGBMS-DB/Masks/DJI_DateTime_2024_06_04_09_24_0187_lat_10.3014308_lon_105.2725307_alt_20.320m.png,2024_06_04_09,train
DJI_DateTime_2024_06_04_09_24_0188_lat_10.3014779_lon_105.2724987_alt_20.177m,/home/hyggestuen/Downloads/_WeedyRice/WeedyRice-RGBMS-DB/RGB/DJI_DateTime_2024_06_04_09_24_0188_lat_10.3014779_lon_105.2724987_alt_20.177m.JPG,,"[""/home/hyggestuen/Downloads/_WeedyRice/WeedyRice-RGBMS-DB/Multispectral/DJI_DateTime_2024_06_04_09_24_0188_lat_10.3014779_lon_105.2724987_alt_20.177m_G.TIF"", ""/home/hyggestuen/Downloads/_WeedyRice/WeedyRice-RGBMS-DB/Multispectral/DJI_DateTime_2024_06_04_09_24_0188_lat_10.3014779_lon_105.2724987_alt_20.177m_NIR.TIF"", ""/home/hyggestuen/Downloads/_WeedyRice/WeedyRice-RGBMS-DB/Multispectral/DJI_DateTime_2024_06_04_09_24_0188_lat_10.3014779_lon_105.2724987_alt_20.177m_R.TIF"", ""/home/hyggestuen/Downloads/_WeedyRice/WeedyRice-RGBMS-DB/Multispectral/DJI_DateTime_2024_06_04_09_24_0188_lat_10.3014779_lon_105.2724987_alt_20.177m_RE.TIF""]",/home/hyggestuen/Downloads/_WeedyRice/WeedyRice-RGBMS-DB/Masks/DJI_DateTime_2024_06_04_09_24_0188_lat_10.3014779_lon_105.2724987_alt_20.177m.png,2024_06_04_09,train
DJI_DateTime_2024_06_04_09_24_0189_lat_10.3015258_lon_105.2724678_alt_20.250m,/home/hyggestuen/Downloads/_WeedyRice/WeedyRice-RGBMS-DB/RGB/DJI_DateTime_2024_06_04_09_24_0189_lat_10.3015258_lon_105.2724678_alt_20.250m.JPG,,"[""/home/hyggestuen/Downloads/_WeedyRice/WeedyRice-RGBMS-DB/Multispectral/DJI_DateTime_2024_06_04_09_24_0189_lat_10.3015258_lon_105.2724678_alt_20.250m_G.TIF"", ""/home/hyggestuen/Downloads/_WeedyRice/WeedyRice-RGBMS-DB/Multispectral/DJI_DateTime_2024_06_04_09_24_0189_lat_10.3015258_lon_105.2724678_alt_20.250m_NIR.TIF"", ""/home/hyggestuen/Downloads/_WeedyRice/WeedyRice-RGBMS-DB/Multispectral/DJI_DateTime_2024_06_04_09_24_0189_lat_10.3015258_lon_105.2724678_alt_20.250m_R.TIF"", ""/home/hyggestuen/Downloads/_WeedyRice/WeedyRice-RGBMS-DB/Multispectral/DJI_DateTime_2024_06_04_09_24_0189_lat_10.3015258_lon_105.2724678_alt_20.250m_RE.TIF""]",/home/hyggestuen/Downloads/_WeedyRice/WeedyRice-RGBMS-DB/Masks/DJI_DateTime_2024_06_04_09_24_0189_lat_10.3015258_lon_105.2724678_alt_20.250m.png,2024_06_04_09,train
DJI_DateTime_2024_06_04_09_24_0190_lat_10.3015732_lon_105.2724356_alt_20.144m,/home/hyggestuen/Downloads/_WeedyRice/WeedyRice-RGBMS-DB/RGB/DJI_DateTime_2024_06_04_09_24_0190_lat_10.3015732_lon_105.2724356_alt_20.144m.JPG,,"[""/home/hyggestuen/Downloads/_WeedyRice/WeedyRice-RGBMS-DB/Multispectral/DJI_DateTime_2024_06_04_09_24_0190_lat_10.3015732_lon_105.2724356_alt_20.144m_G.TIF"", ""/home/hyggestuen/Downloads/_WeedyRice/WeedyRice-RGBMS-DB/Multispectral/DJI_DateTime_2024_06_04_09_24_0190_lat_10.3015732_lon_105.2724356_alt_20.144m_NIR.TIF"", ""/home/hyggestuen/Downloads/_WeedyRice/WeedyRice-RGBMS-DB/Multispectral/DJI_DateTime_2024_06_04_09_24_0190_lat_10.3015732_lon_105.2724356_alt_20.144m_R.TIF"", ""/home/hyggestuen/Downloads/_WeedyRice/WeedyRice-RGBMS-DB/Multispectral/DJI_DateTime_2024_06_04_09_24_0190_lat_10.3015732_lon_105.2724356_alt_20.144m_RE.TIF""]",/home/hyggestuen/Downloads/_WeedyRice/WeedyRice-RGBMS-DB/Masks/DJI_DateTime_2024_06_04_09_24_0190_lat_10.3015732_lon_105.2724356_alt_20.144m.png,2024_06_04_09,train
DJI_DateTime_2024_06_04_09_25_0191_lat_10.3016221_lon_105.2724034_alt_20.236m,/home/hyggestuen/Downloads/_WeedyRice/WeedyRice-RGBMS-DB/RGB/DJI_DateTime_2024_06_04_09_25_0191_lat_10.3016221_lon_105.2724034_alt_20.236m.JPG,,"[""/home/hyggestuen/Downloads/_WeedyRice/WeedyRice-RGBMS-DB/Multispectral/DJI_DateTime_2024_06_04_09_25_0191_lat_10.3016221_lon_105.2724034_alt_20.236m_G.TIF"", ""/home/hyggestuen/Downloads/_WeedyRice/WeedyRice-RGBMS-DB/Multispectral/DJI_DateTime_2024_06_04_09_25_0191_lat_10.3016221_lon_105.2724034_alt_20.236m_NIR.TIF"", ""/home/hyggestuen/Downloads/_WeedyRice/WeedyRice-RGBMS-DB/Multispectral/DJI_DateTime_2024_06_04_09_25_0191_lat_10.3016221_lon_105.2724034_alt_20.236m_R.TIF"", ""/home/hyggestuen/Downloads/_WeedyRice/WeedyRice-RGBMS-DB/Multispectral/DJI_DateTime_2024_06_04_09_25_0191_lat_10.3016221_lon_105.2724034_alt_20.236m_RE.TIF""]",/home/hyggestuen/Downloads/_WeedyRice/WeedyRice-RGBMS-DB/Masks/DJI_DateTime_2024_06_04_09_25_0191_lat_10.3016221_lon_105.2724034_alt_20.236m.png,2024_06_04_09,train
DJI_DateTime_2024_06_04_09_25_0192_lat_10.3016683_lon_105.2723725_alt_20.226m,/home/hyggestuen/Downloads/_WeedyRice/WeedyRice-RGBMS-DB/RGB/DJI_DateTime_2024_06_04_09_25_0192_lat_10.3016683_lon_105.2723725_alt_20.226m.JPG,,"[""/home/hyggestuen/Downloads/_WeedyRice/WeedyRice-RGBMS-DB/Multispectral/DJI_DateTime_2024_06_04_09_25_0192_lat_10.3016683_lon_105.2723725_alt_20.226m_G.TIF"", ""/home/hyggestuen/Downloads/_WeedyRice/WeedyRice-RGBMS-DB/Multispectral/DJI_DateTime_2024_06_04_09_25_0192_lat_10.3016683_lon_105.2723725_alt_20.226m_NIR.TIF"", ""/home/hyggestuen/Downloads/_WeedyRice/WeedyRice-RGBMS-DB/Multispectral/DJI_DateTime_2024_06_04_09_25_0192_lat_10.3016683_lon_105.2723725_alt_20.226m_R.TIF"", ""/home/hyggestuen/Downloads/_WeedyRice/WeedyRice-RGBMS-DB/Multispectral/DJI_DateTime_2024_06_04_09_25_0192_lat_10.3016683_lon_105.2723725_alt_20.226m_RE.TIF""]",/home/hyggestuen/Downloads/_WeedyRice/WeedyRice-RGBMS-DB/Masks/DJI_DateTime_2024_06_04_09_25_0192_lat_10.3016683_lon_105.2723725_alt_20.226m.png,2024_06_04_09,train
DJI_DateTime_2024_06_04_09_25_0193_lat_10.3017165_lon_105.2723406_alt_20.212m,/home/hyggestuen/Downloads/_WeedyRice/WeedyRice-RGBMS-DB/RGB/DJI_DateTime_2024_06_04_09_25_0193_lat_10.3017165_lon_105.2723406_alt_20.212m.JPG,,"[""/home/hyggestuen/Downloads/_WeedyRice/WeedyRice-RGBMS-DB/Multispectral/DJI_DateTime_2024_06_04_09_25_0193_lat_10.3017165_lon_105.2723406_alt_20.212m_G.TIF"", ""/home/hyggestuen/Downloads/_WeedyRice/WeedyRice-RGBMS-DB/Multispectral/DJI_DateTime_2024_06_04_09_25_0193_lat_10.3017165_lon_105.2723406_alt_20.212m_NIR.TIF"", ""/home/hyggestuen/Downloads/_WeedyRice/WeedyRice-RGBMS-DB/Multispectral/DJI_DateTime_2024_06_04_09_25_0193_lat_10.3017165_lon_105.2723406_alt_20.212m_R.TIF"", ""/home/hyggestuen/Downloads/_WeedyRice/WeedyRice-RGBMS-DB/Multispectral/DJI_DateTime_2024_06_04_09_25_0193_lat_10.3017165_lon_105.2723406_alt_20.212m_RE.TIF""]",/home/hyggestuen/Downloads/_WeedyRice/WeedyRice-RGBMS-DB/Masks/DJI_DateTime_2024_06_04_09_25_0193_lat_10.3017165_lon_105.2723406_alt_20.212m.png,2024_06_04_09,train
DJI_DateTime_2024_06_04_09_25_0194_lat_10.3017640_lon_105.2723092_alt_20.187m,/home/hyggestuen/Downloads/_WeedyRice/WeedyRice-RGBMS-DB/RGB/DJI_DateTime_2024_06_04_09_25_0194_lat_10.3017640_lon_105.2723092_alt_20.187m.JPG,,"[""/home/hyggestuen/Downloads/_WeedyRice/WeedyRice-RGBMS-DB/Multispectral/DJI_DateTime_2024_06_04_09_25_0194_lat_10.3017640_lon_105.2723092_alt_20.187m_G.TIF"", ""/home/hyggestuen/Downloads/_WeedyRice/WeedyRice-RGBMS-DB/Multispectral/DJI_DateTime_2024_06_04_09_25_0194_lat_10.3017640_lon_105.2723092_alt_20.187m_NIR.TIF"", ""/home/hyggestuen/Downloads/_WeedyRice/WeedyRice-RGBMS-DB/Multispectral/DJI_DateTime_2024_06_04_09_25_0194_lat_10.3017640_lon_105.2723092_alt_20.187m_R.TIF"", ""/home/hyggestuen/Downloads/_WeedyRice/WeedyRice-RGBMS-DB/Multispectral/DJI_DateTime_2024_06_04_09_25_0194_lat_10.3017640_lon_105.2723092_alt_20.187m_RE.TIF""]",/home/hyggestuen/Downloads/_WeedyRice/WeedyRice-RGBMS-DB/Masks/DJI_DateTime_2024_06_04_09_25_0194_lat_10.3017640_lon_105.2723092_alt_20.187m.png,2024_06_04_09,train
DJI_DateTime_2024_06_04_09_25_0195_lat_10.3018121_lon_105.2722776_alt_20.315m,/home/hyggestuen/Downloads/_WeedyRice/WeedyRice-RGBMS-DB/RGB/DJI_DateTime_2024_06_04_09_25_0195_lat_10.3018121_lon_105.2722776_alt_20.315m.JPG,,"[""/home/hyggestuen/Downloads/_WeedyRice/WeedyRice-RGBMS-DB/Multispectral/DJI_DateTime_2024_06_04_09_25_0195_lat_10.3018121_lon_105.2722776_alt_20.315m_G.TIF"", ""/home/hyggestuen/Downloads/_WeedyRice/WeedyRice-RGBMS-DB/Multispectral/DJI_DateTime_2024_06_04_09_25_0195_lat_10.3018121_lon_105.2722776_alt_20.315m_NIR.TIF"", ""/home/hyggestuen/Downloads/_WeedyRice/WeedyRice-RGBMS-DB/Multispectral/DJI_DateTime_2024_06_04_09_25_0195_lat_10.3018121_lon_105.2722776_alt_20.315m_R.TIF"", ""/home/hyggestuen/Downloads/_WeedyRice/WeedyRice-RGBMS-DB/Multispectral/DJI_DateTime_2024_06_04_09_25_0195_lat_10.3018121_lon_105.2722776_alt_20.315m_RE.TIF""]",/home/hyggestuen/Downloads/_WeedyRice/WeedyRice-RGBMS-DB/Masks/DJI_DateTime_2024_06_04_09_25_0195_lat_10.3018121_lon_105.2722776_alt_20.315m.png,2024_06_04_09,train
DJI_DateTime_2024_06_04_09_25_0196_lat_10.3018593_lon_105.2722463_alt_20.195m,/home/hyggestuen/Downloads/_WeedyRice/WeedyRice-RGBMS-DB/RGB/DJI_DateTime_2024_06_04_09_25_0196_lat_10.3018593_lon_105.2722463_alt_20.195m.JPG,,"[""/home/hyggestuen/Downloads/_WeedyRice/WeedyRice-RGBMS-DB/Multispectral/DJI_DateTime_2024_06_04_09_25_0196_lat_10.3018593_lon_105.2722463_alt_20.195m_G.TIF"", ""/home/hyggestuen/Downloads/_WeedyRice/WeedyRice-RGBMS-DB/Multispectral/DJI_DateTime_2024_06_04_09_25_0196_lat_10.3018593_lon_105.2722463_alt_20.195m_NIR.TIF"", ""/home/hyggestuen/Downloads/_WeedyRice/WeedyRice-RGBMS-DB/Multispectral/DJI_DateTime_2024_06_04_09_25_0196_lat_10.3018593_lon_105.2722463_alt_20.195m_R.TIF"", ""/home/hyggestuen/Downloads/_WeedyRice/WeedyRice-RGBMS-DB/Multispectral/DJI_DateTime_2024_06_04_09_25_0196_lat_10.3018593_lon_105.2722463_alt_20.195m_RE.TIF""]",/home/hyggestuen/Downloads/_WeedyRice/WeedyRice-RGBMS-DB/Masks/DJI_DateTime_2024_06_04_09_25_0196_lat_10.3018593_lon_105.2722463_alt_20.195m.png,2024_06_04_09,train
DJI_DateTime_2024_06_04_09_25_0197_lat_10.3019069_lon_105.2722148_alt_20.287m,/home/hyggestuen/Downloads/_WeedyRice/WeedyRice-RGBMS-DB/RGB/DJI_DateTime_2024_06_04_09_25_0197_lat_10.3019069_lon_105.2722148_alt_20.287m.JPG,,"[""/home/hyggestuen/Downloads/_WeedyRice/WeedyRice-RGBMS-DB/Multispectral/DJI_DateTime_2024_06_04_09_25_0197_lat_10.3019069_lon_105.2722148_alt_20.287m_G.TIF"", ""/home/hyggestuen/Downloads/_WeedyRice/WeedyRice-RGBMS-DB/Multispectral/DJI_DateTime_2024_06_04_09_25_0197_lat_10.3019069_lon_105.2722148_alt_20.287m_NIR.TIF"", ""/home/hyggestuen/Downloads/_WeedyRice/WeedyRice-RGBMS-DB/Multispectral/DJI_DateTime_2024_06_04_09_25_0197_lat_10.3019069_lon_105.2722148_alt_20.287m_R.TIF"", ""/home/hyggestuen/Downloads/_WeedyRice/WeedyRice-RGBMS-DB/Multispectral/DJI_DateTime_2024_06_04_09_25_0197_lat_10.3019069_lon_105.2722148_alt_20.287m_RE.TIF""]",/home/hyggestuen/Downloads/_WeedyRice/WeedyRice-RGBMS-DB/Masks/DJI_DateTime_2024_06_04_09_25_0197_lat_10.3019069_lon_105.2722148_alt_20.287m.png,2024_06_04_09,train
DJI_DateTime_2024_06_04_09_25_0198_lat_10.3019546_lon_105.2721829_alt_20.210m,/home/hyggestuen/Downloads/_WeedyRice/WeedyRice-RGBMS-DB/RGB/DJI_DateTime_2024_06_04_09_25_0198_lat_10.3019546_lon_105.2721829_alt_20.210m.JPG,,"[""/home/hyggestuen/Downloads/_WeedyRice/WeedyRice-RGBMS-DB/Multispectral/DJI_DateTime_2024_06_04_09_25_0198_lat_10.3019546_lon_105.2721829_alt_20.210m_G.TIF"", ""/home/hyggestuen/Downloads/_WeedyRice/WeedyRice-RGBMS-DB/Multispectral/DJI_DateTime_2024_06_04_09_25_0198_lat_10.3019546_lon_105.2721829_alt_20.210m_NIR.TIF"", ""/home/hyggestuen/Downloads/_WeedyRice/WeedyRice-RGBMS-DB/Multispectral/DJI_DateTime_2024_06_04_09_25_0198_lat_10.3019546_lon_105.2721829_alt_20.210m_R.TIF"", ""/home/hyggestuen/Downloads/_WeedyRice/WeedyRice-RGBMS-DB/Multispectral/DJI_DateTime_2024_06_04_09_25_0198_lat_10.3019546_lon_105.2721829_alt_20.210m_RE.TIF""]",/home/hyggestuen/Downloads/_WeedyRice/WeedyRice-RGBMS-DB/Masks/DJI_DateTime_2024_06_04_09_25_0198_lat_10.3019546_lon_105.2721829_alt_20.210m.png,2024_06_04_09,train
DJI_DateTime_2024_06_04_09_25_0199_lat_10.3020021_lon_105.2721516_alt_20.218m,/home/hyggestuen/Downloads/_WeedyRice/WeedyRice-RGBMS-DB/RGB/DJI_DateTime_2024_06_04_09_25_0199_lat_10.3020021_lon_105.2721516_alt_20.218m.JPG,,"[""/home/hyggestuen/Downloads/_WeedyRice/WeedyRice-RGBMS-DB/Multispectral/DJI_DateTime_2024_06_04_09_25_0199_lat_10.3020021_lon_105.2721516_alt_20.218m_G.TIF"", ""/home/hyggestuen/Downloads/_WeedyRice/WeedyRice-RGBMS-DB/Multispectral/DJI_DateTime_2024_06_04_09_25_0199_lat_10.3020021_lon_105.2721516_alt_20.218m_NIR.TIF"", ""/home/hyggestuen/Downloads/_WeedyRice/WeedyRice-RGBMS-DB/Multispectral/DJI_DateTime_2024_06_04_09_25_0199_lat_10.3020021_lon_105.2721516_alt_20.218m_R.TIF"", ""/home/hyggestuen/Downloads/_WeedyRice/WeedyRice-RGBMS-DB/Multispectral/DJI_DateTime_2024_06_04_09_25_0199_lat_10.3020021_lon_105.2721516_alt_20.218m_RE.TIF""]",/home/hyggestuen/Downloads/_WeedyRice/WeedyRice-RGBMS-DB/Masks/DJI_DateTime_2024_06_04_09_25_0199_lat_10.3020021_lon_105.2721516_alt_20.218m.png,2024_06_04_09,train
DJI_DateTime_2024_06_04_09_26_0209_lat_10.3024781_lon_105.2718372_alt_20.132m,/home/hyggestuen/Downloads/_WeedyRice/WeedyRice-RGBMS-DB/RGB/DJI_DateTime_2024_06_04_09_26_0209_lat_10.3024781_lon_105.2718372_alt_20.132m.JPG,,"[""/home/hyggestuen/Downloads/_WeedyRice/WeedyRice-RGBMS-DB/Multispectral/DJI_DateTime_2024_06_04_09_26_0209_lat_10.3024781_lon_105.2718372_alt_20.132m_G.TIF"", ""/home/hyggestuen/Downloads/_WeedyRice/WeedyRice-RGBMS-DB/Multispectral/DJI_DateTime_2024_06_04_09_26_0209_lat_10.3024781_lon_105.2718372_alt_20.132m_NIR.TIF"", ""/home/hyggestuen/Downloads/_WeedyRice/WeedyRice-RGBMS-DB/Multispectral/DJI_DateTime_2024_06_04_09_26_0209_lat_10.3024781_lon_105.2718372_alt_20.132m_R.TIF"", ""/home/hyggestuen/Downloads/_WeedyRice/WeedyRice-RGBMS-DB/Multispectral/DJI_DateTime_2024_06_04_09_26_0209_lat_10.3024781_lon_105.2718372_alt_20.132m_RE.TIF""]",/home/hyggestuen/Downloads/_WeedyRice/WeedyRice-RGBMS-DB/Masks/DJI_DateTime_2024_06_04_09_26_0209_lat_10.3024781_lon_105.2718372_alt_20.132m.png,2024_06_04_09,train
DJI_DateTime_2024_06_04_09_26_0210_lat_10.3025261_lon_105.2718057_alt_20.389m,/home/hyggestuen/Downloads/_WeedyRice/WeedyRice-RGBMS-DB/RGB/DJI_DateTime_2024_06_04_09_26_0210_lat_10.3025261_lon_105.2718057_alt_20.389m.JPG,,"[""/home/hyggestuen/Downloads/_WeedyRice/WeedyRice-RGBMS-DB/Multispectral/DJI_DateTime_2024_06_04_09_26_0210_lat_10.3025261_lon_105.2718057_alt_20.389m_G.TIF"", ""/home/hyggestuen/Downloads/_WeedyRice/WeedyRice-RGBMS-DB/Multispectral/DJI_DateTime_2024_06_04_09_26_0210_lat_10.3025261_lon_105.2718057_alt_20.389m_NIR.TIF"", ""/home/hyggestuen/Downloads/_WeedyRice/WeedyRice-RGBMS-DB/Multispectral/DJI_DateTime_2024_06_04_09_26_0210_lat_10.3025261_lon_105.2718057_alt_20.389m_R.TIF"", ""/home/hyggestuen/Downloads/_WeedyRice/WeedyRice-RGBMS-DB/Multispectral/DJI_DateTime_2024_06_04_09_26_0210_lat_10.3025261_lon_105.2718057_alt_20.389m_RE.TIF""]",/home/hyggestuen/Downloads/_WeedyRice/WeedyRice-RGBMS-DB/Masks/DJI_DateTime_2024_06_04_09_26_0210_lat_10.3025261_lon_105.2718057_alt_20.389m.png,2024_06_04_09,train
DJI_DateTime_2024_06_04_09_26_0211_lat_10.3025769_lon_105.2717793_alt_20.287m,/home/hyggestuen/Downloads/_WeedyRice/WeedyRice-RGBMS-DB/RGB/DJI_DateTime_2024_06_04_09_26_0211_lat_10.3025769_lon_105.2717793_alt_20.287m.JPG,,"[""/home/hyggestuen/Downloads/_WeedyRice/WeedyRice-RGBMS-DB/Multispectral/DJI_DateTime_2024_06_04_09_26_0211_lat_10.3025769_lon_105.2717793_alt_20.287m_G.TIF"", ""/home/hyggestuen/Downloads/_WeedyRice/WeedyRice-RGBMS-DB/Multispectral/DJI_DateTime_2024_06_04_09_26_0211_lat_10.3025769_lon_105.2717793_alt_20.287m_NIR.TIF"", ""/home/hyggestuen/Downloads/_WeedyRice/WeedyRice-RGBMS-DB/Multispectral/DJI_DateTime_2024_06_04_09_26_0211_lat_10.3025769_lon_105.2717793_alt_20.287m_R.TIF"", ""/home/hyggestuen/Downloads/_WeedyRice/WeedyRice-RGBMS-DB/Multispectral/DJI_DateTime_2024_06_04_09_26_0211_lat_10.3025769_lon_105.2717793_alt_20.287m_RE.TIF""]",/home/hyggestuen/Downloads/_WeedyRice/WeedyRice-RGBMS-DB/Masks/DJI_DateTime_2024_06_04_09_26_0211_lat_10.3025769_lon_105.2717793_alt_20.287m.png,2024_06_04_09,train
DJI_DateTime_2024_06_04_09_26_0212_lat_10.3026284_lon_105.2718096_alt_20.211m,/home/hyggestuen/Downloads/_WeedyRice/WeedyRice-RGBMS-DB/RGB/DJI_DateTime_2024_06_04_09_26_0212_lat_10.3026284_lon_105.2718096_alt_20.211m.JPG,,"[""/home/hyggestuen/Downloads/_WeedyRice/WeedyRice-RGBMS-DB/Multispectral/DJI_DateTime_2024_06_04_09_26_0212_lat_10.3026284_lon_105.2718096_alt_20.211m_G.TIF"", ""/home/hyggestuen/Downloads/_WeedyRice/WeedyRice-RGBMS-DB/Multispectral/DJI_DateTime_2024_06_04_09_26_0212_lat_10.3026284_lon_105.2718096_alt_20.211m_NIR.TIF"", ""/home/hyggestuen/Downloads/_WeedyRice/WeedyRice-RGBMS-DB/Multispectral/DJI_DateTime_2024_06_04_09_26_0212_lat_10.3026284_lon_105.2718096_alt_20.211m_R.TIF"", ""/home/hyggestuen/Downloads/_WeedyRice/WeedyRice-RGBMS-DB/Multispectral/DJI_DateTime_2024_06_04_09_26_0212_lat_10.3026284_lon_105.2718096_alt_20.211m_RE.TIF""]",/home/hyggestuen/Downloads/_WeedyRice/WeedyRice-RGBMS-DB/Masks/DJI_DateTime_2024_06_04_09_26_0212_lat_10.3026284_lon_105.2718096_alt_20.211m.png,2024_06_04_09,train
DJI_DateTime_2024_06_04_09_26_0213_lat_10.3026111_lon_105.2718559_alt_20.265m,/home/hyggestuen/Downloads/_WeedyRice/WeedyRice-RGBMS-DB/RGB/DJI_DateTime_2024_06_04_09_26_0213_lat_10.3026111_lon_105.2718559_alt_20.265m.JPG,,"[""/home/hyggestuen/Downloads/_WeedyRice/WeedyRice-RGBMS-DB/Multispectral/DJI_DateTime_2024_06_04_09_26_0213_lat_10.3026111_lon_105.2718559_alt_20.265m_G.TIF"", ""/home/hyggestuen/Downloads/_WeedyRice/WeedyRice-RGBMS-DB/Multispectral/DJI_DateTime_2024_06_04_09_26_0213_lat_10.3026111_lon_105.2718559_alt_20.265m_NIR.TIF"", ""/home/hyggestuen/Downloads/_WeedyRice/WeedyRice-RGBMS-DB/Multispectral/DJI_DateTime_2024_06_04_09_26_0213_lat_10.3026111_lon_105.2718559_alt_20.265m_R.TIF"", ""/home/hyggestuen/Downloads/_WeedyRice/WeedyRice-RGBMS-DB/Multispectral/DJI_DateTime_2024_06_04_09_26_0213_lat_10.3026111_lon_105.2718559_alt_20.265m_RE.TIF""]",/home/hyggestuen/Downloads/_WeedyRice/WeedyRice-RGBMS-DB/Masks/DJI_DateTime_2024_06_04_09_26_0213_lat_10.3026111_lon_105.2718559_alt_20.265m.png,2024_06_04_09,train
DJI_DateTime_2024_06_04_09_26_0214_lat_10.3025642_lon_105.2718864_alt_20.257m,/home/hyggestuen/Downloads/_WeedyRice/WeedyRice-RGBMS-DB/RGB/DJI_DateTime_2024_06_04_09_26_0214_lat_10.3025642_lon_105.2718864_alt_20.257m.JPG,,"[""/home/hyggestuen/Downloads/_WeedyRice/WeedyRice-RGBMS-DB/Multispectral/DJI_DateTime_2024_06_04_09_26_0214_lat_10.3025642_lon_105.2718864_alt_20.257m_G.TIF"", ""/home/hyggestuen/Downloads/_WeedyRice/WeedyRice-RGBMS-DB/Multispectral/DJI_DateTime_2024_06_04_09_26_0214_lat_10.3025642_lon_105.2718864_alt_20.257m_NIR.TIF"", ""/home/hyggestuen/Downloads/_WeedyRice/WeedyRice-RGBMS-DB/Multispectral/DJI_DateTime_2024_06_04_09_26_0214_lat_10.3025642_lon_105.2718864_alt_20.257m_R.TIF"", ""/home/hyggestuen/Downloads/_WeedyRice/WeedyRice-RGBMS-DB/Multispectral/DJI_DateTime_2024_06_04_09_26_0214_lat_10.3025642_lon_105.2718864_alt_20.257m_RE.TIF""]",/home/hyggestuen/Downloads/_WeedyRice/WeedyRice-RGBMS-DB/Masks/DJI_DateTime_2024_06_04_09_26_0214_lat_10.3025642_lon_105.2718864_alt_20.257m.png,2024_06_04_09,train
DJI_DateTime_2024_06_04_09_26_0215_lat_10.3025151_lon_105.2719187_alt_20.220m,/home/hyggestuen/Downloads/_WeedyRice/WeedyRice-RGBMS-DB/RGB/DJI_DateTime_2024_06_04_09_26_0215_lat_10.3025151_lon_105.2719187_alt_20.220m.JPG,,"[""/home/hyggestuen/Downloads/_WeedyRice/WeedyRice-RGBMS-DB/Multispectral/DJI_DateTime_2024_06_04_09_26_0215_lat_10.3025151_lon_105.2719187_alt_20.220m_G.TIF"", ""/home/hyggestuen/Downloads/_WeedyRice/WeedyRice-RGBMS-DB/Multispectral/DJI_DateTime_2024_06_04_09_26_0215_lat_10.3025151_lon_105.2719187_alt_20.220m_NIR.TIF"", ""/home/hyggestuen/Downloads/_WeedyRice/WeedyRice-RGBMS-DB/Multispectral/DJI_DateTime_2024_06_04_09_26_0215_lat_10.3025151_lon_105.2719187_alt_20.220m_R.TIF"", ""/home/hyggestuen/Downloads/_WeedyRice/WeedyRice-RGBMS-DB/Multispectral/DJI_DateTime_2024_06_04_09_26_0215_lat_10.3025151_lon_105.2719187_alt_20.220m_RE.TIF""]",/home/hyggestuen/Downloads/_WeedyRice/WeedyRice-RGBMS-DB/Masks/DJI_DateTime_2024_06_04_09_26_0215_lat_10.3025151_lon_105.2719187_alt_20.220m.png,2024_06_04_09,train
DJI_DateTime_2024_06_04_09_27_0228_lat_10.3018942_lon_105.2723262_alt_20.196m,/home/hyggestuen/Downloads/_WeedyRice/WeedyRice-RGBMS-DB/RGB/DJI_DateTime_2024_06_04_09_27_0228_lat_10.3018942_lon_105.2723262_alt_20.196m.JPG,,"[""/home/hyggestuen/Downloads/_WeedyRice/WeedyRice-RGBMS-DB/Multispectral/DJI_DateTime_2024_06_04_09_27_0228_lat_10.3018942_lon_105.2723262_alt_20.196m_G.TIF"", ""/home/hyggestuen/Downloads/_WeedyRice/WeedyRice-RGBMS-DB/Multispectral/DJI_DateTime_2024_06_04_09_27_0228_lat_10.3018942_lon_105.2723262_alt_20.196m_NIR.TIF"", ""/home/hyggestuen/Downloads/_WeedyRice/WeedyRice-RGBMS-DB/Multispectral/DJI_DateTime_2024_06_04_09_27_0228_lat_10.3018942_lon_105.2723262_alt_20.196m_R.TIF"", ""/home/hyggestuen/Downloads/_WeedyRice/WeedyRice-RGBMS-DB/Multispectral/DJI_DateTime_2024_06_04_09_27_0228_lat_10.3018942_lon_105.2723262_alt_20.196m_RE.TIF""]",/home/hyggestuen/Downloads/_WeedyRice/WeedyRice-RGBMS-DB/Masks/DJI_DateTime_2024_06_04_09_27_0228_lat_10.3018942_lon_105.2723262_alt_20.196m.png,2024_06_04_09,train
DJI_DateTime_2024_06_04_09_27_0229_lat_10.3018467_lon_105.2723577_alt_20.169m,/home/hyggestuen/Downloads/_WeedyRice/WeedyRice-RGBMS-DB/RGB/DJI_DateTime_2024_06_04_09_27_0229_lat_10.3018467_lon_105.2723577_alt_20.169m.JPG,,"[""/home/hyggestuen/Downloads/_WeedyRice/WeedyRice-RGBMS-DB/Multispectral/DJI_DateTime_2024_06_04_09_27_0229_lat_10.3018467_lon_105.2723577_alt_20.169m_G.TIF"", ""/home/hyggestuen/Downloads/_WeedyRice/WeedyRice-RGBMS-DB/Multispectral/DJI_DateTime_2024_06_04_09_27_0229_lat_10.3018467_lon_105.2723577_alt_20.169m_NIR.TIF"", ""/home/hyggestuen/Downloads/_WeedyRice/WeedyRice-RGBMS-DB/Multispectral/DJI_DateTime_2024_06_04_09_27_0229_lat_10.3018467_lon_105.2723577_alt_20.169m_R.TIF"", ""/home/hyggestuen/Downloads/_WeedyRice/WeedyRice-RGBMS-DB/Multispectral/DJI_DateTime_2024_06_04_09_27_0229_lat_10.3018467_lon_105.2723577_alt_20.169m_RE.TIF""]",/home/hyggestuen/Downloads/_WeedyRice/WeedyRice-RGBMS-DB/Masks/DJI_DateTime_2024_06_04_09_27_0229_lat_10.3018467_lon_105.2723577_alt_20.169m.png,2024_06_04_09,train
DJI_DateTime_2024_06_04_09_27_0230_lat_10.3017990_lon_105.2723890_alt_20.221m,/home/hyggestuen/Downloads/_WeedyRice/WeedyRice-RGBMS-DB/RGB/DJI_DateTime_2024_06_04_09_27_0230_lat_10.3017990_lon_105.2723890_alt_20.221m.JPG,,"[""/home/hyggestuen/Downloads/_WeedyRice/WeedyRice-RGBMS-DB/Multispectral/DJI_DateTime_2024_06_04_09_27_0230_lat_10.3017990_lon_105.2723890_alt_20.221m_G.TIF"", ""/home/hyggestuen/Downloads/_WeedyRice/WeedyRice-RGBMS-DB/Multispectral/DJI_DateTime_2024_06_04_09_27_0230_lat_10.3017990_lon_105.2723890_alt_20.221m_NIR.TIF"", ""/home/hyggestuen/Downloads/_WeedyRice/WeedyRice-RGBMS-DB/Multispectral/DJI_DateTime_2024_06_04_09_27_0230_lat_10.3017990_lon_105.2723890_alt_20.221m_R.TIF"", ""/home/hyggestuen/Downloads/_WeedyRice/WeedyRice-RGBMS-DB/Multispectral/DJI_DateTime_2024_06_04_09_27_0230_lat_10.3017990_lon_105.2723890_alt_20.221m_RE.TIF""]",/home/hyggestuen/Downloads/_WeedyRice/WeedyRice-RGBMS-DB/Masks/DJI_DateTime_2024_06_04_09_27_0230_lat_10.3017990_lon_105.2723890_alt_20.221m.png,2024_06_04_09,train
DJI_DateTime_2024_06_04_09_27_0231_lat_10.3017514_lon_105.2724202_alt_20.218m,/home/hyggestuen/Downloads/_WeedyRice/WeedyRice-RGBMS-DB/RGB/DJI_DateTime_2024_06_04_09_27_0231_lat_10.3017514_lon_105.2724202_alt_20.218m.JPG,,"[""/home/hyggestuen/Downloads/_WeedyRice/WeedyRice-RGBMS-DB/Multispectral/DJI_DateTime_2024_06_04_09_27_0231_lat_10.3017514_lon_105.2724202_alt_20.218m_G.TIF"", ""/home/hyggestuen/Downloads/_WeedyRice/WeedyRice-RGBMS-DB/Multispectral/DJI_DateTime_2024_06_04_09_27_0231_lat_10.3017514_lon_105.2724202_alt_20.218m_NIR.TIF"", ""/home/hyggestuen/Downloads/_WeedyRice/WeedyRice-RGBMS-DB/Multispectral/DJI_DateTime_2024_06_04_09_27_0231_lat_10.3017514_lon_105.2724202_alt_20.218m_R.TIF"", ""/home/hyggestuen/Downloads/_WeedyRice/WeedyRice-RGBMS-DB/Multispectral/DJI_DateTime_2024_06_04_09_27_0231_lat_10.3017514_lon_105.2724202_alt_20.218m_RE.TIF""]",/home/hyggestuen/Downloads/_WeedyRice/WeedyRice-RGBMS-DB/Masks/DJI_DateTime_2024_06_04_09_27_0231_lat_10.3017514_lon_105.2724202_alt_20.218m.png,2024_06_04_09,train
DJI_DateTime_2024_06_04_09_27_0232_lat_10.3017035_lon_105.2724514_alt_20.204m,/home/hyggestuen/Downloads/_WeedyRice/WeedyRice-RGBMS-DB/RGB/DJI_DateTime_2024_06_04_09_27_0232_lat_10.3017035_lon_105.2724514_alt_20.204m.JPG,,"[""/home/hyggestuen/Downloads/_WeedyRice/WeedyRice-RGBMS-DB/Multispectral/DJI_DateTime_2024_06_04_09_27_0232_lat_10.3017035_lon_105.2724514_alt_20.204m_G.TIF"", ""/home/hyggestuen/Downloads/_WeedyRice/WeedyRice-RGBMS-DB/Multispectral/DJI_DateTime_2024_06_04_09_27_0232_lat_10.3017035_lon_105.2724514_alt_20.204m_NIR.TIF"", ""/home/hyggestuen/Downloads/_WeedyRice/WeedyRice-RGBMS-DB/Multispectral/DJI_DateTime_2024_06_04_09_27_0232_lat_10.3017035_lon_105.2724514_alt_20.204m_R.TIF"", ""/home/hyggestuen/Downloads/_WeedyRice/WeedyRice-RGBMS-DB/Multispectral/DJI_DateTime_2024_06_04_09_27_0232_lat_10.3017035_lon_105.2724514_alt_20.204m_RE.TIF""]",/home/hyggestuen/Downloads/_WeedyRice/WeedyRice-RGBMS-DB/Masks/DJI_DateTime_2024_06_04_09_27_0232_lat_10.3017035_lon_105.2724514_alt_20.204m.png,2024_06_04_09,train
DJI_DateTime_2024_06_04_09_27_0233_lat_10.3016549_lon_105.2724834_alt_20.183m,/home/hyggestuen/Downloads/_WeedyRice/WeedyRice-RGBMS-DB/RGB/DJI_DateTime_2024_06_04_09_27_0233_lat_10.3016549_lon_105.2724834_alt_20.183m.JPG,,"[""/home/hyggestuen/Downloads/_WeedyRice/WeedyRice-RGBMS-DB/Multispectral/DJI_DateTime_2024_06_04_09_27_0233_lat_10.3016549_lon_105.2724834_alt_20.183m_G.TIF"", ""/home/hyggestuen/Downloads/_WeedyRice/WeedyRice-RGBMS-DB/Multispectral/DJI_DateTime_2024_06_04_09_27_0233_lat_10.3016549_lon_105.2724834_alt_20.183m_NIR.TIF"", ""/home/hyggestuen/Downloads/_WeedyRice/WeedyRice-RGBMS-DB/Multispectral/DJI_DateTime_2024_06_04_09_27_0233_lat_10.3016549_lon_105.2724834_alt_20.183m_R.TIF"", ""/home/hyggestuen/Downloads/_WeedyRice/WeedyRice-RGBMS-DB/Multispectral/DJI_DateTime_2024_06_04_09_27_0233_lat_10.3016549_lon_105.2724834_alt_20.183m_RE.TIF""]",/home/hyggestuen/Downloads/_WeedyRice/WeedyRice-RGBMS-DB/Masks/DJI_DateTime_2024_06_04_09_27_0233_lat_10.3016549_lon_105.2724834_alt_20.183m.png,2024_06_04_09,train
DJI_DateTime_2024_06_04_09_27_0234_lat_10.3016079_lon_105.2725150_alt_20.198m,/home/hyggestuen/Downloads/_WeedyRice/WeedyRice-RGBMS-DB/RGB/DJI_DateTime_2024_06_04_09_27_0234_lat_10.3016079_lon_105.2725150_alt_20.198m.JPG,,"[""/home/hyggestuen/Downloads/_WeedyRice/WeedyRice-RGBMS-DB/Multispectral/DJI_DateTime_2024_06_04_09_27_0234_lat_10.3016079_lon_105.2725150_alt_20.198m_G.TIF"", ""/home/hyggestuen/Downloads/_WeedyRice/WeedyRice-RGBMS-DB/Multispectral/DJI_DateTime_2024_06_04_09_27_0234_lat_10.3016079_lon_105.2725150_alt_20.198m_NIR.TIF"", ""/home/hyggestuen/Downloads/_WeedyRice/WeedyRice-RGBMS-DB/Multispectral/DJI_DateTime_2024_06_04_09_27_0234_lat_10.3016079_lon_105.2725150_alt_20.198m_R.TIF"", ""/home/hyggestuen/Downloads/_WeedyRice/WeedyRice-RGBMS-DB/Multispectral/DJI_DateTime_2024_06_04_09_27_0234_lat_10.3016079_lon_105.2725150_alt_20.198m_RE.TIF""]",/home/hyggestuen/Downloads/_WeedyRice/WeedyRice-RGBMS-DB/Masks/DJI_DateTime_2024_06_04_09_27_0234_lat_10.3016079_lon_105.2725150_alt_20.198m.png,2024_06_04_09,train
DJI_DateTime_2024_06_04_09_27_0235_lat_10.3015606_lon_105.2725460_alt_20.188m,/home/hyggestuen/Downloads/_WeedyRice/WeedyRice-RGBMS-DB/RGB/DJI_DateTime_2024_06_04_09_27_0235_lat_10.3015606_lon_105.2725460_alt_20.188m.JPG,,"[""/home/hyggestuen/Downloads/_WeedyRice/WeedyRice-RGBMS-DB/Multispectral/DJI_DateTime_2024_06_04_09_27_0235_lat_10.3015606_lon_105.2725460_alt_20.188m_G.TIF"", ""/home/hyggestuen/Downloads/_WeedyRice/WeedyRice-RGBMS-DB/Multispectral/DJI_DateTime_2024_06_04_09_27_0235_lat_10.3015606_lon_105.2725460_alt_20.188m_NIR.TIF"", ""/home/hyggestuen/Downloads/_WeedyRice/WeedyRice-RGBMS-DB/Multispectral/DJI_DateTime_2024_06_04_09_27_0235_lat_10.3015606_lon_105.2725460_alt_20.188m_R.TIF"", ""/home/hyggestuen/Downloads/_WeedyRice/WeedyRice-RGBMS-DB/Multispectral/DJI_DateTime_2024_06_04_09_27_0235_lat_10.3015606_lon_105.2725460_alt_20.188m_RE.TIF""]",/home/hyggestuen/Downloads/_WeedyRice/WeedyRice-RGBMS-DB/Masks/DJI_DateTime_2024_06_04_09_27_0235_lat_10.3015606_lon_105.2725460_alt_20.188m.png,2024_06_04_09,train
DJI_DateTime_2024_06_04_09_27_0236_lat_10.3015125_lon_105.2725782_alt_20.177m,/home/hyggestuen/Downloads/_WeedyRice/WeedyRice-RGBMS-DB/RGB/DJI_DateTime_2024_06_04_09_27_0236_lat_10.3015125_lon_105.2725782_alt_20.177m.JPG,,"[""/home/hyggestuen/Downloads/_WeedyRice/WeedyRice-RGBMS-DB/Multispectral/DJI_DateTime_2024_06_04_09_27_0236_lat_10.3015125_lon_105.2725782_alt_20.177m_G.TIF"", ""/home/hyggestuen/Downloads/_WeedyRice/WeedyRice-RGBMS-DB/Multispectral/DJI_DateTime_2024_06_04_09_27_0236_lat_10.3015125_lon_105.2725782_alt_20.177m_NIR.TIF"", ""/home/hyggestuen/Downloads/_WeedyRice/WeedyRice-RGBMS-DB/Multispectral/DJI_DateTime_2024_06_04_09_27_0236_lat_10.3015125_lon_105.2725782_alt_20.177m_R.TIF"", ""/home/hyggestuen/Downloads/_WeedyRice/WeedyRice-RGBMS-DB/Multispectral/DJI_DateTime_2024_06_04_09_27_0236_lat_10.3015125_lon_105.2725782_alt_20.177m_RE.TIF""]",/home/hyggestuen/Downloads/_WeedyRice/WeedyRice-RGBMS-DB/Masks/DJI_DateTime_2024_06_04_09_27_0236_lat_10.3015125_lon_105.2725782_alt_20.177m.png,2024_06_04_09,train
DJI_DateTime_2024_06_04_09_27_0237_lat_10.3014656_lon_105.2726094_alt_20.182m,/home/hyggestuen/Downloads/_WeedyRice/WeedyRice-RGBMS-DB/RGB/DJI_DateTime_2024_06_04_09_27_0237_lat_10.3014656_lon_105.2726094_alt_20.182m.JPG,,"[""/home/hyggestuen/Downloads/_WeedyRice/WeedyRice-RGBMS-DB/Multispectral/DJI_DateTime_2024_06_04_09_27_0237_lat_10.3014656_lon_105.2726094_alt_20.182m_G.TIF"", ""/home/hyggestuen/Downloads/_WeedyRice/WeedyRice-RGBMS-DB/Multispectral/DJI_DateTime_2024_06_04_09_27_0237_lat_10.3014656_lon_105.2726094_alt_20.182m_NIR.TIF"", ""/home/hyggestuen/Downloads/_WeedyRice/WeedyRice-RGBMS-DB/Multispectral/DJI_DateTime_2024_06_04_09_27_0237_lat_10.3014656_lon_105.2726094_alt_20.182m_R.TIF"", ""/home/hyggestuen/Downloads/_WeedyRice/WeedyRice-RGBMS-DB/Multispectral/DJI_DateTime_2024_06_04_09_27_0237_lat_10.3014656_lon_105.2726094_alt_20.182m_RE.TIF""]",/home/hyggestuen/Downloads/_WeedyRice/WeedyRice-RGBMS-DB/Masks/DJI_DateTime_2024_06_04_09_27_0237_lat_10.3014656_lon_105.2726094_alt_20.182m.png,2024_06_04_09,train
DJI_DateTime_2024_06_04_09_27_0238_lat_10.3014178_lon_105.2726413_alt_20.222m,/home/hyggestuen/Downloads/_WeedyRice/WeedyRice-RGBMS-DB/RGB/DJI_DateTime_2024_06_04_09_27_0238_lat_10.3014178_lon_105.2726413_alt_20.222m.JPG,,"[""/home/hyggestuen/Downloads/_WeedyRice/WeedyRice-RGBMS-DB/Multispectral/DJI_DateTime_2024_06_04_09_27_0238_lat_10.3014178_lon_105.2726413_alt_20.222m_G.TIF"", ""/home/hyggestuen/Downloads/_WeedyRice/WeedyRice-RGBMS-DB/Multispectral/DJI_DateTime_2024_06_04_09_27_0238_lat_10.3014178_lon_105.2726413_alt_20.222m_NIR.TIF"", ""/home/hyggestuen/Downloads/_WeedyRice/WeedyRice-RGBMS-DB/Multispectral/DJI_DateTime_2024_06_04_09_27_0238_lat_10.3014178_lon_105.2726413_alt_20.222m_R.TIF"", ""/home/hyggestuen/Downloads/_WeedyRice/WeedyRice-RGBMS-DB/Multispectral/DJI_DateTime_2024_06_04_09_27_0238_lat_10.3014178_lon_105.2726413_alt_20.222m_RE.TIF""]",/home/hyggestuen/Downloads/_WeedyRice/WeedyRice-RGBMS-DB/Masks/DJI_DateTime_2024_06_04_09_27_0238_lat_10.3014178_lon_105.2726413_alt_20.222m.png,2024_06_04_09,train
DJI_DateTime_2024_06_04_09_27_0239_lat_10.3013699_lon_105.2726722_alt_20.197m,/home/hyggestuen/Downloads/_WeedyRice/WeedyRice-RGBMS-DB/RGB/DJI_DateTime_2024_06_04_09_27_0239_lat_10.3013699_lon_105.2726722_alt_20.197m.JPG,,"[""/home/hyggestuen/Downloads/_WeedyRice/WeedyRice-RGBMS-DB/Multispectral/DJI_DateTime_2024_06_04_09_27_0239_lat_10.3013699_lon_105.2726722_alt_20.197m_G.TIF"", ""/home/hyggestuen/Downloads/_WeedyRice/WeedyRice-RGBMS-DB/Multispectral/DJI_DateTime_2024_06_04_09_27_0239_lat_10.3013699_lon_105.2726722_alt_20.197m_NIR.TIF"", ""/home/hyggestuen/Downloads/_WeedyRice/WeedyRice-RGBMS-DB/Multispectral/DJI_DateTime_2024_06_04_09_27_0239_lat_10.3013699_lon_105.2726722_alt_20.197m_R.TIF"", ""/home/hyggestuen/Downloads/_WeedyRice/WeedyRice-RGBMS-DB/Multispectral/DJI_DateTime_2024_06_04_09_27_0239_lat_10.3013699_lon_105.2726722_alt_20.197m_RE.TIF""]",/home/hyggestuen/Downloads/_WeedyRice/WeedyRice-RGBMS-DB/Masks/DJI_DateTime_2024_06_04_09_27_0239_lat_10.3013699_lon_105.2726722_alt_20.197m.png,2024_06_04_09,train
DJI_DateTime_2024_06_04_09_28_0244_lat_10.3014972_lon_105.2726932_alt_20.149m,/home/hyggestuen/Downloads/_WeedyRice/WeedyRice-RGBMS-DB/RGB/DJI_DateTime_2024_06_04_09_28_0244_lat_10.3014972_lon_105.2726932_alt_20.149m.JPG,,"[""/home/hyggestuen/Downloads/_WeedyRice/WeedyRice-RGBMS-DB/Multispectral/DJI_DateTime_2024_06_04_09_28_0244_lat_10.3014972_lon_105.2726932_alt_20.149m_G.TIF"", ""/home/hyggestuen/Downloads/_WeedyRice/WeedyRice-RGBMS-DB/Multispectral/DJI_DateTime_2024_06_04_09_28_0244_lat_10.3014972_lon_105.2726932_alt_20.149m_NIR.TIF"", ""/home/hyggestuen/Downloads/_WeedyRice/WeedyRice-RGBMS-DB/Multispectral/DJI_DateTime_2024_06_04_09_28_0244_lat_10.3014972_lon_105.2726932_alt_20.149m_R.TIF"", ""/home/hyggestuen/Downloads/_WeedyRice/WeedyRice-RGBMS-DB/Multispectral/DJI_DateTime_2024_06_04_09_28_0244_lat_10.3014972_lon_105.2726932_alt_20.149m_RE.TIF""]",/home/hyggestuen/Downloads/_WeedyRice/WeedyRice-RGBMS-DB/Masks/DJI_DateTime_2024_06_04_09_28_0244_lat_10.3014972_lon_105.2726932_alt_20.149m.png,2024_06_04_09,train
DJI_DateTime_2024_06_04_09_28_0245_lat_10.3015445_lon_105.2726616_alt_20.192m,/home/hyggestuen/Downloads/_WeedyRice/WeedyRice-RGBMS-DB/RGB/DJI_DateTime_2024_06_04_09_28_0245_lat_10.3015445_lon_105.2726616_alt_20.192m.JPG,,"[""/home/hyggestuen/Downloads/_WeedyRice/WeedyRice-RGBMS-DB/Multispectral/DJI_DateTime_2024_06_04_09_28_0245_lat_10.3015445_lon_105.2726616_alt_20.192m_G.TIF"", ""/home/hyggestuen/Downloads/_WeedyRice/WeedyRice-RGBMS-DB/Multispectral/DJI_DateTime_2024_06_04_09_28_0245_lat_10.3015445_lon_105.2726616_alt_20.192m_NIR.TIF"", ""/home/hyggestuen/Downloads/_WeedyRice/WeedyRice-RGBMS-DB/Multispectral/DJI_DateTime_2024_06_04_09_28_0245_lat_10.3015445_lon_105.2726616_alt_20.192m_R.TIF"", ""/home/hyggestuen/Downloads/_WeedyRice/WeedyRice-RGBMS-DB/Multispectral/DJI_DateTime_2024_06_04_09_28_0245_lat_10.3015445_lon_105.2726616_alt_20.192m_RE.TIF""]",/home/hyggestuen/Downloads/_WeedyRice/WeedyRice-RGBMS-DB/Masks/DJI_DateTime_2024_06_04_09_28_0245_lat_10.3015445_lon_105.2726616_alt_20.192m.png,2024_06_04_09,train
DJI_DateTime_2024_06_04_09_28_0246_lat_10.3015928_lon_105.2726302_alt_20.241m,/home/hyggestuen/Downloads/_WeedyRice/WeedyRice-RGBMS-DB/RGB/DJI_DateTime_2024_06_04_09_28_0246_lat_10.3015928_lon_105.2726302_alt_20.241m.JPG,,"[""/home/hyggestuen/Downloads/_WeedyRice/WeedyRice-RGBMS-DB/Multispectral/DJI_DateTime_2024_06_04_09_28_0246_lat_10.3015928_lon_105.2726302_alt_20.241m_G.TIF"", ""/home/hyggestuen/Downloads/_WeedyRice/WeedyRice-RGBMS-DB/Multispectral/DJI_DateTime_2024_06_04_09_28_0246_lat_10.3015928_lon_105.2726302_alt_20.241m_NIR.TIF"", ""/home/hyggestuen/Downloads/_WeedyRice/WeedyRice-RGBMS-DB/Multispectral/DJI_DateTime_2024_06_04_09_28_0246_lat_10.3015928_lon_105.2726302_alt_20.241m_R.TIF"", ""/home/hyggestuen/Downloads/_WeedyRice/WeedyRice-RGBMS-DB/Multispectral/DJI_DateTime_2024_06_04_09_28_0246_lat_10.3015928_lon_105.2726302_alt_20.241m_RE.TIF""]",/home/hyggestuen/Downloads/_WeedyRice/WeedyRice-RGBMS-DB/Masks/DJI_DateTime_2024_06_04_09_28_0246_lat_10.3015928_lon_105.2726302_alt_20.241m.png,2024_06_04_09,train
DJI_DateTime_2024_06_04_09_28_0247_lat_10.3016401_lon_105.2725989_alt_20.190m,/home/hyggestuen/Downloads/_WeedyRice/WeedyRice-RGBMS-DB/RGB/DJI_DateTime_2024_06_04_09_28_0247_lat_10.3016401_lon_105.2725989_alt_20.190m.JPG,,"[""/home/hyggestuen/Downloads/_WeedyRice/WeedyRice-RGBMS-DB/Multispectral/DJI_DateTime_2024_06_04_09_28_0247_lat_10.3016401_lon_105.2725989_alt_20.190m_G.TIF"", ""/home/hyggestuen/Downloads/_WeedyRice/WeedyRice-RGBMS-DB/Multispectral/DJI_DateTime_2024_06_04_09_28_0247_lat_10.3016401_lon_105.2725989_alt_20.190m_NIR.TIF"", ""/home/hyggestuen/Downloads/_WeedyRice/WeedyRice-RGBMS-DB/Multispectral/DJI_DateTime_2024_06_04_09_28_0247_lat_10.3016401_lon_105.2725989_alt_20.190m_R.TIF"", ""/home/hyggestuen/Downloads/_WeedyRice/WeedyRice-RGBMS-DB/Multispectral/DJI_DateTime_2024_06_04_09_28_0247_lat_10.3016401_lon_105.2725989_alt_20.190m_RE.TIF""]",/home/hyggestuen/Downloads/_WeedyRice/WeedyRice-RGBMS-DB/Masks/DJI_DateTime_2024_06_04_09_28_0247_lat_10.3016401_lon_105.2725989_alt_20.190m.png,2024_06_04_09,train
DJI_DateTime_2024_06_04_09_28_0248_lat_10.3016893_lon_105.2725664_alt_20.168m,/home/hyggestuen/Downloads/_WeedyRice/WeedyRice-RGBMS-DB/RGB/DJI_DateTime_2024_06_04_09_28_0248_lat_10.3016893_lon_105.2725664_alt_20.168m.JPG,,"[""/home/hyggestuen/Downloads/_WeedyRice/WeedyRice-RGBMS-DB/Multispectral/DJI_DateTime_2024_06_04_09_28_0248_lat_10.3016893_lon_105.2725664_alt_20.168m_G.TIF"", ""/home/hyggestuen/Downloads/_WeedyRice/WeedyRice-RGBMS-DB/Multispectral/DJI_DateTime_2024_06_04_09_28_0248_lat_10.3016893_lon_105.2725664_alt_20.168m_NIR.TIF"", ""/home/hyggestuen/Downloads/_WeedyRice/WeedyRice-RGBMS-DB/Multispectral/DJI_DateTime_2024_06_04_09_28_0248_lat_10.3016893_lon_105.2725664_alt_20.168m_R.TIF"", ""/home/hyggestuen/Downloads/_WeedyRice/WeedyRice-RGBMS-DB/Multispectral/DJI_DateTime_2024_06_04_09_28_0248_lat_10.3016893_lon_105.2725664_alt_20.168m_RE.TIF""]",/home/hyggestuen/Downloads/_WeedyRice/WeedyRice-RGBMS-DB/Masks/DJI_DateTime_2024_06_04_09_28_0248_lat_10.3016893_lon_105.2725664_alt_20.168m.png,2024_06_04_09,train
DJI_DateTime_2024_06_04_09_28_0249_lat_10.3017351_lon_105.2725361_alt_20.209m,/home/hyggestuen/Downloads/_WeedyRice/WeedyRice-RGBMS-DB/RGB/DJI_DateTime_2024_06_04_09_28_0249_lat_10.3017351_lon_105.2725361_alt_20.209m.JPG,,"[""/home/hyggestuen/Downloads/_WeedyRice/WeedyRice-RGBMS-DB/Multispectral/DJI_DateTime_2024_06_04_09_28_0249_lat_10.3017351_lon_105.2725361_alt_20.209m_G.TIF"", ""/home/hyggestuen/Downloads/_WeedyRice/WeedyRice-RGBMS-DB/Multispectral/DJI_DateTime_2024_06_04_09_28_0249_lat_10.3017351_lon_105.2725361_alt_20.209m_NIR.TIF"", ""/home/hyggestuen/Downloads/_WeedyRice/WeedyRice-RGBMS-DB/Multispectral/DJI_DateTime_2024_06_04_09_28_0249_lat_10.3017351_lon_105.2725361_alt_20.209m_R.TIF"", ""/home/hyggestuen/Downloads/_WeedyRice/WeedyRice-RGBMS-DB/Multispectral/DJI_DateTime_2024_06_04_09_28_0249_lat_10.3017351_lon_105.2725361_alt_20.209m_RE.TIF""]",/home/hyggestuen/Downloads/_WeedyRice/WeedyRice-RGBMS-DB/Masks/DJI_DateTime_2024_06_04_09_28_0249_lat_10.3017351_lon_105.2725361_alt_20.209m.png,2024_06_04_09,train
DJI_DateTime_2024_06_04_09_28_0250_lat_10.3017831_lon_105.2725047_alt_20.260m,/home/hyggestuen/Downloads/_WeedyRice/WeedyRice-RGBMS-DB/RGB/DJI_DateTime_2024_06_04_09_28_0250_lat_10.3017831_lon_105.2725047_alt_20.260m.JPG,,"[""/home/hyggestuen/Downloads/_WeedyRice/WeedyRice-RGBMS-DB/Multispectral/DJI_DateTime_2024_06_04_09_28_0250_lat_10.3017831_lon_105.2725047_alt_20.260m_G.TIF"", ""/home/hyggestuen/Downloads/_WeedyRice/WeedyRice-RGBMS-DB/Multispectral/DJI_DateTime_2024_06_04_09_28_0250_lat_10.3017831_lon_105.2725047_alt_20.260m_NIR.TIF"", ""/home/hyggestuen/Downloads/_WeedyRice/WeedyRice-RGBMS-DB/Multispectral/DJI_DateTime_2024_06_04_09_28_0250_lat_10.3017831_lon_105.2725047_alt_20.260m_R.TIF"", ""/home/hyggestuen/Downloads/_WeedyRice/WeedyRice-RGBMS-DB/Multispectral/DJI_DateTime_2024_06_04_09_28_0250_lat_10.3017831_lon_105.2725047_alt_20.260m_RE.TIF""]",/home/hyggestuen/Downloads/_WeedyRice/WeedyRice-RGBMS-DB/Masks/DJI_DateTime_2024_06_04_09_28_0250_lat_10.3017831_lon_105.2725047_alt_20.260m.png,2024_06_04_09,train
DJI_DateTime_2024_06_04_09_28_0251_lat_10.3018302_lon_105.2724727_alt_20.159m,/home/hyggestuen/Downloads/_WeedyRice/WeedyRice-RGBMS-DB/RGB/DJI_DateTime_2024_06_04_09_28_0251_lat_10.3018302_lon_105.2724727_alt_20.159m.JPG,,"[""/home/hyggestuen/Downloads/_WeedyRice/WeedyRice-RGBMS-DB/Multispectral/DJI_DateTime_2024_06_04_09_28_0251_lat_10.3018302_lon_105.2724727_alt_20.159m_G.TIF"", ""/home/hyggestuen/Downloads/_WeedyRice/WeedyRice-RGBMS-DB/Multispectral/DJI_DateTime_2024_06_04_09_28_0251_lat_10.3018302_lon_105.2724727_alt_20.159m_NIR.TIF"", ""/home/hyggestuen/Downloads/_WeedyRice/WeedyRice-RGBMS-DB/Multispectral/DJI_DateTime_2024_06_04_09_28_0251_lat_10.3018302_lon_105.2724727_alt_20.159m_R.TIF"", ""/home/hyggestuen/Downloads/_WeedyRice/WeedyRice-RGBMS-DB/Multispectral/DJI_DateTime_2024_06_04_09_28_0251_lat_10.3018302_lon_105.2724727_alt_20.159m_RE.TIF""]",/home/hyggestuen/Downloads/_WeedyRice/WeedyRice-RGBMS-DB/Masks/DJI_DateTime_2024_06_04_09_28_0251_lat_10.3018302_lon_105.2724727_alt_20.159m.png,2024_06_04_09,train
DJI_DateTime_2024_06_04_09_28_0257_lat_10.3021169_lon_105.2722819_alt_20.194m,/home/hyggestuen/Downloads/_WeedyRice/WeedyRice-RGBMS-DB/RGB/DJI_DateTime_2024_06_04_09_28_0257_lat_10.3021169_lon_105.2722819_alt_20.194m.JPG,,"[""/home/hyggestuen/Downloads/_WeedyRice/WeedyRice-RGBMS-DB/Multispectral/DJI_DateTime_2024_06_04_09_28_0257_lat_10.3021169_lon_105.2722819_alt_20.194m_G.TIF"", ""/home/hyggestuen/Downloads/_WeedyRice/WeedyRice-RGBMS-DB/Multispectral/DJI_DateTime_2024_06_04_09_28_0257_lat_10.3021169_lon_105.2722819_alt_20.194m_NIR.TIF"", ""/home/hyggestuen/Downloads/_WeedyRice/WeedyRice-RGBMS-DB/Multispectral/DJI_DateTime_2024_06_04_09_28_0257_lat_10.3021169_lon_105.2722819_alt_20.194m_R.TIF"", ""/home/hyggestuen/Downloads/_WeedyRice/WeedyRice-RGBMS-DB/Multispectral/DJI_DateTime_2024_06_04_09_28_0257_lat_10.3021169_lon_105.2722819_alt_20.194m_RE.TIF""]",/home/hyggestuen/Downloads/_WeedyRice/WeedyRice-RGBMS-DB/Masks/DJI_DateTime_2024_06_04_09_28_0257_lat_10.3021169_lon_105.2722819_alt_20.194m.png,2024_06_04_09,train
DJI_DateTime_2024_06_04_09_28_0258_lat_10.3021631_lon_105.2722511_alt_20.228m,/home/hyggestuen/Downloads/_WeedyRice/WeedyRice-RGBMS-DB/RGB/DJI_DateTime_2024_06_04_09_28_0258_lat_10.3021631_lon_105.2722511_alt_20.228m.JPG,,"[""/home/hyggestuen/Downloads/_WeedyRice/WeedyRice-RGBMS-DB/Multispectral/DJI_DateTime_2024_06_04_09_28_0258_lat_10.3021631_lon_105.2722511_alt_20.228m_G.TIF"", ""/home/hyggestuen/Downloads/_WeedyRice/WeedyRice-RGBMS-DB/Multispectral/DJI_DateTime_2024_06_04_09_28_0258_lat_10.3021631_lon_105.2722511_alt_20.228m_NIR.TIF"", ""/home/hyggestuen/Downloads/_WeedyRice/WeedyRice-RGBMS-DB/Multispectral/DJI_DateTime_2024_06_04_09_28_0258_lat_10.3021631_lon_105.2722511_alt_20.228m_R.TIF"", ""/home/hyggestuen/Downloads/_WeedyRice/WeedyRice-RGBMS-DB/Multispectral/DJI_DateTime_2024_06_04_09_28_0258_lat_10.3021631_lon_105.2722511_alt_20.228m_RE.TIF""]",/home/hyggestuen/Downloads/_WeedyRice/WeedyRice-RGBMS-DB/Masks/DJI_DateTime_2024_06_04_09_28_0258_lat_10.3021631_lon_105.2722511_alt_20.228m.png,2024_06_04_09,train
DJI_DateTime_2024_06_04_09_29_0259_lat_10.3022109_lon_105.2722200_alt_20.255m,/home/hyggestuen/Downloads/_WeedyRice/WeedyRice-RGBMS-DB/RGB/DJI_DateTime_2024_06_04_09_29_0259_lat_10.3022109_lon_105.2722200_alt_20.255m.JPG,,"[""/home/hyggestuen/Downloads/_WeedyRice/WeedyRice-RGBMS-DB/Multispectral/DJI_DateTime_2024_06_04_09_29_0259_lat_10.3022109_lon_105.2722200_alt_20.255m_G.TIF"", ""/home/hyggestuen/Downloads/_WeedyRice/WeedyRice-RGBMS-DB/Multispectral/DJI_DateTime_2024_06_04_09_29_0259_lat_10.3022109_lon_105.2722200_alt_20.255m_NIR.TIF"", ""/home/hyggestuen/Downloads/_WeedyRice/WeedyRice-RGBMS-DB/Multispectral/DJI_DateTime_2024_06_04_09_29_0259_lat_10.3022109_lon_105.2722200_alt_20.255m_R.TIF"", ""/home/hyggestuen/Downloads/_WeedyRice/WeedyRice-RGBMS-DB/Multispectral/DJI_DateTime_2024_06_04_09_29_0259_lat_10.3022109_lon_105.2722200_alt_20.255m_RE.TIF""]",/home/hyggestuen/Downloads/_WeedyRice/WeedyRice-RGBMS-DB/Masks/DJI_DateTime_2024_06_04_09_29_0259_lat_10.3022109_lon_105.2722200_alt_20.255m.png,2024_06_04_09,train
DJI_DateTime_2024_06_04_09_29_0264_lat_10.3024495_lon_105.2720651_alt_20.153m,/home/hyggestuen/Downloads/_WeedyRice/WeedyRice-RGBMS-DB/RGB/DJI_DateTime_2024_06_04_09_29_0264_lat_10.3024495_lon_105.2720651_alt_20.153m.JPG,,"[""/home/hyggestuen/Downloads/_WeedyRice/WeedyRice-RGBMS-DB/Multispectral/DJI_DateTime_2024_06_04_09_29_0264_lat_10.3024495_lon_105.2720651_alt_20.153m_G.TIF"", ""/home/hyggestuen/Downloads/_WeedyRice/WeedyRice-RGBMS-DB/Multispectral/DJI_DateTime_2024_06_04_09_29_0264_lat_10.3024495_lon_105.2720651_alt_20.153m_NIR.TIF"", ""/home/hyggestuen/Downloads/_WeedyRice/WeedyRice-RGBMS-DB/Multispectral/DJI_DateTime_2024_06_04_09_29_0264_lat_10.3024495_lon_105.2720651_alt_20.153m_R.TIF"", ""/home/hyggestuen/Downloads/_WeedyRice/WeedyRice-RGBMS-DB/Multispectral/DJI_DateTime_2024_06_04_09_29_0264_lat_10.3024495_lon_105.2720651_alt_20.153m_RE.TIF""]",/home/hyggestuen/Downloads/_WeedyRice/WeedyRice-RGBMS-DB/Masks/DJI_DateTime_2024_06_04_09_29_0264_lat_10.3024495_lon_105.2720651_alt_20.153m.png,2024_06_04_09,train
DJI_DateTime_2024_06_04_09_29_0265_lat_10.3024972_lon_105.2720341_alt_20.255m,/home/hyggestuen/Downloads/_WeedyRice/WeedyRice-RGBMS-DB/RGB/DJI_DateTime_2024_06_04_09_29_0265_lat_10.3024972_lon_105.2720341_alt_20.255m.JPG,,"[""/home/hyggestuen/Downloads/_WeedyRice/WeedyRice-RGBMS-DB/Multispectral/DJI_DateTime_2024_06_04_09_29_0265_lat_10.3024972_lon_105.2720341_alt_20.255m_G.TIF"", ""/home/hyggestuen/Downloads/_WeedyRice/WeedyRice-RGBMS-DB/Multispectral/DJI_DateTime_2024_06_04_09_29_0265_lat_10.3024972_lon_105.2720341_alt_20.255m_NIR.TIF"", ""/home/hyggestuen/Downloads/_WeedyRice/WeedyRice-RGBMS-DB/Multispectral/DJI_DateTime_2024_06_04_09_29_0265_lat_10.3024972_lon_105.2720341_alt_20.255m_R.TIF"", ""/home/hyggestuen/Downloads/_WeedyRice/WeedyRice-RGBMS-DB/Multispectral/DJI_DateTime_2024_06_04_09_29_0265_lat_10.3024972_lon_105.2720341_alt_20.255m_RE.TIF""]",/home/hyggestuen/Downloads/_WeedyRice/WeedyRice-RGBMS-DB/Masks/DJI_DateTime_2024_06_04_09_29_0265_lat_10.3024972_lon_105.2720341_alt_20.255m.png,2024_06_04_09,train
DJI_DateTime_2024_06_04_09_29_0266_lat_10.3025451_lon_105.2720019_alt_20.135m,/home/hyggestuen/Downloads/_WeedyRice/WeedyRice-RGBMS-DB/RGB/DJI_DateTime_2024_06_04_09_29_0266_lat_10.3025451_lon_105.2720019_alt_20.135m.JPG,,"[""/home/hyggestuen/Downloads/_WeedyRice/WeedyRice-RGBMS-DB/Multispectral/DJI_DateTime_2024_06_04_09_29_0266_lat_10.3025451_lon_105.2720019_alt_20.135m_G.TIF"", ""/home/hyggestuen/Downloads/_WeedyRice/WeedyRice-RGBMS-DB/Multispectral/DJI_DateTime_2024_06_04_09_29_0266_lat_10.3025451_lon_105.2720019_alt_20.135m_NIR.TIF"", ""/home/hyggestuen/Downloads/_WeedyRice/WeedyRice-RGBMS-DB/Multispectral/DJI_DateTime_2024_06_04_09_29_0266_lat_10.3025451_lon_105.2720019_alt_20.135m_R.TIF"", ""/home/hyggestuen/Downloads/_WeedyRice/WeedyRice-RGBMS-DB/Multispectral/DJI_DateTime_2024_06_04_09_29_0266_lat_10.3025451_lon_105.2720019_alt_20.135m_RE.TIF""]",/home/hyggestuen/Downloads/_WeedyRice/WeedyRice-RGBMS-DB/Masks/DJI_DateTime_2024_06_04_09_29_0266_lat_10.3025451_lon_105.2720019_alt_20.135m.png,2024_06_04_09,train
DJI_DateTime_2024_06_04_09_29_0267_lat_10.3025928_lon_105.2719709_alt_20.197m,/home/hyggestuen/Downloads/_WeedyRice/WeedyRice-RGBMS-DB/RGB/DJI_DateTime_2024_06_04_09_29_0267_lat_10.3025928_lon_105.2719709_alt_20.197m.JPG,,"[""/home/hyggestuen/Downloads/_WeedyRice/WeedyRice-RGBMS-DB/Multispectral/DJI_DateTime_2024_06_04_09_29_0267_lat_10.3025928_lon_105.2719709_alt_20.197m_G.TIF"", ""/home/hyggestuen/Downloads/_WeedyRice/WeedyRice-RGBMS-DB/Multispectral/DJI_DateTime_2024_06_04_09_29_0267_lat_10.3025928_lon_105.2719709_alt_20.197m_NIR.TIF"", ""/home/hyggestuen/Downloads/_WeedyRice/WeedyRice-RGBMS-DB/Multispectral/DJI_DateTime_2024_06_04_09_29_0267_lat_10.3025928_lon_105.2719709_alt_20.197m_R.TIF"", ""/home/hyggestuen/Downloads/_WeedyRice/WeedyRice-RGBMS-DB/Multispectral/DJI_DateTime_2024_06_04_09_29_0267_lat_10.3025928_lon_105.2719709_alt_20.197m_RE.TIF""]",/home/hyggestuen/Downloads/_WeedyRice/WeedyRice-RGBMS-DB/Masks/DJI_DateTime_2024_06_04_09_29_0267_lat_10.3025928_lon_105.2719709_alt_20.197m.png,2024_06_04_09,train
DJI_DateTime_2024_06_04_09_29_0268_lat_10.3026409_lon_105.2719393_alt_20.269m,/home/hyggestuen/Downloads/_WeedyRice/WeedyRice-RGBMS-DB/RGB/DJI_DateTime_2024_06_04_09_29_0268_lat_10.3026409_lon_105.2719393_alt_20.269m.JPG,,"[""/home/hyggestuen/Downloads/_WeedyRice/WeedyRice-RGBMS-DB/Multispectral/DJI_DateTime_2024_06_04_09_29_0268_lat_10.3026409_lon_105.2719393_alt_20.269m_G.TIF"", ""/home/hyggestuen/Downloads/_WeedyRice/WeedyRice-RGBMS-DB/Multispectral/DJI_DateTime_2024_06_04_09_29_0268_lat_10.3026409_lon_105.2719393_alt_20.269m_NIR.TIF"", ""/home/hyggestuen/Downloads/_WeedyRice/WeedyRice-RGBMS-DB/Multispectral/DJI_DateTime_2024_06_04_09_29_0268_lat_10.3026409_lon_105.2719393_alt_20.269m_R.TIF"", ""/home/hyggestuen/Downloads/_WeedyRice/WeedyRice-RGBMS-DB/Multispectral/DJI_DateTime_2024_06_04_09_29_0268_lat_10.3026409_lon_105.2719393_alt_20.269m_RE.TIF""]",/home/hyggestuen/Downloads/_WeedyRice/WeedyRice-RGBMS-DB/Masks/DJI_DateTime_2024_06_04_09_29_0268_lat_10.3026409_lon_105.2719393_alt_20.269m.png,2024_06_04_09,train
DJI_DateTime_2024_06_04_09_29_0269_lat_10.3026902_lon_105.2719149_alt_20.208m,/home/hyggestuen/Downloads/_WeedyRice/WeedyRice-RGBMS-DB/RGB/DJI_DateTime_2024_06_04_09_29_0269_lat_10.3026902_lon_105.2719149_alt_20.208m.JPG,,"[""/home/hyggestuen/Downloads/_WeedyRice/WeedyRice-RGBMS-DB/Multispectral/DJI_DateTime_2024_06_04_09_29_0269_lat_10.3026902_lon_105.2719149_alt_20.208m_G.TIF"", ""/home/hyggestuen/Downloads/_WeedyRice/WeedyRice-RGBMS-DB/Multispectral/DJI_DateTime_2024_06_04_09_29_0269_lat_10.3026902_lon_105.2719149_alt_20.208m_NIR.TIF"", ""/home/hyggestuen/Downloads/_WeedyRice/WeedyRice-RGBMS-DB/Multispectral/DJI_DateTime_2024_06_04_09_29_0269_lat_10.3026902_lon_105.2719149_alt_20.208m_R.TIF"", ""/home/hyggestuen/Downloads/_WeedyRice/WeedyRice-RGBMS-DB/Multispectral/DJI_DateTime_2024_06_04_09_29_0269_lat_10.3026902_lon_105.2719149_alt_20.208m_RE.TIF""]",/home/hyggestuen/Downloads/_WeedyRice/WeedyRice-RGBMS-DB/Masks/DJI_DateTime_2024_06_04_09_29_0269_lat_10.3026902_lon_105.2719149_alt_20.208m.png,2024_06_04_09,train
DJI_DateTime_2024_06_04_09_29_0270_lat_10.3026944_lon_105.2719671_alt_20.256m,/home/hyggestuen/Downloads/_WeedyRice/WeedyRice-RGBMS-DB/RGB/DJI_DateTime_2024_06_04_09_29_0270_lat_10.3026944_lon_105.2719671_alt_20.256m.JPG,,"[""/home/hyggestuen/Downloads/_WeedyRice/WeedyRice-RGBMS-DB/Multispectral/DJI_DateTime_2024_06_04_09_29_0270_lat_10.3026944_lon_105.2719671_alt_20.256m_G.TIF"", ""/home/hyggestuen/Downloads/_WeedyRice/WeedyRice-RGBMS-DB/Multispectral/DJI_DateTime_2024_06_04_09_29_0270_lat_10.3026944_lon_105.2719671_alt_20.256m_NIR.TIF"", ""/home/hyggestuen/Downloads/_WeedyRice/WeedyRice-RGBMS-DB/Multispectral/DJI_DateTime_2024_06_04_09_29_0270_lat_10.3026944_lon_105.2719671_alt_20.256m_R.TIF"", ""/home/hyggestuen/Downloads/_WeedyRice/WeedyRice-RGBMS-DB/Multispectral/DJI_DateTime_2024_06_04_09_29_0270_lat_10.3026944_lon_105.2719671_alt_20.256m_RE.TIF""]",/home/hyggestuen/Downloads/_WeedyRice/WeedyRice-RGBMS-DB/Masks/DJI_DateTime_2024_06_04_09_29_0270_lat_10.3026944_lon_105.2719671_alt_20.256m.png,2024_06_04_09,train
DJI_DateTime_2024_06_04_09_29_0271_lat_10.3026701_lon_105.2720178_alt_20.296m,/home/hyggestuen/Downloads/_WeedyRice/WeedyRice-RGBMS-DB/RGB/DJI_DateTime_2024_06_04_09_29_0271_lat_10.3026701_lon_105.2720178_alt_20.296m.JPG,,"[""/home/hyggestuen/Downloads/_WeedyRice/WeedyRice-RGBMS-DB/Multispectral/DJI_DateTime_2024_06_04_09_29_0271_lat_10.3026701_lon_105.2720178_alt_20.296m_G.TIF"", ""/home/hyggestuen/Downloads/_WeedyRice/WeedyRice-RGBMS-DB/Multispectral/DJI_DateTime_2024_06_04_09_29_0271_lat_10.3026701_lon_105.2720178_alt_20.296m_NIR.TIF"", ""/home/hyggestuen/Downloads/_WeedyRice/WeedyRice-RGBMS-DB/Multispectral/DJI_DateTime_2024_06_04_09_29_0271_lat_10.3026701_lon_105.2720178_alt_20.296m_R.TIF"", ""/home/hyggestuen/Downloads/_WeedyRice/WeedyRice-RGBMS-DB/Multispectral/DJI_DateTime_2024_06_04_09_29_0271_lat_10.3026701_lon_105.2720178_alt_20.296m_RE.TIF""]",/home/hyggestuen/Downloads/_WeedyRice/WeedyRice-RGBMS-DB/Masks/DJI_DateTime_2024_06_04_09_29_0271_lat_10.3026701_lon_105.2720178_alt_20.296m.png,2024_06_04_09,train
DJI_DateTime_2024_06_04_09_29_0272_lat_10.3026261_lon_105.2720549_alt_20.257m,/home/hyggestuen/Downloads/_WeedyRice/WeedyRice-RGBMS-DB/RGB/DJI_DateTime_2024_06_04_09_29_0272_lat_10.3026261_lon_105.2720549_alt_20.257m.JPG,,"[""/home/hyggestuen/Downloads/_WeedyRice/WeedyRice-RGBMS-DB/Multispectral/DJI_DateTime_2024_06_04_09_29_0272_lat_10.3026261_lon_105.2720549_alt_20.257m_G.TIF"", ""/home/hyggestuen/Downloads/_WeedyRice/WeedyRice-RGBMS-DB/Multispectral/DJI_DateTime_2024_06_04_09_29_0272_lat_10.3026261_lon_105.2720549_alt_20.257m_NIR.TIF"", ""/home/hyggestuen/Downloads/_WeedyRice/WeedyRice-RGBMS-DB/Multispectral/DJI_DateTime_2024_06_04_09_29_0272_lat_10.3026261_lon_105.2720549_alt_20.257m_R.TIF"", ""/home/hyggestuen/Downloads/_WeedyRice/WeedyRice-RGBMS-DB/Multispectral/DJI_DateTime_2024_06_04_09_29_0272_lat_10.3026261_lon_105.2720549_alt_20.257m_RE.TIF""]",/home/hyggestuen/Downloads/_WeedyRice/WeedyRice-RGBMS-DB/Masks/DJI_DateTime_2024_06_04_09_29_0272_lat_10.3026261_lon_105.2720549_alt_20.257m.png,2024_06_04_09,train
DJI_DateTime_2024_06_04_09_29_0273_lat_10.3025787_lon_105.2720860_alt_20.243m,/home/hyggestuen/Downloads/_WeedyRice/WeedyRice-RGBMS-DB/RGB/DJI_DateTime_2024_06_04_09_29_0273_lat_10.3025787_lon_105.2720860_alt_20.243m.JPG,,"[""/home/hyggestuen/Downloads/_WeedyRice/WeedyRice-RGBMS-DB/Multispectral/DJI_DateTime_2024_06_04_09_29_0273_lat_10.3025787_lon_105.2720860_alt_20.243m_G.TIF"", ""/home/hyggestuen/Downloads/_WeedyRice/WeedyRice-RGBMS-DB/Multispectral/DJI_DateTime_2024_06_04_09_29_0273_lat_10.3025787_lon_105.2720860_alt_20.243m_NIR.TIF"", ""/home/hyggestuen/Downloads/_WeedyRice/WeedyRice-RGBMS-DB/Multispectral/DJI_DateTime_2024_06_04_09_29_0273_lat_10.3025787_lon_105.2720860_alt_20.243m_R.TIF"", ""/home/hyggestuen/Downloads/_WeedyRice/WeedyRice-RGBMS-DB/Multispectral/DJI_DateTime_2024_06_04_09_29_0273_lat_10.3025787_lon_105.2720860_alt_20.243m_RE.TIF""]",/home/hyggestuen/Downloads/_WeedyRice/WeedyRice-RGBMS-DB/Masks/DJI_DateTime_2024_06_04_09_29_0273_lat_10.3025787_lon_105.2720860_alt_20.243m.png,2024_06_04_09,train
DJI_DateTime_2024_06_04_09_29_0274_lat_10.3025312_lon_105.2721172_alt_20.210m,/home/hyggestuen/Downloads/_WeedyRice/WeedyRice-RGBMS-DB/RGB/DJI_DateTime_2024_06_04_09_29_0274_lat_10.3025312_lon_105.2721172_alt_20.210m.JPG,,"[""/home/hyggestuen/Downloads/_WeedyRice/WeedyRice-RGBMS-DB/Multispectral/DJI_DateTime_2024_06_04_09_29_0274_lat_10.3025312_lon_105.2721172_alt_20.210m_G.TIF"", ""/home/hyggestuen/Downloads/_WeedyRice/WeedyRice-RGBMS-DB/Multispectral/DJI_DateTime_2024_06_04_09_29_0274_lat_10.3025312_lon_105.2721172_alt_20.210m_NIR.TIF"", ""/home/hyggestuen/Downloads/_WeedyRice/WeedyRice-RGBMS-DB/Multispectral/DJI_DateTime_2024_06_04_09_29_0274_lat_10.3025312_lon_105.2721172_alt_20.210m_R.TIF"", ""/home/hyggestuen/Downloads/_WeedyRice/WeedyRice-RGBMS-DB/Multispectral/DJI_DateTime_2024_06_04_09_29_0274_lat_10.3025312_lon_105.2721172_alt_20.210m_RE.TIF""]",/home/hyggestuen/Downloads/_WeedyRice/WeedyRice-RGBMS-DB/Masks/DJI_DateTime_2024_06_04_09_29_0274_lat_10.3025312_lon_105.2721172_alt_20.210m.png,2024_06_04_09,train
DJI_DateTime_2024_06_04_09_29_0275_lat_10.3024834_lon_105.2721485_alt_20.190m,/home/hyggestuen/Downloads/_WeedyRice/WeedyRice-RGBMS-DB/RGB/DJI_DateTime_2024_06_04_09_29_0275_lat_10.3024834_lon_105.2721485_alt_20.190m.JPG,,"[""/home/hyggestuen/Downloads/_WeedyRice/WeedyRice-RGBMS-DB/Multispectral/DJI_DateTime_2024_06_04_09_29_0275_lat_10.3024834_lon_105.2721485_alt_20.190m_G.TIF"", ""/home/hyggestuen/Downloads/_WeedyRice/WeedyRice-RGBMS-DB/Multispectral/DJI_DateTime_2024_06_04_09_29_0275_lat_10.3024834_lon_105.2721485_alt_20.190m_NIR.TIF"", ""/home/hyggestuen/Downloads/_WeedyRice/WeedyRice-RGBMS-DB/Multispectral/DJI_DateTime_2024_06_04_09_29_0275_lat_10.3024834_lon_105.2721485_alt_20.190m_R.TIF"", ""/home/hyggestuen/Downloads/_WeedyRice/WeedyRice-RGBMS-DB/Multispectral/DJI_DateTime_2024_06_04_09_29_0275_lat_10.3024834_lon_105.2721485_alt_20.190m_RE.TIF""]",/home/hyggestuen/Downloads/_WeedyRice/WeedyRice-RGBMS-DB/Masks/DJI_DateTime_2024_06_04_09_29_0275_lat_10.3024834_lon_105.2721485_alt_20.190m.png,2024_06_04_09,train
DJI_DateTime_2024_06_04_09_30_0279_lat_10.3022919_lon_105.2722751_alt_20.180m,/home/hyggestuen/Downloads/_WeedyRice/WeedyRice-RGBMS-DB/RGB/DJI_DateTime_2024_06_04_09_30_0279_lat_10.3022919_lon_105.2722751_alt_20.180m.JPG,,"[""/home/hyggestuen/Downloads/_WeedyRice/WeedyRice-RGBMS-DB/Multispectral/DJI_DateTime_2024_06_04_09_30_0279_lat_10.3022919_lon_105.2722751_alt_20.180m_G.TIF"", ""/home/hyggestuen/Downloads/_WeedyRice/WeedyRice-RGBMS-DB/Multispectral/DJI_DateTime_2024_06_04_09_30_0279_lat_10.3022919_lon_105.2722751_alt_20.180m_NIR.TIF"", ""/home/hyggestuen/Downloads/_WeedyRice/WeedyRice-RGBMS-DB/Multispectral/DJI_DateTime_2024_06_04_09_30_0279_lat_10.3022919_lon_105.2722751_alt_20.180m_R.TIF"", ""/home/hyggestuen/Downloads/_WeedyRice/WeedyRice-RGBMS-DB/Multispectral/DJI_DateTime_2024_06_04_09_30_0279_lat_10.3022919_lon_105.2722751_alt_20.180m_RE.TIF""]",/home/hyggestuen/Downloads/_WeedyRice/WeedyRice-RGBMS-DB/Masks/DJI_DateTime_2024_06_04_09_30_0279_lat_10.3022919_lon_105.2722751_alt_20.180m.png,2024_06_04_09,train
DJI_DateTime_2024_06_04_09_30_0280_lat_10.3022441_lon_105.2723070_alt_20.230m,/home/hyggestuen/Downloads/_WeedyRice/WeedyRice-RGBMS-DB/RGB/DJI_DateTime_2024_06_04_09_30_0280_lat_10.3022441_lon_105.2723070_alt_20.230m.JPG,,"[""/home/hyggestuen/Downloads/_WeedyRice/WeedyRice-RGBMS-DB/Multispectral/DJI_DateTime_2024_06_04_09_30_0280_lat_10.3022441_lon_105.2723070_alt_20.230m_G.TIF"", ""/home/hyggestuen/Downloads/_WeedyRice/WeedyRice-RGBMS-DB/Multispectral/DJI_DateTime_2024_06_04_09_30_0280_lat_10.3022441_lon_105.2723070_alt_20.230m_NIR.TIF"", ""/home/hyggestuen/Downloads/_WeedyRice/WeedyRice-RGBMS-DB/Multispectral/DJI_DateTime_2024_06_04_09_30_0280_lat_10.3022441_lon_105.2723070_alt_20.230m_R.TIF"", ""/home/hyggestuen/Downloads/_WeedyRice/WeedyRice-RGBMS-DB/Multispectral/DJI_DateTime_2024_06_04_09_30_0280_lat_10.3022441_lon_105.2723070_alt_20.230m_RE.TIF""]",/home/hyggestuen/Downloads/_WeedyRice/WeedyRice-RGBMS-DB/Masks/DJI_DateTime_2024_06_04_09_30_0280_lat_10.3022441_lon_105.2723070_alt_20.230m.png,2024_06_04_09,train
DJI_DateTime_2024_06_04_09_30_0281_lat_10.3021962_lon_105.2723383_alt_20.217m,/home/hyggestuen/Downloads/_WeedyRice/WeedyRice-RGBMS-DB/RGB/DJI_DateTime_2024_06_04_09_30_0281_lat_10.3021962_lon_105.2723383_alt_20.217m.JPG,,"[""/home/hyggestuen/Downloads/_WeedyRice/WeedyRice-RGBMS-DB/Multispectral/DJI_DateTime_2024_06_04_09_30_0281_lat_10.3021962_lon_105.2723383_alt_20.217m_G.TIF"", ""/home/hyggestuen/Downloads/_WeedyRice/WeedyRice-RGBMS-DB/Multispectral/DJI_DateTime_2024_06_04_09_30_0281_lat_10.3021962_lon_105.2723383_alt_20.217m_NIR.TIF"", ""/home/hyggestuen/Downloads/_WeedyRice/WeedyRice-RGBMS-DB/Multispectral/DJI_DateTime_2024_06_04_09_30_0281_lat_10.3021962_lon_105.2723383_alt_20.217m_R.TIF"", ""/home/hyggestuen/Downloads/_WeedyRice/WeedyRice-RGBMS-DB/Multispectral/DJI_DateTime_2024_06_04_09_30_0281_lat_10.3021962_lon_105.2723383_alt_20.217m_RE.TIF""]",/home/hyggestuen/Downloads/_WeedyRice/WeedyRice-RGBMS-DB/Masks/DJI_DateTime_2024_06_04_09_30_0281_lat_10.3021962_lon_105.2723383_alt_20.217m.png,2024_06_04_09,train
DJI_DateTime_2024_06_04_09_30_0282_lat_10.3021486_lon_105.2723695_alt_20.189m,/home/hyggestuen/Downloads/_WeedyRice/WeedyRice-RGBMS-DB/RGB/DJI_DateTime_2024_06_04_09_30_0282_lat_10.3021486_lon_105.2723695_alt_20.189m.JPG,,"[""/home/hyggestuen/Downloads/_WeedyRice/WeedyRice-RGBMS-DB/Multispectral/DJI_DateTime_2024_06_04_09_30_0282_lat_10.3021486_lon_105.2723695_alt_20.189m_G.TIF"", ""/home/hyggestuen/Downloads/_WeedyRice/WeedyRice-RGBMS-DB/Multispectral/DJI_DateTime_2024_06_04_09_30_0282_lat_10.3021486_lon_105.2723695_alt_20.189m_NIR.TIF"", ""/home/hyggestuen/Downloads/_WeedyRice/WeedyRice-RGBMS-DB/Multispectral/DJI_DateTime_2024_06_04_09_30_0282_lat_10.3021486_lon_105.2723695_alt_20.189m_R.TIF"", ""/home/hyggestuen/Downloads/_WeedyRice/WeedyRice-RGBMS-DB/Multispectral/DJI_DateTime_2024_06_04_09_30_0282_lat_10.3021486_lon_105.2723695_alt_20.189m_RE.TIF""]",/home/hyggestuen/Downloads/_WeedyRice/WeedyRice-RGBMS-DB/Masks/DJI_DateTime_2024_06_04_09_30_0282_lat_10.3021486_lon_105.2723695_alt_20.189m.png,2024_06_04_09,train
DJI_DateTime_2024_06_04_09_30_0283_lat_10.3021011_lon_105.2724008_alt_20.217m,/home/hyggestuen/Downloads/_WeedyRice/WeedyRice-RGBMS-DB/RGB/DJI_DateTime_2024_06_04_09_30_0283_lat_10.3021011_lon_105.2724008_alt_20.217m.JPG,,"[""/home/hyggestuen/Downloads/_WeedyRice/WeedyRice-RGBMS-DB/Multispectral/DJI_DateTime_2024_06_04_09_30_0283_lat_10.3021011_lon_105.2724008_alt_20.217m_G.TIF"", ""/home/hyggestuen/Downloads/_WeedyRice/WeedyRice-RGBMS-DB/Multispectral/DJI_DateTime_2024_06_04_09_30_0283_lat_10.3021011_lon_105.2724008_alt_20.217m_NIR.TIF"", ""/home/hyggestuen/Downloads/_WeedyRice/WeedyRice-RGBMS-DB/Multispectral/DJI_DateTime_2024_06_04_09_30_0283_lat_10.3021011_lon_105.2724008_alt_20.217m_R.TIF"", ""/home/hyggestuen/Downloads/_WeedyRice/WeedyRice-RGBMS-DB/Multispectral/DJI_DateTime_2024_06_04_09_30_0283_lat_10.3021011_lon_105.2724008_alt_20.217m_RE.TIF""]",/home/hyggestuen/Downloads/_WeedyRice/WeedyRice-RGBMS-DB/Masks/DJI_DateTime_2024_06_04_09_30_0283_lat_10.3021011_lon_105.2724008_alt_20.217m.png,2024_06_04_09,train
DJI_DateTime_2024_06_04_09_31_0293_lat_10.3016248_lon_105.2727146_alt_20.203m,/home/hyggestuen/Downloads/_WeedyRice/WeedyRice-RGBMS-DB/RGB/DJI_DateTime_2024_06_04_09_31_0293_lat_10.3016248_lon_105.2727146_alt_20.203m.JPG,,"[""/home/hyggestuen/Downloads/_WeedyRice/WeedyRice-RGBMS-DB/Multispectral/DJI_DateTime_2024_06_04_09_31_0293_lat_10.3016248_lon_105.2727146_alt_20.203m_G.TIF"", ""/home/hyggestuen/Downloads/_WeedyRice/WeedyRice-RGBMS-DB/Multispectral/DJI_DateTime_2024_06_04_09_31_0293_lat_10.3016248_lon_105.2727146_alt_20.203m_NIR.TIF"", ""/home/hyggestuen/Downloads/_WeedyRice/WeedyRice-RGBMS-DB/Multispectral/DJI_DateTime_2024_06_04_09_31_0293_lat_10.3016248_lon_105.2727146_alt_20.203m_R.TIF"", ""/home/hyggestuen/Downloads/_WeedyRice/WeedyRice-RGBMS-DB/Multispectral/DJI_DateTime_2024_06_04_09_31_0293_lat_10.3016248_lon_105.2727146_alt_20.203m_RE.TIF""]",/home/hyggestuen/Downloads/_WeedyRice/WeedyRice-RGBMS-DB/Masks/DJI_DateTime_2024_06_04_09_31_0293_lat_10.3016248_lon_105.2727146_alt_20.203m.png,2024_06_04_09,train
DJI_DateTime_2024_06_04_09_31_0294_lat_10.3015776_lon_105.2727464_alt_20.214m,/home/hyggestuen/Downloads/_WeedyRice/WeedyRice-RGBMS-DB/RGB/DJI_DateTime_2024_06_04_09_31_0294_lat_10.3015776_lon_105.2727464_alt_20.214m.JPG,,"[""/home/hyggestuen/Downloads/_WeedyRice/WeedyRice-RGBMS-DB/Multispectral/DJI_DateTime_2024_06_04_09_31_0294_lat_10.3015776_lon_105.2727464_alt_20.214m_G.TIF"", ""/home/hyggestuen/Downloads/_WeedyRice/WeedyRice-RGBMS-DB/Multispectral/DJI_DateTime_2024_06_04_09_31_0294_lat_10.3015776_lon_105.2727464_alt_20.214m_NIR.TIF"", ""/home/hyggestuen/Downloads/_WeedyRice/WeedyRice-RGBMS-DB/Multispectral/DJI_DateTime_2024_06_04_09_31_0294_lat_10.3015776_lon_105.2727464_alt_20.214m_R.TIF"", ""/home/hyggestuen/Downloads/_WeedyRice/WeedyRice-RGBMS-DB/Multispectral/DJI_DateTime_2024_06_04_09_31_0294_lat_10.3015776_lon_105.2727464_alt_20.214m_RE.TIF""]",/home/hyggestuen/Downloads/_WeedyRice/WeedyRice-RGBMS-DB/Masks/DJI_DateTime_2024_06_04_09_31_0294_lat_10.3015776_lon_105.2727464_alt_20.214m.png,2024_06_04_09,train
DJI_DateTime_2024_06_04_09_31_0300_lat_10.3016456_lon_105.2728074_alt_20.232m,/home/hyggestuen/Downloads/_WeedyRice/WeedyRice-RGBMS-DB/RGB/DJI_DateTime_2024_06_04_09_31_0300_lat_10.3016456_lon_105.2728074_alt_20.232m.JPG,,"[""/home/hyggestuen/Downloads/_WeedyRice/WeedyRice-RGBMS-DB/Multispectral/DJI_DateTime_2024_06_04_09_31_0300_lat_10.3016456_lon_105.2728074_alt_20.232m_G.TIF"", ""/home/hyggestuen/Downloads/_WeedyRice/WeedyRice-RGBMS-DB/Multispectral/DJI_DateTime_2024_06_04_09_31_0300_lat_10.3016456_lon_105.2728074_alt_20.232m_NIR.TIF"", ""/home/hyggestuen/Downloads/_WeedyRice/WeedyRice-RGBMS-DB/Multispectral/DJI_DateTime_2024_06_04_09_31_0300_lat_10.3016456_lon_105.2728074_alt_20.232m_R.TIF"", ""/home/hyggestuen/Downloads/_WeedyRice/WeedyRice-RGBMS-DB/Multispectral/DJI_DateTime_2024_06_04_09_31_0300_lat_10.3016456_lon_105.2728074_alt_20.232m_RE.TIF""]",/home/hyggestuen/Downloads/_WeedyRice/WeedyRice-RGBMS-DB/Masks/DJI_DateTime_2024_06_04_09_31_0300_lat_10.3016456_lon_105.2728074_alt_20.232m.png,2024_06_04_09,train
DJI_DateTime_2024_06_04_09_32_0310_lat_10.3021220_lon_105.2724914_alt_20.149m,/home/hyggestuen/Downloads/_WeedyRice/WeedyRice-RGBMS-DB/RGB/DJI_DateTime_2024_06_04_09_32_0310_lat_10.3021220_lon_105.2724914_alt_20.149m.JPG,,"[""/home/hyggestuen/Downloads/_WeedyRice/WeedyRice-RGBMS-DB/Multispectral/DJI_DateTime_2024_06_04_09_32_0310_lat_10.3021220_lon_105.2724914_alt_20.149m_G.TIF"", ""/home/hyggestuen/Downloads/_WeedyRice/WeedyRice-RGBMS-DB/Multispectral/DJI_DateTime_2024_06_04_09_32_0310_lat_10.3021220_lon_105.2724914_alt_20.149m_NIR.TIF"", ""/home/hyggestuen/Downloads/_WeedyRice/WeedyRice-RGBMS-DB/Multispectral/DJI_DateTime_2024_06_04_09_32_0310_lat_10.3021220_lon_105.2724914_alt_20.149m_R.TIF"", ""/home/hyggestuen/Downloads/_WeedyRice/WeedyRice-RGBMS-DB/Multispectral/DJI_DateTime_2024_06_04_09_32_0310_lat_10.3021220_lon_105.2724914_alt_20.149m_RE.TIF""]",/home/hyggestuen/Downloads/_WeedyRice/WeedyRice-RGBMS-DB/Masks/DJI_DateTime_2024_06_04_09_32_0310_lat_10.3021220_lon_105.2724914_alt_20.149m.png,2024_06_04_09,train
DJI_DateTime_2024_06_04_09_32_0311_lat_10.3021700_lon_105.2724599_alt_20.221m,/home/hyggestuen/Downloads/_WeedyRice/WeedyRice-RGBMS-DB/RGB/DJI_DateTime_2024_06_04_09_32_0311_lat_10.3021700_lon_105.2724599_alt_20.221m.JPG,,"[""/home/hyggestuen/Downloads/_WeedyRice/WeedyRice-RGBMS-DB/Multispectral/DJI_DateTime_2024_06_04_09_32_0311_lat_10.3021700_lon_105.2724599_alt_20.221m_G.TIF"", ""/home/hyggestuen/Downloads/_WeedyRice/WeedyRice-RGBMS-DB/Multispectral/DJI_DateTime_2024_06_04_09_32_0311_lat_10.3021700_lon_105.2724599_alt_20.221m_NIR.TIF"", ""/home/hyggestuen/Downloads/_WeedyRice/WeedyRice-RGBMS-DB/Multispectral/DJI_DateTime_2024_06_04_09_32_0311_lat_10.3021700_lon_105.2724599_alt_20.221m_R.TIF"", ""/home/hyggestuen/Downloads/_WeedyRice/WeedyRice-RGBMS-DB/Multispectral/DJI_DateTime_2024_06_04_09_32_0311_lat_10.3021700_lon_105.2724599_alt_20.221m_RE.TIF""]",/home/hyggestuen/Downloads/_WeedyRice/WeedyRice-RGBMS-DB/Masks/DJI_DateTime_2024_06_04_09_32_0311_lat_10.3021700_lon_105.2724599_alt_20.221m.png,2024_06_04_09,train
DJI_DateTime_2024_06_04_09_32_0312_lat_10.3022181_lon_105.2724278_alt_20.205m,/home/hyggestuen/Downloads/_WeedyRice/WeedyRice-RGBMS-DB/RGB/DJI_DateTime_2024_06_04_09_32_0312_lat_10.3022181_lon_105.2724278_alt_20.205m.JPG,,"[""/home/hyggestuen/Downloads/_WeedyRice/WeedyRice-RGBMS-DB/Multispectral/DJI_DateTime_2024_06_04_09_32_0312_lat_10.3022181_lon_105.2724278_alt_20.205m_G.TIF"", ""/home/hyggestuen/Downloads/_WeedyRice/WeedyRice-RGBMS-DB/Multispectral/DJI_DateTime_2024_06_04_09_32_0312_lat_10.3022181_lon_105.2724278_alt_20.205m_NIR.TIF"", ""/home/hyggestuen/Downloads/_WeedyRice/WeedyRice-RGBMS-DB/Multispectral/DJI_DateTime_2024_06_04_09_32_0312_lat_10.3022181_lon_105.2724278_alt_20.205m_R.TIF"", ""/home/hyggestuen/Downloads/_WeedyRice/WeedyRice-RGBMS-DB/Multispectral/DJI_DateTime_2024_06_04_09_32_0312_lat_10.3022181_lon_105.2724278_alt_20.205m_RE.TIF""]",/home/hyggestuen/Downloads/_WeedyRice/WeedyRice-RGBMS-DB/Masks/DJI_DateTime_2024_06_04_09_32_0312_lat_10.3022181_lon_105.2724278_alt_20.205m.png,2024_06_04_09,train
DJI_DateTime_2024_06_04_09_32_0313_lat_10.3022652_lon_105.2723968_alt_20.232m,/home/hyggestuen/Downloads/_WeedyRice/WeedyRice-RGBMS-DB/RGB/DJI_DateTime_2024_06_04_09_32_0313_lat_10.3022652_lon_105.2723968_alt_20.232m.JPG,,"[""/home/hyggestuen/Downloads/_WeedyRice/WeedyRice-RGBMS-DB/Multispectral/DJI_DateTime_2024_06_04_09_32_0313_lat_10.3022652_lon_105.2723968_alt_20.232m_G.TIF"", ""/home/hyggestuen/Downloads/_WeedyRice/WeedyRice-RGBMS-DB/Multispectral/DJI_DateTime_2024_06_04_09_32_0313_lat_10.3022652_lon_105.2723968_alt_20.232m_NIR.TIF"", ""/home/hyggestuen/Downloads/_WeedyRice/WeedyRice-RGBMS-DB/Multispectral/DJI_DateTime_2024_06_04_09_32_0313_lat_10.3022652_lon_105.2723968_alt_20.232m_R.TIF"", ""/home/hyggestuen/Downloads/_WeedyRice/WeedyRice-RGBMS-DB/Multispectral/DJI_DateTime_2024_06_04_09_32_0313_lat_10.3022652_lon_105.2723968_alt_20.232m_RE.TIF""]",/home/hyggestuen/Downloads/_WeedyRice/WeedyRice-RGBMS-DB/Masks/DJI_DateTime_2024_06_04_09_32_0313_lat_10.3022652_lon_105.2723968_alt_20.232m.png,2024_06_04_09,train
DJI_DateTime_2024_06_04_09_32_0314_lat_10.3023123_lon_105.2723649_alt_20.248m,/home/hyggestuen/Downloads/_WeedyRice/WeedyRice-RGBMS-DB/RGB/DJI_DateTime_2024_06_04_09_32_0314_lat_10.3023123_lon_105.2723649_alt_20.248m.JPG,,"[""/home/hyggestuen/Downloads/_WeedyRice/WeedyRice-RGBMS-DB/Multispectral/DJI_DateTime_2024_06_04_09_32_0314_lat_10.3023123_lon_105.2723649_alt_20.248m_G.TIF"", ""/home/hyggestuen/Downloads/_WeedyRice/WeedyRice-RGBMS-DB/Multispectral/DJI_DateTime_2024_06_04_09_32_0314_lat_10.3023123_lon_105.2723649_alt_20.248m_NIR.TIF"", ""/home/hyggestuen/Downloads/_WeedyRice/WeedyRice-RGBMS-DB/Multispectral/DJI_DateTime_2024_06_04_09_32_0314_lat_10.3023123_lon_105.2723649_alt_20.248m_R.TIF"", ""/home/hyggestuen/Downloads/_WeedyRice/WeedyRice-RGBMS-DB/Multispectral/DJI_DateTime_2024_06_04_09_32_0314_lat_10.3023123_lon_105.2723649_alt_20.248m_RE.TIF""]",/home/hyggestuen/Downloads/_WeedyRice/WeedyRice-RGBMS-DB/Masks/DJI_DateTime_2024_06_04_09_32_0314_lat_10.3023123_lon_105.2723649_alt_20.248m.png,2024_06_04_09,train
DJI_DateTime_2024_06_04_09_32_0317_lat_10.3024551_lon_105.2722706_alt_20.048m,/home/hyggestuen/Downloads/_WeedyRice/WeedyRice-RGBMS-DB/RGB/DJI_DateTime_2024_06_04_09_32_0317_lat_10.3024551_lon_105.2722706_alt_20.048m.JPG,,"[""/home/hyggestuen/Downloads/_WeedyRice/WeedyRice-RGBMS-DB/Multispectral/DJI_DateTime_2024_06_04_09_32_0317_lat_10.3024551_lon_105.2722706_alt_20.048m_G.TIF"", ""/home/hyggestuen/Downloads/_WeedyRice/WeedyRice-RGBMS-DB/Multispectral/DJI_DateTime_2024_06_04_09_32_0317_lat_10.3024551_lon_105.2722706_alt_20.048m_NIR.TIF"", ""/home/hyggestuen/Downloads/_WeedyRice/WeedyRice-RGBMS-DB/Multispectral/DJI_DateTime_2024_06_04_09_32_0317_lat_10.3024551_lon_105.2722706_alt_20.048m_R.TIF"", ""/home/hyggestuen/Downloads/_WeedyRice/WeedyRice-RGBMS-DB/Multispectral/DJI_DateTime_2024_06_04_09_32_0317_lat_10.3024551_lon_105.2722706_alt_20.048m_RE.TIF""]",/home/hyggestuen/Downloads/_WeedyRice/WeedyRice-RGBMS-DB/Masks/DJI_DateTime_2024_06_04_09_32_0317_lat_10.3024551_lon_105.2722706_alt_20.048m.png,2024_06_04_09,train
DJI_DateTime_2024_06_04_09_32_0318_lat_10.3024965_lon_105.2722791_alt_20.322m,/home/hyggestuen/Downloads/_WeedyRice/WeedyRice-RGBMS-DB/RGB/DJI_DateTime_2024_06_04_09_32_0318_lat_10.3024965_lon_105.2722791_alt_20.322m.JPG,,"[""/home/hyggestuen/Downloads/_WeedyRice/WeedyRice-RGBMS-DB/Multispectral/DJI_DateTime_2024_06_04_09_32_0318_lat_10.3024965_lon_105.2722791_alt_20.322m_G.TIF"", ""/home/hyggestuen/Downloads/_WeedyRice/WeedyRice-RGBMS-DB/Multispectral/DJI_DateTime_2024_06_04_09_32_0318_lat_10.3024965_lon_105.2722791_alt_20.322m_NIR.TIF"", ""/home/hyggestuen/Downloads/_WeedyRice/WeedyRice-RGBMS-DB/Multispectral/DJI_DateTime_2024_06_04_09_32_0318_lat_10.3024965_lon_105.2722791_alt_20.322m_R.TIF"", ""/home/hyggestuen/Downloads/_WeedyRice/WeedyRice-RGBMS-DB/Multispectral/DJI_DateTime_2024_06_04_09_32_0318_lat_10.3024965_lon_105.2722791_alt_20.322m_RE.TIF""]",/home/hyggestuen/Downloads/_WeedyRice/WeedyRice-RGBMS-DB/Masks/DJI_DateTime_2024_06_04_09_32_0318_lat_10.3024965_lon_105.2722791_alt_20.322m.png,2024_06_04_09,train
DJI_DateTime_2024_06_04_09_32_0319_lat_10.3024618_lon_105.2723258_alt_20.255m,/home/hyggestuen/Downloads/_WeedyRice/WeedyRice-RGBMS-DB/RGB/DJI_DateTime_2024_06_04_09_32_0319_lat_10.3024618_lon_105.2723258_alt_20.255m.JPG,,"[""/home/hyggestuen/Downloads/_WeedyRice/WeedyRice-RGBMS-DB/Multispectral/DJI_DateTime_2024_06_04_09_32_0319_lat_10.3024618_lon_105.2723258_alt_20.255m_G.TIF"", ""/home/hyggestuen/Downloads/_WeedyRice/WeedyRice-RGBMS-DB/Multispectral/DJI_DateTime_2024_06_04_09_32_0319_lat_10.3024618_lon_105.2723258_alt_20.255m_NIR.TIF"", ""/home/hyggestuen/Downloads/_WeedyRice/WeedyRice-RGBMS-DB/Multispectral/DJI_DateTime_2024_06_04_09_32_0319_lat_10.3024618_lon_105.2723258_alt_20.255m_R.TIF"", ""/home/hyggestuen/Downloads/_WeedyRice/WeedyRice-RGBMS-DB/Multispectral/DJI_DateTime_2024_06_04_09_32_0319_lat_10.3024618_lon_105.2723258_alt_20.255m_RE.TIF""]",/home/hyggestuen/Downloads/_WeedyRice/WeedyRice-RGBMS-DB/Masks/DJI_DateTime_2024_06_04_09_32_0319_lat_10.3024618_lon_105.2723258_alt_20.255m.png,2024_06_04_09,train
DJI_DateTime_2024_06_04_09_32_0326_lat_10.3021523_lon_105.2725750_alt_20.203m,/home/hyggestuen/Downloads/_WeedyRice/WeedyRice-RGBMS-DB/RGB/DJI_DateTime_2024_06_04_09_32_0326_lat_10.3021523_lon_105.2725750_alt_20.203m.JPG,,"[""/home/hyggestuen/Downloads/_WeedyRice/WeedyRice-RGBMS-DB/Multispectral/DJI_DateTime_2024_06_04_09_32_0326_lat_10.3021523_lon_105.2725750_alt_20.203m_G.TIF"", ""/home/hyggestuen/Downloads/_WeedyRice/WeedyRice-RGBMS-DB/Multispectral/DJI_DateTime_2024_06_04_09_32_0326_lat_10.3021523_lon_105.2725750_alt_20.203m_NIR.TIF"", ""/home/hyggestuen/Downloads/_WeedyRice/WeedyRice-RGBMS-DB/Multispectral/DJI_DateTime_2024_06_04_09_32_0326_lat_10.3021523_lon_105.2725750_alt_20.203m_R.TIF"", ""/home/hyggestuen/Downloads/_WeedyRice/WeedyRice-RGBMS-DB/Multispectral/DJI_DateTime_2024_06_04_09_32_0326_lat_10.3021523_lon_105.2725750_alt_20.203m_RE.TIF""]",/home/hyggestuen/Downloads/_WeedyRice/WeedyRice-RGBMS-DB/Masks/DJI_DateTime_2024_06_04_09_32_0326_lat_10.3021523_lon_105.2725750_alt_20.203m.png,2024_06_04_09,train
DJI_DateTime_2024_06_04_09_32_0327_lat_10.3021045_lon_105.2726066_alt_20.214m,/home/hyggestuen/Downloads/_WeedyRice/WeedyRice-RGBMS-DB/RGB/DJI_DateTime_2024_06_04_09_32_0327_lat_10.3021045_lon_105.2726066_alt_20.214m.JPG,,"[""/home/hyggestuen/Downloads/_WeedyRice/WeedyRice-RGBMS-DB/Multispectral/DJI_DateTime_2024_06_04_09_32_0327_lat_10.3021045_lon_105.2726066_alt_20.214m_G.TIF"", ""/home/hyggestuen/Downloads/_WeedyRice/WeedyRice-RGBMS-DB/Multispectral/DJI_DateTime_2024_06_04_09_32_0327_lat_10.3021045_lon_105.2726066_alt_20.214m_NIR.TIF"", ""/home/hyggestuen/Downloads/_WeedyRice/WeedyRice-RGBMS-DB/Multispectral/DJI_DateTime_2024_06_04_09_32_0327_lat_10.3021045_lon_105.2726066_alt_20.214m_R.TIF"", ""/home/hyggestuen/Downloads/_WeedyRice/WeedyRice-RGBMS-DB/Multispectral/DJI_DateTime_2024_06_04_09_32_0327_lat_10.3021045_lon_105.2726066_alt_20.214m_RE.TIF""]",/home/hyggestuen/Downloads/_WeedyRice/WeedyRice-RGBMS-DB/Masks/DJI_DateTime_2024_06_04_09_32_0327_lat_10.3021045_lon_105.2726066_alt_20.214m.png,2024_06_04_09,train
DJI_DateTime_2024_06_04_09_33_0328_lat_10.3020564_lon_105.2726386_alt_20.201m,/home/hyggestuen/Downloads/_WeedyRice/WeedyRice-RGBMS-DB/RGB/DJI_DateTime_2024_06_04_09_33_0328_lat_10.3020564_lon_105.2726386_alt_20.201m.JPG,,"[""/home/hyggestuen/Downloads/_WeedyRice/WeedyRice-RGBMS-DB/Multispectral/DJI_DateTime_2024_06_04_09_33_0328_lat_10.3020564_lon_105.2726386_alt_20.201m_G.TIF"", ""/home/hyggestuen/Downloads/_WeedyRice/WeedyRice-RGBMS-DB/Multispectral/DJI_DateTime_2024_06_04_09_33_0328_lat_10.3020564_lon_105.2726386_alt_20.201m_NIR.TIF"", ""/home/hyggestuen/Downloads/_WeedyRice/WeedyRice-RGBMS-DB/Multispectral/DJI_DateTime_2024_06_04_09_33_0328_lat_10.3020564_lon_105.2726386_alt_20.201m_R.TIF"", ""/home/hyggestuen/Downloads/_WeedyRice/WeedyRice-RGBMS-DB/Multispectral/DJI_DateTime_2024_06_04_09_33_0328_lat_10.3020564_lon_105.2726386_alt_20.201m_RE.TIF""]",/home/hyggestuen/Downloads/_WeedyRice/WeedyRice-RGBMS-DB/Masks/DJI_DateTime_2024_06_04_09_33_0328_lat_10.3020564_lon_105.2726386_alt_20.201m.png,2024_06_04_09,train
DJI_DateTime_2024_06_04_11_04_0010_lat_10.3007998_lon_105.2714125_alt_20.212m,/home/hyggestuen/Downloads/_WeedyRice/WeedyRice-RGBMS-DB/RGB/DJI_DateTime_2024_06_04_11_04_0010_lat_10.3007998_lon_105.2714125_alt_20.212m.JPG,,"[""/home/hyggestuen/Downloads/_WeedyRice/WeedyRice-RGBMS-DB/Multispectral/DJI_DateTime_2024_06_04_11_04_0010_lat_10.3007998_lon_105.2714125_alt_20.212m_G.TIF"", ""/home/hyggestuen/Downloads/_WeedyRice/WeedyRice-RGBMS-DB/Multispectral/DJI_DateTime_2024_06_04_11_04_0010_lat_10.3007998_lon_105.2714125_alt_20.212m_NIR.TIF"", ""/home/hyggestuen/Downloads/_WeedyRice/WeedyRice-RGBMS-DB/Multispectral/DJI_DateTime_2024_06_04_11_04_0010_lat_10.3007998_lon_105.2714125_alt_20.212m_R.TIF"", ""/home/hyggestuen/Downloads/_WeedyRice/WeedyRice-RGBMS-DB/Multispectral/DJI_DateTime_2024_06_04_11_04_0010_lat_10.3007998_lon_105.2714125_alt_20.212m_RE.TIF""]",/home/hyggestuen/Downloads/_WeedyRice/WeedyRice-RGBMS-DB/Masks/DJI_DateTime_2024_06_04_11_04_0010_lat_10.3007998_lon_105.2714125_alt_20.212m.png,2024_06_04_11,train
DJI_DateTime_2024_06_04_11_04_0011_lat_10.3007796_lon_105.2714577_alt_20.234m,/home/hyggestuen/Downloads/_WeedyRice/WeedyRice-RGBMS-DB/RGB/DJI_DateTime_2024_06_04_11_04_0011_lat_10.3007796_lon_105.2714577_alt_20.234m.JPG,,"[""/home/hyggestuen/Downloads/_WeedyRice/WeedyRice-RGBMS-DB/Multispectral/DJI_DateTime_2024_06_04_11_04_0011_lat_10.3007796_lon_105.2714577_alt_20.234m_G.TIF"", ""/home/hyggestuen/Downloads/_WeedyRice/WeedyRice-RGBMS-DB/Multispectral/DJI_DateTime_2024_06_04_11_04_0011_lat_10.3007796_lon_105.2714577_alt_20.234m_NIR.TIF"", ""/home/hyggestuen/Downloads/_WeedyRice/WeedyRice-RGBMS-DB/Multispectral/DJI_DateTime_2024_06_04_11_04_0011_lat_10.3007796_lon_105.2714577_alt_20.234m_R.TIF"", ""/home/hyggestuen/Downloads/_WeedyRice/WeedyRice-RGBMS-DB/Multispectral/DJI_DateTime_2024_06_04_11_04_0011_lat_10.3007796_lon_105.2714577_alt_20.234m_RE.TIF""]",/home/hyggestuen/Downloads/_WeedyRice/WeedyRice-RGBMS-DB/Masks/DJI_DateTime_2024_06_04_11_04_0011_lat_10.3007796_lon_105.2714577_alt_20.234m.png,2024_06_04_11,train
DJI_DateTime_2024_06_04_11_04_0012_lat_10.3007593_lon_105.2715027_alt_20.262m,/home/hyggestuen/Downloads/_WeedyRice/WeedyRice-RGBMS-DB/RGB/DJI_DateTime_2024_06_04_11_04_0012_lat_10.3007593_lon_105.2715027_alt_20.262m.JPG,,"[""/home/hyggestuen/Downloads/_WeedyRice/WeedyRice-RGBMS-DB/Multispectral/DJI_DateTime_2024_06_04_11_04_0012_lat_10.3007593_lon_105.2715027_alt_20.262m_G.TIF"", ""/home/hyggestuen/Downloads/_WeedyRice/WeedyRice-RGBMS-DB/Multispectral/DJI_DateTime_2024_06_04_11_04_0012_lat_10.3007593_lon_105.2715027_alt_20.262m_NIR.TIF"", ""/home/hyggestuen/Downloads/_WeedyRice/WeedyRice-RGBMS-DB/Multispectral/DJI_DateTime_2024_06_04_11_04_0012_lat_10.3007593_lon_105.2715027_alt_20.262m_R.TIF"", ""/home/hyggestuen/Downloads/_WeedyRice/WeedyRice-RGBMS-DB/Multispectral/DJI_DateTime_2024_06_04_11_04_0012_lat_10.3007593_lon_105.2715027_alt_20.262m_RE.TIF""]",/home/hyggestuen/Downloads/_WeedyRice/WeedyRice-RGBMS-DB/Masks/DJI_DateTime_2024_06_04_11_04_0012_lat_10.3007593_lon_105.2715027_alt_20.262m.png,2024_06_04_11,train
DJI_DateTime_2024_06_04_11_04_0013_lat_10.3007395_lon_105.2715476_alt_20.223m,/home/hyggestuen/Downloads/_WeedyRice/WeedyRice-RGBMS-DB/RGB/DJI_DateTime_2024_06_04_11_04_0013_lat_10.3007395_lon_105.2715476_alt_20.223m.JPG,,"[""/home/hyggestuen/Downloads/_WeedyRice/WeedyRice-RGBMS-DB/Multispectral/DJI_DateTime_2024_06_04_11_04_0013_lat_10.3007395_lon_105.2715476_alt_20.223m_G.TIF"", ""/home/hyggestuen/Downloads/_WeedyRice/WeedyRice-RGBMS-DB/Multispectral/DJI_DateTime_2024_06_04_11_04_0013_lat_10.3007395_lon_105.2715476_alt_20.223m_NIR.TIF"", ""/home/hyggestuen/Downloads/_WeedyRice/WeedyRice-RGBMS-DB/Multispectral/DJI_DateTime_2024_06_04_11_04_0013_lat_10.3007395_lon_105.2715476_alt_20.223m_R.TIF"", ""/home/hyggestuen/Downloads/_WeedyRice/WeedyRice-RGBMS-DB/Multispectral/DJI_DateTime_2024_06_04_11_04_0013_lat_10.3007395_lon_105.2715476_alt_20.223m_RE.TIF""]",/home/hyggestuen/Downloads/_WeedyRice/WeedyRice-RGBMS-DB/Masks/DJI_DateTime_2024_06_04_11_04_0013_lat_10.3007395_lon_105.2715476_alt_20.223m.png,2024_06_04_11,train
DJI_DateTime_2024_06_04_11_04_0014_lat_10.3007193_lon_105.2715932_alt_20.214m,/home/hyggestuen/Downloads/_WeedyRice/WeedyRice-RGBMS-DB/RGB/DJI_DateTime_2024_06_04_11_04_0014_lat_10.3007193_lon_105.2715932_alt_20.214m.JPG,,"[""/home/hyggestuen/Downloads/_WeedyRice/WeedyRice-RGBMS-DB/Multispectral/DJI_DateTime_2024_06_04_11_04_0014_lat_10.3007193_lon_105.2715932_alt_20.214m_G.TIF"", ""/home/hyggestuen/Downloads/_WeedyRice/WeedyRice-RGBMS-DB/Multispectral/DJI_DateTime_2024_06_04_11_04_0014_lat_10.3007193_lon_105.2715932_alt_20.214m_NIR.TIF"", ""/home/hyggestuen/Downloads/_WeedyRice/WeedyRice-RGBMS-DB/Multispectral/DJI_DateTime_2024_06_04_11_04_0014_lat_10.3007193_lon_105.2715932_alt_20.214m_R.TIF"", ""/home/hyggestuen/Downloads/_WeedyRice/WeedyRice-RGBMS-DB/Multispectral/DJI_DateTime_2024_06_04_11_04_0014_lat_10.3007193_lon_105.2715932_alt_20.214m_RE.TIF""]",/home/hyggestuen/Downloads/_WeedyRice/WeedyRice-RGBMS-DB/Masks/DJI_DateTime_2024_06_04_11_04_0014_lat_10.3007193_lon_105.2715932_alt_20.214m.png,2024_06_04_11,train
DJI_DateTime_2024_06_04_11_04_0015_lat_10.3006991_lon_105.2716387_alt_20.189m,/home/hyggestuen/Downloads/_WeedyRice/WeedyRice-RGBMS-DB/RGB/DJI_DateTime_2024_06_04_11_04_0015_lat_10.3006991_lon_105.2716387_alt_20.189m.JPG,,"[""/home/hyggestuen/Downloads/_WeedyRice/WeedyRice-RGBMS-DB/Multispectral/DJI_DateTime_2024_06_04_11_04_0015_lat_10.3006991_lon_105.2716387_alt_20.189m_G.TIF"", ""/home/hyggestuen/Downloads/_WeedyRice/WeedyRice-RGBMS-DB/Multispectral/DJI_DateTime_2024_06_04_11_04_0015_lat_10.3006991_lon_105.2716387_alt_20.189m_NIR.TIF"", ""/home/hyggestuen/Downloads/_WeedyRice/WeedyRice-RGBMS-DB/Multispectral/DJI_DateTime_2024_06_04_11_04_0015_lat_10.3006991_lon_105.2716387_alt_20.189m_R.TIF"", ""/home/hyggestuen/Downloads/_WeedyRice/WeedyRice-RGBMS-DB/Multispectral/DJI_DateTime_2024_06_04_11_04_0015_lat_10.3006991_lon_105.2716387_alt_20.189m_RE.TIF""]",/home/hyggestuen/Downloads/_WeedyRice/WeedyRice-RGBMS-DB/Masks/DJI_DateTime_2024_06_04_11_04_0015_lat_10.3006991_lon_105.2716387_alt_20.189m.png,2024_06_04_11,train
DJI_DateTime_2024_06_04_11_04_0016_lat_10.3006791_lon_105.2716841_alt_20.211m,/home/hyggestuen/Downloads/_WeedyRice/WeedyRice-RGBMS-DB/RGB/DJI_DateTime_2024_06_04_11_04_0016_lat_10.3006791_lon_105.2716841_alt_20.211m.JPG,,"[""/home/hyggestuen/Downloads/_WeedyRice/WeedyRice-RGBMS-DB/Multispectral/DJI_DateTime_2024_06_04_11_04_0016_lat_10.3006791_lon_105.2716841_alt_20.211m_G.TIF"", ""/home/hyggestuen/Downloads/_WeedyRice/WeedyRice-RGBMS-DB/Multispectral/DJI_DateTime_2024_06_04_11_04_0016_lat_10.3006791_lon_105.2716841_alt_20.211m_NIR.TIF"", ""/home/hyggestuen/Downloads/_WeedyRice/WeedyRice-RGBMS-DB/Multispectral/DJI_DateTime_2024_06_04_11_04_0016_lat_10.3006791_lon_105.2716841_alt_20.211m_R.TIF"", ""/home/hyggestuen/Downloads/_WeedyRice/WeedyRice-RGBMS-DB/Multispectral/DJI_DateTime_2024_06_04_11_04_0016_lat_10.3006791_lon_105.2716841_alt_20.211m_RE.TIF""]",/home/hyggestuen/Downloads/_WeedyRice/WeedyRice-RGBMS-DB/Masks/DJI_DateTime_2024_06_04_11_04_0016_lat_10.3006791_lon_105.2716841_alt_20.211m.png,2024_06_04_11,train
DJI_DateTime_2024_06_04_11_04_0017_lat_10.3006592_lon_105.2717285_alt_20.182m,/home/hyggestuen/Downloads/_WeedyRice/WeedyRice-RGBMS-DB/RGB/DJI_DateTime_2024_06_04_11_04_0017_lat_10.3006592_lon_105.2717285_alt_20.182m.JPG,,"[""/home/hyggestuen/Downloads/_WeedyRice/WeedyRice-RGBMS-DB/Multispectral/DJI_DateTime_2024_06_04_11_04_0017_lat_10.3006592_lon_105.2717285_alt_20.182m_G.TIF"", ""/home/hyggestuen/Downloads/_WeedyRice/WeedyRice-RGBMS-DB/Multispectral/DJI_DateTime_2024_06_04_11_04_0017_lat_10.3006592_lon_105.2717285_alt_20.182m_NIR.TIF"", ""/home/hyggestuen/Downloads/_WeedyRice/WeedyRice-RGBMS-DB/Multispectral/DJI_DateTime_2024_06_04_11_04_0017_lat_10.3006592_lon_105.2717285_alt_20.182m_R.TIF"", ""/home/hyggestuen/Downloads/_WeedyRice/WeedyRice-RGBMS-DB/Multispectral/DJI_DateTime_2024_06_04_11_04_0017_lat_10.3006592_lon_105.2717285_alt_20.182m_RE.TIF""]",/home/hyggestuen/Downloads/_WeedyRice/WeedyRice-RGBMS-DB/Masks/DJI_DateTime_2024_06_04_11_04_0017_lat_10.3006592_lon_105.2717285_alt_20.182m.png,2024_06_04_11,train
DJI_DateTime_2024_06_04_11_05_0018_lat_10.3006394_lon_105.2717733_alt_20.185m,/home/hyggestuen/Downloads/_WeedyRice/WeedyRice-RGBMS-DB/RGB/DJI_DateTime_2024_06_04_11_05_0018_lat_10.3006394_lon_105.2717733_alt_20.185m.JPG,,"[""/home/hyggestuen/Downloads/_WeedyRice/WeedyRice-RGBMS-DB/Multispectral/DJI_DateTime_2024_06_04_11_05_0018_lat_10.3006394_lon_105.2717733_alt_20.185m_G.TIF"", ""/home/hyggestuen/Downloads/_WeedyRice/WeedyRice-RGBMS-DB/Multispectral/DJI_DateTime_2024_06_04_11_05_0018_lat_10.3006394_lon_105.2717733_alt_20.185m_NIR.TIF"", ""/home/hyggestuen/Downloads/_WeedyRice/WeedyRice-RGBMS-DB/Multispectral/DJI_DateTime_2024_06_04_11_05_0018_lat_10.3006394_lon_105.2717733_alt_20.185m_R.TIF"", ""/home/hyggestuen/Downloads/_WeedyRice/WeedyRice-RGBMS-DB/Multispectral/DJI_DateTime_2024_06_04_11_05_0018_lat_10.3006394_lon_105.2717733_alt_20.185m_RE.TIF""]",/home/hyggestuen/Downloads/_WeedyRice/WeedyRice-RGBMS-DB/Masks/DJI_DateTime_2024_06_04_11_05_0018_lat_10.3006394_lon_105.2717733_alt_20.185m.png,2024_06_04_11,train
DJI_DateTime_2024_06_04_11_05_0019_lat_10.3006201_lon_105.2718183_alt_20.210m,/home/hyggestuen/Downloads/_WeedyRice/WeedyRice-RGBMS-DB/RGB/DJI_DateTime_2024_06_04_11_05_0019_lat_10.3006201_lon_105.2718183_alt_20.210m.JPG,,"[""/home/hyggestuen/Downloads/_WeedyRice/WeedyRice-RGBMS-DB/Multispectral/DJI_DateTime_2024_06_04_11_05_0019_lat_10.3006201_lon_105.2718183_alt_20.210m_G.TIF"", ""/home/hyggestuen/Downloads/_WeedyRice/WeedyRice-RGBMS-DB/Multispectral/DJI_DateTime_2024_06_04_11_05_0019_lat_10.3006201_lon_105.2718183_alt_20.210m_NIR.TIF"", ""/home/hyggestuen/Downloads/_WeedyRice/WeedyRice-RGBMS-DB/Multispectral/DJI_DateTime_2024_06_04_11_05_0019_lat_10.3006201_lon_105.2718183_alt_20.210m_R.TIF"", ""/home/hyggestuen/Downloads/_WeedyRice/WeedyRice-RGBMS-DB/Multispectral/DJI_DateTime_2024_06_04_11_05_0019_lat_10.3006201_lon_105.2718183_alt_20.210m_RE.TIF""]",/home/hyggestuen/Downloads/_WeedyRice/WeedyRice-RGBMS-DB/Masks/DJI_DateTime_2024_06_04_11_05_0019_lat_10.3006201_lon_105.2718183_alt_20.210m.png,2024_06_04_11,train
DJI_DateTime_2024_06_04_11_05_0020_lat_10.3006000_lon_105.2718634_alt_20.247m,/home/hyggestuen/Downloads/_WeedyRice/WeedyRice-RGBMS-DB/RGB/DJI_DateTime_2024_06_04_11_05_0020_lat_10.3006000_lon_105.2718634_alt_20.247m.JPG,,"[""/home/hyggestuen/Downloads/_WeedyRice/WeedyRice-RGBMS-DB/Multispectral/DJI_DateTime_2024_06_04_11_05_0020_lat_10.3006000_lon_105.2718634_alt_20.247m_G.TIF"", ""/home/hyggestuen/Downloads/_WeedyRice/WeedyRice-RGBMS-DB/Multispectral/DJI_DateTime_2024_06_04_11_05_0020_lat_10.3006000_lon_105.2718634_alt_20.247m_NIR.TIF"", ""/home/hyggestuen/Downloads/_WeedyRice/WeedyRice-RGBMS-DB/Multispectral/DJI_DateTime_2024_06_04_11_05_0020_lat_10.3006000_lon_105.2718634_alt_20.247m_R.TIF"", ""/home/hyggestuen/Downloads/_WeedyRice/WeedyRice-RGBMS-DB/Multispectral/DJI_DateTime_2024_06_04_11_05_0020_lat_10.3006000_lon_105.2718634_alt_20.247m_RE.TIF""]",/home/hyggestuen/Downloads/_WeedyRice/WeedyRice-RGBMS-DB/Masks/DJI_DateTime_2024_06_04_11_05_0020_lat_10.3006000_lon_105.2718634_alt_20.247m.png,2024_06_04_11,train
DJI_DateTime_2024_06_04_11_05_0021_lat_10.3005793_lon_105.2719091_alt_20.213m,/home/hyggestuen/Downloads/_WeedyRice/WeedyRice-RGBMS-DB/RGB/DJI_DateTime_2024_06_04_11_05_0021_lat_10.3005793_lon_105.2719091_alt_20.213m.JPG,,"[""/home/hyggestuen/Downloads/_WeedyRice/WeedyRice-RGBMS-DB/Multispectral/DJI_DateTime_2024_06_04_11_05_0021_lat_10.3005793_lon_105.2719091_alt_20.213m_G.TIF"", ""/home/hyggestuen/Downloads/_WeedyRice/WeedyRice-RGBMS-DB/Multispectral/DJI_DateTime_2024_06_04_11_05_0021_lat_10.3005793_lon_105.2719091_alt_20.213m_NIR.TIF"", ""/home/hyggestuen/Downloads/_WeedyRice/WeedyRice-RGBMS-DB/Multispectral/DJI_DateTime_2024_06_04_11_05_0021_lat_10.3005793_lon_105.2719091_alt_20.213m_R.TIF"", ""/home/hyggestuen/Downloads/_WeedyRice/WeedyRice-RGBMS-DB/Multispectral/DJI_DateTime_2024_06_04_11_05_0021_lat_10.3005793_lon_105.2719091_alt_20.213m_RE.TIF""]",/home/hyggestuen/Downloads/_WeedyRice/WeedyRice-RGBMS-DB/Masks/DJI_DateTime_2024_06_04_11_05_0021_lat_10.3005793_lon_105.2719091_alt_20.213m.png,2024_06_04_11,train
DJI_DateTime_2024_06_04_11_05_0022_lat_10.3005594_lon_105.2719537_alt_20.208m,/home/hyggestuen/Downloads/_WeedyRice/WeedyRice-RGBMS-DB/RGB/DJI_DateTime_2024_06_04_11_05_0022_lat_10.3005594_lon_105.2719537_alt_20.208m.JPG,,"[""/home/hyggestuen/Downloads/_WeedyRice/WeedyRice-RGBMS-DB/Multispectral/DJI_DateTime_2024_06_04_11_05_0022_lat_10.3005594_lon_105.2719537_alt_20.208m_G.TIF"", ""/home/hyggestuen/Downloads/_WeedyRice/WeedyRice-RGBMS-DB/Multispectral/DJI_DateTime_2024_06_04_11_05_0022_lat_10.3005594_lon_105.2719537_alt_20.208m_NIR.TIF"", ""/home/hyggestuen/Downloads/_WeedyRice/WeedyRice-RGBMS-DB/Multispectral/DJI_DateTime_2024_06_04_11_05_0022_lat_10.3005594_lon_105.2719537_alt_20.208m_R.TIF"", ""/home/hyggestuen/Downloads/_WeedyRice/WeedyRice-RGBMS-DB/Multispectral/DJI_DateTime_2024_06_04_11_05_0022_lat_10.3005594_lon_105.2719537_alt_20.208m_RE.TIF""]",/home/hyggestuen/Downloads/_WeedyRice/WeedyRice-RGBMS-DB/Masks/DJI_DateTime_2024_06_04_11_05_0022_lat_10.3005594_lon_105.2719537_alt_20.208m.png,2024_06_04_11,train
DJI_DateTime_2024_06_04_11_05_0023_lat_10.3005394_lon_105.2719989_alt_20.198m,/home/hyggestuen/Downloads/_WeedyRice/WeedyRice-RGBMS-DB/RGB/DJI_DateTime_2024_06_04_11_05_0023_lat_10.3005394_lon_105.2719989_alt_20.198m.JPG,,"[""/home/hyggestuen/Downloads/_WeedyRice/WeedyRice-RGBMS-DB/Multispectral/DJI_DateTime_2024_06_04_11_05_0023_lat_10.3005394_lon_105.2719989_alt_20.198m_G.TIF"", ""/home/hyggestuen/Downloads/_WeedyRice/WeedyRice-RGBMS-DB/Multispectral/DJI_DateTime_2024_06_04_11_05_0023_lat_10.3005394_lon_105.2719989_alt_20.198m_NIR.TIF"", ""/home/hyggestuen/Downloads/_WeedyRice/WeedyRice-RGBMS-DB/Multispectral/DJI_DateTime_2024_06_04_11_05_0023_lat_10.3005394_lon_105.2719989_alt_20.198m_R.TIF"", ""/home/hyggestuen/Downloads/_WeedyRice/WeedyRice-RGBMS-DB/Multispectral/DJI_DateTime_2024_06_04_11_05_0023_lat_10.3005394_lon_105.2719989_alt_20.198m_RE.TIF""]",/home/hyggestuen/Downloads/_WeedyRice/WeedyRice-RGBMS-DB/Masks/DJI_DateTime_2024_06_04_11_05_0023_lat_10.3005394_lon_105.2719989_alt_20.198m.png,2024_06_04_11,train
DJI_DateTime_2024_06_04_11_05_0027_lat_10.3004513_lon_105.2720383_alt_20.164m,/home/hyggestuen/Downloads/_WeedyRice/WeedyRice-RGBMS-DB/RGB/DJI_DateTime_2024_06_04_11_05_0027_lat_10.3004513_lon_105.2720383_alt_20.164m.JPG,,"[""/home/hyggestuen/Downloads/_WeedyRice/WeedyRice-RGBMS-DB/Multispectral/DJI_DateTime_2024_06_04_11_05_0027_lat_10.3004513_lon_105.2720383_alt_20.164m_G.TIF"", ""/home/hyggestuen/Downloads/_WeedyRice/WeedyRice-RGBMS-DB/Multispectral/DJI_DateTime_2024_06_04_11_05_0027_lat_10.3004513_lon_105.2720383_alt_20.164m_NIR.TIF"", ""/home/hyggestuen/Downloads/_WeedyRice/WeedyRice-RGBMS-DB/Multispectral/DJI_DateTime_2024_06_04_11_05_0027_lat_10.3004513_lon_105.2720383_alt_20.164m_R.TIF"", ""/home/hyggestuen/Downloads/_WeedyRice/WeedyRice-RGBMS-DB/Multispectral/DJI_DateTime_2024_06_04_11_05_0027_lat_10.3004513_lon_105.2720383_alt_20.164m_RE.TIF""]",/home/hyggestuen/Downloads/_WeedyRice/WeedyRice-RGBMS-DB/Masks/DJI_DateTime_2024_06_04_11_05_0027_lat_10.3004513_lon_105.2720383_alt_20.164m.png,2024_06_04_11,train
DJI_DateTime_2024_06_04_11_05_0028_lat_10.3004702_lon_105.2719928_alt_20.195m,/home/hyggestuen/Downloads/_WeedyRice/WeedyRice-RGBMS-DB/RGB/DJI_DateTime_2024_06_04_11_05_0028_lat_10.3004702_lon_105.2719928_alt_20.195m.JPG,,"[""/home/hyggestuen/Downloads/_WeedyRice/WeedyRice-RGBMS-DB/Multispectral/DJI_DateTime_2024_06_04_11_05_0028_lat_10.3004702_lon_105.2719928_alt_20.195m_G.TIF"", ""/home/hyggestuen/Downloads/_WeedyRice/WeedyRice-RGBMS-DB/Multispectral/DJI_DateTime_2024_06_04_11_05_0028_lat_10.3004702_lon_105.2719928_alt_20.195m_NIR.TIF"", ""/home/hyggestuen/Downloads/_WeedyRice/WeedyRice-RGBMS-DB/Multispectral/DJI_DateTime_2024_06_04_11_05_0028_lat_10.3004702_lon_105.2719928_alt_20.195m_R.TIF"", ""/home/hyggestuen/Downloads/_WeedyRice/WeedyRice-RGBMS-DB/Multispectral/DJI_DateTime_2024_06_04_11_05_0028_lat_10.3004702_lon_105.2719928_alt_20.195m_RE.TIF""]",/home/hyggestuen/Downloads/_WeedyRice/WeedyRice-RGBMS-DB/Masks/DJI_DateTime_2024_06_04_11_05_0028_lat_10.3004702_lon_105.2719928_alt_20.195m.png,2024_06_04_11,train
DJI_DateTime_2024_06_04_11_05_0029_lat_10.3004899_lon_105.2719473_alt_20.172m,/home/hyggestuen/Downloads/_WeedyRice/WeedyRice-RGBMS-DB/RGB/DJI_DateTime_2024_06_04_11_05_0029_lat_10.3004899_lon_105.2719473_alt_20.172m.JPG,,"[""/home/hyggestuen/Downloads/_WeedyRice/WeedyRice-RGBMS-DB/Multispectral/DJI_DateTime_2024_06_04_11_05_0029_lat_10.3004899_lon_105.2719473_alt_20.172m_G.TIF"", ""/home/hyggestuen/Downloads/_WeedyRice/WeedyRice-RGBMS-DB/Multispectral/DJI_DateTime_2024_06_04_11_05_0029_lat_10.3004899_lon_105.2719473_alt_20.172m_NIR.TIF"", ""/home/hyggestuen/Downloads/_WeedyRice/WeedyRice-RGBMS-DB/Multispectral/DJI_DateTime_2024_06_04_11_05_0029_lat_10.3004899_lon_105.2719473_alt_20.172m_R.TIF"", ""/home/hyggestuen/Downloads/_WeedyRice/WeedyRice-RGBMS-DB/Multispectral/DJI_DateTime_2024_06_04_11_05_0029_lat_10.3004899_lon_105.2719473_alt_20.172m_RE.TIF""]",/home/hyggestuen/Downloads/_WeedyRice/WeedyRice-RGBMS-DB/Masks/DJI_DateTime_2024_06_04_11_05_0029_lat_10.3004899_lon_105.2719473_alt_20.172m.png,2024_06_04_11,train
DJI_DateTime_2024_06_04_11_05_0030_lat_10.3005093_lon_105.2719015_alt_20.201m,/home/hyggestuen/Downloads/_WeedyRice/WeedyRice-RGBMS-DB/RGB/DJI_DateTime_2024_06_04_11_05_0030_lat_10.3005093_lon_105.2719015_alt_20.201m.JPG,,"[""/home/hyggestuen/Downloads/_WeedyRice/WeedyRice-RGBMS-DB/Multispectral/DJI_DateTime_2024_06_04_11_05_0030_lat_10.3005093_lon_105.2719015_alt_20.201m_G.TIF"", ""/home/hyggestuen/Downloads/_WeedyRice/WeedyRice-RGBMS-DB/Multispectral/DJI_DateTime_2024_06_04_11_05_0030_lat_10.3005093_lon_105.2719015_alt_20.201m_NIR.TIF"", ""/home/hyggestuen/Downloads/_WeedyRice/WeedyRice-RGBMS-DB/Multispectral/DJI_DateTime_2024_06_04_11_05_0030_lat_10.3005093_lon_105.2719015_alt_20.201m_R.TIF"", ""/home/hyggestuen/Downloads/_WeedyRice/WeedyRice-RGBMS-DB/Multispectral/DJI_DateTime_2024_06_04_11_05_0030_lat_10.3005093_lon_105.2719015_alt_20.201m_RE.TIF""]",/home/hyggestuen/Downloads/_WeedyRice/WeedyRice-RGBMS-DB/Masks/DJI_DateTime_2024_06_04_11_05_0030_lat_10.3005093_lon_105.2719015_alt_20.201m.png,2024_06_04_11,train
DJI_DateTime_2024_06_04_11_05_0031_lat_10.3005292_lon_105.2718553_alt_20.205m,/home/hyggestuen/Downloads/_WeedyRice/WeedyRice-RGBMS-DB/RGB/DJI_DateTime_2024_06_04_11_05_0031_lat_10.3005292_lon_105.2718553_alt_20.205m.JPG,,"[""/home/hyggestuen/Downloads/_WeedyRice/WeedyRice-RGBMS-DB/Multispectral/DJI_DateTime_2024_06_04_11_05_0031_lat_10.3005292_lon_105.2718553_alt_20.205m_G.TIF"", ""/home/hyggestuen/Downloads/_WeedyRice/WeedyRice-RGBMS-DB/Multispectral/DJI_DateTime_2024_06_04_11_05_0031_lat_10.3005292_lon_105.2718553_alt_20.205m_NIR.TIF"", ""/home/hyggestuen/Downloads/_WeedyRice/WeedyRice-RGBMS-DB/Multispectral/DJI_DateTime_2024_06_04_11_05_0031_lat_10.3005292_lon_105.2718553_alt_20.205m_R.TIF"", ""/home/hyggestuen/Downloads/_WeedyRice/WeedyRice-RGBMS-DB/Multispectral/DJI_DateTime_2024_06_04_11_05_0031_lat_10.3005292_lon_105.2718553_alt_20.205m_RE.TIF""]",/home/hyggestuen/Downloads/_WeedyRice/WeedyRice-RGBMS-DB/Masks/DJI_DateTime_2024_06_04_11_05_0031_lat_10.3005292_lon_105.2718553_alt_20.205m.png,2024_06_04_11,train
DJI_DateTime_2024_06_04_11_05_0032_lat_10.3005490_lon_105.2718103_alt_20.152m,/home/hyggestuen/Downloads/_WeedyRice/WeedyRice-RGBMS-DB/RGB/DJI_DateTime_2024_06_04_11_05_0032_lat_10.3005490_lon_105.2718103_alt_20.152m.JPG,,"[""/home/hyggestuen/Downloads/_WeedyRice/WeedyRice-RGBMS-DB/Multispectral/DJI_DateTime_2024_06_04_11_05_0032_lat_10.3005490_lon_105.2718103_alt_20.152m_G.TIF"", ""/home/hyggestuen/Downloads/_WeedyRice/WeedyRice-RGBMS-DB/Multispectral/DJI_DateTime_2024_06_04_11_05_0032_lat_10.3005490_lon_105.2718103_alt_20.152m_NIR.TIF"", ""/home/hyggestuen/Downloads/_WeedyRice/WeedyRice-RGBMS-DB/Multispectral/DJI_DateTime_2024_06_04_11_05_0032_lat_10.3005490_lon_105.2718103_alt_20.152m_R.TIF"", ""/home/hyggestuen/Downloads/_WeedyRice/WeedyRice-RGBMS-DB/Multispectral/DJI_DateTime_2024_06_04_11_05_0032_lat_10.3005490_lon_105.2718103_alt_20.152m_RE.TIF""]",/home/hyggestuen/Downloads/_WeedyRice/WeedyRice-RGBMS-DB/Masks/DJI_DateTime_2024_06_04_11_05_0032_lat_10.3005490_lon_105.2718103_alt_20.152m.png,2024_06_04_11,train
DJI_DateTime_2024_06_04_11_05_0033_lat_10.3005688_lon_105.2717652_alt_20.203m,/home/hyggestuen/Downloads/_WeedyRice/WeedyRice-RGBMS-DB/RGB/DJI_DateTime_2024_06_04_11_05_0033_lat_10.3005688_lon_105.2717652_alt_20.203m.JPG,,"[""/home/hyggestuen/Downloads/_WeedyRice/WeedyRice-RGBMS-DB/Multispectral/DJI_DateTime_2024_06_04_11_05_0033_lat_10.3005688_lon_105.2717652_alt_20.203m_G.TIF"", ""/home/hyggestuen/Downloads/_WeedyRice/WeedyRice-RGBMS-DB/Multispectral/DJI_DateTime_2024_06_04_11_05_0033_lat_10.3005688_lon_105.2717652_alt_20.203m_NIR.TIF"", ""/home/hyggestuen/Downloads/_WeedyRice/WeedyRice-RGBMS-DB/Multispectral/DJI_DateTime_2024_06_04_11_05_0033_lat_10.3005688_lon_105.2717652_alt_20.203m_R.TIF"", ""/home/hyggestuen/Downloads/_WeedyRice/WeedyRice-RGBMS-DB/Multispectral/DJI_DateTime_2024_06_04_11_05_0033_lat_10.3005688_lon_105.2717652_alt_20.203m_RE.TIF""]",/home/hyggestuen/Downloads/_WeedyRice/WeedyRice-RGBMS-DB/Masks/DJI_DateTime_2024_06_04_11_05_0033_lat_10.3005688_lon_105.2717652_alt_20.203m.png,2024_06_04_11,train
DJI_DateTime_2024_06_04_11_05_0034_lat_10.3005883_lon_105.2717202_alt_20.221m,/home/hyggestuen/Downloads/_WeedyRice/WeedyRice-RGBMS-DB/RGB/DJI_DateTime_2024_06_04_11_05_0034_lat_10.3005883_lon_105.2717202_alt_20.221m.JPG,,"[""/home/hyggestuen/Downloads/_WeedyRice/WeedyRice-RGBMS-DB/Multispectral/DJI_DateTime_2024_06_04_11_05_0034_lat_10.3005883_lon_105.2717202_alt_20.221m_G.TIF"", ""/home/hyggestuen/Downloads/_WeedyRice/WeedyRice-RGBMS-DB/Multispectral/DJI_DateTime_2024_06_04_11_05_0034_lat_10.3005883_lon_105.2717202_alt_20.221m_NIR.TIF"", ""/home/hyggestuen/Downloads/_WeedyRice/WeedyRice-RGBMS-DB/Multispectral/DJI_DateTime_2024_06_04_11_05_0034_lat_10.3005883_lon_105.2717202_alt_20.221m_R.TIF"", ""/home/hyggestuen/Downloads/_WeedyRice/WeedyRice-RGBMS-DB/Multispectral/DJI_DateTime_2024_06_04_11_05_0034_lat_10.3005883_lon_105.2717202_alt_20.221m_RE.TIF""]",/home/hyggestuen/Downloads/_WeedyRice/WeedyRice-RGBMS-DB/Masks/DJI_DateTime_2024_06_04_11_05_0034_lat_10.3005883_lon_105.2717202_alt_20.221m.png,2024_06_04_11,train
DJI_DateTime_2024_06_04_11_05_0035_lat_10.3006080_lon_105.2716746_alt_20.186m,/home/hyggestuen/Downloads/_WeedyRice/WeedyRice-RGBMS-DB/RGB/DJI_DateTime_2024_06_04_11_05_0035_lat_10.3006080_lon_105.2716746_alt_20.186m.JPG,,"[""/home/hyggestuen/Downloads/_WeedyRice/WeedyRice-RGBMS-DB/Multispectral/DJI_DateTime_2024_06_04_11_05_0035_lat_10.3006080_lon_105.2716746_alt_20.186m_G.TIF"", ""/home/hyggestuen/Downloads/_WeedyRice/WeedyRice-RGBMS-DB/Multispectral/DJI_DateTime_2024_06_04_11_05_0035_lat_10.3006080_lon_105.2716746_alt_20.186m_NIR.TIF"", ""/home/hyggestuen/Downloads/_WeedyRice/WeedyRice-RGBMS-DB/Multispectral/DJI_DateTime_2024_06_04_11_05_0035_lat_10.3006080_lon_105.2716746_alt_20.186m_R.TIF"", ""/home/hyggestuen/Downloads/_WeedyRice/WeedyRice-RGBMS-DB/Multispectral/DJI_DateTime_2024_06_04_11_05_0035_lat_10.3006080_lon_105.2716746_alt_20.186m_RE.TIF""]",/home/hyggestuen/Downloads/_WeedyRice/WeedyRice-RGBMS-DB/Masks/DJI_DateTime_2024_06_04_11_05_0035_lat_10.3006080_lon_105.2716746_alt_20.186m.png,2024_06_04_11,train
DJI_DateTime_2024_06_04_11_05_0036_lat_10.3006278_lon_105.2716288_alt_20.177m,/home/hyggestuen/Downloads/_WeedyRice/WeedyRice-RGBMS-DB/RGB/DJI_DateTime_2024_06_04_11_05_0036_lat_10.3006278_lon_105.2716288_alt_20.177m.JPG,,"[""/home/hyggestuen/Downloads/_WeedyRice/WeedyRice-RGBMS-DB/Multispectral/DJI_DateTime_2024_06_04_11_05_0036_lat_10.3006278_lon_105.2716288_alt_20.177m_G.TIF"", ""/home/hyggestuen/Downloads/_WeedyRice/WeedyRice-RGBMS-DB/Multispectral/DJI_DateTime_2024_06_04_11_05_0036_lat_10.3006278_lon_105.2716288_alt_20.177m_NIR.TIF"", ""/home/hyggestuen/Downloads/_WeedyRice/WeedyRice-RGBMS-DB/Multispectral/DJI_DateTime_2024_06_04_11_05_0036_lat_10.3006278_lon_105.2716288_alt_20.177m_R.TIF"", ""/home/hyggestuen/Downloads/_WeedyRice/WeedyRice-RGBMS-DB/Multispectral/DJI_DateTime_2024_06_04_11_05_0036_lat_10.3006278_lon_105.2716288_alt_20.177m_RE.TIF""]",/home/hyggestuen/Downloads/_WeedyRice/WeedyRice-RGBMS-DB/Masks/DJI_DateTime_2024_06_04_11_05_0036_lat_10.3006278_lon_105.2716288_alt_20.177m.png,2024_06_04_11,train
DJI_DateTime_2024_06_04_11_06_0037_lat_10.3006470_lon_105.2715836_alt_20.186m,/home/hyggestuen/Downloads/_WeedyRice/WeedyRice-RGBMS-DB/RGB/DJI_DateTime_2024_06_04_11_06_0037_lat_10.3006470_lon_105.2715836_alt_20.186m.JPG,,"[""/home/hyggestuen/Downloads/_WeedyRice/WeedyRice-RGBMS-DB/Multispectral/DJI_DateTime_2024_06_04_11_06_0037_lat_10.3006470_lon_105.2715836_alt_20.186m_G.TIF"", ""/home/hyggestuen/Downloads/_WeedyRice/WeedyRice-RGBMS-DB/Multispectral/DJI_DateTime_2024_06_04_11_06_0037_lat_10.3006470_lon_105.2715836_alt_20.186m_NIR.TIF"", ""/home/hyggestuen/Downloads/_WeedyRice/WeedyRice-RGBMS-DB/Multispectral/DJI_DateTime_2024_06_04_11_06_0037_lat_10.3006470_lon_105.2715836_alt_20.186m_R.TIF"", ""/home/hyggestuen/Downloads/_WeedyRice/WeedyRice-RGBMS-DB/Multispectral/DJI_DateTime_2024_06_04_11_06_0037_lat_10.3006470_lon_105.2715836_alt_20.186m_RE.TIF""]",/home/hyggestuen/Downloads/_WeedyRice/WeedyRice-RGBMS-DB/Masks/DJI_DateTime_2024_06_04_11_06_0037_lat_10.3006470_lon_105.2715836_alt_20.186m.png,2024_06_04_11,train
DJI_DateTime_2024_06_04_11_06_0038_lat_10.3006672_lon_105.2715379_alt_20.241m,/home/hyggestuen/Downloads/_WeedyRice/WeedyRice-RGBMS-DB/RGB/DJI_DateTime_2024_06_04_11_06_0038_lat_10.3006672_lon_105.2715379_alt_20.241m.JPG,,"[""/home/hyggestuen/Downloads/_WeedyRice/WeedyRice-RGBMS-DB/Multispectral/DJI_DateTime_2024_06_04_11_06_0038_lat_10.3006672_lon_105.2715379_alt_20.241m_G.TIF"", ""/home/hyggestuen/Downloads/_WeedyRice/WeedyRice-RGBMS-DB/Multispectral/DJI_DateTime_2024_06_04_11_06_0038_lat_10.3006672_lon_105.2715379_alt_20.241m_NIR.TIF"", ""/home/hyggestuen/Downloads/_WeedyRice/WeedyRice-RGBMS-DB/Multispectral/DJI_DateTime_2024_06_04_11_06_0038_lat_10.3006672_lon_105.2715379_alt_20.241m_R.TIF"", ""/home/hyggestuen/Downloads/_WeedyRice/WeedyRice-RGBMS-DB/Multispectral/DJI_DateTime_2024_06_04_11_06_0038_lat_10.3006672_lon_105.2715379_alt_20.241m_RE.TIF""]",/home/hyggestuen/Downloads/_WeedyRice/WeedyRice-RGBMS-DB/Masks/DJI_DateTime_2024_06_04_11_06_0038_lat_10.3006672_lon_105.2715379_alt_20.241m.png,2024_06_04_11,train
DJI_DateTime_2024_06_04_11_06_0039_lat_10.3006871_lon_105.2714925_alt_20.206m,/home/hyggestuen/Downloads/_WeedyRice/WeedyRice-RGBMS-DB/RGB/DJI_DateTime_2024_06_04_11_06_0039_lat_10.3006871_lon_105.2714925_alt_20.206m.JPG,,"[""/home/hyggestuen/Downloads/_WeedyRice/WeedyRice-RGBMS-DB/Multispectral/DJI_DateTime_2024_06_04_11_06_0039_lat_10.3006871_lon_105.2714925_alt_20.206m_G.TIF"", ""/home/hyggestuen/Downloads/_WeedyRice/WeedyRice-RGBMS-DB/Multispectral/DJI_DateTime_2024_06_04_11_06_0039_lat_10.3006871_lon_105.2714925_alt_20.206m_NIR.TIF"", ""/home/hyggestuen/Downloads/_WeedyRice/WeedyRice-RGBMS-DB/Multispectral/DJI_DateTime_2024_06_04_11_06_0039_lat_10.3006871_lon_105.2714925_alt_20.206m_R.TIF"", ""/home/hyggestuen/Downloads/_WeedyRice/WeedyRice-RGBMS-DB/Multispectral/DJI_DateTime_2024_06_04_11_06_0039_lat_10.3006871_lon_105.2714925_alt_20.206m_RE.TIF""]",/home/hyggestuen/Downloads/_WeedyRice/WeedyRice-RGBMS-DB/Masks/DJI_DateTime_2024_06_04_11_06_0039_lat_10.3006871_lon_105.2714925_alt_20.206m.png,2024_06_04_11,train
DJI_DateTime_2024_06_04_11_06_0040_lat_10.3007072_lon_105.2714476_alt_20.274m,/home/hyggestuen/Downloads/_WeedyRice/WeedyRice-RGBMS-DB/RGB/DJI_DateTime_2024_06_04_11_06_0040_lat_10.3007072_lon_105.2714476_alt_20.274m.JPG,,"[""/home/hyggestuen/Downloads/_WeedyRice/WeedyRice-RGBMS-DB/Multispectral/DJI_DateTime_2024_06_04_11_06_0040_lat_10.3007072_lon_105.2714476_alt_20.274m_G.TIF"", ""/home/hyggestuen/Downloads/_WeedyRice/WeedyRice-RGBMS-DB/Multispectral/DJI_DateTime_2024_06_04_11_06_0040_lat_10.3007072_lon_105.2714476_alt_20.274m_NIR.TIF"", ""/home/hyggestuen/Downloads/_WeedyRice/WeedyRice-RGBMS-DB/Multispectral/DJI_DateTime_2024_06_04_11_06_0040_lat_10.3007072_lon_105.2714476_alt_20.274m_R.TIF"", ""/home/hyggestuen/Downloads/_WeedyRice/WeedyRice-RGBMS-DB/Multispectral/DJI_DateTime_2024_06_04_11_06_0040_lat_10.3007072_lon_105.2714476_alt_20.274m_RE.TIF""]",/home/hyggestuen/Downloads/_WeedyRice/WeedyRice-RGBMS-DB/Masks/DJI_DateTime_2024_06_04_11_06_0040_lat_10.3007072_lon_105.2714476_alt_20.274m.png,2024_06_04_11,train
DJI_DateTime_2024_06_04_11_06_0041_lat_10.3007267_lon_105.2714017_alt_20.188m,/home/hyggestuen/Downloads/_WeedyRice/WeedyRice-RGBMS-DB/RGB/DJI_DateTime_2024_06_04_11_06_0041_lat_10.3007267_lon_105.2714017_alt_20.188m.JPG,,"[""/home/hyggestuen/Downloads/_WeedyRice/WeedyRice-RGBMS-DB/Multispectral/DJI_DateTime_2024_06_04_11_06_0041_lat_10.3007267_lon_105.2714017_alt_20.188m_G.TIF"", ""/home/hyggestuen/Downloads/_WeedyRice/WeedyRice-RGBMS-DB/Multispectral/DJI_DateTime_2024_06_04_11_06_0041_lat_10.3007267_lon_105.2714017_alt_20.188m_NIR.TIF"", ""/home/hyggestuen/Downloads/_WeedyRice/WeedyRice-RGBMS-DB/Multispectral/DJI_DateTime_2024_06_04_11_06_0041_lat_10.3007267_lon_105.2714017_alt_20.188m_R.TIF"", ""/home/hyggestuen/Downloads/_WeedyRice/WeedyRice-RGBMS-DB/Multispectral/DJI_DateTime_2024_06_04_11_06_0041_lat_10.3007267_lon_105.2714017_alt_20.188m_RE.TIF""]",/home/hyggestuen/Downloads/_WeedyRice/WeedyRice-RGBMS-DB/Masks/DJI_DateTime_2024_06_04_11_06_0041_lat_10.3007267_lon_105.2714017_alt_20.188m.png,2024_06_04_11,train
DJI_DateTime_2024_06_04_11_06_0042_lat_10.3007462_lon_105.2713576_alt_20.174m,/home/hyggestuen/Downloads/_WeedyRice/WeedyRice-RGBMS-DB/RGB/DJI_DateTime_2024_06_04_11_06_0042_lat_10.3007462_lon_105.2713576_alt_20.174m.JPG,,"[""/home/hyggestuen/Downloads/_WeedyRice/WeedyRice-RGBMS-DB/Multispectral/DJI_DateTime_2024_06_04_11_06_0042_lat_10.3007462_lon_105.2713576_alt_20.174m_G.TIF"", ""/home/hyggestuen/Downloads/_WeedyRice/WeedyRice-RGBMS-DB/Multispectral/DJI_DateTime_2024_06_04_11_06_0042_lat_10.3007462_lon_105.2713576_alt_20.174m_NIR.TIF"", ""/home/hyggestuen/Downloads/_WeedyRice/WeedyRice-RGBMS-DB/Multispectral/DJI_DateTime_2024_06_04_11_06_0042_lat_10.3007462_lon_105.2713576_alt_20.174m_R.TIF"", ""/home/hyggestuen/Downloads/_WeedyRice/WeedyRice-RGBMS-DB/Multispectral/DJI_DateTime_2024_06_04_11_06_0042_lat_10.3007462_lon_105.2713576_alt_20.174m_RE.TIF""]",/home/hyggestuen/Downloads/_WeedyRice/WeedyRice-RGBMS-DB/Masks/DJI_DateTime_2024_06_04_11_06_0042_lat_10.3007462_lon_105.2713576_alt_20.174m.png,2024_06_04_11,train
DJI_DateTime_2024_06_04_11_07_0060_lat_10.3006877_lon_105.2713276_alt_20.193m,/home/hyggestuen/Downloads/_WeedyRice/WeedyRice-RGBMS-DB/RGB/DJI_DateTime_2024_06_04_11_07_0060_lat_10.3006877_lon_105.2713276_alt_20.193m.JPG,,"[""/home/hyggestuen/Downloads/_WeedyRice/WeedyRice-RGBMS-DB/Multispectral/DJI_DateTime_2024_06_04_11_07_0060_lat_10.3006877_lon_105.2713276_alt_20.193m_G.TIF"", ""/home/hyggestuen/Downloads/_WeedyRice/WeedyRice-RGBMS-DB/Multispectral/DJI_DateTime_2024_06_04_11_07_0060_lat_10.3006877_lon_105.2713276_alt_20.193m_NIR.TIF"", ""/home/hyggestuen/Downloads/_WeedyRice/WeedyRice-RGBMS-DB/Multispectral/DJI_DateTime_2024_06_04_11_07_0060_lat_10.3006877_lon_105.2713276_alt_20.193m_R.TIF"", ""/home/hyggestuen/Downloads/_WeedyRice/WeedyRice-RGBMS-DB/Multispectral/DJI_DateTime_2024_06_04_11_07_0060_lat_10.3006877_lon_105.2713276_alt_20.193m_RE.TIF""]",/home/hyggestuen/Downloads/_WeedyRice/WeedyRice-RGBMS-DB/Masks/DJI_DateTime_2024_06_04_11_07_0060_lat_10.3006877_lon_105.2713276_alt_20.193m.png,2024_06_04_11,train
DJI_DateTime_2024_06_04_11_07_0061_lat_10.3006686_lon_105.2713718_alt_20.244m,/home/hyggestuen/Downloads/_WeedyRice/WeedyRice-RGBMS-DB/RGB/DJI_DateTime_2024_06_04_11_07_0061_lat_10.3006686_lon_105.2713718_alt_20.244m.JPG,,"[""/home/hyggestuen/Downloads/_WeedyRice/WeedyRice-RGBMS-DB/Multispectral/DJI_DateTime_2024_06_04_11_07_0061_lat_10.3006686_lon_105.2713718_alt_20.244m_G.TIF"", ""/home/hyggestuen/Downloads/_WeedyRice/WeedyRice-RGBMS-DB/Multispectral/DJI_DateTime_2024_06_04_11_07_0061_lat_10.3006686_lon_105.2713718_alt_20.244m_NIR.TIF"", ""/home/hyggestuen/Downloads/_WeedyRice/WeedyRice-RGBMS-DB/Multispectral/DJI_DateTime_2024_06_04_11_07_0061_lat_10.3006686_lon_105.2713718_alt_20.244m_R.TIF"", ""/home/hyggestuen/Downloads/_WeedyRice/WeedyRice-RGBMS-DB/Multispectral/DJI_DateTime_2024_06_04_11_07_0061_lat_10.3006686_lon_105.2713718_alt_20.244m_RE.TIF""]",/home/hyggestuen/Downloads/_WeedyRice/WeedyRice-RGBMS-DB/Masks/DJI_DateTime_2024_06_04_11_07_0061_lat_10.3006686_lon_105.2713718_alt_20.244m.png,2024_06_04_11,train
DJI_DateTime_2024_06_04_11_07_0062_lat_10.3006495_lon_105.2714165_alt_20.349m,/home/hyggestuen/Downloads/_WeedyRice/WeedyRice-RGBMS-DB/RGB/DJI_DateTime_2024_06_04_11_07_0062_lat_10.3006495_lon_105.2714165_alt_20.349m.JPG,,"[""/home/hyggestuen/Downloads/_WeedyRice/WeedyRice-RGBMS-DB/Multispectral/DJI_DateTime_2024_06_04_11_07_0062_lat_10.3006495_lon_105.2714165_alt_20.349m_G.TIF"", ""/home/hyggestuen/Downloads/_WeedyRice/WeedyRice-RGBMS-DB/Multispectral/DJI_DateTime_2024_06_04_11_07_0062_lat_10.3006495_lon_105.2714165_alt_20.349m_NIR.TIF"", ""/home/hyggestuen/Downloads/_WeedyRice/WeedyRice-RGBMS-DB/Multispectral/DJI_DateTime_2024_06_04_11_07_0062_lat_10.3006495_lon_105.2714165_alt_20.349m_R.TIF"", ""/home/hyggestuen/Downloads/_WeedyRice/WeedyRice-RGBMS-DB/Multispectral/DJI_DateTime_2024_06_04_11_07_0062_lat_10.3006495_lon_105.2714165_alt_20.349m_RE.TIF""]",/home/hyggestuen/Downloads/_WeedyRice/WeedyRice-RGBMS-DB/Masks/DJI_DateTime_2024_06_04_11_07_0062_lat_10.3006495_lon_105.2714165_alt_20.349m.png,2024_06_04_11,train
DJI_DateTime_2024_06_04_11_07_0063_lat_10.3006295_lon_105.2714615_alt_20.306m,/home/hyggestuen/Downloads/_WeedyRice/WeedyRice-RGBMS-DB/RGB/DJI_DateTime_2024_06_04_11_07_0063_lat_10.3006295_lon_105.2714615_alt_20.306m.JPG,,"[""/home/hyggestuen/Downloads/_WeedyRice/WeedyRice-RGBMS-DB/Multispectral/DJI_DateTime_2024_06_04_11_07_0063_lat_10.3006295_lon_105.2714615_alt_20.306m_G.TIF"", ""/home/hyggestuen/Downloads/_WeedyRice/WeedyRice-RGBMS-DB/Multispectral/DJI_DateTime_2024_06_04_11_07_0063_lat_10.3006295_lon_105.2714615_alt_20.306m_NIR.TIF"", ""/home/hyggestuen/Downloads/_WeedyRice/WeedyRice-RGBMS-DB/Multispectral/DJI_DateTime_2024_06_04_11_07_0063_lat_10.3006295_lon_105.2714615_alt_20.306m_R.TIF"", ""/home/hyggestuen/Downloads/_WeedyRice/WeedyRice-RGBMS-DB/Multispectral/DJI_DateTime_2024_06_04_11_07_0063_lat_10.3006295_lon_105.2714615_alt_20.306m_RE.TIF""]",/home/hyggestuen/Downloads/_WeedyRice/WeedyRice-RGBMS-DB/Masks/DJI_DateTime_2024_06_04_11_07_0063_lat_10.3006295_lon_105.2714615_alt_20.306m.png,2024_06_04_11,train
DJI_DateTime_2024_06_04_11_07_0064_lat_10.3006092_lon_105.2715067_alt_20.209m,/home/hyggestuen/Downloads/_WeedyRice/WeedyRice-RGBMS-DB/RGB/DJI_DateTime_2024_06_04_11_07_0064_lat_10.3006092_lon_105.2715067_alt_20.209m.JPG,,"[""/home/hyggestuen/Downloads/_WeedyRice/WeedyRice-RGBMS-DB/Multispectral/DJI_DateTime_2024_06_04_11_07_0064_lat_10.3006092_lon_105.2715067_alt_20.209m_G.TIF"", ""/home/hyggestuen/Downloads/_WeedyRice/WeedyRice-RGBMS-DB/Multispectral/DJI_DateTime_2024_06_04_11_07_0064_lat_10.3006092_lon_105.2715067_alt_20.209m_NIR.TIF"", ""/home/hyggestuen/Downloads/_WeedyRice/WeedyRice-RGBMS-DB/Multispectral/DJI_DateTime_2024_06_04_11_07_0064_lat_10.3006092_lon_105.2715067_alt_20.209m_R.TIF"", ""/home/hyggestuen/Downloads/_WeedyRice/WeedyRice-RGBMS-DB/Multispectral/DJI_DateTime_2024_06_04_11_07_0064_lat_10.3006092_lon_105.2715067_alt_20.209m_RE.TIF""]",/home/hyggestuen/Downloads/_WeedyRice/WeedyRice-RGBMS-DB/Masks/DJI_DateTime_2024_06_04_11_07_0064_lat_10.3006092_lon_105.2715067_alt_20.209m.png,2024_06_04_11,train
DJI_DateTime_2024_06_04_11_07_0065_lat_10.3005895_lon_105.2715524_alt_20.205m,/home/hyggestuen/Downloads/_WeedyRice/WeedyRice-RGBMS-DB/RGB/DJI_DateTime_2024_06_04_11_07_0065_lat_10.3005895_lon_105.2715524_alt_20.205m.JPG,,"[""/home/hyggestuen/Downloads/_WeedyRice/WeedyRice-RGBMS-DB/Multispectral/DJI_DateTime_2024_06_04_11_07_0065_lat_10.3005895_lon_105.2715524_alt_20.205m_G.TIF"", ""/home/hyggestuen/Downloads/_WeedyRice/WeedyRice-RGBMS-DB/Multispectral/DJI_DateTime_2024_06_04_11_07_0065_lat_10.3005895_lon_105.2715524_alt_20.205m_NIR.TIF"", ""/home/hyggestuen/Downloads/_WeedyRice/WeedyRice-RGBMS-DB/Multispectral/DJI_DateTime_2024_06_04_11_07_0065_lat_10.3005895_lon_105.2715524_alt_20.205m_R.TIF"", ""/home/hyggestuen/Downloads/_WeedyRice/WeedyRice-RGBMS-DB/Multispectral/DJI_DateTime_2024_06_04_11_07_0065_lat_10.3005895_lon_105.2715524_alt_20.205m_RE.TIF""]",/home/hyggestuen/Downloads/_WeedyRice/WeedyRice-RGBMS-DB/Masks/DJI_DateTime_2024_06_04_11_07_0065_lat_10.3005895_lon_105.2715524_alt_20.205m.png,2024_06_04_11,train
DJI_DateTime_2024_06_04_11_07_0066_lat_10.3005700_lon_105.2715969_alt_20.223m,/home/hyggestuen/Downloads/_WeedyRice/WeedyRice-RGBMS-DB/RGB/DJI_DateTime_2024_06_04_11_07_0066_lat_10.3005700_lon_105.2715969_alt_20.223m.JPG,,"[""/home/hyggestuen/Downloads/_WeedyRice/WeedyRice-RGBMS-DB/Multispectral/DJI_DateTime_2024_06_04_11_07_0066_lat_10.3005700_lon_105.2715969_alt_20.223m_G.TIF"", ""/home/hyggestuen/Downloads/_WeedyRice/WeedyRice-RGBMS-DB/Multispectral/DJI_DateTime_2024_06_04_11_07_0066_lat_10.3005700_lon_105.2715969_alt_20.223m_NIR.TIF"", ""/home/hyggestuen/Downloads/_WeedyRice/WeedyRice-RGBMS-DB/Multispectral/DJI_DateTime_2024_06_04_11_07_0066_lat_10.3005700_lon_105.2715969_alt_20.223m_R.TIF"", ""/home/hyggestuen/Downloads/_WeedyRice/WeedyRice-RGBMS-DB/Multispectral/DJI_DateTime_2024_06_04_11_07_0066_lat_10.3005700_lon_105.2715969_alt_20.223m_RE.TIF""]",/home/hyggestuen/Downloads/_WeedyRice/WeedyRice-RGBMS-DB/Masks/DJI_DateTime_2024_06_04_11_07_0066_lat_10.3005700_lon_105.2715969_alt_20.223m.png,2024_06_04_11,train
DJI_DateTime_2024_06_04_11_07_0067_lat_10.3005498_lon_105.2716425_alt_20.234m,/home/hyggestuen/Downloads/_WeedyRice/WeedyRice-RGBMS-DB/RGB/DJI_DateTime_2024_06_04_11_07_0067_lat_10.3005498_lon_105.2716425_alt_20.234m.JPG,,"[""/home/hyggestuen/Downloads/_WeedyRice/WeedyRice-RGBMS-DB/Multispectral/DJI_DateTime_2024_06_04_11_07_0067_lat_10.3005498_lon_105.2716425_alt_20.234m_G.TIF"", ""/home/hyggestuen/Downloads/_WeedyRice/WeedyRice-RGBMS-DB/Multispectral/DJI_DateTime_2024_06_04_11_07_0067_lat_10.3005498_lon_105.2716425_alt_20.234m_NIR.TIF"", ""/home/hyggestuen/Downloads/_WeedyRice/WeedyRice-RGBMS-DB/Multispectral/DJI_DateTime_2024_06_04_11_07_0067_lat_10.3005498_lon_105.2716425_alt_20.234m_R.TIF"", ""/home/hyggestuen/Downloads/_WeedyRice/WeedyRice-RGBMS-DB/Multispectral/DJI_DateTime_2024_06_04_11_07_0067_lat_10.3005498_lon_105.2716425_alt_20.234m_RE.TIF""]",/home/hyggestuen/Downloads/_WeedyRice/WeedyRice-RGBMS-DB/Masks/DJI_DateTime_2024_06_04_11_07_0067_lat_10.3005498_lon_105.2716425_alt_20.234m.png,2024_06_04_11,train
DJI_DateTime_2024_06_04_11_07_0068_lat_10.3005301_lon_105.2716881_alt_20.218m,/home/hyggestuen/Downloads/_WeedyRice/WeedyRice-RGBMS-DB/RGB/DJI_DateTime_2024_06_04_11_07_0068_lat_10.3005301_lon_105.2716881_alt_20.218m.JPG,,"[""/home/hyggestuen/Downloads/_WeedyRice/WeedyRice-RGBMS-DB/Multispectral/DJI_DateTime_2024_06_04_11_07_0068_lat_10.3005301_lon_105.2716881_alt_20.218m_G.TIF"", ""/home/hyggestuen/Downloads/_WeedyRice/WeedyRice-RGBMS-DB/Multispectral/DJI_DateTime_2024_06_04_11_07_0068_lat_10.3005301_lon_105.2716881_alt_20.218m_NIR.TIF"", ""/home/hyggestuen/Downloads/_WeedyRice/WeedyRice-RGBMS-DB/Multispectral/DJI_DateTime_2024_06_04_11_07_0068_lat_10.3005301_lon_105.2716881_alt_20.218m_R.TIF"", ""/home/hyggestuen/Downloads/_WeedyRice/WeedyRice-RGBMS-DB/Multispectral/DJI_DateTime_2024_06_04_11_07_0068_lat_10.3005301_lon_105.2716881_alt_20.218m_RE.TIF""]",/home/hyggestuen/Downloads/_WeedyRice/WeedyRice-RGBMS-DB/Masks/DJI_DateTime_2024_06_04_11_07_0068_lat_10.3005301_lon_105.2716881_alt_20.218m.png,2024_06_04_11,train
DJI_DateTime_2024_06_04_11_07_0069_lat_10.3005105_lon_105.2717330_alt_20.180m,/home/hyggestuen/Downloads/_WeedyRice/WeedyRice-RGBMS-DB/RGB/DJI_DateTime_2024_06_04_11_07_0069_lat_10.3005105_lon_105.2717330_alt_20.180m.JPG,,"[""/home/hyggestuen/Downloads/_WeedyRice/WeedyRice-RGBMS-DB/Multispectral/DJI_DateTime_2024_06_04_11_07_0069_lat_10.3005105_lon_105.2717330_alt_20.180m_G.TIF"", ""/home/hyggestuen/Downloads/_WeedyRice/WeedyRice-RGBMS-DB/Multispectral/DJI_DateTime_2024_06_04_11_07_0069_lat_10.3005105_lon_105.2717330_alt_20.180m_NIR.TIF"", ""/home/hyggestuen/Downloads/_WeedyRice/WeedyRice-RGBMS-DB/Multispectral/DJI_DateTime_2024_06_04_11_07_0069_lat_10.3005105_lon_105.2717330_alt_20.180m_R.TIF"", ""/home/hyggestuen/Downloads/_WeedyRice/WeedyRice-RGBMS-DB/Multispectral/DJI_DateTime_2024_06_04_11_07_0069_lat_10.3005105_lon_105.2717330_alt_20.180m_RE.TIF""]",/home/hyggestuen/Downloads/_WeedyRice/WeedyRice-RGBMS-DB/Masks/DJI_DateTime_2024_06_04_11_07_0069_lat_10.3005105_lon_105.2717330_alt_20.180m.png,2024_06_04_11,train
DJI_DateTime_2024_06_04_11_07_0070_lat_10.3004911_lon_105.2717775_alt_20.199m,/home/hyggestuen/Downloads/_WeedyRice/WeedyRice-RGBMS-DB/RGB/DJI_DateTime_2024_06_04_11_07_0070_lat_10.3004911_lon_105.2717775_alt_20.199m.JPG,,"[""/home/hyggestuen/Downloads/_WeedyRice/WeedyRice-RGBMS-DB/Multispectral/DJI_DateTime_2024_06_04_11_07_0070_lat_10.3004911_lon_105.2717775_alt_20.199m_G.TIF"", ""/home/hyggestuen/Downloads/_WeedyRice/WeedyRice-RGBMS-DB/Multispectral/DJI_DateTime_2024_06_04_11_07_0070_lat_10.3004911_lon_105.2717775_alt_20.199m_NIR.TIF"", ""/home/hyggestuen/Downloads/_WeedyRice/WeedyRice-RGBMS-DB/Multispectral/DJI_DateTime_2024_06_04_11_07_0070_lat_10.3004911_lon_105.2717775_alt_20.199m_R.TIF"", ""/home/hyggestuen/Downloads/_WeedyRice/WeedyRice-RGBMS-DB/Multispectral/DJI_DateTime_2024_06_04_11_07_0070_lat_10.3004911_lon_105.2717775_alt_20.199m_RE.TIF""]",/home/hyggestuen/Downloads/_WeedyRice/WeedyRice-RGBMS-DB/Masks/DJI_DateTime_2024_06_04_11_07_0070_lat_10.3004911_lon_105.2717775_alt_20.199m.png,2024_06_04_11,train
DJI_DateTime_2024_06_04_11_07_0071_lat_10.3004709_lon_105.2718235_alt_20.190m,/home/hyggestuen/Downloads/_WeedyRice/WeedyRice-RGBMS-DB/RGB/DJI_DateTime_2024_06_04_11_07_0071_lat_10.3004709_lon_105.2718235_alt_20.190m.JPG,,"[""/home/hyggestuen/Downloads/_WeedyRice/WeedyRice-RGBMS-DB/Multispectral/DJI_DateTime_2024_06_04_11_07_0071_lat_10.3004709_lon_105.2718235_alt_20.190m_G.TIF"", ""/home/hyggestuen/Downloads/_WeedyRice/WeedyRice-RGBMS-DB/Multispectral/DJI_DateTime_2024_06_04_11_07_0071_lat_10.3004709_lon_105.2718235_alt_20.190m_NIR.TIF"", ""/home/hyggestuen/Downloads/_WeedyRice/WeedyRice-RGBMS-DB/Multispectral/DJI_DateTime_2024_06_04_11_07_0071_lat_10.3004709_lon_105.2718235_alt_20.190m_R.TIF"", ""/home/hyggestuen/Downloads/_WeedyRice/WeedyRice-RGBMS-DB/Multispectral/DJI_DateTime_2024_06_04_11_07_0071_lat_10.3004709_lon_105.2718235_alt_20.190m_RE.TIF""]",/home/hyggestuen/Downloads/_WeedyRice/WeedyRice-RGBMS-DB/Masks/DJI_DateTime_2024_06_04_11_07_0071_lat_10.3004709_lon_105.2718235_alt_20.190m.png,2024_06_04_11,train
DJI_DateTime_2024_06_04_11_07_0072_lat_10.3004509_lon_105.2718686_alt_20.232m,/home/hyggestuen/Downloads/_WeedyRice/WeedyRice-RGBMS-DB/RGB/DJI_DateTime_2024_06_04_11_07_0072_lat_10.3004509_lon_105.2718686_alt_20.232m.JPG,,"[""/home/hyggestuen/Downloads/_WeedyRice/WeedyRice-RGBMS-DB/Multispectral/DJI_DateTime_2024_06_04_11_07_0072_lat_10.3004509_lon_105.2718686_alt_20.232m_G.TIF"", ""/home/hyggestuen/Downloads/_WeedyRice/WeedyRice-RGBMS-DB/Multispectral/DJI_DateTime_2024_06_04_11_07_0072_lat_10.3004509_lon_105.2718686_alt_20.232m_NIR.TIF"", ""/home/hyggestuen/Downloads/_WeedyRice/WeedyRice-RGBMS-DB/Multispectral/DJI_DateTime_2024_06_04_11_07_0072_lat_10.3004509_lon_105.2718686_alt_20.232m_R.TIF"", ""/home/hyggestuen/Downloads/_WeedyRice/WeedyRice-RGBMS-DB/Multispectral/DJI_DateTime_2024_06_04_11_07_0072_lat_10.3004509_lon_105.2718686_alt_20.232m_RE.TIF""]",/home/hyggestuen/Downloads/_WeedyRice/WeedyRice-RGBMS-DB/Masks/DJI_DateTime_2024_06_04_11_07_0072_lat_10.3004509_lon_105.2718686_alt_20.232m.png,2024_06_04_11,train
DJI_DateTime_2024_06_04_11_07_0073_lat_10.3004313_lon_105.2719142_alt_20.230m,/home/hyggestuen/Downloads/_WeedyRice/WeedyRice-RGBMS-DB/RGB/DJI_DateTime_2024_06_04_11_07_0073_lat_10.3004313_lon_105.2719142_alt_20.230m.JPG,,"[""/home/hyggestuen/Downloads/_WeedyRice/WeedyRice-RGBMS-DB/Multispectral/DJI_DateTime_2024_06_04_11_07_0073_lat_10.3004313_lon_105.2719142_alt_20.230m_G.TIF"", ""/home/hyggestuen/Downloads/_WeedyRice/WeedyRice-RGBMS-DB/Multispectral/DJI_DateTime_2024_06_04_11_07_0073_lat_10.3004313_lon_105.2719142_alt_20.230m_NIR.TIF"", ""/home/hyggestuen/Downloads/_WeedyRice/WeedyRice-RGBMS-DB/Multispectral/DJI_DateTime_2024_06_04_11_07_0073_lat_10.3004313_lon_105.2719142_alt_20.230m_R.TIF"", ""/home/hyggestuen/Downloads/_WeedyRice/WeedyRice-RGBMS-DB/Multispectral/DJI_DateTime_2024_06_04_11_07_0073_lat_10.3004313_lon_105.2719142_alt_20.230m_RE.TIF""]",/home/hyggestuen/Downloads/_WeedyRice/WeedyRice-RGBMS-DB/Masks/DJI_DateTime_2024_06_04_11_07_0073_lat_10.3004313_lon_105.2719142_alt_20.230m.png,2024_06_04_11,train
DJI_DateTime_2024_06_04_11_07_0074_lat_10.3004121_lon_105.2719597_alt_20.253m,/home/hyggestuen/Downloads/_WeedyRice/WeedyRice-RGBMS-DB/RGB/DJI_DateTime_2024_06_04_11_07_0074_lat_10.3004121_lon_105.2719597_alt_20.253m.JPG,,"[""/home/hyggestuen/Downloads/_WeedyRice/WeedyRice-RGBMS-DB/Multispectral/DJI_DateTime_2024_06_04_11_07_0074_lat_10.3004121_lon_105.2719597_alt_20.253m_G.TIF"", ""/home/hyggestuen/Downloads/_WeedyRice/WeedyRice-RGBMS-DB/Multispectral/DJI_DateTime_2024_06_04_11_07_0074_lat_10.3004121_lon_105.2719597_alt_20.253m_NIR.TIF"", ""/home/hyggestuen/Downloads/_WeedyRice/WeedyRice-RGBMS-DB/Multispectral/DJI_DateTime_2024_06_04_11_07_0074_lat_10.3004121_lon_105.2719597_alt_20.253m_R.TIF"", ""/home/hyggestuen/Downloads/_WeedyRice/WeedyRice-RGBMS-DB/Multispectral/DJI_DateTime_2024_06_04_11_07_0074_lat_10.3004121_lon_105.2719597_alt_20.253m_RE.TIF""]",/home/hyggestuen/Downloads/_WeedyRice/WeedyRice-RGBMS-DB/Masks/DJI_DateTime_2024_06_04_11_07_0074_lat_10.3004121_lon_105.2719597_alt_20.253m.png,2024_06_04_11,train
DJI_DateTime_2024_06_04_11_08_0075_lat_10.3003920_lon_105.2720048_alt_20.253m,/home/hyggestuen/Downloads/_WeedyRice/WeedyRice-RGBMS-DB/RGB/DJI_DateTime_2024_06_04_11_08_0075_lat_10.3003920_lon_105.2720048_alt_20.253m.JPG,,"[""/home/hyggestuen/Downloads/_WeedyRice/WeedyRice-RGBMS-DB/Multispectral/DJI_DateTime_2024_06_04_11_08_0075_lat_10.3003920_lon_105.2720048_alt_20.253m_G.TIF"", ""/home/hyggestuen/Downloads/_WeedyRice/WeedyRice-RGBMS-DB/Multispectral/DJI_DateTime_2024_06_04_11_08_0075_lat_10.3003920_lon_105.2720048_alt_20.253m_NIR.TIF"", ""/home/hyggestuen/Downloads/_WeedyRice/WeedyRice-RGBMS-DB/Multispectral/DJI_DateTime_2024_06_04_11_08_0075_lat_10.3003920_lon_105.2720048_alt_20.253m_R.TIF"", ""/home/hyggestuen/Downloads/_WeedyRice/WeedyRice-RGBMS-DB/Multispectral/DJI_DateTime_2024_06_04_11_08_0075_lat_10.3003920_lon_105.2720048_alt_20.253m_RE.TIF""]",/home/hyggestuen/Downloads/_WeedyRice/WeedyRice-RGBMS-DB/Masks/DJI_DateTime_2024_06_04_11_08_0075_lat_10.3003920_lon_105.2720048_alt_20.253m.png,2024_06_04_11,train
DJI_DateTime_2024_06_04_11_08_0076_lat_10.3003600_lon_105.2720315_alt_20.120m,/home/hyggestuen/Downloads/_WeedyRice/WeedyRice-RGBMS-DB/RGB/DJI_DateTime_2024_06_04_11_08_0076_lat_10.3003600_lon_105.2720315_alt_20.120m.JPG,,"[""/home/hyggestuen/Downloads/_WeedyRice/WeedyRice-RGBMS-DB/Multispectral/DJI_DateTime_2024_06_04_11_08_0076_lat_10.3003600_lon_105.2720315_alt_20.120m_G.TIF"", ""/home/hyggestuen/Downloads/_WeedyRice/WeedyRice-RGBMS-DB/Multispectral/DJI_DateTime_2024_06_04_11_08_0076_lat_10.3003600_lon_105.2720315_alt_20.120m_NIR.TIF"", ""/home/hyggestuen/Downloads/_WeedyRice/WeedyRice-RGBMS-DB/Multispectral/DJI_DateTime_2024_06_04_11_08_0076_lat_10.3003600_lon_105.2720315_alt_20.120m_R.TIF"", ""/home/hyggestuen/Downloads/_WeedyRice/WeedyRice-RGBMS-DB/Multispectral/DJI_DateTime_2024_06_04_11_08_0076_lat_10.3003600_lon_105.2720315_alt_20.120m_RE.TIF""]",/home/hyggestuen/Downloads/_WeedyRice/WeedyRice-RGBMS-DB/Masks/DJI_DateTime_2024_06_04_11_08_0076_lat_10.3003600_lon_105.2720315_alt_20.120m.png,2024_06_04_11,train
DJI_DateTime_2024_06_04_11_08_0077_lat_10.3003264_lon_105.2720048_alt_20.066m,/home/hyggestuen/Downloads/_WeedyRice/WeedyRice-RGBMS-DB/RGB/DJI_DateTime_2024_06_04_11_08_0077_lat_10.3003264_lon_105.2720048_alt_20.066m.JPG,,"[""/home/hyggestuen/Downloads/_WeedyRice/WeedyRice-RGBMS-DB/Multispectral/DJI_DateTime_2024_06_04_11_08_0077_lat_10.3003264_lon_105.2720048_alt_20.066m_G.TIF"", ""/home/hyggestuen/Downloads/_WeedyRice/WeedyRice-RGBMS-DB/Multispectral/DJI_DateTime_2024_06_04_11_08_0077_lat_10.3003264_lon_105.2720048_alt_20.066m_NIR.TIF"", ""/home/hyggestuen/Downloads/_WeedyRice/WeedyRice-RGBMS-DB/Multispectral/DJI_DateTime_2024_06_04_11_08_0077_lat_10.3003264_lon_105.2720048_alt_20.066m_R.TIF"", ""/home/hyggestuen/Downloads/_WeedyRice/WeedyRice-RGBMS-DB/Multispectral/DJI_DateTime_2024_06_04_11_08_0077_lat_10.3003264_lon_105.2720048_alt_20.066m_RE.TIF""]",/home/hyggestuen/Downloads/_WeedyRice/WeedyRice-RGBMS-DB/Masks/DJI_DateTime_2024_06_04_11_08_0077_lat_10.3003264_lon_105.2720048_alt_20.066m.png,2024_06_04_11,train
DJI_DateTime_2024_06_04_11_08_0078_lat_10.3003411_lon_105.2719602_alt_20.150m,/home/hyggestuen/Downloads/_WeedyRice/WeedyRice-RGBMS-DB/RGB/DJI_DateTime_2024_06_04_11_08_0078_lat_10.3003411_lon_105.2719602_alt_20.150m.JPG,,"[""/home/hyggestuen/Downloads/_WeedyRice/WeedyRice-RGBMS-DB/Multispectral/DJI_DateTime_2024_06_04_11_08_0078_lat_10.3003411_lon_105.2719602_alt_20.150m_G.TIF"", ""/home/hyggestuen/Downloads/_WeedyRice/WeedyRice-RGBMS-DB/Multispectral/DJI_DateTime_2024_06_04_11_08_0078_lat_10.3003411_lon_105.2719602_alt_20.150m_NIR.TIF"", ""/home/hyggestuen/Downloads/_WeedyRice/WeedyRice-RGBMS-DB/Multispectral/DJI_DateTime_2024_06_04_11_08_0078_lat_10.3003411_lon_105.2719602_alt_20.150m_R.TIF"", ""/home/hyggestuen/Downloads/_WeedyRice/WeedyRice-RGBMS-DB/Multispectral/DJI_DateTime_2024_06_04_11_08_0078_lat_10.3003411_lon_105.2719602_alt_20.150m_RE.TIF""]",/home/hyggestuen/Downloads/_WeedyRice/WeedyRice-RGBMS-DB/Masks/DJI_DateTime_2024_06_04_11_08_0078_lat_10.3003411_lon_105.2719602_alt_20.150m.png,2024_06_04_11,train
DJI_DateTime_2024_06_04_11_08_0079_lat_10.3003599_lon_105.2719149_alt_20.186m,/home/hyggestuen/Downloads/_WeedyRice/WeedyRice-RGBMS-DB/RGB/DJI_DateTime_2024_06_04_11_08_0079_lat_10.3003599_lon_105.2719149_alt_20.186m.JPG,,"[""/home/hyggestuen/Downloads/_WeedyRice/WeedyRice-RGBMS-DB/Multispectral/DJI_DateTime_2024_06_04_11_08_0079_lat_10.3003599_lon_105.2719149_alt_20.186m_G.TIF"", ""/home/hyggestuen/Downloads/_WeedyRice/WeedyRice-RGBMS-DB/Multispectral/DJI_DateTime_2024_06_04_11_08_0079_lat_10.3003599_lon_105.2719149_alt_20.186m_NIR.TIF"", ""/home/hyggestuen/Downloads/_WeedyRice/WeedyRice-RGBMS-DB/Multispectral/DJI_DateTime_2024_06_04_11_08_0079_lat_10.3003599_lon_105.2719149_alt_20.186m_R.TIF"", ""/home/hyggestuen/Downloads/_WeedyRice/WeedyRice-RGBMS-DB/Multispectral/DJI_DateTime_2024_06_04_11_08_0079_lat_10.3003599_lon_105.2719149_alt_20.186m_RE.TIF""]",/home/hyggestuen/Downloads/_WeedyRice/WeedyRice-RGBMS-DB/Masks/DJI_DateTime_2024_06_04_11_08_0079_lat_10.3003599_lon_105.2719149_alt_20.186m.png,2024_06_04_11,train
DJI_DateTime_2024_06_04_11_08_0080_lat_10.3003798_lon_105.2718697_alt_20.123m,/home/hyggestuen/Downloads/_WeedyRice/WeedyRice-RGBMS-DB/RGB/DJI_DateTime_2024_06_04_11_08_0080_lat_10.3003798_lon_105.2718697_alt_20.123m.JPG,,"[""/home/hyggestuen/Downloads/_WeedyRice/WeedyRice-RGBMS-DB/Multispectral/DJI_DateTime_2024_06_04_11_08_0080_lat_10.3003798_lon_105.2718697_alt_20.123m_G.TIF"", ""/home/hyggestuen/Downloads/_WeedyRice/WeedyRice-RGBMS-DB/Multispectral/DJI_DateTime_2024_06_04_11_08_0080_lat_10.3003798_lon_105.2718697_alt_20.123m_NIR.TIF"", ""/home/hyggestuen/Downloads/_WeedyRice/WeedyRice-RGBMS-DB/Multispectral/DJI_DateTime_2024_06_04_11_08_0080_lat_10.3003798_lon_105.2718697_alt_20.123m_R.TIF"", ""/home/hyggestuen/Downloads/_WeedyRice/WeedyRice-RGBMS-DB/Multispectral/DJI_DateTime_2024_06_04_11_08_0080_lat_10.3003798_lon_105.2718697_alt_20.123m_RE.TIF""]",/home/hyggestuen/Downloads/_WeedyRice/WeedyRice-RGBMS-DB/Masks/DJI_DateTime_2024_06_04_11_08_0080_lat_10.3003798_lon_105.2718697_alt_20.123m.png,2024_06_04_11,train
DJI_DateTime_2024_06_04_11_08_0081_lat_10.3003999_lon_105.2718246_alt_20.181m,/home/hyggestuen/Downloads/_WeedyRice/WeedyRice-RGBMS-DB/RGB/DJI_DateTime_2024_06_04_11_08_0081_lat_10.3003999_lon_105.2718246_alt_20.181m.JPG,,"[""/home/hyggestuen/Downloads/_WeedyRice/WeedyRice-RGBMS-DB/Multispectral/DJI_DateTime_2024_06_04_11_08_0081_lat_10.3003999_lon_105.2718246_alt_20.181m_G.TIF"", ""/home/hyggestuen/Downloads/_WeedyRice/WeedyRice-RGBMS-DB/Multispectral/DJI_DateTime_2024_06_04_11_08_0081_lat_10.3003999_lon_105.2718246_alt_20.181m_NIR.TIF"", ""/home/hyggestuen/Downloads/_WeedyRice/WeedyRice-RGBMS-DB/Multispectral/DJI_DateTime_2024_06_04_11_08_0081_lat_10.3003999_lon_105.2718246_alt_20.181m_R.TIF"", ""/home/hyggestuen/Downloads/_WeedyRice/WeedyRice-RGBMS-DB/Multispectral/DJI_DateTime_2024_06_04_11_08_0081_lat_10.3003999_lon_105.2718246_alt_20.181m_RE.TIF""]",/home/hyggestuen/Downloads/_WeedyRice/WeedyRice-RGBMS-DB/Masks/DJI_DateTime_2024_06_04_11_08_0081_lat_10.3003999_lon_105.2718246_alt_20.181m.png,2024_06_04_11,train
DJI_DateTime_2024_06_04_11_08_0082_lat_10.3004191_lon_105.2717789_alt_20.174m,/home/hyggestuen/Downloads/_WeedyRice/WeedyRice-RGBMS-DB/RGB/DJI_DateTime_2024_06_04_11_08_0082_lat_10.3004191_lon_105.2717789_alt_20.174m.JPG,,"[""/home/hyggestuen/Downloads/_WeedyRice/WeedyRice-RGBMS-DB/Multispectral/DJI_DateTime_2024_06_04_11_08_0082_lat_10.3004191_lon_105.2717789_alt_20.174m_G.TIF"", ""/home/hyggestuen/Downloads/_WeedyRice/WeedyRice-RGBMS-DB/Multispectral/DJI_DateTime_2024_06_04_11_08_0082_lat_10.3004191_lon_105.2717789_alt_20.174m_NIR.TIF"", ""/home/hyggestuen/Downloads/_WeedyRice/WeedyRice-RGBMS-DB/Multispectral/DJI_DateTime_2024_06_04_11_08_0082_lat_10.3004191_lon_105.2717789_alt_20.174m_R.TIF"", ""/home/hyggestuen/Downloads/_WeedyRice/WeedyRice-RGBMS-DB/Multispectral/DJI_DateTime_2024_06_04_11_08_0082_lat_10.3004191_lon_105.2717789_alt_20.174m_RE.TIF""]",/home/hyggestuen/Downloads/_WeedyRice/WeedyRice-RGBMS-DB/Masks/DJI_DateTime_2024_06_04_11_08_0082_lat_10.3004191_lon_105.2717789_alt_20.174m.png,2024_06_04_11,train
DJI_DateTime_2024_06_04_11_08_0083_lat_10.3004388_lon_105.2717336_alt_20.190m,/home/hyggestuen/Downloads/_WeedyRice/WeedyRice-RGBMS-DB/RGB/DJI_DateTime_2024_06_04_11_08_0083_lat_10.3004388_lon_105.2717336_alt_20.190m.JPG,,"[""/home/hyggestuen/Downloads/_WeedyRice/WeedyRice-RGBMS-DB/Multispectral/DJI_DateTime_2024_06_04_11_08_0083_lat_10.3004388_lon_105.2717336_alt_20.190m_G.TIF"", ""/home/hyggestuen/Downloads/_WeedyRice/WeedyRice-RGBMS-DB/Multispectral/DJI_DateTime_2024_06_04_11_08_0083_lat_10.3004388_lon_105.2717336_alt_20.190m_NIR.TIF"", ""/home/hyggestuen/Downloads/_WeedyRice/WeedyRice-RGBMS-DB/Multispectral/DJI_DateTime_2024_06_04_11_08_0083_lat_10.3004388_lon_105.2717336_alt_20.190m_R.TIF"", ""/home/hyggestuen/Downloads/_WeedyRice/WeedyRice-RGBMS-DB/Multispectral/DJI_DateTime_2024_06_04_11_08_0083_lat_10.3004388_lon_105.2717336_alt_20.190m_RE.TIF""]",/home/hyggestuen/Downloads/_WeedyRice/WeedyRice-RGBMS-DB/Masks/DJI_DateTime_2024_06_04_11_08_0083_lat_10.3004388_lon_105.2717336_alt_20.190m.png,2024_06_04_11,train
DJI_DateTime_2024_06_04_11_08_0084_lat_10.3004583_lon_105.2716883_alt_20.218m,/home/hyggestuen/Downloads/_WeedyRice/WeedyRice-RGBMS-DB/RGB/DJI_DateTime_2024_06_04_11_08_0084_lat_10.3004583_lon_105.2716883_alt_20.218m.JPG,,"[""/home/hyggestuen/Downloads/_WeedyRice/WeedyRice-RGBMS-DB/Multispectral/DJI_DateTime_2024_06_04_11_08_0084_lat_10.3004583_lon_105.2716883_alt_20.218m_G.TIF"", ""/home/hyggestuen/Downloads/_WeedyRice/WeedyRice-RGBMS-DB/Multispectral/DJI_DateTime_2024_06_04_11_08_0084_lat_10.3004583_lon_105.2716883_alt_20.218m_NIR.TIF"", ""/home/hyggestuen/Downloads/_WeedyRice/WeedyRice-RGBMS-DB/Multispectral/DJI_DateTime_2024_06_04_11_08_0084_lat_10.3004583_lon_105.2716883_alt_20.218m_R.TIF"", ""/home/hyggestuen/Downloads/_WeedyRice/WeedyRice-RGBMS-DB/Multispectral/DJI_DateTime_2024_06_04_11_08_0084_lat_10.3004583_lon_105.2716883_alt_20.218m_RE.TIF""]",/home/hyggestuen/Downloads/_WeedyRice/WeedyRice-RGBMS-DB/Masks/DJI_DateTime_2024_06_04_11_08_0084_lat_10.3004583_lon_105.2716883_alt_20.218m.png,2024_06_04_11,train
DJI_DateTime_2024_06_04_11_08_0085_lat_10.3004784_lon_105.2716427_alt_20.194m,/home/hyggestuen/Downloads/_WeedyRice/WeedyRice-RGBMS-DB/RGB/DJI_DateTime_2024_06_04_11_08_0085_lat_10.3004784_lon_105.2716427_alt_20.194m.JPG,,"[""/home/hyggestuen/Downloads/_WeedyRice/WeedyRice-RGBMS-DB/Multispectral/DJI_DateTime_2024_06_04_11_08_0085_lat_10.3004784_lon_105.2716427_alt_20.194m_G.TIF"", ""/home/hyggestuen/Downloads/_WeedyRice/WeedyRice-RGBMS-DB/Multispectral/DJI_DateTime_2024_06_04_11_08_0085_lat_10.3004784_lon_105.2716427_alt_20.194m_NIR.TIF"", ""/home/hyggestuen/Downloads/_WeedyRice/WeedyRice-RGBMS-DB/Multispectral/DJI_DateTime_2024_06_04_11_08_0085_lat_10.3004784_lon_105.2716427_alt_20.194m_R.TIF"", ""/home/hyggestuen/Downloads/_WeedyRice/WeedyRice-RGBMS-DB/Multispectral/DJI_DateTime_2024_06_04_11_08_0085_lat_10.3004784_lon_105.2716427_alt_20.194m_RE.TIF""]",/home/hyggestuen/Downloads/_WeedyRice/WeedyRice-RGBMS-DB/Masks/DJI_DateTime_2024_06_04_11_08_0085_lat_10.3004784_lon_105.2716427_alt_20.194m.png,2024_06_04_11,train
DJI_DateTime_2024_06_04_11_08_0086_lat_10.3004984_lon_105.2715972_alt_20.192m,/home/hyggestuen/Downloads/_WeedyRice/WeedyRice-RGBMS-DB/RGB/DJI_DateTime_2024_06_04_11_08_0086_lat_10.3004984_lon_105.2715972_alt_20.192m.JPG,,"[""/home/hyggestuen/Downloads/_WeedyRice/WeedyRice-RGBMS-DB/Multispectral/DJI_DateTime_2024_06_04_11_08_0086_lat_10.3004984_lon_105.2715972_alt_20.192m_G.TIF"", ""/home/hyggestuen/Downloads/_WeedyRice/WeedyRice-RGBMS-DB/Multispectral/DJI_DateTime_2024_06_04_11_08_0086_lat_10.3004984_lon_105.2715972_alt_20.192m_NIR.TIF"", ""/home/hyggestuen/Downloads/_WeedyRice/WeedyRice-RGBMS-DB/Multispectral/DJI_DateTime_2024_06_04_11_08_0086_lat_10.3004984_lon_105.2715972_alt_20.192m_R.TIF"", ""/home/hyggestuen/Downloads/_WeedyRice/WeedyRice-RGBMS-DB/Multispectral/DJI_DateTime_2024_06_04_11_08_0086_lat_10.3004984_lon_105.2715972_alt_20.192m_RE.TIF""]",/home/hyggestuen/Downloads/_WeedyRice/WeedyRice-RGBMS-DB/Masks/DJI_DateTime_2024_06_04_11_08_0086_lat_10.3004984_lon_105.2715972_alt_20.192m.png,2024_06_04_11,train
DJI_DateTime_2024_06_04_11_08_0087_lat_10.3005181_lon_105.2715517_alt_20.255m,/home/hyggestuen/Downloads/_WeedyRice/WeedyRice-RGBMS-DB/RGB/DJI_DateTime_2024_06_04_11_08_0087_lat_10.3005181_lon_105.2715517_alt_20.255m.JPG,,"[""/home/hyggestuen/Downloads/_WeedyRice/WeedyRice-RGBMS-DB/Multispectral/DJI_DateTime_2024_06_04_11_08_0087_lat_10.3005181_lon_105.2715517_alt_20.255m_G.TIF"", ""/home/hyggestuen/Downloads/_WeedyRice/WeedyRice-RGBMS-DB/Multispectral/DJI_DateTime_2024_06_04_11_08_0087_lat_10.3005181_lon_105.2715517_alt_20.255m_NIR.TIF"", ""/home/hyggestuen/Downloads/_WeedyRice/WeedyRice-RGBMS-DB/Multispectral/DJI_DateTime_2024_06_04_11_08_0087_lat_10.3005181_lon_105.2715517_alt_20.255m_R.TIF"", ""/home/hyggestuen/Downloads/_WeedyRice/WeedyRice-RGBMS-DB/Multispectral/DJI_DateTime_2024_06_04_11_08_0087_lat_10.3005181_lon_105.2715517_alt_20.255m_RE.TIF""]",/home/hyggestuen/Downloads/_WeedyRice/WeedyRice-RGBMS-DB/Masks/DJI_DateTime_2024_06_04_11_08_0087_lat_10.3005181_lon_105.2715517_alt_20.255m.png,2024_06_04_11,train
DJI_DateTime_2024_06_04_11_08_0088_lat_10.3005383_lon_105.2715066_alt_20.182m,/home/hyggestuen/Downloads/_WeedyRice/WeedyRice-RGBMS-DB/RGB/DJI_DateTime_2024_06_04_11_08_0088_lat_10.3005383_lon_105.2715066_alt_20.182m.JPG,,"[""/home/hyggestuen/Downloads/_WeedyRice/WeedyRice-RGBMS-DB/Multispectral/DJI_DateTime_2024_06_04_11_08_0088_lat_10.3005383_lon_105.2715066_alt_20.182m_G.TIF"", ""/home/hyggestuen/Downloads/_WeedyRice/WeedyRice-RGBMS-DB/Multispectral/DJI_DateTime_2024_06_04_11_08_0088_lat_10.3005383_lon_105.2715066_alt_20.182m_NIR.TIF"", ""/home/hyggestuen/Downloads/_WeedyRice/WeedyRice-RGBMS-DB/Multispectral/DJI_DateTime_2024_06_04_11_08_0088_lat_10.3005383_lon_105.2715066_alt_20.182m_R.TIF"", ""/home/hyggestuen/Downloads/_WeedyRice/WeedyRice-RGBMS-DB/Multispectral/DJI_DateTime_2024_06_04_11_08_0088_lat_10.3005383_lon_105.2715066_alt_20.182m_RE.TIF""]",/home/hyggestuen/Downloads/_WeedyRice/WeedyRice-RGBMS-DB/Masks/DJI_DateTime_2024_06_04_11_08_0088_lat_10.3005383_lon_105.2715066_alt_20.182m.png,2024_06_04_11,train
DJI_DateTime_2024_06_04_11_08_0089_lat_10.3005576_lon_105.2714620_alt_20.133m,/home/hyggestuen/Downloads/_WeedyRice/WeedyRice-RGBMS-DB/RGB/DJI_DateTime_2024_06_04_11_08_0089_lat_10.3005576_lon_105.2714620_alt_20.133m.JPG,,"[""/home/hyggestuen/Downloads/_WeedyRice/WeedyRice-RGBMS-DB/Multispectral/DJI_DateTime_2024_06_04_11_08_0089_lat_10.3005576_lon_105.2714620_alt_20.133m_G.TIF"", ""/home/hyggestuen/Downloads/_WeedyRice/WeedyRice-RGBMS-DB/Multispectral/DJI_DateTime_2024_06_04_11_08_0089_lat_10.3005576_lon_105.2714620_alt_20.133m_NIR.TIF"", ""/home/hyggestuen/Downloads/_WeedyRice/WeedyRice-RGBMS-DB/Multispectral/DJI_DateTime_2024_06_04_11_08_0089_lat_10.3005576_lon_105.2714620_alt_20.133m_R.TIF"", ""/home/hyggestuen/Downloads/_WeedyRice/WeedyRice-RGBMS-DB/Multispectral/DJI_DateTime_2024_06_04_11_08_0089_lat_10.3005576_lon_105.2714620_alt_20.133m_RE.TIF""]",/home/hyggestuen/Downloads/_WeedyRice/WeedyRice-RGBMS-DB/Masks/DJI_DateTime_2024_06_04_11_08_0089_lat_10.3005576_lon_105.2714620_alt_20.133m.png,2024_06_04_11,train
DJI_DateTime_2024_06_04_11_08_0090_lat_10.3005779_lon_105.2714156_alt_20.184m,/home/hyggestuen/Downloads/_WeedyRice/WeedyRice-RGBMS-DB/RGB/DJI_DateTime_2024_06_04_11_08_0090_lat_10.3005779_lon_105.2714156_alt_20.184m.JPG,,"[""/home/hyggestuen/Downloads/_WeedyRice/WeedyRice-RGBMS-DB/Multispectral/DJI_DateTime_2024_06_04_11_08_0090_lat_10.3005779_lon_105.2714156_alt_20.184m_G.TIF"", ""/home/hyggestuen/Downloads/_WeedyRice/WeedyRice-RGBMS-DB/Multispectral/DJI_DateTime_2024_06_04_11_08_0090_lat_10.3005779_lon_105.2714156_alt_20.184m_NIR.TIF"", ""/home/hyggestuen/Downloads/_WeedyRice/WeedyRice-RGBMS-DB/Multispectral/DJI_DateTime_2024_06_04_11_08_0090_lat_10.3005779_lon_105.2714156_alt_20.184m_R.TIF"", ""/home/hyggestuen/Downloads/_WeedyRice/WeedyRice-RGBMS-DB/Multispectral/DJI_DateTime_2024_06_04_11_08_0090_lat_10.3005779_lon_105.2714156_alt_20.184m_RE.TIF""]",/home/hyggestuen/Downloads/_WeedyRice/WeedyRice-RGBMS-DB/Masks/DJI_DateTime_2024_06_04_11_08_0090_lat_10.3005779_lon_105.2714156_alt_20.184m.png,2024_06_04_11,train
DJI_DateTime_2024_06_04_11_08_0091_lat_10.3005974_lon_105.2713709_alt_20.150m,/home/hyggestuen/Downloads/_WeedyRice/WeedyRice-RGBMS-DB/RGB/DJI_DateTime_2024_06_04_11_08_0091_lat_10.3005974_lon_105.2713709_alt_20.150m.JPG,,"[""/home/hyggestuen/Downloads/_WeedyRice/WeedyRice-RGBMS-DB/Multispectral/DJI_DateTime_2024_06_04_11_08_0091_lat_10.3005974_lon_105.2713709_alt_20.150m_G.TIF"", ""/home/hyggestuen/Downloads/_WeedyRice/WeedyRice-RGBMS-DB/Multispectral/DJI_DateTime_2024_06_04_11_08_0091_lat_10.3005974_lon_105.2713709_alt_20.150m_NIR.TIF"", ""/home/hyggestuen/Downloads/_WeedyRice/WeedyRice-RGBMS-DB/Multispectral/DJI_DateTime_2024_06_04_11_08_0091_lat_10.3005974_lon_105.2713709_alt_20.150m_R.TIF"", ""/home/hyggestuen/Downloads/_WeedyRice/WeedyRice-RGBMS-DB/Multispectral/DJI_DateTime_2024_06_04_11_08_0091_lat_10.3005974_lon_105.2713709_alt_20.150m_RE.TIF""]",/home/hyggestuen/Downloads/_WeedyRice/WeedyRice-RGBMS-DB/Masks/DJI_DateTime_2024_06_04_11_08_0091_lat_10.3005974_lon_105.2713709_alt_20.150m.png,2024_06_04_11,train
DJI_DateTime_2024_06_04_11_08_0092_lat_10.3006174_lon_105.2713269_alt_20.198m,/home/hyggestuen/Downloads/_WeedyRice/WeedyRice-RGBMS-DB/RGB/DJI_DateTime_2024_06_04_11_08_0092_lat_10.3006174_lon_105.2713269_alt_20.198m.JPG,,"[""/home/hyggestuen/Downloads/_WeedyRice/WeedyRice-RGBMS-DB/Multispectral/DJI_DateTime_2024_06_04_11_08_0092_lat_10.3006174_lon_105.2713269_alt_20.198m_G.TIF"", ""/home/hyggestuen/Downloads/_WeedyRice/WeedyRice-RGBMS-DB/Multispectral/DJI_DateTime_2024_06_04_11_08_0092_lat_10.3006174_lon_105.2713269_alt_20.198m_NIR.TIF"", ""/home/hyggestuen/Downloads/_WeedyRice/WeedyRice-RGBMS-DB/Multispectral/DJI_DateTime_2024_06_04_11_08_0092_lat_10.3006174_lon_105.2713269_alt_20.198m_R.TIF"", ""/home/hyggestuen/Downloads/_WeedyRice/WeedyRice-RGBMS-DB/Multispectral/DJI_DateTime_2024_06_04_11_08_0092_lat_10.3006174_lon_105.2713269_alt_20.198m_RE.TIF""]",/home/hyggestuen/Downloads/_WeedyRice/WeedyRice-RGBMS-DB/Masks/DJI_DateTime_2024_06_04_11_08_0092_lat_10.3006174_lon_105.2713269_alt_20.198m.png,2024_06_04_11,train
DJI_DateTime_2024_06_04_11_09_0093_lat_10.3006372_lon_105.2712811_alt_20.224m,/home/hyggestuen/Downloads/_WeedyRice/WeedyRice-RGBMS-DB/RGB/DJI_DateTime_2024_06_04_11_09_0093_lat_10.3006372_lon_105.2712811_alt_20.224m.JPG,,"[""/home/hyggestuen/Downloads/_WeedyRice/WeedyRice-RGBMS-DB/Multispectral/DJI_DateTime_2024_06_04_11_09_0093_lat_10.3006372_lon_105.2712811_alt_20.224m_G.TIF"", ""/home/hyggestuen/Downloads/_WeedyRice/WeedyRice-RGBMS-DB/Multispectral/DJI_DateTime_2024_06_04_11_09_0093_lat_10.3006372_lon_105.2712811_alt_20.224m_NIR.TIF"", ""/home/hyggestuen/Downloads/_WeedyRice/WeedyRice-RGBMS-DB/Multispectral/DJI_DateTime_2024_06_04_11_09_0093_lat_10.3006372_lon_105.2712811_alt_20.224m_R.TIF"", ""/home/hyggestuen/Downloads/_WeedyRice/WeedyRice-RGBMS-DB/Multispectral/DJI_DateTime_2024_06_04_11_09_0093_lat_10.3006372_lon_105.2712811_alt_20.224m_RE.TIF""]",/home/hyggestuen/Downloads/_WeedyRice/WeedyRice-RGBMS-DB/Masks/DJI_DateTime_2024_06_04_11_09_0093_lat_10.3006372_lon_105.2712811_alt_20.224m.png,2024_06_04_11,train
DJI_DateTime_2024_06_04_11_09_0111_lat_10.3005641_lon_105.2712811_alt_20.159m,/home/hyggestuen/Downloads/_WeedyRice/WeedyRice-RGBMS-DB/RGB/DJI_DateTime_2024_06_04_11_09_0111_lat_10.3005641_lon_105.2712811_alt_20.159m.JPG,,"[""/home/hyggestuen/Downloads/_WeedyRice/WeedyRice-RGBMS-DB/Multispectral/DJI_DateTime_2024_06_04_11_09_0111_lat_10.3005641_lon_105.2712811_alt_20.159m_G.TIF"", ""/home/hyggestuen/Downloads/_WeedyRice/WeedyRice-RGBMS-DB/Multispectral/DJI_DateTime_2024_06_04_11_09_0111_lat_10.3005641_lon_105.2712811_alt_20.159m_NIR.TIF"", ""/home/hyggestuen/Downloads/_WeedyRice/WeedyRice-RGBMS-DB/Multispectral/DJI_DateTime_2024_06_04_11_09_0111_lat_10.3005641_lon_105.2712811_alt_20.159m_R.TIF"", ""/home/hyggestuen/Downloads/_WeedyRice/WeedyRice-RGBMS-DB/Multispectral/DJI_DateTime_2024_06_04_11_09_0111_lat_10.3005641_lon_105.2712811_alt_20.159m_RE.TIF""]",/home/hyggestuen/Downloads/_WeedyRice/WeedyRice-RGBMS-DB/Masks/DJI_DateTime_2024_06_04_11_09_0111_lat_10.3005641_lon_105.2712811_alt_20.159m.png,2024_06_04_11,train
DJI_DateTime_2024_06_04_11_10_0112_lat_10.3005441_lon_105.2713268_alt_20.226m,/home/hyggestuen/Downloads/_WeedyRice/WeedyRice-RGBMS-DB/RGB/DJI_DateTime_2024_06_04_11_10_0112_lat_10.3005441_lon_105.2713268_alt_20.226m.JPG,,"[""/home/hyggestuen/Downloads/_WeedyRice/WeedyRice-RGBMS-DB/Multispectral/DJI_DateTime_2024_06_04_11_10_0112_lat_10.3005441_lon_105.2713268_alt_20.226m_G.TIF"", ""/home/hyggestuen/Downloads/_WeedyRice/WeedyRice-RGBMS-DB/Multispectral/DJI_DateTime_2024_06_04_11_10_0112_lat_10.3005441_lon_105.2713268_alt_20.226m_NIR.TIF"", ""/home/hyggestuen/Downloads/_WeedyRice/WeedyRice-RGBMS-DB/Multispectral/DJI_DateTime_2024_06_04_11_10_0112_lat_10.3005441_lon_105.2713268_alt_20.226m_R.TIF"", ""/home/hyggestuen/Downloads/_WeedyRice/WeedyRice-RGBMS-DB/Multispectral/DJI_DateTime_2024_06_04_11_10_0112_lat_10.3005441_lon_105.2713268_alt_20.226m_RE.TIF""]",/home/hyggestuen/Downloads/_WeedyRice/WeedyRice-RGBMS-DB/Masks/DJI_DateTime_2024_06_04_11_10_0112_lat_10.3005441_lon_105.2713268_alt_20.226m.png,2024_06_04_11,train
DJI_DateTime_2024_06_04_11_10_0113_lat_10.3005235_lon_105.2713722_alt_20.217m,/home/hyggestuen/Downloads/_WeedyRice/WeedyRice-RGBMS-DB/RGB/DJI_DateTime_2024_06_04_11_10_0113_lat_10.3005235_lon_105.2713722_alt_20.217m.JPG,,"[""/home/hyggestuen/Downloads/_WeedyRice/WeedyRice-RGBMS-DB/Multispectral/DJI_DateTime_2024_06_04_11_10_0113_lat_10.3005235_lon_105.2713722_alt_20.217m_G.TIF"", ""/home/hyggestuen/Downloads/_WeedyRice/WeedyRice-RGBMS-DB/Multispectral/DJI_DateTime_2024_06_04_11_10_0113_lat_10.3005235_lon_105.2713722_alt_20.217m_NIR.TIF"", ""/home/hyggestuen/Downloads/_WeedyRice/WeedyRice-RGBMS-DB/Multispectral/DJI_DateTime_2024_06_04_11_10_0113_lat_10.3005235_lon_105.2713722_alt_20.217m_R.TIF"", ""/home/hyggestuen/Downloads/_WeedyRice/WeedyRice-RGBMS-DB/Multispectral/DJI_DateTime_2024_06_04_11_10_0113_lat_10.3005235_lon_105.2713722_alt_20.217m_RE.TIF""]",/home/hyggestuen/Downloads/_WeedyRice/WeedyRice-RGBMS-DB/Masks/DJI_DateTime_2024_06_04_11_10_0113_lat_10.3005235_lon_105.2713722_alt_20.217m.png,2024_06_04_11,train
DJI_DateTime_2024_06_04_11_10_0114_lat_10.3005041_lon_105.2714172_alt_20.200m,/home/hyggestuen/Downloads/_WeedyRice/WeedyRice-RGBMS-DB/RGB/DJI_DateTime_2024_06_04_11_10_0114_lat_10.3005041_lon_105.2714172_alt_20.200m.JPG,,"[""/home/hyggestuen/Downloads/_WeedyRice/WeedyRice-RGBMS-DB/Multispectral/DJI_DateTime_2024_06_04_11_10_0114_lat_10.3005041_lon_105.2714172_alt_20.200m_G.TIF"", ""/home/hyggestuen/Downloads/_WeedyRice/WeedyRice-RGBMS-DB/Multispectral/DJI_DateTime_2024_06_04_11_10_0114_lat_10.3005041_lon_105.2714172_alt_20.200m_NIR.TIF"", ""/home/hyggestuen/Downloads/_WeedyRice/WeedyRice-RGBMS-DB/Multispectral/DJI_DateTime_2024_06_04_11_10_0114_lat_10.3005041_lon_105.2714172_alt_20.200m_R.TIF"", ""/home/hyggestuen/Downloads/_WeedyRice/WeedyRice-RGBMS-DB/Multispectral/DJI_DateTime_2024_06_04_11_10_0114_lat_10.3005041_lon_105.2714172_alt_20.200m_RE.TIF""]",/home/hyggestuen/Downloads/_WeedyRice/WeedyRice-RGBMS-DB/Masks/DJI_DateTime_2024_06_04_11_10_0114_lat_10.3005041_lon_105.2714172_alt_20.200m.png,2024_06_04_11,train
DJI_DateTime_2024_06_04_11_10_0115_lat_10.3004839_lon_105.2714630_alt_20.320m,/home/hyggestuen/Downloads/_WeedyRice/WeedyRice-RGBMS-DB/RGB/DJI_DateTime_2024_06_04_11_10_0115_lat_10.3004839_lon_105.2714630_alt_20.320m.JPG,,"[""/home/hyggestuen/Downloads/_WeedyRice/WeedyRice-RGBMS-DB/Multispectral/DJI_DateTime_2024_06_04_11_10_0115_lat_10.3004839_lon_105.2714630_alt_20.320m_G.TIF"", ""/home/hyggestuen/Downloads/_WeedyRice/WeedyRice-RGBMS-DB/Multispectral/DJI_DateTime_2024_06_04_11_10_0115_lat_10.3004839_lon_105.2714630_alt_20.320m_NIR.TIF"", ""/home/hyggestuen/Downloads/_WeedyRice/WeedyRice-RGBMS-DB/Multispectral/DJI_DateTime_2024_06_04_11_10_0115_lat_10.3004839_lon_105.2714630_alt_20.320m_R.TIF"", ""/home/hyggestuen/Downloads/_WeedyRice/WeedyRice-RGBMS-DB/Multispectral/DJI_DateTime_2024_06_04_11_10_0115_lat_10.3004839_lon_105.2714630_alt_20.320m_RE.TIF""]",/home/hyggestuen/Downloads/_WeedyRice/WeedyRice-RGBMS-DB/Masks/DJI_DateTime_2024_06_04_11_10_0115_lat_10.3004839_lon_105.2714630_alt_20.320m.png,2024_06_04_11,train
DJI_DateTime_2024_06_04_11_10_0116_lat_10.3004642_lon_105.2715076_alt_20.236m,/home/hyggestuen/Downloads/_WeedyRice/WeedyRice-RGBMS-DB/RGB/DJI_DateTime_2024_06_04_11_10_0116_lat_10.3004642_lon_105.2715076_alt_20.236m.JPG,,"[""/home/hyggestuen/Downloads/_WeedyRice/WeedyRice-RGBMS-DB/Multispectral/DJI_DateTime_2024_06_04_11_10_0116_lat_10.3004642_lon_105.2715076_alt_20.236m_G.TIF"", ""/home/hyggestuen/Downloads/_WeedyRice/WeedyRice-RGBMS-DB/Multispectral/DJI_DateTime_2024_06_04_11_10_0116_lat_10.3004642_lon_105.2715076_alt_20.236m_NIR.TIF"", ""/home/hyggestuen/Downloads/_WeedyRice/WeedyRice-RGBMS-DB/Multispectral/DJI_DateTime_2024_06_04_11_10_0116_lat_10.3004642_lon_105.2715076_alt_20.236m_R.TIF"", ""/home/hyggestuen/Downloads/_WeedyRice/WeedyRice-RGBMS-DB/Multispectral/DJI_DateTime_2024_06_04_11_10_0116_lat_10.3004642_lon_105.2715076_alt_20.236m_RE.TIF""]",/home/hyggestuen/Downloads/_WeedyRice/WeedyRice-RGBMS-DB/Masks/DJI_DateTime_2024_06_04_11_10_0116_lat_10.3004642_lon_105.2715076_alt_20.236m.png,2024_06_04_11,train
DJI_DateTime_2024_06_04_11_10_0117_lat_10.3004436_lon_105.2715544_alt_20.238m,/home/hyggestuen/Downloads/_WeedyRice/WeedyRice-RGBMS-DB/RGB/DJI_DateTime_2024_06_04_11_10_0117_lat_10.3004436_lon_105.2715544_alt_20.238m.JPG,,"[""/home/hyggestuen/Downloads/_WeedyRice/WeedyRice-RGBMS-DB/Multispectral/DJI_DateTime_2024_06_04_11_10_0117_lat_10.3004436_lon_105.2715544_alt_20.238m_G.TIF"", ""/home/hyggestuen/Downloads/_WeedyRice/WeedyRice-RGBMS-DB/Multispectral/DJI_DateTime_2024_06_04_11_10_0117_lat_10.3004436_lon_105.2715544_alt_20.238m_NIR.TIF"", ""/home/hyggestuen/Downloads/_WeedyRice/WeedyRice-RGBMS-DB/Multispectral/DJI_DateTime_2024_06_04_11_10_0117_lat_10.3004436_lon_105.2715544_alt_20.238m_R.TIF"", ""/home/hyggestuen/Downloads/_WeedyRice/WeedyRice-RGBMS-DB/Multispectral/DJI_DateTime_2024_06_04_11_10_0117_lat_10.3004436_lon_105.2715544_alt_20.238m_RE.TIF""]",/home/hyggestuen/Downloads/_WeedyRice/WeedyRice-RGBMS-DB/Masks/DJI_DateTime_2024_06_04_11_10_0117_lat_10.3004436_lon_105.2715544_alt_20.238m.png,2024_06_04_11,train
DJI_DateTime_2024_06_04_11_10_0118_lat_10.3004243_lon_105.2715983_alt_20.173m,/home/hyggestuen/Downloads/_WeedyRice/WeedyRice-RGBMS-DB/RGB/DJI_DateTime_2024_06_04_11_10_0118_lat_10.3004243_lon_105.2715983_alt_20.173m.JPG,,"[""/home/hyggestuen/Downloads/_WeedyRice/WeedyRice-RGBMS-DB/Multispectral/DJI_DateTime_2024_06_04_11_10_0118_lat_10.3004243_lon_105.2715983_alt_20.173m_G.TIF"", ""/home/hyggestuen/Downloads/_WeedyRice/WeedyRice-RGBMS-DB/Multispectral/DJI_DateTime_2024_06_04_11_10_0118_lat_10.3004243_lon_105.2715983_alt_20.173m_NIR.TIF"", ""/home/hyggestuen/Downloads/_WeedyRice/WeedyRice-RGBMS-DB/Multispectral/DJI_DateTime_2024_06_04_11_10_0118_lat_10.3004243_lon_105.2715983_alt_20.173m_R.TIF"", ""/home/hyggestuen/Downloads/_WeedyRice/WeedyRice-RGBMS-DB/Multispectral/DJI_DateTime_2024_06_04_11_10_0118_lat_10.3004243_lon_105.2715983_alt_20.173m_RE.TIF""]",/home/hyggestuen/Downloads/_WeedyRice/WeedyRice-RGBMS-DB/Masks/DJI_DateTime_2024_06_04_11_10_0118_lat_10.3004243_lon_105.2715983_alt_20.173m.png,2024_06_04_11,train
DJI_DateTime_2024_06_04_11_10_0119_lat_10.3004038_lon_105.2716442_alt_20.186m,/home/hyggestuen/Downloads/_WeedyRice/WeedyRice-RGBMS-DB/RGB/DJI_DateTime_2024_06_04_11_10_0119_lat_10.3004038_lon_105.2716442_alt_20.186m.JPG,,"[""/home/hyggestuen/Downloads/_WeedyRice/WeedyRice-RGBMS-DB/Multispectral/DJI_DateTime_2024_06_04_11_10_0119_lat_10.3004038_lon_105.2716442_alt_20.186m_G.TIF"", ""/home/hyggestuen/Downloads/_WeedyRice/WeedyRice-RGBMS-DB/Multispectral/DJI_DateTime_2024_06_04_11_10_0119_lat_10.3004038_lon_105.2716442_alt_20.186m_NIR.TIF"", ""/home/hyggestuen/Downloads/_WeedyRice/WeedyRice-RGBMS-DB/Multispectral/DJI_DateTime_2024_06_04_11_10_0119_lat_10.3004038_lon_105.2716442_alt_20.186m_R.TIF"", ""/home/hyggestuen/Downloads/_WeedyRice/WeedyRice-RGBMS-DB/Multispectral/DJI_DateTime_2024_06_04_11_10_0119_lat_10.3004038_lon_105.2716442_alt_20.186m_RE.TIF""]",/home/hyggestuen/Downloads/_WeedyRice/WeedyRice-RGBMS-DB/Masks/DJI_DateTime_2024_06_04_11_10_0119_lat_10.3004038_lon_105.2716442_alt_20.186m.png,2024_06_04_11,train
DJI_DateTime_2024_06_04_11_10_0120_lat_10.3003840_lon_105.2716886_alt_20.201m,/home/hyggestuen/Downloads/_WeedyRice/WeedyRice-RGBMS-DB/RGB/DJI_DateTime_2024_06_04_11_10_0120_lat_10.3003840_lon_105.2716886_alt_20.201m.JPG,,"[""/home/hyggestuen/Downloads/_WeedyRice/WeedyRice-RGBMS-DB/Multispectral/DJI_DateTime_2024_06_04_11_10_0120_lat_10.3003840_lon_105.2716886_alt_20.201m_G.TIF"", ""/home/hyggestuen/Downloads/_WeedyRice/WeedyRice-RGBMS-DB/Multispectral/DJI_DateTime_2024_06_04_11_10_0120_lat_10.3003840_lon_105.2716886_alt_20.201m_NIR.TIF"", ""/home/hyggestuen/Downloads/_WeedyRice/WeedyRice-RGBMS-DB/Multispectral/DJI_DateTime_2024_06_04_11_10_0120_lat_10.3003840_lon_105.2716886_alt_20.201m_R.TIF"", ""/home/hyggestuen/Downloads/_WeedyRice/WeedyRice-RGBMS-DB/Multispectral/DJI_DateTime_2024_06_04_11_10_0120_lat_10.3003840_lon_105.2716886_alt_20.201m_RE.TIF""]",/home/hyggestuen/Downloads/_WeedyRice/WeedyRice-RGBMS-DB/Masks/DJI_DateTime_2024_06_04_11_10_0120_lat_10.3003840_lon_105.2716886_alt_20.201m.png,2024_06_04_11,train
DJI_DateTime_2024_06_04_11_10_0121_lat_10.3003641_lon_105.2717343_alt_20.211m,/home/hyggestuen/Downloads/_WeedyRice/WeedyRice-RGBMS-DB/RGB/DJI_DateTime_2024_06_04_11_10_0121_lat_10.3003641_lon_105.2717343_alt_20.211m.JPG,,"[""/home/hyggestuen/Downloads/_WeedyRice/WeedyRice-RGBMS-DB/Multispectral/DJI_DateTime_2024_06_04_11_10_0121_lat_10.3003641_lon_105.2717343_alt_20.211m_G.TIF"", ""/home/hyggestuen/Downloads/_WeedyRice/WeedyRice-RGBMS-DB/Multispectral/DJI_DateTime_2024_06_04_11_10_0121_lat_10.3003641_lon_105.2717343_alt_20.211m_NIR.TIF"", ""/home/hyggestuen/Downloads/_WeedyRice/WeedyRice-RGBMS-DB/Multispectral/DJI_DateTime_2024_06_04_11_10_0121_lat_10.3003641_lon_105.2717343_alt_20.211m_R.TIF"", ""/home/hyggestuen/Downloads/_WeedyRice/WeedyRice-RGBMS-DB/Multispectral/DJI_DateTime_2024_06_04_11_10_0121_lat_10.3003641_lon_105.2717343_alt_20.211m_RE.TIF""]",/home/hyggestuen/Downloads/_WeedyRice/WeedyRice-RGBMS-DB/Masks/DJI_DateTime_2024_06_04_11_10_0121_lat_10.3003641_lon_105.2717343_alt_20.211m.png,2024_06_04_11,train
DJI_DateTime_2024_06_04_11_10_0122_lat_10.3003442_lon_105.2717796_alt_20.224m,/home/hyggestuen/Downloads/_WeedyRice/WeedyRice-RGBMS-DB/RGB/DJI_DateTime_2024_06_04_11_10_0122_lat_10.3003442_lon_105.2717796_alt_20.224m.JPG,,"[""/home/hyggestuen/Downloads/_WeedyRice/WeedyRice-RGBMS-DB/Multispectral/DJI_DateTime_2024_06_04_11_10_0122_lat_10.3003442_lon_105.2717796_alt_20.224m_G.TIF"", ""/home/hyggestuen/Downloads/_WeedyRice/WeedyRice-RGBMS-DB/Multispectral/DJI_DateTime_2024_06_04_11_10_0122_lat_10.3003442_lon_105.2717796_alt_20.224m_NIR.TIF"", ""/home/hyggestuen/Downloads/_WeedyRice/WeedyRice-RGBMS-DB/Multispectral/DJI_DateTime_2024_06_04_11_10_0122_lat_10.3003442_lon_105.2717796_alt_20.224m_R.TIF"", ""/home/hyggestuen/Downloads/_WeedyRice/WeedyRice-RGBMS-DB/Multispectral/DJI_DateTime_2024_06_04_11_10_0122_lat_10.3003442_lon_105.2717796_alt_20.224m_RE.TIF""]",/home/hyggestuen/Downloads/_WeedyRice/WeedyRice-RGBMS-DB/Masks/DJI_DateTime_2024_06_04_11_10_0122_lat_10.3003442_lon_105.2717796_alt_20.224m.png,2024_06_04_11,train
DJI_DateTime_2024_06_04_11_10_0123_lat_10.3003244_lon_105.2718251_alt_20.207m,/home/hyggestuen/Downloads/_WeedyRice/WeedyRice-RGBMS-DB/RGB/DJI_DateTime_2024_06_04_11_10_0123_lat_10.3003244_lon_105.2718251_alt_20.207m.JPG,,"[""/home/hyggestuen/Downloads/_WeedyRice/WeedyRice-RGBMS-DB/Multispectral/DJI_DateTime_2024_06_04_11_10_0123_lat_10.3003244_lon_105.2718251_alt_20.207m_G.TIF"", ""/home/hyggestuen/Downloads/_WeedyRice/WeedyRice-RGBMS-DB/Multispectral/DJI_DateTime_2024_06_04_11_10_0123_lat_10.3003244_lon_105.2718251_alt_20.207m_NIR.TIF"", ""/home/hyggestuen/Downloads/_WeedyRice/WeedyRice-RGBMS-DB/Multispectral/DJI_DateTime_2024_06_04_11_10_0123_lat_10.3003244_lon_105.2718251_alt_20.207m_R.TIF"", ""/home/hyggestuen/Downloads/_WeedyRice/WeedyRice-RGBMS-DB/Multispectral/DJI_DateTime_2024_06_04_11_10_0123_lat_10.3003244_lon_105.2718251_alt_20.207m_RE.TIF""]",/home/hyggestuen/Downloads/_WeedyRice/WeedyRice-RGBMS-DB/Masks/DJI_DateTime_2024_06_04_11_10_0123_lat_10.3003244_lon_105.2718251_alt_20.207m.png,2024_06_04_11,train
DJI_DateTime_2024_06_04_11_10_0124_lat_10.3003052_lon_105.2718704_alt_20.334m,/home/hyggestuen/Downloads/_WeedyRice/WeedyRice-RGBMS-DB/RGB/DJI_DateTime_2024_06_04_11_10_0124_lat_10.3003052_lon_105.2718704_alt_20.334m.JPG,,"[""/home/hyggestuen/Downloads/_WeedyRice/WeedyRice-RGBMS-DB/Multispectral/DJI_DateTime_2024_06_04_11_10_0124_lat_10.3003052_lon_105.2718704_alt_20.334m_G.TIF"", ""/home/hyggestuen/Downloads/_WeedyRice/WeedyRice-RGBMS-DB/Multispectral/DJI_DateTime_2024_06_04_11_10_0124_lat_10.3003052_lon_105.2718704_alt_20.334m_NIR.TIF"", ""/home/hyggestuen/Downloads/_WeedyRice/WeedyRice-RGBMS-DB/Multispectral/DJI_DateTime_2024_06_04_11_10_0124_lat_10.3003052_lon_105.2718704_alt_20.334m_R.TIF"", ""/home/hyggestuen/Downloads/_WeedyRice/WeedyRice-RGBMS-DB/Multispectral/DJI_DateTime_2024_06_04_11_10_0124_lat_10.3003052_lon_105.2718704_alt_20.334m_RE.TIF""]",/home/hyggestuen/Downloads/_WeedyRice/WeedyRice-RGBMS-DB/Masks/DJI_DateTime_2024_06_04_11_10_0124_lat_10.3003052_lon_105.2718704_alt_20.334m.png,2024_06_04_11,train
DJI_DateTime_2024_06_04_11_10_0125_lat_10.3002852_lon_105.2719144_alt_20.273m,/home/hyggestuen/Downloads/_WeedyRice/WeedyRice-RGBMS-DB/RGB/DJI_DateTime_2024_06_04_11_10_0125_lat_10.3002852_lon_105.2719144_alt_20.273m.JPG,,"[""/home/hyggestuen/Downloads/_WeedyRice/WeedyRice-RGBMS-DB/Multispectral/DJI_DateTime_2024_06_04_11_10_0125_lat_10.3002852_lon_105.2719144_alt_20.273m_G.TIF"", ""/home/hyggestuen/Downloads/_WeedyRice/WeedyRice-RGBMS-DB/Multispectral/DJI_DateTime_2024_06_04_11_10_0125_lat_10.3002852_lon_105.2719144_alt_20.273m_NIR.TIF"", ""/home/hyggestuen/Downloads/_WeedyRice/WeedyRice-RGBMS-DB/Multispectral/DJI_DateTime_2024_06_04_11_10_0125_lat_10.3002852_lon_105.2719144_alt_20.273m_R.TIF"", ""/home/hyggestuen/Downloads/_WeedyRice/WeedyRice-RGBMS-DB/Multispectral/DJI_DateTime_2024_06_04_11_10_0125_lat_10.3002852_lon_105.2719144_alt_20.273m_RE.TIF""]",/home/hyggestuen/Downloads/_WeedyRice/WeedyRice-RGBMS-DB/Masks/DJI_DateTime_2024_06_04_11_10_0125_lat_10.3002852_lon_105.2719144_alt_20.273m.png,2024_06_04_11,train
DJI_DateTime_2024_06_04_11_10_0126_lat_10.3002650_lon_105.2719594_alt_20.176m,/home/hyggestuen/Downloads/_WeedyRice/WeedyRice-RGBMS-DB/RGB/DJI_DateTime_2024_06_04_11_10_0126_lat_10.3002650_lon_105.2719594_alt_20.176m.JPG,,"[""/home/hyggestuen/Downloads/_WeedyRice/WeedyRice-RGBMS-DB/Multispectral/DJI_DateTime_2024_06_04_11_10_0126_lat_10.3002650_lon_105.2719594_alt_20.176m_G.TIF"", ""/home/hyggestuen/Downloads/_WeedyRice/WeedyRice-RGBMS-DB/Multispectral/DJI_DateTime_2024_06_04_11_10_0126_lat_10.3002650_lon_105.2719594_alt_20.176m_NIR.TIF"", ""/home/hyggestuen/Downloads/_WeedyRice/WeedyRice-RGBMS-DB/Multispectral/DJI_DateTime_2024_06_04_11_10_0126_lat_10.3002650_lon_105.2719594_alt_20.176m_R.TIF"", ""/home/hyggestuen/Downloads/_WeedyRice/WeedyRice-RGBMS-DB/Multispectral/DJI_DateTime_2024_06_04_11_10_0126_lat_10.3002650_lon_105.2719594_alt_20.176m_RE.TIF""]",/home/hyggestuen/Downloads/_WeedyRice/WeedyRice-RGBMS-DB/Masks/DJI_DateTime_2024_06_04_11_10_0126_lat_10.3002650_lon_105.2719594_alt_20.176m.png,2024_06_04_11,train
DJI_DateTime_2024_06_04_11_10_0129_lat_10.3002224_lon_105.2718953_alt_20.166m,/home/hyggestuen/Downloads/_WeedyRice/WeedyRice-RGBMS-DB/RGB/DJI_DateTime_2024_06_04_11_10_0129_lat_10.3002224_lon_105.2718953_alt_20.166m.JPG,,"[""/home/hyggestuen/Downloads/_WeedyRice/WeedyRice-RGBMS-DB/Multispectral/DJI_DateTime_2024_06_04_11_10_0129_lat_10.3002224_lon_105.2718953_alt_20.166m_G.TIF"", ""/home/hyggestuen/Downloads/_WeedyRice/WeedyRice-RGBMS-DB/Multispectral/DJI_DateTime_2024_06_04_11_10_0129_lat_10.3002224_lon_105.2718953_alt_20.166m_NIR.TIF"", ""/home/hyggestuen/Downloads/_WeedyRice/WeedyRice-RGBMS-DB/Multispectral/DJI_DateTime_2024_06_04_11_10_0129_lat_10.3002224_lon_105.2718953_alt_20.166m_R.TIF"", ""/home/hyggestuen/Downloads/_WeedyRice/WeedyRice-RGBMS-DB/Multispectral/DJI_DateTime_2024_06_04_11_10_0129_lat_10.3002224_lon_105.2718953_alt_20.166m_RE.TIF""]",/home/hyggestuen/Downloads/_WeedyRice/WeedyRice-RGBMS-DB/Masks/DJI_DateTime_2024_06_04_11_10_0129_lat_10.3002224_lon_105.2718953_alt_20.166m.png,2024_06_04_11,train
DJI_DateTime_2024_06_04_11_10_0130_lat_10.3002426_lon_105.2718497_alt_20.213m,/home/hyggestuen/Downloads/_WeedyRice/WeedyRice-RGBMS-DB/RGB/DJI_DateTime_2024_06_04_11_10_0130_lat_10.3002426_lon_105.2718497_alt_20.213m.JPG,,"[""/home/hyggestuen/Downloads/_WeedyRice/WeedyRice-RGBMS-DB/Multispectral/DJI_DateTime_2024_06_04_11_10_0130_lat_10.3002426_lon_105.2718497_alt_20.213m_G.TIF"", ""/home/hyggestuen/Downloads/_WeedyRice/WeedyRice-RGBMS-DB/Multispectral/DJI_DateTime_2024_06_04_11_10_0130_lat_10.3002426_lon_105.2718497_alt_20.213m_NIR.TIF"", ""/home/hyggestuen/Downloads/_WeedyRice/WeedyRice-RGBMS-DB/Multispectral/DJI_DateTime_2024_06_04_11_10_0130_lat_10.3002426_lon_105.2718497_alt_20.213m_R.TIF"", ""/home/hyggestuen/Downloads/_WeedyRice/WeedyRice-RGBMS-DB/Multispectral/DJI_DateTime_2024_06_04_11_10_0130_lat_10.3002426_lon_105.2718497_alt_20.213m_RE.TIF""]",/home/hyggestuen/Downloads/_WeedyRice/WeedyRice-RGBMS-DB/Masks/DJI_DateTime_2024_06_04_11_10_0130_lat_10.3002426_lon_105.2718497_alt_20.213m.png,2024_06_04_11,train
DJI_DateTime_2024_06_04_11_11_0131_lat_10.3002624_lon_105.2718033_alt_20.232m,/home/hyggestuen/Downloads/_WeedyRice/WeedyRice-RGBMS-DB/RGB/DJI_DateTime_2024_06_04_11_11_0131_lat_10.3002624_lon_105.2718033_alt_20.232m.JPG,,"[""/home/hyggestuen/Downloads/_WeedyRice/WeedyRice-RGBMS-DB/Multispectral/DJI_DateTime_2024_06_04_11_11_0131_lat_10.3002624_lon_105.2718033_alt_20.232m_G.TIF"", ""/home/hyggestuen/Downloads/_WeedyRice/WeedyRice-RGBMS-DB/Multispectral/DJI_DateTime_2024_06_04_11_11_0131_lat_10.3002624_lon_105.2718033_alt_20.232m_NIR.TIF"", ""/home/hyggestuen/Downloads/_WeedyRice/WeedyRice-RGBMS-DB/Multispectral/DJI_DateTime_2024_06_04_11_11_0131_lat_10.3002624_lon_105.2718033_alt_20.232m_R.TIF"", ""/home/hyggestuen/Downloads/_WeedyRice/WeedyRice-RGBMS-DB/Multispectral/DJI_DateTime_2024_06_04_11_11_0131_lat_10.3002624_lon_105.2718033_alt_20.232m_RE.TIF""]",/home/hyggestuen/Downloads/_WeedyRice/WeedyRice-RGBMS-DB/Masks/DJI_DateTime_2024_06_04_11_11_0131_lat_10.3002624_lon_105.2718033_alt_20.232m.png,2024_06_04_11,train
DJI_DateTime_2024_06_04_11_11_0132_lat_10.3002823_lon_105.2717576_alt_20.255m,/home/hyggestuen/Downloads/_WeedyRice/WeedyRice-RGBMS-DB/RGB/DJI_DateTime_2024_06_04_11_11_0132_lat_10.3002823_lon_105.2717576_alt_20.255m.JPG,,"[""/home/hyggestuen/Downloads/_WeedyRice/WeedyRice-RGBMS-DB/Multispectral/DJI_DateTime_2024_06_04_11_11_0132_lat_10.3002823_lon_105.2717576_alt_20.255m_G.TIF"", ""/home/hyggestuen/Downloads/_WeedyRice/WeedyRice-RGBMS-DB/Multispectral/DJI_DateTime_2024_06_04_11_11_0132_lat_10.3002823_lon_105.2717576_alt_20.255m_NIR.TIF"", ""/home/hyggestuen/Downloads/_WeedyRice/WeedyRice-RGBMS-DB/Multispectral/DJI_DateTime_2024_06_04_11_11_0132_lat_10.3002823_lon_105.2717576_alt_20.255m_R.TIF"", ""/home/hyggestuen/Downloads/_WeedyRice/WeedyRice-RGBMS-DB/Multispectral/DJI_DateTime_2024_06_04_11_11_0132_lat_10.3002823_lon_105.2717576_alt_20.255m_RE.TIF""]",/home/hyggestuen/Downloads/_WeedyRice/WeedyRice-RGBMS-DB/Masks/DJI_DateTime_2024_06_04_11_11_0132_lat_10.3002823_lon_105.2717576_alt_20.255m.png,2024_06_04_11,train
DJI_DateTime_2024_06_04_11_11_0133_lat_10.3003019_lon_105.2717128_alt_20.136m,/home/hyggestuen/Downloads/_WeedyRice/WeedyRice-RGBMS-DB/RGB/DJI_DateTime_2024_06_04_11_11_0133_lat_10.3003019_lon_105.2717128_alt_20.136m.JPG,,"[""/home/hyggestuen/Downloads/_WeedyRice/WeedyRice-RGBMS-DB/Multispectral/DJI_DateTime_2024_06_04_11_11_0133_lat_10.3003019_lon_105.2717128_alt_20.136m_G.TIF"", ""/home/hyggestuen/Downloads/_WeedyRice/WeedyRice-RGBMS-DB/Multispectral/DJI_DateTime_2024_06_04_11_11_0133_lat_10.3003019_lon_105.2717128_alt_20.136m_NIR.TIF"", ""/home/hyggestuen/Downloads/_WeedyRice/WeedyRice-RGBMS-DB/Multispectral/DJI_DateTime_2024_06_04_11_11_0133_lat_10.3003019_lon_105.2717128_alt_20.136m_R.TIF"", ""/home/hyggestuen/Downloads/_WeedyRice/WeedyRice-RGBMS-DB/Multispectral/DJI_DateTime_2024_06_04_11_11_0133_lat_10.3003019_lon_105.2717128_alt_20.136m_RE.TIF""]",/home/hyggestuen/Downloads/_WeedyRice/WeedyRice-RGBMS-DB/Masks/DJI_DateTime_2024_06_04_11_11_0133_lat_10.3003019_lon_105.2717128_alt_20.136m.png,2024_06_04_11,train
DJI_DateTime_2024_06_04_11_11_0134_lat_10.3003219_lon_105.2716677_alt_20.182m,/home/hyggestuen/Downloads/_WeedyRice/WeedyRice-RGBMS-DB/RGB/DJI_DateTime_2024_06_04_11_11_0134_lat_10.3003219_lon_105.2716677_alt_20.182m.JPG,,"[""/home/hyggestuen/Downloads/_WeedyRice/WeedyRice-RGBMS-DB/Multispectral/DJI_DateTime_2024_06_04_11_11_0134_lat_10.3003219_lon_105.2716677_alt_20.182m_G.TIF"", ""/home/hyggestuen/Downloads/_WeedyRice/WeedyRice-RGBMS-DB/Multispectral/DJI_DateTime_2024_06_04_11_11_0134_lat_10.3003219_lon_105.2716677_alt_20.182m_NIR.TIF"", ""/home/hyggestuen/Downloads/_WeedyRice/WeedyRice-RGBMS-DB/Multispectral/DJI_DateTime_2024_06_04_11_11_0134_lat_10.3003219_lon_105.2716677_alt_20.182m_R.TIF"", ""/home/hyggestuen/Downloads/_WeedyRice/WeedyRice-RGBMS-DB/Multispectral/DJI_DateTime_2024_06_04_11_11_0134_lat_10.3003219_lon_105.2716677_alt_20.182m_RE.TIF""]",/home/hyggestuen/Downloads/_WeedyRice/WeedyRice-RGBMS-DB/Masks/DJI_DateTime_2024_06_04_11_11_0134_lat_10.3003219_lon_105.2716677_alt_20.182m.png,2024_06_04_11,train
DJI_DateTime_2024_06_04_11_11_0135_lat_10.3003416_lon_105.2716226_alt_20.146m,/home/hyggestuen/Downloads/_WeedyRice/WeedyRice-RGBMS-DB/RGB/DJI_DateTime_2024_06_04_11_11_0135_lat_10.3003416_lon_105.2716226_alt_20.146m.JPG,,"[""/home/hyggestuen/Downloads/_WeedyRice/WeedyRice-RGBMS-DB/Multispectral/DJI_DateTime_2024_06_04_11_11_0135_lat_10.3003416_lon_105.2716226_alt_20.146m_G.TIF"", ""/home/hyggestuen/Downloads/_WeedyRice/WeedyRice-RGBMS-DB/Multispectral/DJI_DateTime_2024_06_04_11_11_0135_lat_10.3003416_lon_105.2716226_alt_20.146m_NIR.TIF"", ""/home/hyggestuen/Downloads/_WeedyRice/WeedyRice-RGBMS-DB/Multispectral/DJI_DateTime_2024_06_04_11_11_0135_lat_10.3003416_lon_105.2716226_alt_20.146m_R.TIF"", ""/home/hyggestuen/Downloads/_WeedyRice/WeedyRice-RGBMS-DB/Multispectral/DJI_DateTime_2024_06_04_11_11_0135_lat_10.3003416_lon_105.2716226_alt_20.146m_RE.TIF""]",/home/hyggestuen/Downloads/_WeedyRice/WeedyRice-RGBMS-DB/Masks/DJI_DateTime_2024_06_04_11_11_0135_lat_10.3003416_lon_105.2716226_alt_20.146m.png,2024_06_04_11,train
DJI_DateTime_2024_06_04_11_11_0136_lat_10.3003615_lon_105.2715774_alt_20.167m,/home/hyggestuen/Downloads/_WeedyRice/WeedyRice-RGBMS-DB/RGB/DJI_DateTime_2024_06_04_11_11_0136_lat_10.3003615_lon_105.2715774_alt_20.167m.JPG,,"[""/home/hyggestuen/Downloads/_WeedyRice/WeedyRice-RGBMS-DB/Multispectral/DJI_DateTime_2024_06_04_11_11_0136_lat_10.3003615_lon_105.2715774_alt_20.167m_G.TIF"", ""/home/hyggestuen/Downloads/_WeedyRice/WeedyRice-RGBMS-DB/Multispectral/DJI_DateTime_2024_06_04_11_11_0136_lat_10.3003615_lon_105.2715774_alt_20.167m_NIR.TIF"", ""/home/hyggestuen/Downloads/_WeedyRice/WeedyRice-RGBMS-DB/Multispectral/DJI_DateTime_2024_06_04_11_11_0136_lat_10.3003615_lon_105.2715774_alt_20.167m_R.TIF"", ""/home/hyggestuen/Downloads/_WeedyRice/WeedyRice-RGBMS-DB/Multispectral/DJI_DateTime_2024_06_04_11_11_0136_lat_10.3003615_lon_105.2715774_alt_20.167m_RE.TIF""]",/home/hyggestuen/Downloads/_WeedyRice/WeedyRice-RGBMS-DB/Masks/DJI_DateTime_2024_06_04_11_11_0136_lat_10.3003615_lon_105.2715774_alt_20.167m.png,2024_06_04_11,train
DJI_DateTime_2024_06_04_11_11_0137_lat_10.3003819_lon_105.2715323_alt_20.154m,/home/hyggestuen/Downloads/_WeedyRice/WeedyRice-RGBMS-DB/RGB/DJI_DateTime_2024_06_04_11_11_0137_lat_10.3003819_lon_105.2715323_alt_20.154m.JPG,,"[""/home/hyggestuen/Downloads/_WeedyRice/WeedyRice-RGBMS-DB/Multispectral/DJI_DateTime_2024_06_04_11_11_0137_lat_10.3003819_lon_105.2715323_alt_20.154m_G.TIF"", ""/home/hyggestuen/Downloads/_WeedyRice/WeedyRice-RGBMS-DB/Multispectral/DJI_DateTime_2024_06_04_11_11_0137_lat_10.3003819_lon_105.2715323_alt_20.154m_NIR.TIF"", ""/home/hyggestuen/Downloads/_WeedyRice/WeedyRice-RGBMS-DB/Multispectral/DJI_DateTime_2024_06_04_11_11_0137_lat_10.3003819_lon_105.2715323_alt_20.154m_R.TIF"", ""/home/hyggestuen/Downloads/_WeedyRice/WeedyRice-RGBMS-DB/Multispectral/DJI_DateTime_2024_06_04_11_11_0137_lat_10.3003819_lon_105.2715323_alt_20.154m_RE.TIF""]",/home/hyggestuen/Downloads/_WeedyRice/WeedyRice-RGBMS-DB/Masks/DJI_DateTime_2024_06_04_11_11_0137_lat_10.3003819_lon_105.2715323_alt_20.154m.png,2024_06_04_11,train
DJI_DateTime_2024_06_04_11_11_0138_lat_10.3004013_lon_105.2714867_alt_20.183m,/home/hyggestuen/Downloads/_WeedyRice/WeedyRice-RGBMS-DB/RGB/DJI_DateTime_2024_06_04_11_11_0138_lat_10.3004013_lon_105.2714867_alt_20.183m.JPG,,"[""/home/hyggestuen/Downloads/_WeedyRice/WeedyRice-RGBMS-DB/Multispectral/DJI_DateTime_2024_06_04_11_11_0138_lat_10.3004013_lon_105.2714867_alt_20.183m_G.TIF"", ""/home/hyggestuen/Downloads/_WeedyRice/WeedyRice-RGBMS-DB/Multispectral/DJI_DateTime_2024_06_04_11_11_0138_lat_10.3004013_lon_105.2714867_alt_20.183m_NIR.TIF"", ""/home/hyggestuen/Downloads/_WeedyRice/WeedyRice-RGBMS-DB/Multispectral/DJI_DateTime_2024_06_04_11_11_0138_lat_10.3004013_lon_105.2714867_alt_20.183m_R.TIF"", ""/home/hyggestuen/Downloads/_WeedyRice/WeedyRice-RGBMS-DB/Multispectral/DJI_DateTime_2024_06_04_11_11_0138_lat_10.3004013_lon_105.2714867_alt_20.183m_RE.TIF""]",/home/hyggestuen/Downloads/_WeedyRice/WeedyRice-RGBMS-DB/Masks/DJI_DateTime_2024_06_04_11_11_0138_lat_10.3004013_lon_105.2714867_alt_20.183m.png,2024_06_04_11,train
DJI_DateTime_2024_06_04_11_11_0139_lat_10.3004209_lon_105.2714416_alt_20.183m,/home/hyggestuen/Downloads/_WeedyRice/WeedyRice-RGBMS-DB/RGB/DJI_DateTime_2024_06_04_11_11_0139_lat_10.3004209_lon_105.2714416_alt_20.183m.JPG,,"[""/home/hyggestuen/Downloads/_WeedyRice/WeedyRice-RGBMS-DB/Multispectral/DJI_DateTime_2024_06_04_11_11_0139_lat_10.3004209_lon_105.2714416_alt_20.183m_G.TIF"", ""/home/hyggestuen/Downloads/_WeedyRice/WeedyRice-RGBMS-DB/Multispectral/DJI_DateTime_2024_06_04_11_11_0139_lat_10.3004209_lon_105.2714416_alt_20.183m_NIR.TIF"", ""/home/hyggestuen/Downloads/_WeedyRice/WeedyRice-RGBMS-DB/Multispectral/DJI_DateTime_2024_06_04_11_11_0139_lat_10.3004209_lon_105.2714416_alt_20.183m_R.TIF"", ""/home/hyggestuen/Downloads/_WeedyRice/WeedyRice-RGBMS-DB/Multispectral/DJI_DateTime_2024_06_04_11_11_0139_lat_10.3004209_lon_105.2714416_alt_20.183m_RE.TIF""]",/home/hyggestuen/Downloads/_WeedyRice/WeedyRice-RGBMS-DB/Masks/DJI_DateTime_2024_06_04_11_11_0139_lat_10.3004209_lon_105.2714416_alt_20.183m.png,2024_06_04_11,train
DJI_DateTime_2024_06_04_11_11_0140_lat_10.3004410_lon_105.2713961_alt_20.195m,/home/hyggestuen/Downloads/_WeedyRice/WeedyRice-RGBMS-DB/RGB/DJI_DateTime_2024_06_04_11_11_0140_lat_10.3004410_lon_105.2713961_alt_20.195m.JPG,,"[""/home/hyggestuen/Downloads/_WeedyRice/WeedyRice-RGBMS-DB/Multispectral/DJI_DateTime_2024_06_04_11_11_0140_lat_10.3004410_lon_105.2713961_alt_20.195m_G.TIF"", ""/home/hyggestuen/Downloads/_WeedyRice/WeedyRice-RGBMS-DB/Multispectral/DJI_DateTime_2024_06_04_11_11_0140_lat_10.3004410_lon_105.2713961_alt_20.195m_NIR.TIF"", ""/home/hyggestuen/Downloads/_WeedyRice/WeedyRice-RGBMS-DB/Multispectral/DJI_DateTime_2024_06_04_11_11_0140_lat_10.3004410_lon_105.2713961_alt_20.195m_R.TIF"", ""/home/hyggestuen/Downloads/_WeedyRice/WeedyRice-RGBMS-DB/Multispectral/DJI_DateTime_2024_06_04_11_11_0140_lat_10.3004410_lon_105.2713961_alt_20.195m_RE.TIF""]",/home/hyggestuen/Downloads/_WeedyRice/WeedyRice-RGBMS-DB/Masks/DJI_DateTime_2024_06_04_11_11_0140_lat_10.3004410_lon_105.2713961_alt_20.195m.png,2024_06_04_11,train
DJI_DateTime_2024_06_04_11_11_0141_lat_10.3004610_lon_105.2713509_alt_20.192m,/home/hyggestuen/Downloads/_WeedyRice/WeedyRice-RGBMS-DB/RGB/DJI_DateTime_2024_06_04_11_11_0141_lat_10.3004610_lon_105.2713509_alt_20.192m.JPG,,"[""/home/hyggestuen/Downloads/_WeedyRice/WeedyRice-RGBMS-DB/Multispectral/DJI_DateTime_2024_06_04_11_11_0141_lat_10.3004610_lon_105.2713509_alt_20.192m_G.TIF"", ""/home/hyggestuen/Downloads/_WeedyRice/WeedyRice-RGBMS-DB/Multispectral/DJI_DateTime_2024_06_04_11_11_0141_lat_10.3004610_lon_105.2713509_alt_20.192m_NIR.TIF"", ""/home/hyggestuen/Downloads/_WeedyRice/WeedyRice-RGBMS-DB/Multispectral/DJI_DateTime_2024_06_04_11_11_0141_lat_10.3004610_lon_105.2713509_alt_20.192m_R.TIF"", ""/home/hyggestuen/Downloads/_WeedyRice/WeedyRice-RGBMS-DB/Multispectral/DJI_DateTime_2024_06_04_11_11_0141_lat_10.3004610_lon_105.2713509_alt_20.192m_RE.TIF""]",/home/hyggestuen/Downloads/_WeedyRice/WeedyRice-RGBMS-DB/Masks/DJI_DateTime_2024_06_04_11_11_0141_lat_10.3004610_lon_105.2713509_alt_20.192m.png,2024_06_04_11,train
DJI_DateTime_2024_06_04_11_11_0142_lat_10.3004808_lon_105.2713056_alt_20.200m,/home/hyggestuen/Downloads/_WeedyRice/WeedyRice-RGBMS-DB/RGB/DJI_DateTime_2024_06_04_11_11_0142_lat_10.3004808_lon_105.2713056_alt_20.200m.JPG,,"[""/home/hyggestuen/Downloads/_WeedyRice/WeedyRice-RGBMS-DB/Multispectral/DJI_DateTime_2024_06_04_11_11_0142_lat_10.3004808_lon_105.2713056_alt_20.200m_G.TIF"", ""/home/hyggestuen/Downloads/_WeedyRice/WeedyRice-RGBMS-DB/Multispectral/DJI_DateTime_2024_06_04_11_11_0142_lat_10.3004808_lon_105.2713056_alt_20.200m_NIR.TIF"", ""/home/hyggestuen/Downloads/_WeedyRice/WeedyRice-RGBMS-DB/Multispectral/DJI_DateTime_2024_06_04_11_11_0142_lat_10.3004808_lon_105.2713056_alt_20.200m_R.TIF"", ""/home/hyggestuen/Downloads/_WeedyRice/WeedyRice-RGBMS-DB/Multispectral/DJI_DateTime_2024_06_04_11_11_0142_lat_10.3004808_lon_105.2713056_alt_20.200m_RE.TIF""]",/home/hyggestuen/Downloads/_WeedyRice/WeedyRice-RGBMS-DB/Masks/DJI_DateTime_2024_06_04_11_11_0142_lat_10.3004808_lon_105.2713056_alt_20.200m.png,2024_06_04_11,train
DJI_DateTime_2024_06_04_11_11_0143_lat_10.3005004_lon_105.2712606_alt_20.197m,/home/hyggestuen/Downloads/_WeedyRice/WeedyRice-RGBMS-DB/RGB/DJI_DateTime_2024_06_04_11_11_0143_lat_10.3005004_lon_105.2712606_alt_20.197m.JPG,,"[""/home/hyggestuen/Downloads/_WeedyRice/WeedyRice-RGBMS-DB/Multispectral/DJI_DateTime_2024_06_04_11_11_0143_lat_10.3005004_lon_105.2712606_alt_20.197m_G.TIF"", ""/home/hyggestuen/Downloads/_WeedyRice/WeedyRice-RGBMS-DB/Multispectral/DJI_DateTime_2024_06_04_11_11_0143_lat_10.3005004_lon_105.2712606_alt_20.197m_NIR.TIF"", ""/home/hyggestuen/Downloads/_WeedyRice/WeedyRice-RGBMS-DB/Multispectral/DJI_DateTime_2024_06_04_11_11_0143_lat_10.3005004_lon_105.2712606_alt_20.197m_R.TIF"", ""/home/hyggestuen/Downloads/_WeedyRice/WeedyRice-RGBMS-DB/Multispectral/DJI_DateTime_2024_06_04_11_11_0143_lat_10.3005004_lon_105.2712606_alt_20.197m_RE.TIF""]",/home/hyggestuen/Downloads/_WeedyRice/WeedyRice-RGBMS-DB/Masks/DJI_DateTime_2024_06_04_11_11_0143_lat_10.3005004_lon_105.2712606_alt_20.197m.png,2024_06_04_11,train
DJI_DateTime_2024_06_04_11_12_0151_lat_10.3006596_lon_105.2708980_alt_20.171m,/home/hyggestuen/Downloads/_WeedyRice/WeedyRice-RGBMS-DB/RGB/DJI_DateTime_2024_06_04_11_12_0151_lat_10.3006596_lon_105.2708980_alt_20.171m.JPG,,"[""/home/hyggestuen/Downloads/_WeedyRice/WeedyRice-RGBMS-DB/Multispectral/DJI_DateTime_2024_06_04_11_12_0151_lat_10.3006596_lon_105.2708980_alt_20.171m_G.TIF"", ""/home/hyggestuen/Downloads/_WeedyRice/WeedyRice-RGBMS-DB/Multispectral/DJI_DateTime_2024_06_04_11_12_0151_lat_10.3006596_lon_105.2708980_alt_20.171m_NIR.TIF"", ""/home/hyggestuen/Downloads/_WeedyRice/WeedyRice-RGBMS-DB/Multispectral/DJI_DateTime_2024_06_04_11_12_0151_lat_10.3006596_lon_105.2708980_alt_20.171m_R.TIF"", ""/home/hyggestuen/Downloads/_WeedyRice/WeedyRice-RGBMS-DB/Multispectral/DJI_DateTime_2024_06_04_11_12_0151_lat_10.3006596_lon_105.2708980_alt_20.171m_RE.TIF""]",/home/hyggestuen/Downloads/_WeedyRice/WeedyRice-RGBMS-DB/Masks/DJI_DateTime_2024_06_04_11_12_0151_lat_10.3006596_lon_105.2708980_alt_20.171m.png,2024_06_04_11,train
DJI_DateTime_2024_06_04_11_12_0152_lat_10.3006732_lon_105.2708531_alt_20.180m,/home/hyggestuen/Downloads/_WeedyRice/WeedyRice-RGBMS-DB/RGB/DJI_DateTime_2024_06_04_11_12_0152_lat_10.3006732_lon_105.2708531_alt_20.180m.JPG,,"[""/home/hyggestuen/Downloads/_WeedyRice/WeedyRice-RGBMS-DB/Multispectral/DJI_DateTime_2024_06_04_11_12_0152_lat_10.3006732_lon_105.2708531_alt_20.180m_G.TIF"", ""/home/hyggestuen/Downloads/_WeedyRice/WeedyRice-RGBMS-DB/Multispectral/DJI_DateTime_2024_06_04_11_12_0152_lat_10.3006732_lon_105.2708531_alt_20.180m_NIR.TIF"", ""/home/hyggestuen/Downloads/_WeedyRice/WeedyRice-RGBMS-DB/Multispectral/DJI_DateTime_2024_06_04_11_12_0152_lat_10.3006732_lon_105.2708531_alt_20.180m_R.TIF"", ""/home/hyggestuen/Downloads/_WeedyRice/WeedyRice-RGBMS-DB/Multispectral/DJI_DateTime_2024_06_04_11_12_0152_lat_10.3006732_lon_105.2708531_alt_20.180m_RE.TIF""]",/home/hyggestuen/Downloads/_WeedyRice/WeedyRice-RGBMS-DB/Masks/DJI_DateTime_2024_06_04_11_12_0152_lat_10.3006732_lon_105.2708531_alt_20.180m.png,2024_06_04_11,train
DJI_DateTime_2024_06_04_11_12_0162_lat_10.3004465_lon_105.2712200_alt_20.286m,/home/hyggestuen/Downloads/_WeedyRice/WeedyRice-RGBMS-DB/RGB/DJI_DateTime_2024_06_04_11_12_0162_lat_10.3004465_lon_105.2712200_alt_20.286m.JPG,,"[""/home/hyggestuen/Downloads/_WeedyRice/WeedyRice-RGBMS-DB/Multispectral/DJI_DateTime_2024_06_04_11_12_0162_lat_10.3004465_lon_105.2712200_alt_20.286m_G.TIF"", ""/home/hyggestuen/Downloads/_WeedyRice/WeedyRice-RGBMS-DB/Multispectral/DJI_DateTime_2024_06_04_11_12_0162_lat_10.3004465_lon_105.2712200_alt_20.286m_NIR.TIF"", ""/home/hyggestuen/Downloads/_WeedyRice/WeedyRice-RGBMS-DB/Multispectral/DJI_DateTime_2024_06_04_11_12_0162_lat_10.3004465_lon_105.2712200_alt_20.286m_R.TIF"", ""/home/hyggestuen/Downloads/_WeedyRice/WeedyRice-RGBMS-DB/Multispectral/DJI_DateTime_2024_06_04_11_12_0162_lat_10.3004465_lon_105.2712200_alt_20.286m_RE.TIF""]",/home/hyggestuen/Downloads/_WeedyRice/WeedyRice-RGBMS-DB/Masks/DJI_DateTime_2024_06_04_11_12_0162_lat_10.3004465_lon_105.2712200_alt_20.286m.png,2024_06_04_11,train
DJI_DateTime_2024_06_04_11_12_0163_lat_10.3004266_lon_105.2712654_alt_20.231m,/home/hyggestuen/Downloads/_WeedyRice/WeedyRice-RGBMS-DB/RGB/DJI_DateTime_2024_06_04_11_12_0163_lat_10.3004266_lon_105.2712654_alt_20.231m.JPG,,"[""/home/hyggestuen/Downloads/_WeedyRice/WeedyRice-RGBMS-DB/Multispectral/DJI_DateTime_2024_06_04_11_12_0163_lat_10.3004266_lon_105.2712654_alt_20.231m_G.TIF"", ""/home/hyggestuen/Downloads/_WeedyRice/WeedyRice-RGBMS-DB/Multispectral/DJI_DateTime_2024_06_04_11_12_0163_lat_10.3004266_lon_105.2712654_alt_20.231m_NIR.TIF"", ""/home/hyggestuen/Downloads/_WeedyRice/WeedyRice-RGBMS-DB/Multispectral/DJI_DateTime_2024_06_04_11_12_0163_lat_10.3004266_lon_105.2712654_alt_20.231m_R.TIF"", ""/home/hyggestuen/Downloads/_WeedyRice/WeedyRice-RGBMS-DB/Multispectral/DJI_DateTime_2024_06_04_11_12_0163_lat_10.3004266_lon_105.2712654_alt_20.231m_RE.TIF""]",/home/hyggestuen/Downloads/_WeedyRice/WeedyRice-RGBMS-DB/Masks/DJI_DateTime_2024_06_04_11_12_0163_lat_10.3004266_lon_105.2712654_alt_20.231m.png,2024_06_04_11,train
DJI_DateTime_2024_06_04_11_12_0164_lat_10.3004063_lon_105.2713111_alt_20.199m,/home/hyggestuen/Downloads/_WeedyRice/WeedyRice-RGBMS-DB/RGB/DJI_DateTime_2024_06_04_11_12_0164_lat_10.3004063_lon_105.2713111_alt_20.199m.JPG,,"[""/home/hyggestuen/Downloads/_WeedyRice/WeedyRice-RGBMS-DB/Multispectral/DJI_DateTime_2024_06_04_11_12_0164_lat_10.3004063_lon_105.2713111_alt_20.199m_G.TIF"", ""/home/hyggestuen/Downloads/_WeedyRice/WeedyRice-RGBMS-DB/Multispectral/DJI_DateTime_2024_06_04_11_12_0164_lat_10.3004063_lon_105.2713111_alt_20.199m_NIR.TIF"", ""/home/hyggestuen/Downloads/_WeedyRice/WeedyRice-RGBMS-DB/Multispectral/DJI_DateTime_2024_06_04_11_12_0164_lat_10.3004063_lon_105.2713111_alt_20.199m_R.TIF"", ""/home/hyggestuen/Downloads/_WeedyRice/WeedyRice-RGBMS-DB/Multispectral/DJI_DateTime_2024_06_04_11_12_0164_lat_10.3004063_lon_105.2713111_alt_20.199m_RE.TIF""]",/home/hyggestuen/Downloads/_WeedyRice/WeedyRice-RGBMS-DB/Masks/DJI_DateTime_2024_06_04_11_12_0164_lat_10.3004063_lon_105.2713111_alt_20.199m.png,2024_06_04_11,train
DJI_DateTime_2024_06_04_11_12_0165_lat_10.3003867_lon_105.2713556_alt_20.207m,/home/hyggestuen/Downloads/_WeedyRice/WeedyRice-RGBMS-DB/RGB/DJI_DateTime_2024_06_04_11_12_0165_lat_10.3003867_lon_105.2713556_alt_20.207m.JPG,,"[""/home/hyggestuen/Downloads/_WeedyRice/WeedyRice-RGBMS-DB/Multispectral/DJI_DateTime_2024_06_04_11_12_0165_lat_10.3003867_lon_105.2713556_alt_20.207m_G.TIF"", ""/home/hyggestuen/Downloads/_WeedyRice/WeedyRice-RGBMS-DB/Multispectral/DJI_DateTime_2024_06_04_11_12_0165_lat_10.3003867_lon_105.2713556_alt_20.207m_NIR.TIF"", ""/home/hyggestuen/Downloads/_WeedyRice/WeedyRice-RGBMS-DB/Multispectral/DJI_DateTime_2024_06_04_11_12_0165_lat_10.3003867_lon_105.2713556_alt_20.207m_R.TIF"", ""/home/hyggestuen/Downloads/_WeedyRice/WeedyRice-RGBMS-DB/Multispectral/DJI_DateTime_2024_06_04_11_12_0165_lat_10.3003867_lon_105.2713556_alt_20.207m_RE.TIF""]",/home/hyggestuen/Downloads/_WeedyRice/WeedyRice-RGBMS-DB/Masks/DJI_DateTime_2024_06_04_11_12_0165_lat_10.3003867_lon_105.2713556_alt_20.207m.png,2024_06_04_11,train
DJI_DateTime_2024_06_04_11_12_0166_lat_10.3003669_lon_105.2714021_alt_20.204m,/home/hyggestuen/Downloads/_WeedyRice/WeedyRice-RGBMS-DB/RGB/DJI_DateTime_2024_06_04_11_12_0166_lat_10.3003669_lon_105.2714021_alt_20.204m.JPG,,"[""/home/hyggestuen/Downloads/_WeedyRice/WeedyRice-RGBMS-DB/Multispectral/DJI_DateTime_2024_06_04_11_12_0166_lat_10.3003669_lon_105.2714021_alt_20.204m_G.TIF"", ""/home/hyggestuen/Downloads/_WeedyRice/WeedyRice-RGBMS-DB/Multispectral/DJI_DateTime_2024_06_04_11_12_0166_lat_10.3003669_lon_105.2714021_alt_20.204m_NIR.TIF"", ""/home/hyggestuen/Downloads/_WeedyRice/WeedyRice-RGBMS-DB/Multispectral/DJI_DateTime_2024_06_04_11_12_0166_lat_10.3003669_lon_105.2714021_alt_20.204m_R.TIF"", ""/home/hyggestuen/Downloads/_WeedyRice/WeedyRice-RGBMS-DB/Multispectral/DJI_DateTime_2024_06_04_11_12_0166_lat_10.3003669_lon_105.2714021_alt_20.204m_RE.TIF""]",/home/hyggestuen/Downloads/_WeedyRice/WeedyRice-RGBMS-DB/Masks/DJI_DateTime_2024_06_04_11_12_0166_lat_10.3003669_lon_105.2714021_alt_20.204m.png,2024_06_04_11,train
DJI_DateTime_2024_06_04_11_12_0167_lat_10.3003475_lon_105.2714474_alt_20.206m,/home/hyggestuen/Downloads/_WeedyRice/WeedyRice-RGBMS-DB/RGB/DJI_DateTime_2024_06_04_11_12_0167_lat_10.3003475_lon_105.2714474_alt_20.206m.JPG,,"[""/home/hyggestuen/Downloads/_WeedyRice/WeedyRice-RGBMS-DB/Multispectral/DJI_DateTime_2024_06_04_11_12_0167_lat_10.3003475_lon_105.2714474_alt_20.206m_G.TIF"", ""/home/hyggestuen/Downloads/_WeedyRice/WeedyRice-RGBMS-DB/Multispectral/DJI_DateTime_2024_06_04_11_12_0167_lat_10.3003475_lon_105.2714474_alt_20.206m_NIR.TIF"", ""/home/hyggestuen/Downloads/_WeedyRice/WeedyRice-RGBMS-DB/Multispectral/DJI_DateTime_2024_06_04_11_12_0167_lat_10.3003475_lon_105.2714474_alt_20.206m_R.TIF"", ""/home/hyggestuen/Downloads/_WeedyRice/WeedyRice-RGBMS-DB/Multispectral/DJI_DateTime_2024_06_04_11_12_0167_lat_10.3003475_lon_105.2714474_alt_20.206m_RE.TIF""]",/home/hyggestuen/Downloads/_WeedyRice/WeedyRice-RGBMS-DB/Masks/DJI_DateTime_2024_06_04_11_12_0167_lat_10.3003475_lon_105.2714474_alt_20.206m.png,2024_06_04_11,train
DJI_DateTime_2024_06_04_11_12_0168_lat_10.3003279_lon_105.2714922_alt_20.195m,/home/hyggestuen/Downloads/_WeedyRice/WeedyRice-RGBMS-DB/RGB/DJI_DateTime_2024_06_04_11_12_0168_lat_10.3003279_lon_105.2714922_alt_20.195m.JPG,,"[""/home/hyggestuen/Downloads/_WeedyRice/WeedyRice-RGBMS-DB/Multispectral/DJI_DateTime_2024_06_04_11_12_0168_lat_10.3003279_lon_105.2714922_alt_20.195m_G.TIF"", ""/home/hyggestuen/Downloads/_WeedyRice/WeedyRice-RGBMS-DB/Multispectral/DJI_DateTime_2024_06_04_11_12_0168_lat_10.3003279_lon_105.2714922_alt_20.195m_NIR.TIF"", ""/home/hyggestuen/Downloads/_WeedyRice/WeedyRice-RGBMS-DB/Multispectral/DJI_DateTime_2024_06_04_11_12_0168_lat_10.3003279_lon_105.2714922_alt_20.195m_R.TIF"", ""/home/hyggestuen/Downloads/_WeedyRice/WeedyRice-RGBMS-DB/Multispectral/DJI_DateTime_2024_06_04_11_12_0168_lat_10.3003279_lon_105.2714922_alt_20.195m_RE.TIF""]",/home/hyggestuen/Downloads/_WeedyRice/WeedyRice-RGBMS-DB/Masks/DJI_DateTime_2024_06_04_11_12_0168_lat_10.3003279_lon_105.2714922_alt_20.195m.png,2024_06_04_11,train
DJI_DateTime_2024_06_04_11_13_0169_lat_10.3003076_lon_105.2715379_alt_20.186m,/home/hyggestuen/Downloads/_WeedyRice/WeedyRice-RGBMS-DB/RGB/DJI_DateTime_2024_06_04_11_13_0169_lat_10.3003076_lon_105.2715379_alt_20.186m.JPG,,"[""/home/hyggestuen/Downloads/_WeedyRice/WeedyRice-RGBMS-DB/Multispectral/DJI_DateTime_2024_06_04_11_13_0169_lat_10.3003076_lon_105.2715379_alt_20.186m_G.TIF"", ""/home/hyggestuen/Downloads/_WeedyRice/WeedyRice-RGBMS-DB/Multispectral/DJI_DateTime_2024_06_04_11_13_0169_lat_10.3003076_lon_105.2715379_alt_20.186m_NIR.TIF"", ""/home/hyggestuen/Downloads/_WeedyRice/WeedyRice-RGBMS-DB/Multispectral/DJI_DateTime_2024_06_04_11_13_0169_lat_10.3003076_lon_105.2715379_alt_20.186m_R.TIF"", ""/home/hyggestuen/Downloads/_WeedyRice/WeedyRice-RGBMS-DB/Multispectral/DJI_DateTime_2024_06_04_11_13_0169_lat_10.3003076_lon_105.2715379_alt_20.186m_RE.TIF""]",/home/hyggestuen/Downloads/_WeedyRice/WeedyRice-RGBMS-DB/Masks/DJI_DateTime_2024_06_04_11_13_0169_lat_10.3003076_lon_105.2715379_alt_20.186m.png,2024_06_04_11,train
DJI_DateTime_2024_06_04_11_13_0170_lat_10.3002877_lon_105.2715837_alt_20.167m,/home/hyggestuen/Downloads/_WeedyRice/WeedyRice-RGBMS-DB/RGB/DJI_DateTime_2024_06_04_11_13_0170_lat_10.3002877_lon_105.2715837_alt_20.167m.JPG,,"[""/home/hyggestuen/Downloads/_WeedyRice/WeedyRice-RGBMS-DB/Multispectral/DJI_DateTime_2024_06_04_11_13_0170_lat_10.3002877_lon_105.2715837_alt_20.167m_G.TIF"", ""/home/hyggestuen/Downloads/_WeedyRice/WeedyRice-RGBMS-DB/Multispectral/DJI_DateTime_2024_06_04_11_13_0170_lat_10.3002877_lon_105.2715837_alt_20.167m_NIR.TIF"", ""/home/hyggestuen/Downloads/_WeedyRice/WeedyRice-RGBMS-DB/Multispectral/DJI_DateTime_2024_06_04_11_13_0170_lat_10.3002877_lon_105.2715837_alt_20.167m_R.TIF"", ""/home/hyggestuen/Downloads/_WeedyRice/WeedyRice-RGBMS-DB/Multispectral/DJI_DateTime_2024_06_04_11_13_0170_lat_10.3002877_lon_105.2715837_alt_20.167m_RE.TIF""]",/home/hyggestuen/Downloads/_WeedyRice/WeedyRice-RGBMS-DB/Masks/DJI_DateTime_2024_06_04_11_13_0170_lat_10.3002877_lon_105.2715837_alt_20.167m.png,2024_06_04_11,train
DJI_DateTime_2024_06_04_11_13_0171_lat_10.3002676_lon_105.2716301_alt_20.271m,/home/hyggestuen/Downloads/_WeedyRice/WeedyRice-RGBMS-DB/RGB/DJI_DateTime_2024_06_04_11_13_0171_lat_10.3002676_lon_105.2716301_alt_20.271m.JPG,,"[""/home/hyggestuen/Downloads/_WeedyRice/WeedyRice-RGBMS-DB/Multispectral/DJI_DateTime_2024_06_04_11_13_0171_lat_10.3002676_lon_105.2716301_alt_20.271m_G.TIF"", ""/home/hyggestuen/Downloads/_WeedyRice/WeedyRice-RGBMS-DB/Multispectral/DJI_DateTime_2024_06_04_11_13_0171_lat_10.3002676_lon_105.2716301_alt_20.271m_NIR.TIF"", ""/home/hyggestuen/Downloads/_WeedyRice/WeedyRice-RGBMS-DB/Multispectral/DJI_DateTime_2024_06_04_11_13_0171_lat_10.3002676_lon_105.2716301_alt_20.271m_R.TIF"", ""/home/hyggestuen/Downloads/_WeedyRice/WeedyRice-RGBMS-DB/Multispectral/DJI_DateTime_2024_06_04_11_13_0171_lat_10.3002676_lon_105.2716301_alt_20.271m_RE.TIF""]",/home/hyggestuen/Downloads/_WeedyRice/WeedyRice-RGBMS-DB/Masks/DJI_DateTime_2024_06_04_11_13_0171_lat_10.3002676_lon_105.2716301_alt_20.271m.png,2024_06_04_11,train
DJI_DateTime_2024_06_04_11_13_0172_lat_10.3002478_lon_105.2716748_alt_20.241m,/home/hyggestuen/Downloads/_WeedyRice/WeedyRice-RGBMS-DB/RGB/DJI_DateTime_2024_06_04_11_13_0172_lat_10.3002478_lon_105.2716748_alt_20.241m.JPG,,"[""/home/hyggestuen/Downloads/_WeedyRice/WeedyRice-RGBMS-DB/Multispectral/DJI_DateTime_2024_06_04_11_13_0172_lat_10.3002478_lon_105.2716748_alt_20.241m_G.TIF"", ""/home/hyggestuen/Downloads/_WeedyRice/WeedyRice-RGBMS-DB/Multispectral/DJI_DateTime_2024_06_04_11_13_0172_lat_10.3002478_lon_105.2716748_alt_20.241m_NIR.TIF"", ""/home/hyggestuen/Downloads/_WeedyRice/WeedyRice-RGBMS-DB/Multispectral/DJI_DateTime_2024_06_04_11_13_0172_lat_10.3002478_lon_105.2716748_alt_20.241m_R.TIF"", ""/home/hyggestuen/Downloads/_WeedyRice/WeedyRice-RGBMS-DB/Multispectral/DJI_DateTime_2024_06_04_11_13_0172_lat_10.3002478_lon_105.2716748_alt_20.241m_RE.TIF""]",/home/hyggestuen/Downloads/_WeedyRice/WeedyRice-RGBMS-DB/Masks/DJI_DateTime_2024_06_04_11_13_0172_lat_10.3002478_lon_105.2716748_alt_20.241m.png,2024_06_04_11,train
DJI_DateTime_2024_06_04_11_13_0173_lat_10.3002275_lon_105.2717209_alt_20.232m,/home/hyggestuen/Downloads/_WeedyRice/WeedyRice-RGBMS-DB/RGB/DJI_DateTime_2024_06_04_11_13_0173_lat_10.3002275_lon_105.2717209_alt_20.232m.JPG,,"[""/home/hyggestuen/Downloads/_WeedyRice/WeedyRice-RGBMS-DB/Multispectral/DJI_DateTime_2024_06_04_11_13_0173_lat_10.3002275_lon_105.2717209_alt_20.232m_G.TIF"", ""/home/hyggestuen/Downloads/_WeedyRice/WeedyRice-RGBMS-DB/Multispectral/DJI_DateTime_2024_06_04_11_13_0173_lat_10.3002275_lon_105.2717209_alt_20.232m_NIR.TIF"", ""/home/hyggestuen/Downloads/_WeedyRice/WeedyRice-RGBMS-DB/Multispectral/DJI_DateTime_2024_06_04_11_13_0173_lat_10.3002275_lon_105.2717209_alt_20.232m_R.TIF"", ""/home/hyggestuen/Downloads/_WeedyRice/WeedyRice-RGBMS-DB/Multispectral/DJI_DateTime_2024_06_04_11_13_0173_lat_10.3002275_lon_105.2717209_alt_20.232m_RE.TIF""]",/home/hyggestuen/Downloads/_WeedyRice/WeedyRice-RGBMS-DB/Masks/DJI_DateTime_2024_06_04_11_13_0173_lat_10.3002275_lon_105.2717209_alt_20.232m.png,2024_06_04_11,train
DJI_DateTime_2024_06_04_11_13_0174_lat_10.3002075_lon_105.2717665_alt_20.252m,/home/hyggestuen/Downloads/_WeedyRice/WeedyRice-RGBMS-DB/RGB/DJI_DateTime_2024_06_04_11_13_0174_lat_10.3002075_lon_105.2717665_alt_20.252m.JPG,,"[""/home/hyggestuen/Downloads/_WeedyRice/WeedyRice-RGBMS-DB/Multispectral/DJI_DateTime_2024_06_04_11_13_0174_lat_10.3002075_lon_105.2717665_alt_20.252m_G.TIF"", ""/home/hyggestuen/Downloads/_WeedyRice/WeedyRice-RGBMS-DB/Multispectral/DJI_DateTime_2024_06_04_11_13_0174_lat_10.3002075_lon_105.2717665_alt_20.252m_NIR.TIF"", ""/home/hyggestuen/Downloads/_WeedyRice/WeedyRice-RGBMS-DB/Multispectral/DJI_DateTime_2024_06_04_11_13_0174_lat_10.3002075_lon_105.2717665_alt_20.252m_R.TIF"", ""/home/hyggestuen/Downloads/_WeedyRice/WeedyRice-RGBMS-DB/Multispectral/DJI_DateTime_2024_06_04_11_13_0174_lat_10.3002075_lon_105.2717665_alt_20.252m_RE.TIF""]",/home/hyggestuen/Downloads/_WeedyRice/WeedyRice-RGBMS-DB/Masks/DJI_DateTime_2024_06_04_11_13_0174_lat_10.3002075_lon_105.2717665_alt_20.252m.png,2024_06_04_11,train
DJI_DateTime_2024_06_04_11_13_0175_lat_10.3001877_lon_105.2718126_alt_20.201m,/home/hyggestuen/Downloads/_WeedyRice/WeedyRice-RGBMS-DB/RGB/DJI_DateTime_2024_06_04_11_13_0175_lat_10.3001877_lon_105.2718126_alt_20.201m.JPG,,"[""/home/hyggestuen/Downloads/_WeedyRice/WeedyRice-RGBMS-DB/Multispectral/DJI_DateTime_2024_06_04_11_13_0175_lat_10.3001877_lon_105.2718126_alt_20.201m_G.TIF"", ""/home/hyggestuen/Downloads/_WeedyRice/WeedyRice-RGBMS-DB/Multispectral/DJI_DateTime_2024_06_04_11_13_0175_lat_10.3001877_lon_105.2718126_alt_20.201m_NIR.TIF"", ""/home/hyggestuen/Downloads/_WeedyRice/WeedyRice-RGBMS-DB/Multispectral/DJI_DateTime_2024_06_04_11_13_0175_lat_10.3001877_lon_105.2718126_alt_20.201m_R.TIF"", ""/home/hyggestuen/Downloads/_WeedyRice/WeedyRice-RGBMS-DB/Multispectral/DJI_DateTime_2024_06_04_11_13_0175_lat_10.3001877_lon_105.2718126_alt_20.201m_RE.TIF""]",/home/hyggestuen/Downloads/_WeedyRice/WeedyRice-RGBMS-DB/Masks/DJI_DateTime_2024_06_04_11_13_0175_lat_10.3001877_lon_105.2718126_alt_20.201m.png,2024_06_04_11,train
DJI_DateTime_2024_06_04_11_13_0176_lat_10.3001680_lon_105.2718577_alt_20.205m,/home/hyggestuen/Downloads/_WeedyRice/WeedyRice-RGBMS-DB/RGB/DJI_DateTime_2024_06_04_11_13_0176_lat_10.3001680_lon_105.2718577_alt_20.205m.JPG,,"[""/home/hyggestuen/Downloads/_WeedyRice/WeedyRice-RGBMS-DB/Multispectral/DJI_DateTime_2024_06_04_11_13_0176_lat_10.3001680_lon_105.2718577_alt_20.205m_G.TIF"", ""/home/hyggestuen/Downloads/_WeedyRice/WeedyRice-RGBMS-DB/Multispectral/DJI_DateTime_2024_06_04_11_13_0176_lat_10.3001680_lon_105.2718577_alt_20.205m_NIR.TIF"", ""/home/hyggestuen/Downloads/_WeedyRice/WeedyRice-RGBMS-DB/Multispectral/DJI_DateTime_2024_06_04_11_13_0176_lat_10.3001680_lon_105.2718577_alt_20.205m_R.TIF"", ""/home/hyggestuen/Downloads/_WeedyRice/WeedyRice-RGBMS-DB/Multispectral/DJI_DateTime_2024_06_04_11_13_0176_lat_10.3001680_lon_105.2718577_alt_20.205m_RE.TIF""]",/home/hyggestuen/Downloads/_WeedyRice/WeedyRice-RGBMS-DB/Masks/DJI_DateTime_2024_06_04_11_13_0176_lat_10.3001680_lon_105.2718577_alt_20.205m.png,2024_06_04_11,train
DJI_DateTime_2024_06_04_11_13_0177_lat_10.3001481_lon_105.2719034_alt_20.207m,/home/hyggestuen/Downloads/_WeedyRice/WeedyRice-RGBMS-DB/RGB/DJI_DateTime_2024_06_04_11_13_0177_lat_10.3001481_lon_105.2719034_alt_20.207m.JPG,,"[""/home/hyggestuen/Downloads/_WeedyRice/WeedyRice-RGBMS-DB/Multispectral/DJI_DateTime_2024_06_04_11_13_0177_lat_10.3001481_lon_105.2719034_alt_20.207m_G.TIF"", ""/home/hyggestuen/Downloads/_WeedyRice/WeedyRice-RGBMS-DB/Multispectral/DJI_DateTime_2024_06_04_11_13_0177_lat_10.3001481_lon_105.2719034_alt_20.207m_NIR.TIF"", ""/home/hyggestuen/Downloads/_WeedyRice/WeedyRice-RGBMS-DB/Multispectral/DJI_DateTime_2024_06_04_11_13_0177_lat_10.3001481_lon_105.2719034_alt_20.207m_R.TIF"", ""/home/hyggestuen/Downloads/_WeedyRice/WeedyRice-RGBMS-DB/Multispectral/DJI_DateTime_2024_06_04_11_13_0177_lat_10.3001481_lon_105.2719034_alt_20.207m_RE.TIF""]",/home/hyggestuen/Downloads/_WeedyRice/WeedyRice-RGBMS-DB/Masks/DJI_DateTime_2024_06_04_11_13_0177_lat_10.3001481_lon_105.2719034_alt_20.207m.png,2024_06_04_11,train
DJI_DateTime_2024_06_04_11_13_0180_lat_10.3001032_lon_105.2718452_alt_20.105m,/home/hyggestuen/Downloads/_WeedyRice/WeedyRice-RGBMS-DB/RGB/DJI_DateTime_2024_06_04_11_13_0180_lat_10.3001032_lon_105.2718452_alt_20.105m.JPG,,"[""/home/hyggestuen/Downloads/_WeedyRice/WeedyRice-RGBMS-DB/Multispectral/DJI_DateTime_2024_06_04_11_13_0180_lat_10.3001032_lon_105.2718452_alt_20.105m_G.TIF"", ""/home/hyggestuen/Downloads/_WeedyRice/WeedyRice-RGBMS-DB/Multispectral/DJI_DateTime_2024_06_04_11_13_0180_lat_10.3001032_lon_105.2718452_alt_20.105m_NIR.TIF"", ""/home/hyggestuen/Downloads/_WeedyRice/WeedyRice-RGBMS-DB/Multispectral/DJI_DateTime_2024_06_04_11_13_0180_lat_10.3001032_lon_105.2718452_alt_20.105m_R.TIF"", ""/home/hyggestuen/Downloads/_WeedyRice/WeedyRice-RGBMS-DB/Multispectral/DJI_DateTime_2024_06_04_11_13_0180_lat_10.3001032_lon_105.2718452_alt_20.105m_RE.TIF""]",/home/hyggestuen/Downloads/_WeedyRice/WeedyRice-RGBMS-DB/Masks/DJI_DateTime_2024_06_04_11_13_0180_lat_10.3001032_lon_105.2718452_alt_20.105m.png,2024_06_04_11,train
DJI_DateTime_2024_06_04_11_13_0181_lat_10.3001226_lon_105.2717996_alt_20.162m,/home/hyggestuen/Downloads/_WeedyRice/WeedyRice-RGBMS-DB/RGB/DJI_DateTime_2024_06_04_11_13_0181_lat_10.3001226_lon_105.2717996_alt_20.162m.JPG,,"[""/home/hyggestuen/Downloads/_WeedyRice/WeedyRice-RGBMS-DB/Multispectral/DJI_DateTime_2024_06_04_11_13_0181_lat_10.3001226_lon_105.2717996_alt_20.162m_G.TIF"", ""/home/hyggestuen/Downloads/_WeedyRice/WeedyRice-RGBMS-DB/Multispectral/DJI_DateTime_2024_06_04_11_13_0181_lat_10.3001226_lon_105.2717996_alt_20.162m_NIR.TIF"", ""/home/hyggestuen/Downloads/_WeedyRice/WeedyRice-RGBMS-DB/Multispectral/DJI_DateTime_2024_06_04_11_13_0181_lat_10.3001226_lon_105.2717996_alt_20.162m_R.TIF"", ""/home/hyggestuen/Downloads/_WeedyRice/WeedyRice-RGBMS-DB/Multispectral/DJI_DateTime_2024_06_04_11_13_0181_lat_10.3001226_lon_105.2717996_alt_20.162m_RE.TIF""]",/home/hyggestuen/Downloads/_WeedyRice/WeedyRice-RGBMS-DB/Masks/DJI_DateTime_2024_06_04_11_13_0181_lat_10.3001226_lon_105.2717996_alt_20.162m.png,2024_06_04_11,train
DJI_DateTime_2024_06_04_11_13_0182_lat_10.3001427_lon_105.2717547_alt_20.221m,/home/hyggestuen/Downloads/_WeedyRice/WeedyRice-RGBMS-DB/RGB/DJI_DateTime_2024_06_04_11_13_0182_lat_10.3001427_lon_105.2717547_alt_20.221m.JPG,,"[""/home/hyggestuen/Downloads/_WeedyRice/WeedyRice-RGBMS-DB/Multispectral/DJI_DateTime_2024_06_04_11_13_0182_lat_10.3001427_lon_105.2717547_alt_20.221m_G.TIF"", ""/home/hyggestuen/Downloads/_WeedyRice/WeedyRice-RGBMS-DB/Multispectral/DJI_DateTime_2024_06_04_11_13_0182_lat_10.3001427_lon_105.2717547_alt_20.221m_NIR.TIF"", ""/home/hyggestuen/Downloads/_WeedyRice/WeedyRice-RGBMS-DB/Multispectral/DJI_DateTime_2024_06_04_11_13_0182_lat_10.3001427_lon_105.2717547_alt_20.221m_R.TIF"", ""/home/hyggestuen/Downloads/_WeedyRice/WeedyRice-RGBMS-DB/Multispectral/DJI_DateTime_2024_06_04_11_13_0182_lat_10.3001427_lon_105.2717547_alt_20.221m_RE.TIF""]",/home/hyggestuen/Downloads/_WeedyRice/WeedyRice-RGBMS-DB/Masks/DJI_DateTime_2024_06_04_11_13_0182_lat_10.3001427_lon_105.2717547_alt_20.221m.png,2024_06_04_11,train
DJI_DateTime_2024_06_04_11_13_0183_lat_10.3001629_lon_105.2717094_alt_20.143m,/home/hyggestuen/Downloads/_WeedyRice/WeedyRice-RGBMS-DB/RGB/DJI_DateTime_2024_06_04_11_13_0183_lat_10.3001629_lon_105.2717094_alt_20.143m.JPG,,"[""/home/hyggestuen/Downloads/_WeedyRice/WeedyRice-RGBMS-DB/Multispectral/DJI_DateTime_2024_06_04_11_13_0183_lat_10.3001629_lon_105.2717094_alt_20.143m_G.TIF"", ""/home/hyggestuen/Downloads/_WeedyRice/WeedyRice-RGBMS-DB/Multispectral/DJI_DateTime_2024_06_04_11_13_0183_lat_10.3001629_lon_105.2717094_alt_20.143m_NIR.TIF"", ""/home/hyggestuen/Downloads/_WeedyRice/WeedyRice-RGBMS-DB/Multispectral/DJI_DateTime_2024_06_04_11_13_0183_lat_10.3001629_lon_105.2717094_alt_20.143m_R.TIF"", ""/home/hyggestuen/Downloads/_WeedyRice/WeedyRice-RGBMS-DB/Multispectral/DJI_DateTime_2024_06_04_11_13_0183_lat_10.3001629_lon_105.2717094_alt_20.143m_RE.TIF""]",/home/hyggestuen/Downloads/_WeedyRice/WeedyRice-RGBMS-DB/Masks/DJI_DateTime_2024_06_04_11_13_0183_lat_10.3001629_lon_105.2717094_alt_20.143m.png,2024_06_04_11,train
DJI_DateTime_2024_06_04_11_13_0184_lat_10.3001823_lon_105.2716651_alt_20.178m,/home/hyggestuen/Downloads/_WeedyRice/WeedyRice-RGBMS-DB/RGB/DJI_DateTime_2024_06_04_11_13_0184_lat_10.3001823_lon_105.2716651_alt_20.178m.JPG,,"[""/home/hyggestuen/Downloads/_WeedyRice/WeedyRice-RGBMS-DB/Multispectral/DJI_DateTime_2024_06_04_11_13_0184_lat_10.3001823_lon_105.2716651_alt_20.178m_G.TIF"", ""/home/hyggestuen/Downloads/_WeedyRice/WeedyRice-RGBMS-DB/Multispectral/DJI_DateTime_2024_06_04_11_13_0184_lat_10.3001823_lon_105.2716651_alt_20.178m_NIR.TIF"", ""/home/hyggestuen/Downloads/_WeedyRice/WeedyRice-RGBMS-DB/Multispectral/DJI_DateTime_2024_06_04_11_13_0184_lat_10.3001823_lon_105.2716651_alt_20.178m_R.TIF"", ""/home/hyggestuen/Downloads/_WeedyRice/WeedyRice-RGBMS-DB/Multispectral/DJI_DateTime_2024_06_04_11_13_0184_lat_10.3001823_lon_105.2716651_alt_20.178m_RE.TIF""]",/home/hyggestuen/Downloads/_WeedyRice/WeedyRice-RGBMS-DB/Masks/DJI_DateTime_2024_06_04_11_13_0184_lat_10.3001823_lon_105.2716651_alt_20.178m.png,2024_06_04_11,train
DJI_DateTime_2024_06_04_11_13_0185_lat_10.3002030_lon_105.2716197_alt_20.178m,/home/hyggestuen/Downloads/_WeedyRice/WeedyRice-RGBMS-DB/RGB/DJI_DateTime_2024_06_04_11_13_0185_lat_10.3002030_lon_105.2716197_alt_20.178m.JPG,,"[""/home/hyggestuen/Downloads/_WeedyRice/WeedyRice-RGBMS-DB/Multispectral/DJI_DateTime_2024_06_04_11_13_0185_lat_10.3002030_lon_105.2716197_alt_20.178m_G.TIF"", ""/home/hyggestuen/Downloads/_WeedyRice/WeedyRice-RGBMS-DB/Multispectral/DJI_DateTime_2024_06_04_11_13_0185_lat_10.3002030_lon_105.2716197_alt_20.178m_NIR.TIF"", ""/home/hyggestuen/Downloads/_WeedyRice/WeedyRice-RGBMS-DB/Multispectral/DJI_DateTime_2024_06_04_11_13_0185_lat_10.3002030_lon_105.2716197_alt_20.178m_R.TIF"", ""/home/hyggestuen/Downloads/_WeedyRice/WeedyRice-RGBMS-DB/Multispectral/DJI_DateTime_2024_06_04_11_13_0185_lat_10.3002030_lon_105.2716197_alt_20.178m_RE.TIF""]",/home/hyggestuen/Downloads/_WeedyRice/WeedyRice-RGBMS-DB/Masks/DJI_DateTime_2024_06_04_11_13_0185_lat_10.3002030_lon_105.2716197_alt_20.178m.png,2024_06_04_11,train
DJI_DateTime_2024_06_04_11_13_0186_lat_10.3002229_lon_105.2715749_alt_20.200m,/home/hyggestuen/Downloads/_WeedyRice/WeedyRice-RGBMS-DB/RGB/DJI_DateTime_2024_06_04_11_13_0186_lat_10.3002229_lon_105.2715749_alt_20.200m.JPG,,"[""/home/hyggestuen/Downloads/_WeedyRice/WeedyRice-RGBMS-DB/Multispectral/DJI_DateTime_2024_06_04_11_13_0186_lat_10.3002229_lon_105.2715749_alt_20.200m_G.TIF"", ""/home/hyggestuen/Downloads/_WeedyRice/WeedyRice-RGBMS-DB/Multispectral/DJI_DateTime_2024_06_04_11_13_0186_lat_10.3002229_lon_105.2715749_alt_20.200m_NIR.TIF"", ""/home/hyggestuen/Downloads/_WeedyRice/WeedyRice-RGBMS-DB/Multispectral/DJI_DateTime_2024_06_04_11_13_0186_lat_10.3002229_lon_105.2715749_alt_20.200m_R.TIF"", ""/home/hyggestuen/Downloads/_WeedyRice/WeedyRice-RGBMS-DB/Multispectral/DJI_DateTime_2024_06_04_11_13_0186_lat_10.3002229_lon_105.2715749_alt_20.200m_RE.TIF""]",/home/hyggestuen/Downloads/_WeedyRice/WeedyRice-RGBMS-DB/Masks/DJI_DateTime_2024_06_04_11_13_0186_lat_10.3002229_lon_105.2715749_alt_20.200m.png,2024_06_04_11,train
DJI_DateTime_2024_06_04_11_14_0187_lat_10.3002434_lon_105.2715297_alt_20.192m,/home/hyggestuen/Downloads/_WeedyRice/WeedyRice-RGBMS-DB/RGB/DJI_DateTime_2024_06_04_11_14_0187_lat_10.3002434_lon_105.2715297_alt_20.192m.JPG,,"[""/home/hyggestuen/Downloads/_WeedyRice/WeedyRice-RGBMS-DB/Multispectral/DJI_DateTime_2024_06_04_11_14_0187_lat_10.3002434_lon_105.2715297_alt_20.192m_G.TIF"", ""/home/hyggestuen/Downloads/_WeedyRice/WeedyRice-RGBMS-DB/Multispectral/DJI_DateTime_2024_06_04_11_14_0187_lat_10.3002434_lon_105.2715297_alt_20.192m_NIR.TIF"", ""/home/hyggestuen/Downloads/_WeedyRice/WeedyRice-RGBMS-DB/Multispectral/DJI_DateTime_2024_06_04_11_14_0187_lat_10.3002434_lon_105.2715297_alt_20.192m_R.TIF"", ""/home/hyggestuen/Downloads/_WeedyRice/WeedyRice-RGBMS-DB/Multispectral/DJI_DateTime_2024_06_04_11_14_0187_lat_10.3002434_lon_105.2715297_alt_20.192m_RE.TIF""]",/home/hyggestuen/Downloads/_WeedyRice/WeedyRice-RGBMS-DB/Masks/DJI_DateTime_2024_06_04_11_14_0187_lat_10.3002434_lon_105.2715297_alt_20.192m.png,2024_06_04_11,train
DJI_DateTime_2024_06_04_11_14_0188_lat_10.3002636_lon_105.2714844_alt_20.210m,/home/hyggestuen/Downloads/_WeedyRice/WeedyRice-RGBMS-DB/RGB/DJI_DateTime_2024_06_04_11_14_0188_lat_10.3002636_lon_105.2714844_alt_20.210m.JPG,,"[""/home/hyggestuen/Downloads/_WeedyRice/WeedyRice-RGBMS-DB/Multispectral/DJI_DateTime_2024_06_04_11_14_0188_lat_10.3002636_lon_105.2714844_alt_20.210m_G.TIF"", ""/home/hyggestuen/Downloads/_WeedyRice/WeedyRice-RGBMS-DB/Multispectral/DJI_DateTime_2024_06_04_11_14_0188_lat_10.3002636_lon_105.2714844_alt_20.210m_NIR.TIF"", ""/home/hyggestuen/Downloads/_WeedyRice/WeedyRice-RGBMS-DB/Multispectral/DJI_DateTime_2024_06_04_11_14_0188_lat_10.3002636_lon_105.2714844_alt_20.210m_R.TIF"", ""/home/hyggestuen/Downloads/_WeedyRice/WeedyRice-RGBMS-DB/Multispectral/DJI_DateTime_2024_06_04_11_14_0188_lat_10.3002636_lon_105.2714844_alt_20.210m_RE.TIF""]",/home/hyggestuen/Downloads/_WeedyRice/WeedyRice-RGBMS-DB/Masks/DJI_DateTime_2024_06_04_11_14_0188_lat_10.3002636_lon_105.2714844_alt_20.210m.png,2024_06_04_11,train
DJI_DateTime_2024_06_04_11_14_0189_lat_10.3002840_lon_105.2714384_alt_20.212m,/home/hyggestuen/Downloads/_WeedyRice/WeedyRice-RGBMS-DB/RGB/DJI_DateTime_2024_06_04_11_14_0189_lat_10.3002840_lon_105.2714384_alt_20.212m.JPG,,"[""/home/hyggestuen/Downloads/_WeedyRice/WeedyRice-RGBMS-DB/Multispectral/DJI_DateTime_2024_06_04_11_14_0189_lat_10.3002840_lon_105.2714384_alt_20.212m_G.TIF"", ""/home/hyggestuen/Downloads/_WeedyRice/WeedyRice-RGBMS-DB/Multispectral/DJI_DateTime_2024_06_04_11_14_0189_lat_10.3002840_lon_105.2714384_alt_20.212m_NIR.TIF"", ""/home/hyggestuen/Downloads/_WeedyRice/WeedyRice-RGBMS-DB/Multispectral/DJI_DateTime_2024_06_04_11_14_0189_lat_10.3002840_lon_105.2714384_alt_20.212m_R.TIF"", ""/home/hyggestuen/Downloads/_WeedyRice/WeedyRice-RGBMS-DB/Multispectral/DJI_DateTime_2024_06_04_11_14_0189_lat_10.3002840_lon_105.2714384_alt_20.212m_RE.TIF""]",/home/hyggestuen/Downloads/_WeedyRice/WeedyRice-RGBMS-DB/Masks/DJI_DateTime_2024_06_04_11_14_0189_lat_10.3002840_lon_105.2714384_alt_20.212m.png,2024_06_04_11,train
DJI_DateTime_2024_06_04_11_14_0190_lat_10.3003038_lon_105.2713931_alt_20.167m,/home/hyggestuen/Downloads/_WeedyRice/WeedyRice-RGBMS-DB/RGB/DJI_DateTime_2024_06_04_11_14_0190_lat_10.3003038_lon_105.2713931_alt_20.167m.JPG,,"[""/home/hyggestuen/Downloads/_WeedyRice/WeedyRice-RGBMS-DB/Multispectral/DJI_DateTime_2024_06_04_11_14_0190_lat_10.3003038_lon_105.2713931_alt_20.167m_G.TIF"", ""/home/hyggestuen/Downloads/_WeedyRice/WeedyRice-RGBMS-DB/Multispectral/DJI_DateTime_2024_06_04_11_14_0190_lat_10.3003038_lon_105.2713931_alt_20.167m_NIR.TIF"", ""/home/hyggestuen/Downloads/_WeedyRice/WeedyRice-RGBMS-DB/Multispectral/DJI_DateTime_2024_06_04_11_14_0190_lat_10.3003038_lon_105.2713931_alt_20.167m_R.TIF"", ""/home/hyggestuen/Downloads/_WeedyRice/WeedyRice-RGBMS-DB/Multispectral/DJI_DateTime_2024_06_04_11_14_0190_lat_10.3003038_lon_105.2713931_alt_20.167m_RE.TIF""]",/home/hyggestuen/Downloads/_WeedyRice/WeedyRice-RGBMS-DB/Masks/DJI_DateTime_2024_06_04_11_14_0190_lat_10.3003038_lon_105.2713931_alt_20.167m.png,2024_06_04_11,train
DJI_DateTime_2024_06_04_11_14_0191_lat_10.3003238_lon_105.2713480_alt_20.206m,/home/hyggestuen/Downloads/_WeedyRice/WeedyRice-RGBMS-DB/RGB/DJI_DateTime_2024_06_04_11_14_0191_lat_10.3003238_lon_105.2713480_alt_20.206m.JPG,,"[""/home/hyggestuen/Downloads/_WeedyRice/WeedyRice-RGBMS-DB/Multispectral/DJI_DateTime_2024_06_04_11_14_0191_lat_10.3003238_lon_105.2713480_alt_20.206m_G.TIF"", ""/home/hyggestuen/Downloads/_WeedyRice/WeedyRice-RGBMS-DB/Multispectral/DJI_DateTime_2024_06_04_11_14_0191_lat_10.3003238_lon_105.2713480_alt_20.206m_NIR.TIF"", ""/home/hyggestuen/Downloads/_WeedyRice/WeedyRice-RGBMS-DB/Multispectral/DJI_DateTime_2024_06_04_11_14_0191_lat_10.3003238_lon_105.2713480_alt_20.206m_R.TIF"", ""/home/hyggestuen/Downloads/_WeedyRice/WeedyRice-RGBMS-DB/Multispectral/DJI_DateTime_2024_06_04_11_14_0191_lat_10.3003238_lon_105.2713480_alt_20.206m_RE.TIF""]",/home/hyggestuen/Downloads/_WeedyRice/WeedyRice-RGBMS-DB/Masks/DJI_DateTime_2024_06_04_11_14_0191_lat_10.3003238_lon_105.2713480_alt_20.206m.png,2024_06_04_11,train
DJI_DateTime_2024_06_04_11_14_0192_lat_10.3003435_lon_105.2713038_alt_20.233m,/home/hyggestuen/Downloads/_WeedyRice/WeedyRice-RGBMS-DB/RGB/DJI_DateTime_2024_06_04_11_14_0192_lat_10.3003435_lon_105.2713038_alt_20.233m.JPG,,"[""/home/hyggestuen/Downloads/_WeedyRice/WeedyRice-RGBMS-DB/Multispectral/DJI_DateTime_2024_06_04_11_14_0192_lat_10.3003435_lon_105.2713038_alt_20.233m_G.TIF"", ""/home/hyggestuen/Downloads/_WeedyRice/WeedyRice-RGBMS-DB/Multispectral/DJI_DateTime_2024_06_04_11_14_0192_lat_10.3003435_lon_105.2713038_alt_20.233m_NIR.TIF"", ""/home/hyggestuen/Downloads/_WeedyRice/WeedyRice-RGBMS-DB/Multispectral/DJI_DateTime_2024_06_04_11_14_0192_lat_10.3003435_lon_105.2713038_alt_20.233m_R.TIF"", ""/home/hyggestuen/Downloads/_WeedyRice/WeedyRice-RGBMS-DB/Multispectral/DJI_DateTime_2024_06_04_11_14_0192_lat_10.3003435_lon_105.2713038_alt_20.233m_RE.TIF""]",/home/hyggestuen/Downloads/_WeedyRice/WeedyRice-RGBMS-DB/Masks/DJI_DateTime_2024_06_04_11_14_0192_lat_10.3003435_lon_105.2713038_alt_20.233m.png,2024_06_04_11,train
DJI_DateTime_2024_06_04_11_14_0193_lat_10.3003639_lon_105.2712572_alt_20.233m,/home/hyggestuen/Downloads/_WeedyRice/WeedyRice-RGBMS-DB/RGB/DJI_DateTime_2024_06_04_11_14_0193_lat_10.3003639_lon_105.2712572_alt_20.233m.JPG,,"[""/home/hyggestuen/Downloads/_WeedyRice/WeedyRice-RGBMS-DB/Multispectral/DJI_DateTime_2024_06_04_11_14_0193_lat_10.3003639_lon_105.2712572_alt_20.233m_G.TIF"", ""/home/hyggestuen/Downloads/_WeedyRice/WeedyRice-RGBMS-DB/Multispectral/DJI_DateTime_2024_06_04_11_14_0193_lat_10.3003639_lon_105.2712572_alt_20.233m_NIR.TIF"", ""/home/hyggestuen/Downloads/_WeedyRice/WeedyRice-RGBMS-DB/Multispectral/DJI_DateTime_2024_06_04_11_14_0193_lat_10.3003639_lon_105.2712572_alt_20.233m_R.TIF"", ""/home/hyggestuen/Downloads/_WeedyRice/WeedyRice-RGBMS-DB/Multispectral/DJI_DateTime_2024_06_04_11_14_0193_lat_10.3003639_lon_105.2712572_alt_20.233m_RE.TIF""]",/home/hyggestuen/Downloads/_WeedyRice/WeedyRice-RGBMS-DB/Masks/DJI_DateTime_2024_06_04_11_14_0193_lat_10.3003639_lon_105.2712572_alt_20.233m.png,2024_06_04_11,train
DJI_DateTime_2024_06_04_11_14_0194_lat_10.3003836_lon_105.2712130_alt_20.193m,/home/hyggestuen/Downloads/_WeedyRice/WeedyRice-RGBMS-DB/RGB/DJI_DateTime_2024_06_04_11_14_0194_lat_10.3003836_lon_105.2712130_alt_20.193m.JPG,,"[""/home/hyggestuen/Downloads/_WeedyRice/WeedyRice-RGBMS-DB/Multispectral/DJI_DateTime_2024_06_04_11_14_0194_lat_10.3003836_lon_105.2712130_alt_20.193m_G.TIF"", ""/home/hyggestuen/Downloads/_WeedyRice/WeedyRice-RGBMS-DB/Multispectral/DJI_DateTime_2024_06_04_11_14_0194_lat_10.3003836_lon_105.2712130_alt_20.193m_NIR.TIF"", ""/home/hyggestuen/Downloads/_WeedyRice/WeedyRice-RGBMS-DB/Multispectral/DJI_DateTime_2024_06_04_11_14_0194_lat_10.3003836_lon_105.2712130_alt_20.193m_R.TIF"", ""/home/hyggestuen/Downloads/_WeedyRice/WeedyRice-RGBMS-DB/Multispectral/DJI_DateTime_2024_06_04_11_14_0194_lat_10.3003836_lon_105.2712130_alt_20.193m_RE.TIF""]",/home/hyggestuen/Downloads/_WeedyRice/WeedyRice-RGBMS-DB/Masks/DJI_DateTime_2024_06_04_11_14_0194_lat_10.3003836_lon_105.2712130_alt_20.193m.png,2024_06_04_11,train
DJI_DateTime_2024_06_04_11_17_0244_lat_10.3002423_lon_105.2712148_alt_20.170m,/home/hyggestuen/Downloads/_WeedyRice/WeedyRice-RGBMS-DB/RGB/DJI_DateTime_2024_06_04_11_17_0244_lat_10.3002423_lon_105.2712148_alt_20.170m.JPG,,"[""/home/hyggestuen/Downloads/_WeedyRice/WeedyRice-RGBMS-DB/Multispectral/DJI_DateTime_2024_06_04_11_17_0244_lat_10.3002423_lon_105.2712148_alt_20.170m_G.TIF"", ""/home/hyggestuen/Downloads/_WeedyRice/WeedyRice-RGBMS-DB/Multispectral/DJI_DateTime_2024_06_04_11_17_0244_lat_10.3002423_lon_105.2712148_alt_20.170m_NIR.TIF"", ""/home/hyggestuen/Downloads/_WeedyRice/WeedyRice-RGBMS-DB/Multispectral/DJI_DateTime_2024_06_04_11_17_0244_lat_10.3002423_lon_105.2712148_alt_20.170m_R.TIF"", ""/home/hyggestuen/Downloads/_WeedyRice/WeedyRice-RGBMS-DB/Multispectral/DJI_DateTime_2024_06_04_11_17_0244_lat_10.3002423_lon_105.2712148_alt_20.170m_RE.TIF""]",/home/hyggestuen/Downloads/_WeedyRice/WeedyRice-RGBMS-DB/Masks/DJI_DateTime_2024_06_04_11_17_0244_lat_10.3002423_lon_105.2712148_alt_20.170m.png,2024_06_04_11,train
DJI_DateTime_2024_06_04_11_17_0245_lat_10.3002623_lon_105.2711688_alt_20.178m,/home/hyggestuen/Downloads/_WeedyRice/WeedyRice-RGBMS-DB/RGB/DJI_DateTime_2024_06_04_11_17_0245_lat_10.3002623_lon_105.2711688_alt_20.178m.JPG,,"[""/home/hyggestuen/Downloads/_WeedyRice/WeedyRice-RGBMS-DB/Multispectral/DJI_DateTime_2024_06_04_11_17_0245_lat_10.3002623_lon_105.2711688_alt_20.178m_G.TIF"", ""/home/hyggestuen/Downloads/_WeedyRice/WeedyRice-RGBMS-DB/Multispectral/DJI_DateTime_2024_06_04_11_17_0245_lat_10.3002623_lon_105.2711688_alt_20.178m_NIR.TIF"", ""/home/hyggestuen/Downloads/_WeedyRice/WeedyRice-RGBMS-DB/Multispectral/DJI_DateTime_2024_06_04_11_17_0245_lat_10.3002623_lon_105.2711688_alt_20.178m_R.TIF"", ""/home/hyggestuen/Downloads/_WeedyRice/WeedyRice-RGBMS-DB/Multispectral/DJI_DateTime_2024_06_04_11_17_0245_lat_10.3002623_lon_105.2711688_alt_20.178m_RE.TIF""]",/home/hyggestuen/Downloads/_WeedyRice/WeedyRice-RGBMS-DB/Masks/DJI_DateTime_2024_06_04_11_17_0245_lat_10.3002623_lon_105.2711688_alt_20.178m.png,2024_06_04_11,train
DJI_DateTime_2024_06_04_11_17_0246_lat_10.3002833_lon_105.2711218_alt_20.250m,/home/hyggestuen/Downloads/_WeedyRice/WeedyRice-RGBMS-DB/RGB/DJI_DateTime_2024_06_04_11_17_0246_lat_10.3002833_lon_105.2711218_alt_20.250m.JPG,,"[""/home/hyggestuen/Downloads/_WeedyRice/WeedyRice-RGBMS-DB/Multispectral/DJI_DateTime_2024_06_04_11_17_0246_lat_10.3002833_lon_105.2711218_alt_20.250m_G.TIF"", ""/home/hyggestuen/Downloads/_WeedyRice/WeedyRice-RGBMS-DB/Multispectral/DJI_DateTime_2024_06_04_11_17_0246_lat_10.3002833_lon_105.2711218_alt_20.250m_NIR.TIF"", ""/home/hyggestuen/Downloads/_WeedyRice/WeedyRice-RGBMS-DB/Multispectral/DJI_DateTime_2024_06_04_11_17_0246_lat_10.3002833_lon_105.2711218_alt_20.250m_R.TIF"", ""/home/hyggestuen/Downloads/_WeedyRice/WeedyRice-RGBMS-DB/Multispectral/DJI_DateTime_2024_06_04_11_17_0246_lat_10.3002833_lon_105.2711218_alt_20.250m_RE.TIF""]",/home/hyggestuen/Downloads/_WeedyRice/WeedyRice-RGBMS-DB/Masks/DJI_DateTime_2024_06_04_11_17_0246_lat_10.3002833_lon_105.2711218_alt_20.250m.png,2024_06_04_11,train
DJI_DateTime_2024_06_04_11_17_0252_lat_10.3004013_lon_105.2708506_alt_20.225m,/home/hyggestuen/Downloads/_WeedyRice/WeedyRice-RGBMS-DB/RGB/DJI_DateTime_2024_06_04_11_17_0252_lat_10.3004013_lon_105.2708506_alt_20.225m.JPG,,"[""/home/hyggestuen/Downloads/_WeedyRice/WeedyRice-RGBMS-DB/Multispectral/DJI_DateTime_2024_06_04_11_17_0252_lat_10.3004013_lon_105.2708506_alt_20.225m_G.TIF"", ""/home/hyggestuen/Downloads/_WeedyRice/WeedyRice-RGBMS-DB/Multispectral/DJI_DateTime_2024_06_04_11_17_0252_lat_10.3004013_lon_105.2708506_alt_20.225m_NIR.TIF"", ""/home/hyggestuen/Downloads/_WeedyRice/WeedyRice-RGBMS-DB/Multispectral/DJI_DateTime_2024_06_04_11_17_0252_lat_10.3004013_lon_105.2708506_alt_20.225m_R.TIF"", ""/home/hyggestuen/Downloads/_WeedyRice/WeedyRice-RGBMS-DB/Multispectral/DJI_DateTime_2024_06_04_11_17_0252_lat_10.3004013_lon_105.2708506_alt_20.225m_RE.TIF""]",/home/hyggestuen/Downloads/_WeedyRice/WeedyRice-RGBMS-DB/Masks/DJI_DateTime_2024_06_04_11_17_0252_lat_10.3004013_lon_105.2708506_alt_20.225m.png,2024_06_04_11,train
DJI_DateTime_2024_06_04_11_17_0253_lat_10.3004217_lon_105.2708043_alt_20.174m,/home/hyggestuen/Downloads/_WeedyRice/WeedyRice-RGBMS-DB/RGB/DJI_DateTime_2024_06_04_11_17_0253_lat_10.3004217_lon_105.2708043_alt_20.174m.JPG,,"[""/home/hyggestuen/Downloads/_WeedyRice/WeedyRice-RGBMS-DB/Multispectral/DJI_DateTime_2024_06_04_11_17_0253_lat_10.3004217_lon_105.2708043_alt_20.174m_G.TIF"", ""/home/hyggestuen/Downloads/_WeedyRice/WeedyRice-RGBMS-DB/Multispectral/DJI_DateTime_2024_06_04_11_17_0253_lat_10.3004217_lon_105.2708043_alt_20.174m_NIR.TIF"", ""/home/hyggestuen/Downloads/_WeedyRice/WeedyRice-RGBMS-DB/Multispectral/DJI_DateTime_2024_06_04_11_17_0253_lat_10.3004217_lon_105.2708043_alt_20.174m_R.TIF"", ""/home/hyggestuen/Downloads/_WeedyRice/WeedyRice-RGBMS-DB/Multispectral/DJI_DateTime_2024_06_04_11_17_0253_lat_10.3004217_lon_105.2708043_alt_20.174m_RE.TIF""]",/home/hyggestuen/Downloads/_WeedyRice/WeedyRice-RGBMS-DB/Masks/DJI_DateTime_2024_06_04_11_17_0253_lat_10.3004217_lon_105.2708043_alt_20.174m.png,2024_06_04_11,train
DJI_DateTime_2024_06_04_11_17_0254_lat_10.3004408_lon_105.2707596_alt_20.147m,/home/hyggestuen/Downloads/_WeedyRice/WeedyRice-RGBMS-DB/RGB/DJI_DateTime_2024_06_04_11_17_0254_lat_10.3004408_lon_105.2707596_alt_20.147m.JPG,,"[""/home/hyggestuen/Downloads/_WeedyRice/WeedyRice-RGBMS-DB/Multispectral/DJI_DateTime_2024_06_04_11_17_0254_lat_10.3004408_lon_105.2707596_alt_20.147m_G.TIF"", ""/home/hyggestuen/Downloads/_WeedyRice/WeedyRice-RGBMS-DB/Multispectral/DJI_DateTime_2024_06_04_11_17_0254_lat_10.3004408_lon_105.2707596_alt_20.147m_NIR.TIF"", ""/home/hyggestuen/Downloads/_WeedyRice/WeedyRice-RGBMS-DB/Multispectral/DJI_DateTime_2024_06_04_11_17_0254_lat_10.3004408_lon_105.2707596_alt_20.147m_R.TIF"", ""/home/hyggestuen/Downloads/_WeedyRice/WeedyRice-RGBMS-DB/Multispectral/DJI_DateTime_2024_06_04_11_17_0254_lat_10.3004408_lon_105.2707596_alt_20.147m_RE.TIF""]",/home/hyggestuen/Downloads/_WeedyRice/WeedyRice-RGBMS-DB/Masks/DJI_DateTime_2024_06_04_11_17_0254_lat_10.3004408_lon_105.2707596_alt_20.147m.png,2024_06_04_11,train
DJI_DateTime_2024_06_04_11_17_0255_lat_10.3004558_lon_105.2707276_alt_20.183m,/home/hyggestuen/Downloads/_WeedyRice/WeedyRice-RGBMS-DB/RGB/DJI_DateTime_2024_06_04_11_17_0255_lat_10.3004558_lon_105.2707276_alt_20.183m.JPG,,"[""/home/hyggestuen/Downloads/_WeedyRice/WeedyRice-RGBMS-DB/Multispectral/DJI_DateTime_2024_06_04_11_17_0255_lat_10.3004558_lon_105.2707276_alt_20.183m_G.TIF"", ""/home/hyggestuen/Downloads/_WeedyRice/WeedyRice-RGBMS-DB/Multispectral/DJI_DateTime_2024_06_04_11_17_0255_lat_10.3004558_lon_105.2707276_alt_20.183m_NIR.TIF"", ""/home/hyggestuen/Downloads/_WeedyRice/WeedyRice-RGBMS-DB/Multispectral/DJI_DateTime_2024_06_04_11_17_0255_lat_10.3004558_lon_105.2707276_alt_20.183m_R.TIF"", ""/home/hyggestuen/Downloads/_WeedyRice/WeedyRice-RGBMS-DB/Multispectral/DJI_DateTime_2024_06_04_11_17_0255_lat_10.3004558_lon_105.2707276_alt_20.183m_RE.TIF""]",/home/hyggestuen/Downloads/_WeedyRice/WeedyRice-RGBMS-DB/Masks/DJI_DateTime_2024_06_04_11_17_0255_lat_10.3004558_lon_105.2707276_alt_20.183m.png,2024_06_04_11,train
DJI_DateTime_2024_09_30_10_33_0031_lat_10.3015970_lon_105.2727122_alt_20.309m,/home/hyggestuen/Downloads/_WeedyRice/WeedyRice-RGBMS-DB/RGB/DJI_DateTime_2024_09_30_10_33_0031_lat_10.3015970_lon_105.2727122_alt_20.309m.JPG,,"[""/home/hyggestuen/Downloads/_WeedyRice/WeedyRice-RGBMS-DB/Multispectral/DJI_DateTime_2024_09_30_10_33_0031_lat_10.3015970_lon_105.2727122_alt_20.309m_G.TIF"", ""/home/hyggestuen/Downloads/_WeedyRice/WeedyRice-RGBMS-DB/Multispectral/DJI_DateTime_2024_09_30_10_33_0031_lat_10.3015970_lon_105.2727122_alt_20.309m_NIR.TIF"", ""/home/hyggestuen/Downloads/_WeedyRice/WeedyRice-RGBMS-DB/Multispectral/DJI_DateTime_2024_09_30_10_33_0031_lat_10.3015970_lon_105.2727122_alt_20.309m_R.TIF"", ""/home/hyggestuen/Downloads/_WeedyRice/WeedyRice-RGBMS-DB/Multispectral/DJI_DateTime_2024_09_30_10_33_0031_lat_10.3015970_lon_105.2727122_alt_20.309m_RE.TIF""]",/home/hyggestuen/Downloads/_WeedyRice/WeedyRice-RGBMS-DB/Masks/DJI_DateTime_2024_09_30_10_33_0031_lat_10.3015970_lon_105.2727122_alt_20.309m.png,2024_09_30_10,train
DJI_DateTime_2024_09_30_10_33_0032_lat_10.3016293_lon_105.2726206_alt_20.337m,/home/hyggestuen/Downloads/_WeedyRice/WeedyRice-RGBMS-DB/RGB/DJI_DateTime_2024_09_30_10_33_0032_lat_10.3016293_lon_105.2726206_alt_20.337m.JPG,,"[""/home/hyggestuen/Downloads/_WeedyRice/WeedyRice-RGBMS-DB/Multispectral/DJI_DateTime_2024_09_30_10_33_0032_lat_10.3016293_lon_105.2726206_alt_20.337m_G.TIF"", ""/home/hyggestuen/Downloads/_WeedyRice/WeedyRice-RGBMS-DB/Multispectral/DJI_DateTime_2024_09_30_10_33_0032_lat_10.3016293_lon_105.2726206_alt_20.337m_NIR.TIF"", ""/home/hyggestuen/Downloads/_WeedyRice/WeedyRice-RGBMS-DB/Multispectral/DJI_DateTime_2024_09_30_10_33_0032_lat_10.3016293_lon_105.2726206_alt_20.337m_R.TIF"", ""/home/hyggestuen/Downloads/_WeedyRice/WeedyRice-RGBMS-DB/Multispectral/DJI_DateTime_2024_09_30_10_33_0032_lat_10.3016293_lon_105.2726206_alt_20.337m_RE.TIF""]",/home/hyggestuen/Downloads/_WeedyRice/WeedyRice-RGBMS-DB/Masks/DJI_DateTime_2024_09_30_10_33_0032_lat_10.3016293_lon_105.2726206_alt_20.337m.png,2024_09_30_10,train
DJI_DateTime_2024_09_30_10_33_0033_lat_10.3016724_lon_105.2725306_alt_20.373m,/home/hyggestuen/Downloads/_WeedyRice/WeedyRice-RGBMS-DB/RGB/DJI_DateTime_2024_09_30_10_33_0033_lat_10.3016724_lon_105.2725306_alt_20.373m.JPG,,"[""/home/hyggestuen/Downloads/_WeedyRice/WeedyRice-RGBMS-DB/Multispectral/DJI_DateTime_2024_09_30_10_33_0033_lat_10.3016724_lon_105.2725306_alt_20.373m_G.TIF"", ""/home/hyggestuen/Downloads/_WeedyRice/WeedyRice-RGBMS-DB/Multispectral/DJI_DateTime_2024_09_30_10_33_0033_lat_10.3016724_lon_105.2725306_alt_20.373m_NIR.TIF"", ""/home/hyggestuen/Downloads/_WeedyRice/WeedyRice-RGBMS-DB/Multispectral/DJI_DateTime_2024_09_30_10_33_0033_lat_10.3016724_lon_105.2725306_alt_20.373m_R.TIF"", ""/home/hyggestuen/Downloads/_WeedyRice/WeedyRice-RGBMS-DB/Multispectral/DJI_DateTime_2024_09_30_10_33_0033_lat_10.3016724_lon_105.2725306_alt_20.373m_RE.TIF""]",/home/hyggestuen/Downloads/_WeedyRice/WeedyRice-RGBMS-DB/Masks/DJI_DateTime_2024_09_30_10_33_0033_lat_10.3016724_lon_105.2725306_alt_20.373m.png,2024_09_30_10,train
DJI_DateTime_2024_09_30_10_33_0034_lat_10.3017159_lon_105.2724406_alt_20.418m,/home/hyggestuen/Downloads/_WeedyRice/WeedyRice-RGBMS-DB/RGB/DJI_DateTime_2024_09_30_10_33_0034_lat_10.3017159_lon_105.2724406_alt_20.418m.JPG,,"[""/home/hyggestuen/Downloads/_WeedyRice/WeedyRice-RGBMS-DB/Multispectral/DJI_DateTime_2024_09_30_10_33_0034_lat_10.3017159_lon_105.2724406_alt_20.418m_G.TIF"", ""/home/hyggestuen/Downloads/_WeedyRice/WeedyRice-RGBMS-DB/Multispectral/DJI_DateTime_2024_09_30_10_33_0034_lat_10.3017159_lon_105.2724406_alt_20.418m_NIR.TIF"", ""/home/hyggestuen/Downloads/_WeedyRice/WeedyRice-RGBMS-DB/Multispectral/DJI_DateTime_2024_09_30_10_33_0034_lat_10.3017159_lon_105.2724406_alt_20.418m_R.TIF"", ""/home/hyggestuen/Downloads/_WeedyRice/WeedyRice-RGBMS-DB/Multispectral/DJI_DateTime_2024_09_30_10_33_0034_lat_10.3017159_lon_105.2724406_alt_20.418m_RE.TIF""]",/home/hyggestuen/Downloads/_WeedyRice/WeedyRice-RGBMS-DB/Masks/DJI_DateTime_2024_09_30_10_33_0034_lat_10.3017159_lon_105.2724406_alt_20.418m.png,2024_09_30_10,train
DJI_DateTime_2024_09_30_10_33_0035_lat_10.3017589_lon_105.2723505_alt_20.422m,/home/hyggestuen/Downloads/_WeedyRice/WeedyRice-RGBMS-DB/RGB/DJI_DateTime_2024_09_30_10_33_0035_lat_10.3017589_lon_105.2723505_alt_20.422m.JPG,,"[""/home/hyggestuen/Downloads/_WeedyRice/WeedyRice-RGBMS-DB/Multispectral/DJI_DateTime_2024_09_30_10_33_0035_lat_10.3017589_lon_105.2723505_alt_20.422m_G.TIF"", ""/home/hyggestuen/Downloads/_WeedyRice/WeedyRice-RGBMS-DB/Multispectral/DJI_DateTime_2024_09_30_10_33_0035_lat_10.3017589_lon_105.2723505_alt_20.422m_NIR.TIF"", ""/home/hyggestuen/Downloads/_WeedyRice/WeedyRice-RGBMS-DB/Multispectral/DJI_DateTime_2024_09_30_10_33_0035_lat_10.3017589_lon_105.2723505_alt_20.422m_R.TIF"", ""/home/hyggestuen/Downloads/_WeedyRice/WeedyRice-RGBMS-DB/Multispectral/DJI_DateTime_2024_09_30_10_33_0035_lat_10.3017589_lon_105.2723505_alt_20.422m_RE.TIF""]",/home/hyggestuen/Downloads/_WeedyRice/WeedyRice-RGBMS-DB/Masks/DJI_DateTime_2024_09_30_10_33_0035_lat_10.3017589_lon_105.2723505_alt_20.422m.png,2024_09_30_10,train
DJI_DateTime_2024_09_30_10_34_0036_lat_10.3018023_lon_105.2722610_alt_20.344m,/home/hyggestuen/Downloads/_WeedyRice/WeedyRice-RGBMS-DB/RGB/DJI_DateTime_2024_09_30_10_34_0036_lat_10.3018023_lon_105.2722610_alt_20.344m.JPG,,"[""/home/hyggestuen/Downloads/_WeedyRice/WeedyRice-RGBMS-DB/Multispectral/DJI_DateTime_2024_09_30_10_34_0036_lat_10.3018023_lon_105.2722610_alt_20.344m_G.TIF"", ""/home/hyggestuen/Downloads/_WeedyRice/WeedyRice-RGBMS-DB/Multispectral/DJI_DateTime_2024_09_30_10_34_0036_lat_10.3018023_lon_105.2722610_alt_20.344m_NIR.TIF"", ""/home/hyggestuen/Downloads/_WeedyRice/WeedyRice-RGBMS-DB/Multispectral/DJI_DateTime_2024_09_30_10_34_0036_lat_10.3018023_lon_105.2722610_alt_20.344m_R.TIF"", ""/home/hyggestuen/Downloads/_WeedyRice/WeedyRice-RGBMS-DB/Multispectral/DJI_DateTime_2024_09_30_10_34_0036_lat_10.3018023_lon_105.2722610_alt_20.344m_RE.TIF""]",/home/hyggestuen/Downloads/_WeedyRice/WeedyRice-RGBMS-DB/Masks/DJI_DateTime_2024_09_30_10_34_0036_lat_10.3018023_lon_105.2722610_alt_20.344m.png,2024_09_30_10,train
DJI_DateTime_2024_09_30_10_34_0037_lat_10.3018456_lon_105.2721710_alt_20.405m,/home/hyggestuen/Downloads/_WeedyRice/WeedyRice-RGBMS-DB/RGB/DJI_DateTime_2024_09_30_10_34_0037_lat_10.3018456_lon_105.2721710_alt_20.405m.JPG,,"[""/home/hyggestuen/Downloads/_WeedyRice/WeedyRice-RGBMS-DB/Multispectral/DJI_DateTime_2024_09_30_10_34_0037_lat_10.3018456_lon_105.2721710_alt_20.405m_G.TIF"", ""/home/hyggestuen/Downloads/_WeedyRice/WeedyRice-RGBMS-DB/Multispectral/DJI_DateTime_2024_09_30_10_34_0037_lat_10.3018456_lon_105.2721710_alt_20.405m_NIR.TIF"", ""/home/hyggestuen/Downloads/_WeedyRice/WeedyRice-RGBMS-DB/Multispectral/DJI_DateTime_2024_09_30_10_34_0037_lat_10.3018456_lon_105.2721710_alt_20.405m_R.TIF"", ""/home/hyggestuen/Downloads/_WeedyRice/WeedyRice-RGBMS-DB/Multispectral/DJI_DateTime_2024_09_30_10_34_0037_lat_10.3018456_lon_105.2721710_alt_20.405m_RE.TIF""]",/home/hyggestuen/Downloads/_WeedyRice/WeedyRice-RGBMS-DB/Masks/DJI_DateTime_2024_09_30_10_34_0037_lat_10.3018456_lon_105.2721710_alt_20.405m.png,2024_09_30_10,train
DJI_DateTime_2024_09_30_10_34_0038_lat_10.3018884_lon_105.2720811_alt_20.403m,/home/hyggestuen/Downloads/_WeedyRice/WeedyRice-RGBMS-DB/RGB/DJI_DateTime_2024_09_30_10_34_0038_lat_10.3018884_lon_105.2720811_alt_20.403m.JPG,,"[""/home/hyggestuen/Downloads/_WeedyRice/WeedyRice-RGBMS-DB/Multispectral/DJI_DateTime_2024_09_30_10_34_0038_lat_10.3018884_lon_105.2720811_alt_20.403m_G.TIF"", ""/home/hyggestuen/Downloads/_WeedyRice/WeedyRice-RGBMS-DB/Multispectral/DJI_DateTime_2024_09_30_10_34_0038_lat_10.3018884_lon_105.2720811_alt_20.403m_NIR.TIF"", ""/home/hyggestuen/Downloads/_WeedyRice/WeedyRice-RGBMS-DB/Multispectral/DJI_DateTime_2024_09_30_10_34_0038_lat_10.3018884_lon_105.2720811_alt_20.403m_R.TIF"", ""/home/hyggestuen/Downloads/_WeedyRice/WeedyRice-RGBMS-DB/Multispectral/DJI_DateTime_2024_09_30_10_34_0038_lat_10.3018884_lon_105.2720811_alt_20.403m_RE.TIF""]",/home/hyggestuen/Downloads/_WeedyRice/WeedyRice-RGBMS-DB/Masks/DJI_DateTime_2024_09_30_10_34_0038_lat_10.3018884_lon_105.2720811_alt_20.403m.png,2024_09_30_10,train
DJI_DateTime_2024_09_30_10_34_0039_lat_10.3019316_lon_105.2719909_alt_20.412m,/home/hyggestuen/Downloads/_WeedyRice/WeedyRice-RGBMS-DB/RGB/DJI_DateTime_2024_09_30_10_34_0039_lat_10.3019316_lon_105.2719909_alt_20.412m.JPG,,"[""/home/hyggestuen/Downloads/_WeedyRice/WeedyRice-RGBMS-DB/Multispectral/DJI_DateTime_2024_09_30_10_34_0039_lat_10.3019316_lon_105.2719909_alt_20.412m_G.TIF"", ""/home/hyggestuen/Downloads/_WeedyRice/WeedyRice-RGBMS-DB/Multispectral/DJI_DateTime_2024_09_30_10_34_0039_lat_10.3019316_lon_105.2719909_alt_20.412m_NIR.TIF"", ""/home/hyggestuen/Downloads/_WeedyRice/WeedyRice-RGBMS-DB/Multispectral/DJI_DateTime_2024_09_30_10_34_0039_lat_10.3019316_lon_105.2719909_alt_20.412m_R.TIF"", ""/home/hyggestuen/Downloads/_WeedyRice/WeedyRice-RGBMS-DB/Multispectral/DJI_DateTime_2024_09_30_10_34_0039_lat_10.3019316_lon_105.2719909_alt_20.412m_RE.TIF""]",/home/hyggestuen/Downloads/_WeedyRice/WeedyRice-RGBMS-DB/Masks/DJI_DateTime_2024_09_30_10_34_0039_lat_10.3019316_lon_105.2719909_alt_20.412m.png,2024_09_30_10,train
DJI_DateTime_2024_09_30_10_34_0040_lat_10.3019751_lon_105.2719014_alt_20.400m,/home/hyggestuen/Downloads/_WeedyRice/WeedyRice-RGBMS-DB/RGB/DJI_DateTime_2024_09_30_10_34_0040_lat_10.3019751_lon_105.2719014_alt_20.400m.JPG,,"[""/home/hyggestuen/Downloads/_WeedyRice/WeedyRice-RGBMS-DB/Multispectral/DJI_DateTime_2024_09_30_10_34_0040_lat_10.3019751_lon_105.2719014_alt_20.400m_G.TIF"", ""/home/hyggestuen/Downloads/_WeedyRice/WeedyRice-RGBMS-DB/Multispectral/DJI_DateTime_2024_09_30_10_34_0040_lat_10.3019751_lon_105.2719014_alt_20.400m_NIR.TIF"", ""/home/hyggestuen/Downloads/_WeedyRice/WeedyRice-RGBMS-DB/Multispectral/DJI_DateTime_2024_09_30_10_34_0040_lat_10.3019751_lon_105.2719014_alt_20.400m_R.TIF"", ""/home/hyggestuen/Downloads/_WeedyRice/WeedyRice-RGBMS-DB/Multispectral/DJI_DateTime_2024_09_30_10_34_0040_lat_10.3019751_lon_105.2719014_alt_20.400m_RE.TIF""]",/home/hyggestuen/Downloads/_WeedyRice/WeedyRice-RGBMS-DB/Masks/DJI_DateTime_2024_09_30_10_34_0040_lat_10.3019751_lon_105.2719014_alt_20.400m.png,2024_09_30_10,train
DJI_DateTime_2024_09_30_10_34_0041_lat_10.3020190_lon_105.2718108_alt_20.425m,/home/hyggestuen/Downloads/_WeedyRice/WeedyRice-RGBMS-DB/RGB/DJI_DateTime_2024_09_30_10_34_0041_lat_10.3020190_lon_105.2718108_alt_20.425m.JPG,,"[""/home/hyggestuen/Downloads/_WeedyRice/WeedyRice-RGBMS-DB/Multispectral/DJI_DateTime_2024_09_30_10_34_0041_lat_10.3020190_lon_105.2718108_alt_20.425m_G.TIF"", ""/home/hyggestuen/Downloads/_WeedyRice/WeedyRice-RGBMS-DB/Multispectral/DJI_DateTime_2024_09_30_10_34_0041_lat_10.3020190_lon_105.2718108_alt_20.425m_NIR.TIF"", ""/home/hyggestuen/Downloads/_WeedyRice/WeedyRice-RGBMS-DB/Multispectral/DJI_DateTime_2024_09_30_10_34_0041_lat_10.3020190_lon_105.2718108_alt_20.425m_R.TIF"", ""/home/hyggestuen/Downloads/_WeedyRice/WeedyRice-RGBMS-DB/Multispectral/DJI_DateTime_2024_09_30_10_34_0041_lat_10.3020190_lon_105.2718108_alt_20.425m_RE.TIF""]",/home/hyggestuen/Downloads/_WeedyRice/WeedyRice-RGBMS-DB/Masks/DJI_DateTime_2024_09_30_10_34_0041_lat_10.3020190_lon_105.2718108_alt_20.425m.png,2024_09_30_10,train
DJI_DateTime_2024_09_30_10_34_0042_lat_10.3020618_lon_105.2717213_alt_20.363m,/home/hyggestuen/Downloads/_WeedyRice/WeedyRice-RGBMS-DB/RGB/DJI_DateTime_2024_09_30_10_34_0042_lat_10.3020618_lon_105.2717213_alt_20.363m.JPG,,"[""/home/hyggestuen/Downloads/_WeedyRice/WeedyRice-RGBMS-DB/Multispectral/DJI_DateTime_2024_09_30_10_34_0042_lat_10.3020618_lon_105.2717213_alt_20.363m_G.TIF"", ""/home/hyggestuen/Downloads/_WeedyRice/WeedyRice-RGBMS-DB/Multispectral/DJI_DateTime_2024_09_30_10_34_0042_lat_10.3020618_lon_105.2717213_alt_20.363m_NIR.TIF"", ""/home/hyggestuen/Downloads/_WeedyRice/WeedyRice-RGBMS-DB/Multispectral/DJI_DateTime_2024_09_30_10_34_0042_lat_10.3020618_lon_105.2717213_alt_20.363m_R.TIF"", ""/home/hyggestuen/Downloads/_WeedyRice/WeedyRice-RGBMS-DB/Multispectral/DJI_DateTime_2024_09_30_10_34_0042_lat_10.3020618_lon_105.2717213_alt_20.363m_RE.TIF""]",/home/hyggestuen/Downloads/_WeedyRice/WeedyRice-RGBMS-DB/Masks/DJI_DateTime_2024_09_30_10_34_0042_lat_10.3020618_lon_105.2717213_alt_20.363m.png,2024_09_30_10,train
DJI_DateTime_2024_09_30_10_34_0043_lat_10.3021053_lon_105.2716308_alt_20.370m,/home/hyggestuen/Downloads/_WeedyRice/WeedyRice-RGBMS-DB/RGB/DJI_DateTime_2024_09_30_10_34_0043_lat_10.3021053_lon_105.2716308_alt_20.370m.JPG,,"[""/home/hyggestuen/Downloads/_WeedyRice/WeedyRice-RGBMS-DB/Multispectral/DJI_DateTime_2024_09_30_10_34_0043_lat_10.3021053_lon_105.2716308_alt_20.370m_G.TIF"", ""/home/hyggestuen/Downloads/_WeedyRice/WeedyRice-RGBMS-DB/Multispectral/DJI_DateTime_2024_09_30_10_34_0043_lat_10.3021053_lon_105.2716308_alt_20.370m_NIR.TIF"", ""/home/hyggestuen/Downloads/_WeedyRice/WeedyRice-RGBMS-DB/Multispectral/DJI_DateTime_2024_09_30_10_34_0043_lat_10.3021053_lon_105.2716308_alt_20.370m_R.TIF"", ""/home/hyggestuen/Downloads/_WeedyRice/WeedyRice-RGBMS-DB/Multispectral/DJI_DateTime_2024_09_30_10_34_0043_lat_10.3021053_lon_105.2716308_alt_20.370m_RE.TIF""]",/home/hyggestuen/Downloads/_WeedyRice/WeedyRice-RGBMS-DB/Masks/DJI_DateTime_2024_09_30_10_34_0043_lat_10.3021053_lon_105.2716308_alt_20.370m.png,2024_09_30_10,train
DJI_DateTime_2024_09_30_10_35_0047_lat_10.3019564_lon_105.2716374_alt_20.400m,/home/hyggestuen/Downloads/_WeedyRice/WeedyRice-RGBMS-DB/RGB/DJI_DateTime_2024_09_30_10_35_0047_lat_10.3019564_lon_105.2716374_alt_20.400m.JPG,,"[""/home/hyggestuen/Downloads/_WeedyRice/WeedyRice-RGBMS-DB/Multispectral/DJI_DateTime_2024_09_30_10_35_0047_lat_10.3019564_lon_105.2716374_alt_20.400m_G.TIF"", ""/home/hyggestuen/Downloads/_WeedyRice/WeedyRice-RGBMS-DB/Multispectral/DJI_DateTime_2024_09_30_10_35_0047_lat_10.3019564_lon_105.2716374_alt_20.400m_NIR.TIF"", ""/home/hyggestuen/Downloads/_WeedyRice/WeedyRice-RGBMS-DB/Multispectral/DJI_DateTime_2024_09_30_10_35_0047_lat_10.3019564_lon_105.2716374_alt_20.400m_R.TIF"", ""/home/hyggestuen/Downloads/_WeedyRice/WeedyRice-RGBMS-DB/Multispectral/DJI_DateTime_2024_09_30_10_35_0047_lat_10.3019564_lon_105.2716374_alt_20.400m_RE.TIF""]",/home/hyggestuen/Downloads/_WeedyRice/WeedyRice-RGBMS-DB/Masks/DJI_DateTime_2024_09_30_10_35_0047_lat_10.3019564_lon_105.2716374_alt_20.400m.png,2024_09_30_10,train
DJI_DateTime_2024_09_30_10_35_0048_lat_10.3019130_lon_105.2717265_alt_20.396m,/home/hyggestuen/Downloads/_WeedyRice/WeedyRice-RGBMS-DB/RGB/DJI_DateTime_2024_09_30_10_35_0048_lat_10.3019130_lon_105.2717265_alt_20.396m.JPG,,"[""/home/hyggestuen/Downloads/_WeedyRice/WeedyRice-RGBMS-DB/Multispectral/DJI_DateTime_2024_09_30_10_35_0048_lat_10.3019130_lon_105.2717265_alt_20.396m_G.TIF"", ""/home/hyggestuen/Downloads/_WeedyRice/WeedyRice-RGBMS-DB/Multispectral/DJI_DateTime_2024_09_30_10_35_0048_lat_10.3019130_lon_105.2717265_alt_20.396m_NIR.TIF"", ""/home/hyggestuen/Downloads/_WeedyRice/WeedyRice-RGBMS-DB/Multispectral/DJI_DateTime_2024_09_30_10_35_0048_lat_10.3019130_lon_105.2717265_alt_20.396m_R.TIF"", ""/home/hyggestuen/Downloads/_WeedyRice/WeedyRice-RGBMS-DB/Multispectral/DJI_DateTime_2024_09_30_10_35_0048_lat_10.3019130_lon_105.2717265_alt_20.396m_RE.TIF""]",/home/hyggestuen/Downloads/_WeedyRice/WeedyRice-RGBMS-DB/Masks/DJI_DateTime_2024_09_30_10_35_0048_lat_10.3019130_lon_105.2717265_alt_20.396m.png,2024_09_30_10,train
DJI_DateTime_2024_09_30_10_35_0049_lat_10.3018697_lon_105.2718166_alt_20.388m,/home/hyggestuen/Downloads/_WeedyRice/WeedyRice-RGBMS-DB/RGB/DJI_DateTime_2024_09_30_10_35_0049_lat_10.3018697_lon_105.2718166_alt_20.388m.JPG,,"[""/home/hyggestuen/Downloads/_WeedyRice/WeedyRice-RGBMS-DB/Multispectral/DJI_DateTime_2024_09_30_10_35_0049_lat_10.3018697_lon_105.2718166_alt_20.388m_G.TIF"", ""/home/hyggestuen/Downloads/_WeedyRice/WeedyRice-RGBMS-DB/Multispectral/DJI_DateTime_2024_09_30_10_35_0049_lat_10.3018697_lon_105.2718166_alt_20.388m_NIR.TIF"", ""/home/hyggestuen/Downloads/_WeedyRice/WeedyRice-RGBMS-DB/Multispectral/DJI_DateTime_2024_09_30_10_35_0049_lat_10.3018697_lon_105.2718166_alt_20.388m_R.TIF"", ""/home/hyggestuen/Downloads/_WeedyRice/WeedyRice-RGBMS-DB/Multispectral/DJI_DateTime_2024_09_30_10_35_0049_lat_10.3018697_lon_105.2718166_alt_20.388m_RE.TIF""]",/home/hyggestuen/Downloads/_WeedyRice/WeedyRice-RGBMS-DB/Masks/DJI_DateTime_2024_09_30_10_35_0049_lat_10.3018697_lon_105.2718166_alt_20.388m.png,2024_09_30_10,train
DJI_DateTime_2024_09_30_10_35_0050_lat_10.3018263_lon_105.2719070_alt_20.468m,/home/hyggestuen/Downloads/_WeedyRice/WeedyRice-RGBMS-DB/RGB/DJI_DateTime_2024_09_30_10_35_0050_lat_10.3018263_lon_105.2719070_alt_20.468m.JPG,,"[""/home/hyggestuen/Downloads/_WeedyRice/WeedyRice-RGBMS-DB/Multispectral/DJI_DateTime_2024_09_30_10_35_0050_lat_10.3018263_lon_105.2719070_alt_20.468m_G.TIF"", ""/home/hyggestuen/Downloads/_WeedyRice/WeedyRice-RGBMS-DB/Multispectral/DJI_DateTime_2024_09_30_10_35_0050_lat_10.3018263_lon_105.2719070_alt_20.468m_NIR.TIF"", ""/home/hyggestuen/Downloads/_WeedyRice/WeedyRice-RGBMS-DB/Multispectral/DJI_DateTime_2024_09_30_10_35_0050_lat_10.3018263_lon_105.2719070_alt_20.468m_R.TIF"", ""/home/hyggestuen/Downloads/_WeedyRice/WeedyRice-RGBMS-DB/Multispectral/DJI_DateTime_2024_09_30_10_35_0050_lat_10.3018263_lon_105.2719070_alt_20.468m_RE.TIF""]",/home/hyggestuen/Downloads/_WeedyRice/WeedyRice-RGBMS-DB/Masks/DJI_DateTime_2024_09_30_10_35_0050_lat_10.3018263_lon_105.2719070_alt_20.468m.png,2024_09_30_10,train
DJI_DateTime_2024_09_30_10_35_0051_lat_10.3017832_lon_105.2719963_alt_20.409m,/home/hyggestuen/Downloads/_WeedyRice/WeedyRice-RGBMS-DB/RGB/DJI_DateTime_2024_09_30_10_35_0051_lat_10.3017832_lon_105.2719963_alt_20.409m.JPG,,"[""/home/hyggestuen/Downloads/_WeedyRice/WeedyRice-RGBMS-DB/Multispectral/DJI_DateTime_2024_09_30_10_35_0051_lat_10.3017832_lon_105.2719963_alt_20.409m_G.TIF"", ""/home/hyggestuen/Downloads/_WeedyRice/WeedyRice-RGBMS-DB/Multispectral/DJI_DateTime_2024_09_30_10_35_0051_lat_10.3017832_lon_105.2719963_alt_20.409m_NIR.TIF"", ""/home/hyggestuen/Downloads/_WeedyRice/WeedyRice-RGBMS-DB/Multispectral/DJI_DateTime_2024_09_30_10_35_0051_lat_10.3017832_lon_105.2719963_alt_20.409m_R.TIF"", ""/home/hyggestuen/Downloads/_WeedyRice/WeedyRice-RGBMS-DB/Multispectral/DJI_DateTime_2024_09_30_10_35_0051_lat_10.3017832_lon_105.2719963_alt_20.409m_RE.TIF""]",/home/hyggestuen/Downloads/_WeedyRice/WeedyRice-RGBMS-DB/Masks/DJI_DateTime_2024_09_30_10_35_0051_lat_10.3017832_lon_105.2719963_alt_20.409m.png,2024_09_30_10,train
DJI_DateTime_2024_09_30_10_35_0052_lat_10.3017402_lon_105.2720861_alt_20.397m,/home/hyggestuen/Downloads/_WeedyRice/WeedyRice-RGBMS-DB/RGB/DJI_DateTime_2024_09_30_10_35_0052_lat_10.3017402_lon_105.2720861_alt_20.397m.JPG,,"[""/home/hyggestuen/Downloads/_WeedyRice/WeedyRice-RGBMS-DB/Multispectral/DJI_DateTime_2024_09_30_10_35_0052_lat_10.3017402_lon_105.2720861_alt_20.397m_G.TIF"", ""/home/hyggestuen/Downloads/_WeedyRice/WeedyRice-RGBMS-DB/Multispectral/DJI_DateTime_2024_09_30_10_35_0052_lat_10.3017402_lon_105.2720861_alt_20.397m_NIR.TIF"", ""/home/hyggestuen/Downloads/_WeedyRice/WeedyRice-RGBMS-DB/Multispectral/DJI_DateTime_2024_09_30_10_35_0052_lat_10.3017402_lon_105.2720861_alt_20.397m_R.TIF"", ""/home/hyggestuen/Downloads/_WeedyRice/WeedyRice-RGBMS-DB/Multispectral/DJI_DateTime_2024_09_30_10_35_0052_lat_10.3017402_lon_105.2720861_alt_20.397m_RE.TIF""]",/home/hyggestuen/Downloads/_WeedyRice/WeedyRice-RGBMS-DB/Masks/DJI_DateTime_2024_09_30_10_35_0052_lat_10.3017402_lon_105.2720861_alt_20.397m.png,2024_09_30_10,train
DJI_DateTime_2024_09_30_10_35_0053_lat_10.3016969_lon_105.2721757_alt_20.445m,/home/hyggestuen/Downloads/_WeedyRice/WeedyRice-RGBMS-DB/RGB/DJI_DateTime_2024_09_30_10_35_0053_lat_10.3016969_lon_105.2721757_alt_20.445m.JPG,,"[""/home/hyggestuen/Downloads/_WeedyRice/WeedyRice-RGBMS-DB/Multispectral/DJI_DateTime_2024_09_30_10_35_0053_lat_10.3016969_lon_105.2721757_alt_20.445m_G.TIF"", ""/home/hyggestuen/Downloads/_WeedyRice/WeedyRice-RGBMS-DB/Multispectral/DJI_DateTime_2024_09_30_10_35_0053_lat_10.3016969_lon_105.2721757_alt_20.445m_NIR.TIF"", ""/home/hyggestuen/Downloads/_WeedyRice/WeedyRice-RGBMS-DB/Multispectral/DJI_DateTime_2024_09_30_10_35_0053_lat_10.3016969_lon_105.2721757_alt_20.445m_R.TIF"", ""/home/hyggestuen/Downloads/_WeedyRice/WeedyRice-RGBMS-DB/Multispectral/DJI_DateTime_2024_09_30_10_35_0053_lat_10.3016969_lon_105.2721757_alt_20.445m_RE.TIF""]",/home/hyggestuen/Downloads/_WeedyRice/WeedyRice-RGBMS-DB/Masks/DJI_DateTime_2024_09_30_10_35_0053_lat_10.3016969_lon_105.2721757_alt_20.445m.png,2024_09_30_10,train
DJI_DateTime_2024_09_30_10_36_0054_lat_10.3016535_lon_105.2722654_alt_20.405m,/home/hyggestuen/Downloads/_WeedyRice/WeedyRice-RGBMS-DB/RGB/DJI_DateTime_2024_09_30_10_36_0054_lat_10.3016535_lon_105.2722654_alt_20.405m.JPG,,"[""/home/hyggestuen/Downloads/_WeedyRice/WeedyRice-RGBMS-DB/Multispectral/DJI_DateTime_2024_09_30_10_36_0054_lat_10.3016535_lon_105.2722654_alt_20.405m_G.TIF"", ""/home/hyggestuen/Downloads/_WeedyRice/WeedyRice-RGBMS-DB/Multispectral/DJI_DateTime_2024_09_30_10_36_0054_lat_10.3016535_lon_105.2722654_alt_20.405m_NIR.TIF"", ""/home/hyggestuen/Downloads/_WeedyRice/WeedyRice-RGBMS-DB/Multispectral/DJI_DateTime_2024_09_30_10_36_0054_lat_10.3016535_lon_105.2722654_alt_20.405m_R.TIF"", ""/home/hyggestuen/Downloads/_WeedyRice/WeedyRice-RGBMS-DB/Multispectral/DJI_DateTime_2024_09_30_10_36_0054_lat_10.3016535_lon_105.2722654_alt_20.405m_RE.TIF""]",/home/hyggestuen/Downloads/_WeedyRice/WeedyRice-RGBMS-DB/Masks/DJI_DateTime_2024_09_30_10_36_0054_lat_10.3016535_lon_105.2722654_alt_20.405m.png,2024_09_30_10,train
DJI_DateTime_2024_09_30_10_36_0055_lat_10.3016107_lon_105.2723549_alt_20.436m,/home/hyggestuen/Downloads/_WeedyRice/WeedyRice-RGBMS-DB/RGB/DJI_DateTime_2024_09_30_10_36_0055_lat_10.3016107_lon_105.2723549_alt_20.436m.JPG,,"[""/home/hyggestuen/Downloads/_WeedyRice/WeedyRice-RGBMS-DB/Multispectral/DJI_DateTime_2024_09_30_10_36_0055_lat_10.3016107_lon_105.2723549_alt_20.436m_G.TIF"", ""/home/hyggestuen/Downloads/_WeedyRice/WeedyRice-RGBMS-DB/Multispectral/DJI_DateTime_2024_09_30_10_36_0055_lat_10.3016107_lon_105.2723549_alt_20.436m_NIR.TIF"", ""/home/hyggestuen/Downloads/_WeedyRice/WeedyRice-RGBMS-DB/Multispectral/DJI_DateTime_2024_09_30_10_36_0055_lat_10.3016107_lon_105.2723549_alt_20.436m_R.TIF"", ""/home/hyggestuen/Downloads/_WeedyRice/WeedyRice-RGBMS-DB/Multispectral/DJI_DateTime_2024_09_30_10_36_0055_lat_10.3016107_lon_105.2723549_alt_20.436m_RE.TIF""]",/home/hyggestuen/Downloads/_WeedyRice/WeedyRice-RGBMS-DB/Masks/DJI_DateTime_2024_09_30_10_36_0055_lat_10.3016107_lon_105.2723549_alt_20.436m.png,2024_09_30_10,train
DJI_DateTime_2024_09_30_10_36_0056_lat_10.3015671_lon_105.2724455_alt_20.401m,/home/hyggestuen/Downloads/_WeedyRice/WeedyRice-RGBMS-DB/RGB/DJI_DateTime_2024_09_30_10_36_0056_lat_10.3015671_lon_105.2724455_alt_20.401m.JPG,,"[""/home/hyggestuen/Downloads/_WeedyRice/WeedyRice-RGBMS-DB/Multispectral/DJI_DateTime_2024_09_30_10_36_0056_lat_10.3015671_lon_105.2724455_alt_20.401m_G.TIF"", ""/home/hyggestuen/Downloads/_WeedyRice/WeedyRice-RGBMS-DB/Multispectral/DJI_DateTime_2024_09_30_10_36_0056_lat_10.3015671_lon_105.2724455_alt_20.401m_NIR.TIF"", ""/home/hyggestuen/Downloads/_WeedyRice/WeedyRice-RGBMS-DB/Multispectral/DJI_DateTime_2024_09_30_10_36_0056_lat_10.3015671_lon_105.2724455_alt_20.401m_R.TIF"", ""/home/hyggestuen/Downloads/_WeedyRice/WeedyRice-RGBMS-DB/Multispectral/DJI_DateTime_2024_09_30_10_36_0056_lat_10.3015671_lon_105.2724455_alt_20.401m_RE.TIF""]",/home/hyggestuen/Downloads/_WeedyRice/WeedyRice-RGBMS-DB/Masks/DJI_DateTime_2024_09_30_10_36_0056_lat_10.3015671_lon_105.2724455_alt_20.401m.png,2024_09_30_10,train
DJI_DateTime_2024_09_30_10_36_0057_lat_10.3015241_lon_105.2725357_alt_20.443m,/home/hyggestuen/Downloads/_WeedyRice/WeedyRice-RGBMS-DB/RGB/DJI_DateTime_2024_09_30_10_36_0057_lat_10.3015241_lon_105.2725357_alt_20.443m.JPG,,"[""/home/hyggestuen/Downloads/_WeedyRice/WeedyRice-RGBMS-DB/Multispectral/DJI_DateTime_2024_09_30_10_36_0057_lat_10.3015241_lon_105.2725357_alt_20.443m_G.TIF"", ""/home/hyggestuen/Downloads/_WeedyRice/WeedyRice-RGBMS-DB/Multispectral/DJI_DateTime_2024_09_30_10_36_0057_lat_10.3015241_lon_105.2725357_alt_20.443m_NIR.TIF"", ""/home/hyggestuen/Downloads/_WeedyRice/WeedyRice-RGBMS-DB/Multispectral/DJI_DateTime_2024_09_30_10_36_0057_lat_10.3015241_lon_105.2725357_alt_20.443m_R.TIF"", ""/home/hyggestuen/Downloads/_WeedyRice/WeedyRice-RGBMS-DB/Multispectral/DJI_DateTime_2024_09_30_10_36_0057_lat_10.3015241_lon_105.2725357_alt_20.443m_RE.TIF""]",/home/hyggestuen/Downloads/_WeedyRice/WeedyRice-RGBMS-DB/Masks/DJI_DateTime_2024_09_30_10_36_0057_lat_10.3015241_lon_105.2725357_alt_20.443m.png,2024_09_30_10,train
DJI_DateTime_2024_09_30_10_36_0058_lat_10.3014802_lon_105.2726253_alt_20.384m,/home/hyggestuen/Downloads/_WeedyRice/WeedyRice-RGBMS-DB/RGB/DJI_DateTime_2024_09_30_10_36_0058_lat_10.3014802_lon_105.2726253_alt_20.384m.JPG,,"[""/home/hyggestuen/Downloads/_WeedyRice/WeedyRice-RGBMS-DB/Multispectral/DJI_DateTime_2024_09_30_10_36_0058_lat_10.3014802_lon_105.2726253_alt_20.384m_G.TIF"", ""/home/hyggestuen/Downloads/_WeedyRice/WeedyRice-RGBMS-DB/Multispectral/DJI_DateTime_2024_09_30_10_36_0058_lat_10.3014802_lon_105.2726253_alt_20.384m_NIR.TIF"", ""/home/hyggestuen/Downloads/_WeedyRice/WeedyRice-RGBMS-DB/Multispectral/DJI_DateTime_2024_09_30_10_36_0058_lat_10.3014802_lon_105.2726253_alt_20.384m_R.TIF"", ""/home/hyggestuen/Downloads/_WeedyRice/WeedyRice-RGBMS-DB/Multispectral/DJI_DateTime_2024_09_30_10_36_0058_lat_10.3014802_lon_105.2726253_alt_20.384m_RE.TIF""]",/home/hyggestuen/Downloads/_WeedyRice/WeedyRice-RGBMS-DB/Masks/DJI_DateTime_2024_09_30_10_36_0058_lat_10.3014802_lon_105.2726253_alt_20.384m.png,2024_09_30_10,train
DJI_DateTime_2024_09_30_10_36_0059_lat_10.3013945_lon_105.2726201_alt_20.288m,/home/hyggestuen/Downloads/_WeedyRice/WeedyRice-RGBMS-DB/RGB/DJI_DateTime_2024_09_30_10_36_0059_lat_10.3013945_lon_105.2726201_alt_20.288m.JPG,,"[""/home/hyggestuen/Downloads/_WeedyRice/WeedyRice-RGBMS-DB/Multispectral/DJI_DateTime_2024_09_30_10_36_0059_lat_10.3013945_lon_105.2726201_alt_20.288m_G.TIF"", ""/home/hyggestuen/Downloads/_WeedyRice/WeedyRice-RGBMS-DB/Multispectral/DJI_DateTime_2024_09_30_10_36_0059_lat_10.3013945_lon_105.2726201_alt_20.288m_NIR.TIF"", ""/home/hyggestuen/Downloads/_WeedyRice/WeedyRice-RGBMS-DB/Multispectral/DJI_DateTime_2024_09_30_10_36_0059_lat_10.3013945_lon_105.2726201_alt_20.288m_R.TIF"", ""/home/hyggestuen/Downloads/_WeedyRice/WeedyRice-RGBMS-DB/Multispectral/DJI_DateTime_2024_09_30_10_36_0059_lat_10.3013945_lon_105.2726201_alt_20.288m_RE.TIF""]",/home/hyggestuen/Downloads/_WeedyRice/WeedyRice-RGBMS-DB/Masks/DJI_DateTime_2024_09_30_10_36_0059_lat_10.3013945_lon_105.2726201_alt_20.288m.png,2024_09_30_10,train
DJI_DateTime_2024_09_30_10_36_0060_lat_10.3013797_lon_105.2725354_alt_20.423m,/home/hyggestuen/Downloads/_WeedyRice/WeedyRice-RGBMS-DB/RGB/DJI_DateTime_2024_09_30_10_36_0060_lat_10.3013797_lon_105.2725354_alt_20.423m.JPG,,"[""/home/hyggestuen/Downloads/_WeedyRice/WeedyRice-RGBMS-DB/Multispectral/DJI_DateTime_2024_09_30_10_36_0060_lat_10.3013797_lon_105.2725354_alt_20.423m_G.TIF"", ""/home/hyggestuen/Downloads/_WeedyRice/WeedyRice-RGBMS-DB/Multispectral/DJI_DateTime_2024_09_30_10_36_0060_lat_10.3013797_lon_105.2725354_alt_20.423m_NIR.TIF"", ""/home/hyggestuen/Downloads/_WeedyRice/WeedyRice-RGBMS-DB/Multispectral/DJI_DateTime_2024_09_30_10_36_0060_lat_10.3013797_lon_105.2725354_alt_20.423m_R.TIF"", ""/home/hyggestuen/Downloads/_WeedyRice/WeedyRice-RGBMS-DB/Multispectral/DJI_DateTime_2024_09_30_10_36_0060_lat_10.3013797_lon_105.2725354_alt_20.423m_RE.TIF""]",/home/hyggestuen/Downloads/_WeedyRice/WeedyRice-RGBMS-DB/Masks/DJI_DateTime_2024_09_30_10_36_0060_lat_10.3013797_lon_105.2725354_alt_20.423m.png,2024_09_30_10,train
DJI_DateTime_2024_09_30_10_36_0061_lat_10.3014214_lon_105.2724459_alt_20.419m,/home/hyggestuen/Downloads/_WeedyRice/WeedyRice-RGBMS-DB/RGB/DJI_DateTime_2024_09_30_10_36_0061_lat_10.3014214_lon_105.2724459_alt_20.419m.JPG,,"[""/home/hyggestuen/Downloads/_WeedyRice/WeedyRice-RGBMS-DB/Multispectral/DJI_DateTime_2024_09_30_10_36_0061_lat_10.3014214_lon_105.2724459_alt_20.419m_G.TIF"", ""/home/hyggestuen/Downloads/_WeedyRice/WeedyRice-RGBMS-DB/Multispectral/DJI_DateTime_2024_09_30_10_36_0061_lat_10.3014214_lon_105.2724459_alt_20.419m_NIR.TIF"", ""/home/hyggestuen/Downloads/_WeedyRice/WeedyRice-RGBMS-DB/Multispectral/DJI_DateTime_2024_09_30_10_36_0061_lat_10.3014214_lon_105.2724459_alt_20.419m_R.TIF"", ""/home/hyggestuen/Downloads/_WeedyRice/WeedyRice-RGBMS-DB/Multispectral/DJI_DateTime_2024_09_30_10_36_0061_lat_10.3014214_lon_105.2724459_alt_20.419m_RE.TIF""]",/home/hyggestuen/Downloads/_WeedyRice/WeedyRice-RGBMS-DB/Masks/DJI_DateTime_2024_09_30_10_36_0061_lat_10.3014214_lon_105.2724459_alt_20.419m.png,2024_09_30_10,train
DJI_DateTime_2024_09_30_10_36_0062_lat_10.3014649_lon_105.2723554_alt_20.396m,/home/hyggestuen/Downloads/_WeedyRice/WeedyRice-RGBMS-DB/RGB/DJI_DateTime_2024_09_30_10_36_0062_lat_10.3014649_lon_105.2723554_alt_20.396m.JPG,,"[""/home/hyggestuen/Downloads/_WeedyRice/WeedyRice-RGBMS-DB/Multispectral/DJI_DateTime_2024_09_30_10_36_0062_lat_10.3014649_lon_105.2723554_alt_20.396m_G.TIF"", ""/home/hyggestuen/Downloads/_WeedyRice/WeedyRice-RGBMS-DB/Multispectral/DJI_DateTime_2024_09_30_10_36_0062_lat_10.3014649_lon_105.2723554_alt_20.396m_NIR.TIF"", ""/home/hyggestuen/Downloads/_WeedyRice/WeedyRice-RGBMS-DB/Multispectral/DJI_DateTime_2024_09_30_10_36_0062_lat_10.3014649_lon_105.2723554_alt_20.396m_R.TIF"", ""/home/hyggestuen/Downloads/_WeedyRice/WeedyRice-RGBMS-DB/Multispectral/DJI_DateTime_2024_09_30_10_36_0062_lat_10.3014649_lon_105.2723554_alt_20.396m_RE.TIF""]",/home/hyggestuen/Downloads/_WeedyRice/WeedyRice-RGBMS-DB/Masks/DJI_DateTime_2024_09_30_10_36_0062_lat_10.3014649_lon_105.2723554_alt_20.396m.png,2024_09_30_10,train
DJI_DateTime_2024_09_30_10_37_0063_lat_10.3015081_lon_105.2722663_alt_20.415m,/home/hyggestuen/Downloads/_WeedyRice/WeedyRice-RGBMS-DB/RGB/DJI_DateTime_2024_09_30_10_37_0063_lat_10.3015081_lon_105.2722663_alt_20.415m.JPG,,"[""/home/hyggestuen/Downloads/_WeedyRice/WeedyRice-RGBMS-DB/Multispectral/DJI_DateTime_2024_09_30_10_37_0063_lat_10.3015081_lon_105.2722663_alt_20.415m_G.TIF"", ""/home/hyggestuen/Downloads/_WeedyRice/WeedyRice-RGBMS-DB/Multispectral/DJI_DateTime_2024_09_30_10_37_0063_lat_10.3015081_lon_105.2722663_alt_20.415m_NIR.TIF"", ""/home/hyggestuen/Downloads/_WeedyRice/WeedyRice-RGBMS-DB/Multispectral/DJI_DateTime_2024_09_30_10_37_0063_lat_10.3015081_lon_105.2722663_alt_20.415m_R.TIF"", ""/home/hyggestuen/Downloads/_WeedyRice/WeedyRice-RGBMS-DB/Multispectral/DJI_DateTime_2024_09_30_10_37_0063_lat_10.3015081_lon_105.2722663_alt_20.415m_RE.TIF""]",/home/hyggestuen/Downloads/_WeedyRice/WeedyRice-RGBMS-DB/Masks/DJI_DateTime_2024_09_30_10_37_0063_lat_10.3015081_lon_105.2722663_alt_20.415m.png,2024_09_30_10,train
DJI_DateTime_2024_09_30_10_37_0064_lat_10.3015511_lon_105.2721760_alt_20.415m,/home/hyggestuen/Downloads/_WeedyRice/WeedyRice-RGBMS-DB/RGB/DJI_DateTime_2024_09_30_10_37_0064_lat_10.3015511_lon_105.2721760_alt_20.415m.JPG,,"[""/home/hyggestuen/Downloads/_WeedyRice/WeedyRice-RGBMS-DB/Multispectral/DJI_DateTime_2024_09_30_10_37_0064_lat_10.3015511_lon_105.2721760_alt_20.415m_G.TIF"", ""/home/hyggestuen/Downloads/_WeedyRice/WeedyRice-RGBMS-DB/Multispectral/DJI_DateTime_2024_09_30_10_37_0064_lat_10.3015511_lon_105.2721760_alt_20.415m_NIR.TIF"", ""/home/hyggestuen/Downloads/_WeedyRice/WeedyRice-RGBMS-DB/Multispectral/DJI_DateTime_2024_09_30_10_37_0064_lat_10.3015511_lon_105.2721760_alt_20.415m_R.TIF"", ""/home/hyggestuen/Downloads/_WeedyRice/WeedyRice-RGBMS-DB/Multispectral/DJI_DateTime_2024_09_30_10_37_0064_lat_10.3015511_lon_105.2721760_alt_20.415m_RE.TIF""]",/home/hyggestuen/Downloads/_WeedyRice/WeedyRice-RGBMS-DB/Masks/DJI_DateTime_2024_09_30_10_37_0064_lat_10.3015511_lon_105.2721760_alt_20.415m.png,2024_09_30_10,train
DJI_DateTime_2024_09_30_10_37_0065_lat_10.3015941_lon_105.2720864_alt_20.383m,/home/hyggestuen/Downloads/_WeedyRice/WeedyRice-RGBMS-DB/RGB/DJI_DateTime_2024_09_30_10_37_0065_lat_10.3015941_lon_105.2720864_alt_20.383m.JPG,,"[""/home/hyggestuen/Downloads/_WeedyRice/WeedyRice-RGBMS-DB/Multispectral/DJI_DateTime_2024_09_30_10_37_0065_lat_10.3015941_lon_105.2720864_alt_20.383m_G.TIF"", ""/home/hyggestuen/Downloads/_WeedyRice/WeedyRice-RGBMS-DB/Multispectral/DJI_DateTime_2024_09_30_10_37_0065_lat_10.3015941_lon_105.2720864_alt_20.383m_NIR.TIF"", ""/home/hyggestuen/Downloads/_WeedyRice/WeedyRice-RGBMS-DB/Multispectral/DJI_DateTime_2024_09_30_10_37_0065_lat_10.3015941_lon_105.2720864_alt_20.383m_R.TIF"", ""/home/hyggestuen/Downloads/_WeedyRice/WeedyRice-RGBMS-DB/Multispectral/DJI_DateTime_2024_09_30_10_37_0065_lat_10.3015941_lon_105.2720864_alt_20.383m_RE.TIF""]",/home/hyggestuen/Downloads/_WeedyRice/WeedyRice-RGBMS-DB/Masks/DJI_DateTime_2024_09_30_10_37_0065_lat_10.3015941_lon_105.2720864_alt_20.383m.png,2024_09_30_10,train
DJI_DateTime_2024_09_30_10_37_0066_lat_10.3016373_lon_105.2719965_alt_20.394m,/home/hyggestuen/Downloads/_WeedyRice/WeedyRice-RGBMS-DB/RGB/DJI_DateTime_2024_09_30_10_37_0066_lat_10.3016373_lon_105.2719965_alt_20.394m.JPG,,"[""/home/hyggestuen/Downloads/_WeedyRice/WeedyRice-RGBMS-DB/Multispectral/DJI_DateTime_2024_09_30_10_37_0066_lat_10.3016373_lon_105.2719965_alt_20.394m_G.TIF"", ""/home/hyggestuen/Downloads/_WeedyRice/WeedyRice-RGBMS-DB/Multispectral/DJI_DateTime_2024_09_30_10_37_0066_lat_10.3016373_lon_105.2719965_alt_20.394m_NIR.TIF"", ""/home/hyggestuen/Downloads/_WeedyRice/WeedyRice-RGBMS-DB/Multispectral/DJI_DateTime_2024_09_30_10_37_0066_lat_10.3016373_lon_105.2719965_alt_20.394m_R.TIF"", ""/home/hyggestuen/Downloads/_WeedyRice/WeedyRice-RGBMS-DB/Multispectral/DJI_DateTime_2024_09_30_10_37_0066_lat_10.3016373_lon_105.2719965_alt_20.394m_RE.TIF""]",/home/hyggestuen/Downloads/_WeedyRice/WeedyRice-RGBMS-DB/Masks/DJI_DateTime_2024_09_30_10_37_0066_lat_10.3016373_lon_105.2719965_alt_20.394m.png,2024_09_30_10,train
DJI_DateTime_2024_09_30_10_37_0067_lat_10.3016802_lon_105.2719067_alt_20.411m,/home/hyggestuen/Downloads/_WeedyRice/WeedyRice-RGBMS-DB/RGB/DJI_DateTime_2024_09_30_10_37_0067_lat_10.3016802_lon_105.2719067_alt_20.411m.JPG,,"[""/home/hyggestuen/Downloads/_WeedyRice/WeedyRice-RGBMS-DB/Multispectral/DJI_DateTime_2024_09_30_10_37_0067_lat_10.3016802_lon_105.2719067_alt_20.411m_G.TIF"", ""/home/hyggestuen/Downloads/_WeedyRice/WeedyRice-RGBMS-DB/Multispectral/DJI_DateTime_2024_09_30_10_37_0067_lat_10.3016802_lon_105.2719067_alt_20.411m_NIR.TIF"", ""/home/hyggestuen/Downloads/_WeedyRice/WeedyRice-RGBMS-DB/Multispectral/DJI_DateTime_2024_09_30_10_37_0067_lat_10.3016802_lon_105.2719067_alt_20.411m_R.TIF"", ""/home/hyggestuen/Downloads/_WeedyRice/WeedyRice-RGBMS-DB/Multispectral/DJI_DateTime_2024_09_30_10_37_0067_lat_10.3016802_lon_105.2719067_alt_20.411m_RE.TIF""]",/home/hyggestuen/Downloads/_WeedyRice/WeedyRice-RGBMS-DB/Masks/DJI_DateTime_2024_09_30_10_37_0067_lat_10.3016802_lon_105.2719067_alt_20.411m.png,2024_09_30_10,train
DJI_DateTime_2024_09_30_10_37_0068_lat_10.3017233_lon_105.2718166_alt_20.391m,/home/hyggestuen/Downloads/_WeedyRice/WeedyRice-RGBMS-DB/RGB/DJI_DateTime_2024_09_30_10_37_0068_lat_10.3017233_lon_105.2718166_alt_20.391m.JPG,,"[""/home/hyggestuen/Downloads/_WeedyRice/WeedyRice-RGBMS-DB/Multispectral/DJI_DateTime_2024_09_30_10_37_0068_lat_10.3017233_lon_105.2718166_alt_20.391m_G.TIF"", ""/home/hyggestuen/Downloads/_WeedyRice/WeedyRice-RGBMS-DB/Multispectral/DJI_DateTime_2024_09_30_10_37_0068_lat_10.3017233_lon_105.2718166_alt_20.391m_NIR.TIF"", ""/home/hyggestuen/Downloads/_WeedyRice/WeedyRice-RGBMS-DB/Multispectral/DJI_DateTime_2024_09_30_10_37_0068_lat_10.3017233_lon_105.2718166_alt_20.391m_R.TIF"", ""/home/hyggestuen/Downloads/_WeedyRice/WeedyRice-RGBMS-DB/Multispectral/DJI_DateTime_2024_09_30_10_37_0068_lat_10.3017233_lon_105.2718166_alt_20.391m_RE.TIF""]",/home/hyggestuen/Downloads/_WeedyRice/WeedyRice-RGBMS-DB/Masks/DJI_DateTime_2024_09_30_10_37_0068_lat_10.3017233_lon_105.2718166_alt_20.391m.png,2024_09_30_10,train
DJI_DateTime_2024_09_30_10_37_0069_lat_10.3017671_lon_105.2717262_alt_20.414m,/home/hyggestuen/Downloads/_WeedyRice/WeedyRice-RGBMS-DB/RGB/DJI_DateTime_2024_09_30_10_37_0069_lat_10.3017671_lon_105.2717262_alt_20.414m.JPG,,"[""/home/hyggestuen/Downloads/_WeedyRice/WeedyRice-RGBMS-DB/Multispectral/DJI_DateTime_2024_09_30_10_37_0069_lat_10.3017671_lon_105.2717262_alt_20.414m_G.TIF"", ""/home/hyggestuen/Downloads/_WeedyRice/WeedyRice-RGBMS-DB/Multispectral/DJI_DateTime_2024_09_30_10_37_0069_lat_10.3017671_lon_105.2717262_alt_20.414m_NIR.TIF"", ""/home/hyggestuen/Downloads/_WeedyRice/WeedyRice-RGBMS-DB/Multispectral/DJI_DateTime_2024_09_30_10_37_0069_lat_10.3017671_lon_105.2717262_alt_20.414m_R.TIF"", ""/home/hyggestuen/Downloads/_WeedyRice/WeedyRice-RGBMS-DB/Multispectral/DJI_DateTime_2024_09_30_10_37_0069_lat_10.3017671_lon_105.2717262_alt_20.414m_RE.TIF""]",/home/hyggestuen/Downloads/_WeedyRice/WeedyRice-RGBMS-DB/Masks/DJI_DateTime_2024_09_30_10_37_0069_lat_10.3017671_lon_105.2717262_alt_20.414m.png,2024_09_30_10,train
DJI_DateTime_2024_09_30_10_38_0074_lat_10.3015439_lon_105.2718842_alt_20.380m,/home/hyggestuen/Downloads/_WeedyRice/WeedyRice-RGBMS-DB/RGB/DJI_DateTime_2024_09_30_10_38_0074_lat_10.3015439_lon_105.2718842_alt_20.380m.JPG,,"[""/home/hyggestuen/Downloads/_WeedyRice/WeedyRice-RGBMS-DB/Multispectral/DJI_DateTime_2024_09_30_10_38_0074_lat_10.3015439_lon_105.2718842_alt_20.380m_G.TIF"", ""/home/hyggestuen/Downloads/_WeedyRice/WeedyRice-RGBMS-DB/Multispectral/DJI_DateTime_2024_09_30_10_38_0074_lat_10.3015439_lon_105.2718842_alt_20.380m_NIR.TIF"", ""/home/hyggestuen/Downloads/_WeedyRice/WeedyRice-RGBMS-DB/Multispectral/DJI_DateTime_2024_09_30_10_38_0074_lat_10.3015439_lon_105.2718842_alt_20.380m_R.TIF"", ""/home/hyggestuen/Downloads/_WeedyRice/WeedyRice-RGBMS-DB/Multispectral/DJI_DateTime_2024_09_30_10_38_0074_lat_10.3015439_lon_105.2718842_alt_20.380m_RE.TIF""]",/home/hyggestuen/Downloads/_WeedyRice/WeedyRice-RGBMS-DB/Masks/DJI_DateTime_2024_09_30_10_38_0074_lat_10.3015439_lon_105.2718842_alt_20.380m.png,2024_09_30_10,train
DJI_DateTime_2024_09_30_10_38_0075_lat_10.3015002_lon_105.2719740_alt_20.415m,/home/hyggestuen/Downloads/_WeedyRice/WeedyRice-RGBMS-DB/RGB/DJI_DateTime_2024_09_30_10_38_0075_lat_10.3015002_lon_105.2719740_alt_20.415m.JPG,,"[""/home/hyggestuen/Downloads/_WeedyRice/WeedyRice-RGBMS-DB/Multispectral/DJI_DateTime_2024_09_30_10_38_0075_lat_10.3015002_lon_105.2719740_alt_20.415m_G.TIF"", ""/home/hyggestuen/Downloads/_WeedyRice/WeedyRice-RGBMS-DB/Multispectral/DJI_DateTime_2024_09_30_10_38_0075_lat_10.3015002_lon_105.2719740_alt_20.415m_NIR.TIF"", ""/home/hyggestuen/Downloads/_WeedyRice/WeedyRice-RGBMS-DB/Multispectral/DJI_DateTime_2024_09_30_10_38_0075_lat_10.3015002_lon_105.2719740_alt_20.415m_R.TIF"", ""/home/hyggestuen/Downloads/_WeedyRice/WeedyRice-RGBMS-DB/Multispectral/DJI_DateTime_2024_09_30_10_38_0075_lat_10.3015002_lon_105.2719740_alt_20.415m_RE.TIF""]",/home/hyggestuen/Downloads/_WeedyRice/WeedyRice-RGBMS-DB/Masks/DJI_DateTime_2024_09_30_10_38_0075_lat_10.3015002_lon_105.2719740_alt_20.415m.png,2024_09_30_10,train
DJI_DateTime_2024_09_30_10_38_0076_lat_10.3014573_lon_105.2720645_alt_20.432m,/home/hyggestuen/Downloads/_WeedyRice/WeedyRice-RGBMS-DB/RGB/DJI_DateTime_2024_09_30_10_38_0076_lat_10.3014573_lon_105.2720645_alt_20.432m.JPG,,"[""/home/hyggestuen/Downloads/_WeedyRice/WeedyRice-RGBMS-DB/Multispectral/DJI_DateTime_2024_09_30_10_38_0076_lat_10.3014573_lon_105.2720645_alt_20.432m_G.TIF"", ""/home/hyggestuen/Downloads/_WeedyRice/WeedyRice-RGBMS-DB/Multispectral/DJI_DateTime_2024_09_30_10_38_0076_lat_10.3014573_lon_105.2720645_alt_20.432m_NIR.TIF"", ""/home/hyggestuen/Downloads/_WeedyRice/WeedyRice-RGBMS-DB/Multispectral/DJI_DateTime_2024_09_30_10_38_0076_lat_10.3014573_lon_105.2720645_alt_20.432m_R.TIF"", ""/home/hyggestuen/Downloads/_WeedyRice/WeedyRice-RGBMS-DB/Multispectral/DJI_DateTime_2024_09_30_10_38_0076_lat_10.3014573_lon_105.2720645_alt_20.432m_RE.TIF""]",/home/hyggestuen/Downloads/_WeedyRice/WeedyRice-RGBMS-DB/Masks/DJI_DateTime_2024_09_30_10_38_0076_lat_10.3014573_lon_105.2720645_alt_20.432m.png,2024_09_30_10,train
DJI_DateTime_2024_09_30_10_38_0077_lat_10.3014144_lon_105.2721554_alt_20.430m,/home/hyggestuen/Downloads/_WeedyRice/WeedyRice-RGBMS-DB/RGB/DJI_DateTime_2024_09_30_10_38_0077_lat_10.3014144_lon_105.2721554_alt_20.430m.JPG,,"[""/home/hyggestuen/Downloads/_WeedyRice/WeedyRice-RGBMS-DB/Multispectral/DJI_DateTime_2024_09_30_10_38_0077_lat_10.3014144_lon_105.2721554_alt_20.430m_G.TIF"", ""/home/hyggestuen/Downloads/_WeedyRice/WeedyRice-RGBMS-DB/Multispectral/DJI_DateTime_2024_09_30_10_38_0077_lat_10.3014144_lon_105.2721554_alt_20.430m_NIR.TIF"", ""/home/hyggestuen/Downloads/_WeedyRice/WeedyRice-RGBMS-DB/Multispectral/DJI_DateTime_2024_09_30_10_38_0077_lat_10.3014144_lon_105.2721554_alt_20.430m_R.TIF"", ""/home/hyggestuen/Downloads/_WeedyRice/WeedyRice-RGBMS-DB/Multispectral/DJI_DateTime_2024_09_30_10_38_0077_lat_10.3014144_lon_105.2721554_alt_20.430m_RE.TIF""]",/home/hyggestuen/Downloads/_WeedyRice/WeedyRice-RGBMS-DB/Masks/DJI_DateTime_2024_09_30_10_38_0077_lat_10.3014144_lon_105.2721554_alt_20.430m.png,2024_09_30_10,train
DJI_DateTime_2024_09_30_10_38_0078_lat_10.3013714_lon_105.2722471_alt_20.381m,/home/hyggestuen/Downloads/_WeedyRice/WeedyRice-RGBMS-DB/RGB/DJI_DateTime_2024_09_30_10_38_0078_lat_10.3013714_lon_105.2722471_alt_20.381m.JPG,,"[""/home/hyggestuen/Downloads/_WeedyRice/WeedyRice-RGBMS-DB/Multispectral/DJI_DateTime_2024_09_30_10_38_0078_lat_10.3013714_lon_105.2722471_alt_20.381m_G.TIF"", ""/home/hyggestuen/Downloads/_WeedyRice/WeedyRice-RGBMS-DB/Multispectral/DJI_DateTime_2024_09_30_10_38_0078_lat_10.3013714_lon_105.2722471_alt_20.381m_NIR.TIF"", ""/home/hyggestuen/Downloads/_WeedyRice/WeedyRice-RGBMS-DB/Multispectral/DJI_DateTime_2024_09_30_10_38_0078_lat_10.3013714_lon_105.2722471_alt_20.381m_R.TIF"", ""/home/hyggestuen/Downloads/_WeedyRice/WeedyRice-RGBMS-DB/Multispectral/DJI_DateTime_2024_09_30_10_38_0078_lat_10.3013714_lon_105.2722471_alt_20.381m_RE.TIF""]",/home/hyggestuen/Downloads/_WeedyRice/WeedyRice-RGBMS-DB/Masks/DJI_DateTime_2024_09_30_10_38_0078_lat_10.3013714_lon_105.2722471_alt_20.381m.png,2024_09_30_10,train
DJI_DateTime_2025_01_15_14_49_0005_lat_10.3617756_lon_105.4227198_alt_11.955m,/home/hyggestuen/Downloads/_WeedyRice/WeedyRice-RGBMS-DB/RGB/DJI_DateTime_2025_01_15_14_49_0005_lat_10.3617756_lon_105.4227198_alt_11.955m.JPG,,"[""/home/hyggestuen/Downloads/_WeedyRice/WeedyRice-RGBMS-DB/Multispectral/DJI_DateTime_2025_01_15_14_49_0005_lat_10.3617756_lon_105.4227198_alt_11.955m_G.TIF"", ""/home/hyggestuen/Downloads/_WeedyRice/WeedyRice-RGBMS-DB/Multispectral/DJI_DateTime_2025_01_15_14_49_0005_lat_10.3617756_lon_105.4227198_alt_11.955m_NIR.TIF"", ""/home/hyggestuen/Downloads/_WeedyRice/WeedyRice-RGBMS-DB/Multispectral/DJI_DateTime_2025_01_15_14_49_0005_lat_10.3617756_lon_105.4227198_alt_11.955m_R.TIF"", ""/home/hyggestuen/Downloads/_WeedyRice/WeedyRice-RGBMS-DB/Multispectral/DJI_DateTime_2025_01_15_14_49_0005_lat_10.3617756_lon_105.4227198_alt_11.955m_RE.TIF""]",/home/hyggestuen/Downloads/_WeedyRice/WeedyRice-RGBMS-DB/Masks/DJI_DateTime_2025_01_15_14_49_0005_lat_10.3617756_lon_105.4227198_alt_11.955m.png,2025_01_15_14,train
DJI_DateTime_2025_01_15_14_49_0006_lat_10.3617946_lon_105.4227407_alt_11.899m,/home/hyggestuen/Downloads/_WeedyRice/WeedyRice-RGBMS-DB/RGB/DJI_DateTime_2025_01_15_14_49_0006_lat_10.3617946_lon_105.4227407_alt_11.899m.JPG,,"[""/home/hyggestuen/Downloads/_WeedyRice/WeedyRice-RGBMS-DB/Multispectral/DJI_DateTime_2025_01_15_14_49_0006_lat_10.3617946_lon_105.4227407_alt_11.899m_G.TIF"", ""/home/hyggestuen/Downloads/_WeedyRice/WeedyRice-RGBMS-DB/Multispectral/DJI_DateTime_2025_01_15_14_49_0006_lat_10.3617946_lon_105.4227407_alt_11.899m_NIR.TIF"", ""/home/hyggestuen/Downloads/_WeedyRice/WeedyRice-RGBMS-DB/Multispectral/DJI_DateTime_2025_01_15_14_49_0006_lat_10.3617946_lon_105.4227407_alt_11.899m_R.TIF"", ""/home/hyggestuen/Downloads/_WeedyRice/WeedyRice-RGBMS-DB/Multispectral/DJI_DateTime_2025_01_15_14_49_0006_lat_10.3617946_lon_105.4227407_alt_11.899m_RE.TIF""]",/home/hyggestuen/Downloads/_WeedyRice/WeedyRice-RGBMS-DB/Masks/DJI_DateTime_2025_01_15_14_49_0006_lat_10.3617946_lon_105.4227407_alt_11.899m.png,2025_01_15_14,train
DJI_DateTime_2025_01_15_14_49_0007_lat_10.3618137_lon_105.4227618_alt_11.971m,/home/hyggestuen/Downloads/_WeedyRice/WeedyRice-RGBMS-DB/RGB/DJI_DateTime_2025_01_15_14_49_0007_lat_10.3618137_lon_105.4227618_alt_11.971m.JPG,,"[""/home/hyggestuen/Downloads/_WeedyRice/WeedyRice-RGBMS-DB/Multispectral/DJI_DateTime_2025_01_15_14_49_0007_lat_10.3618137_lon_105.4227618_alt_11.971m_G.TIF"", ""/home/hyggestuen/Downloads/_WeedyRice/WeedyRice-RGBMS-DB/Multispectral/DJI_DateTime_2025_01_15_14_49_0007_lat_10.3618137_lon_105.4227618_alt_11.971m_NIR.TIF"", ""/home/hyggestuen/Downloads/_WeedyRice/WeedyRice-RGBMS-DB/Multispectral/DJI_DateTime_2025_01_15_14_49_0007_lat_10.3618137_lon_105.4227618_alt_11.971m_R.TIF"", ""/home/hyggestuen/Downloads/_WeedyRice/WeedyRice-RGBMS-DB/Multispectral/DJI_DateTime_2025_01_15_14_49_0007_lat_10.3618137_lon_105.4227618_alt_11.971m_RE.TIF""]",/home/hyggestuen/Downloads/_WeedyRice/WeedyRice-RGBMS-DB/Masks/DJI_DateTime_2025_01_15_14_49_0007_lat_10.3618137_lon_105.4227618_alt_11.971m.png,2025_01_15_14,train
DJI_DateTime_2025_01_15_14_49_0008_lat_10.3618342_lon_105.4227848_alt_12.074m,/home/hyggestuen/Downloads/_WeedyRice/WeedyRice-RGBMS-DB/RGB/DJI_DateTime_2025_01_15_14_49_0008_lat_10.3618342_lon_105.4227848_alt_12.074m.JPG,,"[""/home/hyggestuen/Downloads/_WeedyRice/WeedyRice-RGBMS-DB/Multispectral/DJI_DateTime_2025_01_15_14_49_0008_lat_10.3618342_lon_105.4227848_alt_12.074m_G.TIF"", ""/home/hyggestuen/Downloads/_WeedyRice/WeedyRice-RGBMS-DB/Multispectral/DJI_DateTime_2025_01_15_14_49_0008_lat_10.3618342_lon_105.4227848_alt_12.074m_NIR.TIF"", ""/home/hyggestuen/Downloads/_WeedyRice/WeedyRice-RGBMS-DB/Multispectral/DJI_DateTime_2025_01_15_14_49_0008_lat_10.3618342_lon_105.4227848_alt_12.074m_R.TIF"", ""/home/hyggestuen/Downloads/_WeedyRice/WeedyRice-RGBMS-DB/Multispectral/DJI_DateTime_2025_01_15_14_49_0008_lat_10.3618342_lon_105.4227848_alt_12.074m_RE.TIF""]",/home/hyggestuen/Downloads/_WeedyRice/WeedyRice-RGBMS-DB/Masks/DJI_DateTime_2025_01_15_14_49_0008_lat_10.3618342_lon_105.4227848_alt_12.074m.png,2025_01_15_14,train
DJI_DateTime_2025_01_15_14_49_0009_lat_10.3618529_lon_105.4228068_alt_12.055m,/home/hyggestuen/Downloads/_WeedyRice/WeedyRice-RGBMS-DB/RGB/DJI_DateTime_2025_01_15_14_49_0009_lat_10.3618529_lon_105.4228068_alt_12.055m.JPG,,"[""/home/hyggestuen/Downloads/_WeedyRice/WeedyRice-RGBMS-DB/Multispectral/DJI_DateTime_2025_01_15_14_49_0009_lat_10.3618529_lon_105.4228068_alt_12.055m_G.TIF"", ""/home/hyggestuen/Downloads/_WeedyRice/WeedyRice-RGBMS-DB/Multispectral/DJI_DateTime_2025_01_15_14_49_0009_lat_10.3618529_lon_105.4228068_alt_12.055m_NIR.TIF"", ""/home/hyggestuen/Downloads/_WeedyRice/WeedyRice-RGBMS-DB/Multispectral/DJI_DateTime_2025_01_15_14_49_0009_lat_10.3618529_lon_105.4228068_alt_12.055m_R.TIF"", ""/home/hyggestuen/Downloads/_WeedyRice/WeedyRice-RGBMS-DB/Multispectral/DJI_DateTime_2025_01_15_14_49_0009_lat_10.3618529_lon_105.4228068_alt_12.055m_RE.TIF""]",/home/hyggestuen/Downloads/_WeedyRice/WeedyRice-RGBMS-DB/Masks/DJI_DateTime_2025_01_15_14_49_0009_lat_10.3618529_lon_105.4228068_alt_12.055m.png,2025_01_15_14,train
DJI_DateTime_2025_01_15_14_49_0010_lat_10.3618715_lon_105.4228290_alt_12.006m,/home/hyggestuen/Downloads/_WeedyRice/WeedyRice-RGBMS-DB/RGB/DJI_DateTime_2025_01_15_14_49_0010_lat_10.3618715_lon_105.4228290_alt_12.006m.JPG,,"[""/home/hyggestuen/Downloads/_WeedyRice/WeedyRice-RGBMS-DB/Multispectral/DJI_DateTime_2025_01_15_14_49_0010_lat_10.3618715_lon_105.4228290_alt_12.006m_G.TIF"", ""/home/hyggestuen/Downloads/_WeedyRice/WeedyRice-RGBMS-DB/Multispectral/DJI_DateTime_2025_01_15_14_49_0010_lat_10.3618715_lon_105.4228290_alt_12.006m_NIR.TIF"", ""/home/hyggestuen/Downloads/_WeedyRice/WeedyRice-RGBMS-DB/Multispectral/DJI_DateTime_2025_01_15_14_49_0010_lat_10.3618715_lon_105.4228290_alt_12.006m_R.TIF"", ""/home/hyggestuen/Downloads/_WeedyRice/WeedyRice-RGBMS-DB/Multispectral/DJI_DateTime_2025_01_15_14_49_0010_lat_10.3618715_lon_105.4228290_alt_12.006m_RE.TIF""]",/home/hyggestuen/Downloads/_WeedyRice/WeedyRice-RGBMS-DB/Masks/DJI_DateTime_2025_01_15_14_49_0010_lat_10.3618715_lon_105.4228290_alt_12.006m.png,2025_01_15_14,train
DJI_DateTime_2025_01_15_14_49_0011_lat_10.3618906_lon_105.4228502_alt_11.989m,/home/hyggestuen/Downloads/_WeedyRice/WeedyRice-RGBMS-DB/RGB/DJI_DateTime_2025_01_15_14_49_0011_lat_10.3618906_lon_105.4228502_alt_11.989m.JPG,,"[""/home/hyggestuen/Downloads/_WeedyRice/WeedyRice-RGBMS-DB/Multispectral/DJI_DateTime_2025_01_15_14_49_0011_lat_10.3618906_lon_105.4228502_alt_11.989m_G.TIF"", ""/home/hyggestuen/Downloads/_WeedyRice/WeedyRice-RGBMS-DB/Multispectral/DJI_DateTime_2025_01_15_14_49_0011_lat_10.3618906_lon_105.4228502_alt_11.989m_NIR.TIF"", ""/home/hyggestuen/Downloads/_WeedyRice/WeedyRice-RGBMS-DB/Multispectral/DJI_DateTime_2025_01_15_14_49_0011_lat_10.3618906_lon_105.4228502_alt_11.989m_R.TIF"", ""/home/hyggestuen/Downloads/_WeedyRice/WeedyRice-RGBMS-DB/Multispectral/DJI_DateTime_2025_01_15_14_49_0011_lat_10.3618906_lon_105.4228502_alt_11.989m_RE.TIF""]",/home/hyggestuen/Downloads/_WeedyRice/WeedyRice-RGBMS-DB/Masks/DJI_DateTime_2025_01_15_14_49_0011_lat_10.3618906_lon_105.4228502_alt_11.989m.png,2025_01_15_14,train
DJI_DateTime_2025_01_15_14_49_0012_lat_10.3619099_lon_105.4228718_alt_11.979m,/home/hyggestuen/Downloads/_WeedyRice/WeedyRice-RGBMS-DB/RGB/DJI_DateTime_2025_01_15_14_49_0012_lat_10.3619099_lon_105.4228718_alt_11.979m.JPG,,"[""/home/hyggestuen/Downloads/_WeedyRice/WeedyRice-RGBMS-DB/Multispectral/DJI_DateTime_2025_01_15_14_49_0012_lat_10.3619099_lon_105.4228718_alt_11.979m_G.TIF"", ""/home/hyggestuen/Downloads/_WeedyRice/WeedyRice-RGBMS-DB/Multispectral/DJI_DateTime_2025_01_15_14_49_0012_lat_10.3619099_lon_105.4228718_alt_11.979m_NIR.TIF"", ""/home/hyggestuen/Downloads/_WeedyRice/WeedyRice-RGBMS-DB/Multispectral/DJI_DateTime_2025_01_15_14_49_0012_lat_10.3619099_lon_105.4228718_alt_11.979m_R.TIF"", ""/home/hyggestuen/Downloads/_WeedyRice/WeedyRice-RGBMS-DB/Multispectral/DJI_DateTime_2025_01_15_14_49_0012_lat_10.3619099_lon_105.4228718_alt_11.979m_RE.TIF""]",/home/hyggestuen/Downloads/_WeedyRice/WeedyRice-RGBMS-DB/Masks/DJI_DateTime_2025_01_15_14_49_0012_lat_10.3619099_lon_105.4228718_alt_11.979m.png,2025_01_15_14,train
DJI_DateTime_2025_01_15_14_53_0002_lat_10.3618652_lon_105.4226609_alt_11.928m,/home/hyggestuen/Downloads/_WeedyRice/WeedyRice-RGBMS-DB/RGB/DJI_DateTime_2025_01_15_14_53_0002_lat_10.3618652_lon_105.4226609_alt_11.928m.JPG,,"[""/home/hyggestuen/Downloads/_WeedyRice/WeedyRice-RGBMS-DB/Multispectral/DJI_DateTime_2025_01_15_14_53_0002_lat_10.3618652_lon_105.4226609_alt_11.928m_G.TIF"", ""/home/hyggestuen/Downloads/_WeedyRice/WeedyRice-RGBMS-DB/Multispectral/DJI_DateTime_2025_01_15_14_53_0002_lat_10.3618652_lon_105.4226609_alt_11.928m_NIR.TIF"", ""/home/hyggestuen/Downloads/_WeedyRice/WeedyRice-RGBMS-DB/Multispectral/DJI_DateTime_2025_01_15_14_53_0002_lat_10.3618652_lon_105.4226609_alt_11.928m_R.TIF"", ""/home/hyggestuen/Downloads/_WeedyRice/WeedyRice-RGBMS-DB/Multispectral/DJI_DateTime_2025_01_15_14_53_0002_lat_10.3618652_lon_105.4226609_alt_11.928m_RE.TIF""]",/home/hyggestuen/Downloads/_WeedyRice/WeedyRice-RGBMS-DB/Masks/DJI_DateTime_2025_01_15_14_53_0002_lat_10.3618652_lon_105.4226609_alt_11.928m.png,2025_01_15_14,train
DJI_DateTime_2025_01_15_14_53_0003_lat_10.3618825_lon_105.4226831_alt_11.974m,/home/hyggestuen/Downloads/_WeedyRice/WeedyRice-RGBMS-DB/RGB/DJI_DateTime_2025_01_15_14_53_0003_lat_10.3618825_lon_105.4226831_alt_11.974m.JPG,,"[""/home/hyggestuen/Downloads/_WeedyRice/WeedyRice-RGBMS-DB/Multispectral/DJI_DateTime_2025_01_15_14_53_0003_lat_10.3618825_lon_105.4226831_alt_11.974m_G.TIF"", ""/home/hyggestuen/Downloads/_WeedyRice/WeedyRice-RGBMS-DB/Multispectral/DJI_DateTime_2025_01_15_14_53_0003_lat_10.3618825_lon_105.4226831_alt_11.974m_NIR.TIF"", ""/home/hyggestuen/Downloads/_WeedyRice/WeedyRice-RGBMS-DB/Multispectral/DJI_DateTime_2025_01_15_14_53_0003_lat_10.3618825_lon_105.4226831_alt_11.974m_R.TIF"", ""/home/hyggestuen/Downloads/_WeedyRice/WeedyRice-RGBMS-DB/Multispectral/DJI_DateTime_2025_01_15_14_53_0003_lat_10.3618825_lon_105.4226831_alt_11.974m_RE.TIF""]",/home/hyggestuen/Downloads/_WeedyRice/WeedyRice-RGBMS-DB/Masks/DJI_DateTime_2025_01_15_14_53_0003_lat_10.3618825_lon_105.4226831_alt_11.974m.png,2025_01_15_14,train
DJI_DateTime_2025_01_15_14_53_0004_lat_10.3618999_lon_105.4227059_alt_11.974m,/home/hyggestuen/Downloads/_WeedyRice/WeedyRice-RGBMS-DB/RGB/DJI_DateTime_2025_01_15_14_53_0004_lat_10.3618999_lon_105.4227059_alt_11.974m.JPG,,"[""/home/hyggestuen/Downloads/_WeedyRice/WeedyRice-RGBMS-DB/Multispectral/DJI_DateTime_2025_01_15_14_53_0004_lat_10.3618999_lon_105.4227059_alt_11.974m_G.TIF"", ""/home/hyggestuen/Downloads/_WeedyRice/WeedyRice-RGBMS-DB/Multispectral/DJI_DateTime_2025_01_15_14_53_0004_lat_10.3618999_lon_105.4227059_alt_11.974m_NIR.TIF"", ""/home/hyggestuen/Downloads/_WeedyRice/WeedyRice-RGBMS-DB/Multispectral/DJI_DateTime_2025_01_15_14_53_0004_lat_10.3618999_lon_105.4227059_alt_11.974m_R.TIF"", ""/home/hyggestuen/Downloads/_WeedyRice/WeedyRice-RGBMS-DB/Multispectral/DJI_DateTime_2025_01_15_14_53_0004_lat_10.3618999_lon_105.4227059_alt_11.974m_RE.TIF""]",/home/hyggestuen/Downloads/_WeedyRice/WeedyRice-RGBMS-DB/Masks/DJI_DateTime_2025_01_15_14_53_0004_lat_10.3618999_lon_105.4227059_alt_11.974m.png,2025_01_15_14,train
DJI_DateTime_2025_01_15_14_53_0005_lat_10.3619181_lon_105.4227288_alt_11.988m,/home/hyggestuen/Downloads/_WeedyRice/WeedyRice-RGBMS-DB/RGB/DJI_DateTime_2025_01_15_14_53_0005_lat_10.3619181_lon_105.4227288_alt_11.988m.JPG,,"[""/home/hyggestuen/Downloads/_WeedyRice/WeedyRice-RGBMS-DB/Multispectral/DJI_DateTime_2025_01_15_14_53_0005_lat_10.3619181_lon_105.4227288_alt_11.988m_G.TIF"", ""/home/hyggestuen/Downloads/_WeedyRice/WeedyRice-RGBMS-DB/Multispectral/DJI_DateTime_2025_01_15_14_53_0005_lat_10.3619181_lon_105.4227288_alt_11.988m_NIR.TIF"", ""/home/hyggestuen/Downloads/_WeedyRice/WeedyRice-RGBMS-DB/Multispectral/DJI_DateTime_2025_01_15_14_53_0005_lat_10.3619181_lon_105.4227288_alt_11.988m_R.TIF"", ""/home/hyggestuen/Downloads/_WeedyRice/WeedyRice-RGBMS-DB/Multispectral/DJI_DateTime_2025_01_15_14_53_0005_lat_10.3619181_lon_105.4227288_alt_11.988m_RE.TIF""]",/home/hyggestuen/Downloads/_WeedyRice/WeedyRice-RGBMS-DB/Masks/DJI_DateTime_2025_01_15_14_53_0005_lat_10.3619181_lon_105.4227288_alt_11.988m.png,2025_01_15_14,train
DJI_DateTime_2025_01_15_14_53_0006_lat_10.3619367_lon_105.4227520_alt_11.997m,/home/hyggestuen/Downloads/_WeedyRice/WeedyRice-RGBMS-DB/RGB/DJI_DateTime_2025_01_15_14_53_0006_lat_10.3619367_lon_105.4227520_alt_11.997m.JPG,,"[""/home/hyggestuen/Downloads/_WeedyRice/WeedyRice-RGBMS-DB/Multispectral/DJI_DateTime_2025_01_15_14_53_0006_lat_10.3619367_lon_105.4227520_alt_11.997m_G.TIF"", ""/home/hyggestuen/Downloads/_WeedyRice/WeedyRice-RGBMS-DB/Multispectral/DJI_DateTime_2025_01_15_14_53_0006_lat_10.3619367_lon_105.4227520_alt_11.997m_NIR.TIF"", ""/home/hyggestuen/Downloads/_WeedyRice/WeedyRice-RGBMS-DB/Multispectral/DJI_DateTime_2025_01_15_14_53_0006_lat_10.3619367_lon_105.4227520_alt_11.997m_R.TIF"", ""/home/hyggestuen/Downloads/_WeedyRice/WeedyRice-RGBMS-DB/Multispectral/DJI_DateTime_2025_01_15_14_53_0006_lat_10.3619367_lon_105.4227520_alt_11.997m_RE.TIF""]",/home/hyggestuen/Downloads/_WeedyRice/WeedyRice-RGBMS-DB/Masks/DJI_DateTime_2025_01_15_14_53_0006_lat_10.3619367_lon_105.4227520_alt_11.997m.png,2025_01_15_14,train
DJI_DateTime_2025_01_15_14_53_0008_lat_10.3619734_lon_105.4227992_alt_11.976m,/home/hyggestuen/Downloads/_WeedyRice/WeedyRice-RGBMS-DB/RGB/DJI_DateTime_2025_01_15_14_53_0008_lat_10.3619734_lon_105.4227992_alt_11.976m.JPG,,"[""/home/hyggestuen/Downloads/_WeedyRice/WeedyRice-RGBMS-DB/Multispectral/DJI_DateTime_2025_01_15_14_53_0008_lat_10.3619734_lon_105.4227992_alt_11.976m_G.TIF"", ""/home/hyggestuen/Downloads/_WeedyRice/WeedyRice-RGBMS-DB/Multispectral/DJI_DateTime_2025_01_15_14_53_0008_lat_10.3619734_lon_105.4227992_alt_11.976m_NIR.TIF"", ""/home/hyggestuen/Downloads/_WeedyRice/WeedyRice-RGBMS-DB/Multispectral/DJI_DateTime_2025_01_15_14_53_0008_lat_10.3619734_lon_105.4227992_alt_11.976m_R.TIF"", ""/home/hyggestuen/Downloads/_WeedyRice/WeedyRice-RGBMS-DB/Multispectral/DJI_DateTime_2025_01_15_14_53_0008_lat_10.3619734_lon_105.4227992_alt_11.976m_RE.TIF""]",/home/hyggestuen/Downloads/_WeedyRice/WeedyRice-RGBMS-DB/Masks/DJI_DateTime_2025_01_15_14_53_0008_lat_10.3619734_lon_105.4227992_alt_11.976m.png,2025_01_15_14,train
DJI_DateTime_2025_01_15_14_53_0009_lat_10.3619911_lon_105.4228226_alt_12.002m,/home/hyggestuen/Downloads/_WeedyRice/WeedyRice-RGBMS-DB/RGB/DJI_DateTime_2025_01_15_14_53_0009_lat_10.3619911_lon_105.4228226_alt_12.002m.JPG,,"[""/home/hyggestuen/Downloads/_WeedyRice/WeedyRice-RGBMS-DB/Multispectral/DJI_DateTime_2025_01_15_14_53_0009_lat_10.3619911_lon_105.4228226_alt_12.002m_G.TIF"", ""/home/hyggestuen/Downloads/_WeedyRice/WeedyRice-RGBMS-DB/Multispectral/DJI_DateTime_2025_01_15_14_53_0009_lat_10.3619911_lon_105.4228226_alt_12.002m_NIR.TIF"", ""/home/hyggestuen/Downloads/_WeedyRice/WeedyRice-RGBMS-DB/Multispectral/DJI_DateTime_2025_01_15_14_53_0009_lat_10.3619911_lon_105.4228226_alt_12.002m_R.TIF"", ""/home/hyggestuen/Downloads/_WeedyRice/WeedyRice-RGBMS-DB/Multispectral/DJI_DateTime_2025_01_15_14_53_0009_lat_10.3619911_lon_105.4228226_alt_12.002m_RE.TIF""]",/home/hyggestuen/Downloads/_WeedyRice/WeedyRice-RGBMS-DB/Masks/DJI_DateTime_2025_01_15_14_53_0009_lat_10.3619911_lon_105.4228226_alt_12.002m.png,2025_01_15_14,train
DJI_DateTime_2025_01_15_14_53_0010_lat_10.3620085_lon_105.4228455_alt_12.022m,/home/hyggestuen/Downloads/_WeedyRice/WeedyRice-RGBMS-DB/RGB/DJI_DateTime_2025_01_15_14_53_0010_lat_10.3620085_lon_105.4228455_alt_12.022m.JPG,,"[""/home/hyggestuen/Downloads/_WeedyRice/WeedyRice-RGBMS-DB/Multispectral/DJI_DateTime_2025_01_15_14_53_0010_lat_10.3620085_lon_105.4228455_alt_12.022m_G.TIF"", ""/home/hyggestuen/Downloads/_WeedyRice/WeedyRice-RGBMS-DB/Multispectral/DJI_DateTime_2025_01_15_14_53_0010_lat_10.3620085_lon_105.4228455_alt_12.022m_NIR.TIF"", ""/home/hyggestuen/Downloads/_WeedyRice/WeedyRice-RGBMS-DB/Multispectral/DJI_DateTime_2025_01_15_14_53_0010_lat_10.3620085_lon_105.4228455_alt_12.022m_R.TIF"", ""/home/hyggestuen/Downloads/_WeedyRice/WeedyRice-RGBMS-DB/Multispectral/DJI_DateTime_2025_01_15_14_53_0010_lat_10.3620085_lon_105.4228455_alt_12.022m_RE.TIF""]",/home/hyggestuen/Downloads/_WeedyRice/WeedyRice-RGBMS-DB/Masks/DJI_DateTime_2025_01_15_14_53_0010_lat_10.3620085_lon_105.4228455_alt_12.022m.png,2025_01_15_14,train
DJI_DateTime_2025_01_15_14_53_0011_lat_10.3620263_lon_105.4228687_alt_12.009m,/home/hyggestuen/Downloads/_WeedyRice/WeedyRice-RGBMS-DB/RGB/DJI_DateTime_2025_01_15_14_53_0011_lat_10.3620263_lon_105.4228687_alt_12.009m.JPG,,"[""/home/hyggestuen/Downloads/_WeedyRice/WeedyRice-RGBMS-DB/Multispectral/DJI_DateTime_2025_01_15_14_53_0011_lat_10.3620263_lon_105.4228687_alt_12.009m_G.TIF"", ""/home/hyggestuen/Downloads/_WeedyRice/WeedyRice-RGBMS-DB/Multispectral/DJI_DateTime_2025_01_15_14_53_0011_lat_10.3620263_lon_105.4228687_alt_12.009m_NIR.TIF"", ""/home/hyggestuen/Downloads/_WeedyRice/WeedyRice-RGBMS-DB/Multispectral/DJI_DateTime_2025_01_15_14_53_0011_lat_10.3620263_lon_105.4228687_alt_12.009m_R.TIF"", ""/home/hyggestuen/Downloads/_WeedyRice/WeedyRice-RGBMS-DB/Multispectral/DJI_DateTime_2025_01_15_14_53_0011_lat_10.3620263_lon_105.4228687_alt_12.009m_RE.TIF""]",/home/hyggestuen/Downloads/_WeedyRice/WeedyRice-RGBMS-DB/Masks/DJI_DateTime_2025_01_15_14_53_0011_lat_10.3620263_lon_105.4228687_alt_12.009m.png,2025_01_15_14,train
DJI_DateTime_2025_01_15_14_53_0012_lat_10.3620448_lon_105.4228922_alt_11.992m,/home/hyggestuen/Downloads/_WeedyRice/WeedyRice-RGBMS-DB/RGB/DJI_DateTime_2025_01_15_14_53_0012_lat_10.3620448_lon_105.4228922_alt_11.992m.JPG,,"[""/home/hyggestuen/Downloads/_WeedyRice/WeedyRice-RGBMS-DB/Multispectral/DJI_DateTime_2025_01_15_14_53_0012_lat_10.3620448_lon_105.4228922_alt_11.992m_G.TIF"", ""/home/hyggestuen/Downloads/_WeedyRice/WeedyRice-RGBMS-DB/Multispectral/DJI_DateTime_2025_01_15_14_53_0012_lat_10.3620448_lon_105.4228922_alt_11.992m_NIR.TIF"", ""/home/hyggestuen/Downloads/_WeedyRice/WeedyRice-RGBMS-DB/Multispectral/DJI_DateTime_2025_01_15_14_53_0012_lat_10.3620448_lon_105.4228922_alt_11.992m_R.TIF"", ""/home/hyggestuen/Downloads/_WeedyRice/WeedyRice-RGBMS-DB/Multispectral/DJI_DateTime_2025_01_15_14_53_0012_lat_10.3620448_lon_105.4228922_alt_11.992m_RE.TIF""]",/home/hyggestuen/Downloads/_WeedyRice/WeedyRice-RGBMS-DB/Masks/DJI_DateTime_2025_01_15_14_53_0012_lat_10.3620448_lon_105.4228922_alt_11.992m.png,2025_01_15_14,train
DJI_DateTime_2025_01_15_14_53_0013_lat_10.3620627_lon_105.4229155_alt_12.002m,/home/hyggestuen/Downloads/_WeedyRice/WeedyRice-RGBMS-DB/RGB/DJI_DateTime_2025_01_15_14_53_0013_lat_10.3620627_lon_105.4229155_alt_12.002m.JPG,,"[""/home/hyggestuen/Downloads/_WeedyRice/WeedyRice-RGBMS-DB/Multispectral/DJI_DateTime_2025_01_15_14_53_0013_lat_10.3620627_lon_105.4229155_alt_12.002m_G.TIF"", ""/home/hyggestuen/Downloads/_WeedyRice/WeedyRice-RGBMS-DB/Multispectral/DJI_DateTime_2025_01_15_14_53_0013_lat_10.3620627_lon_105.4229155_alt_12.002m_NIR.TIF"", ""/home/hyggestuen/Downloads/_WeedyRice/WeedyRice-RGBMS-DB/Multispectral/DJI_DateTime_2025_01_15_14_53_0013_lat_10.3620627_lon_105.4229155_alt_12.002m_R.TIF"", ""/home/hyggestuen/Downloads/_WeedyRice/WeedyRice-RGBMS-DB/Multispectral/DJI_DateTime_2025_01_15_14_53_0013_lat_10.3620627_lon_105.4229155_alt_12.002m_RE.TIF""]",/home/hyggestuen/Downloads/_WeedyRice/WeedyRice-RGBMS-DB/Masks/DJI_DateTime_2025_01_15_14_53_0013_lat_10.3620627_lon_105.4229155_alt_12.002m.png,2025_01_15_14,train
DJI_DateTime_2025_01_15_14_53_0014_lat_10.3620808_lon_105.4229384_alt_11.999m,/home/hyggestuen/Downloads/_WeedyRice/WeedyRice-RGBMS-DB/RGB/DJI_DateTime_2025_01_15_14_53_0014_lat_10.3620808_lon_105.4229384_alt_11.999m.JPG,,"[""/home/hyggestuen/Downloads/_WeedyRice/WeedyRice-RGBMS-DB/Multispectral/DJI_DateTime_2025_01_15_14_53_0014_lat_10.3620808_lon_105.4229384_alt_11.999m_G.TIF"", ""/home/hyggestuen/Downloads/_WeedyRice/WeedyRice-RGBMS-DB/Multispectral/DJI_DateTime_2025_01_15_14_53_0014_lat_10.3620808_lon_105.4229384_alt_11.999m_NIR.TIF"", ""/home/hyggestuen/Downloads/_WeedyRice/WeedyRice-RGBMS-DB/Multispectral/DJI_DateTime_2025_01_15_14_53_0014_lat_10.3620808_lon_105.4229384_alt_11.999m_R.TIF"", ""/home/hyggestuen/Downloads/_WeedyRice/WeedyRice-RGBMS-DB/Multispectral/DJI_DateTime_2025_01_15_14_53_0014_lat_10.3620808_lon_105.4229384_alt_11.999m_RE.TIF""]",/home/hyggestuen/Downloads/_WeedyRice/WeedyRice-RGBMS-DB/Masks/DJI_DateTime_2025_01_15_14_53_0014_lat_10.3620808_lon_105.4229384_alt_11.999m.png,2025_01_15_14,train
DJI_DateTime_2025_01_15_14_53_0021_lat_10.3622053_lon_105.4231016_alt_11.971m,/home/hyggestuen/Downloads/_WeedyRice/WeedyRice-RGBMS-DB/RGB/DJI_DateTime_2025_01_15_14_53_0021_lat_10.3622053_lon_105.4231016_alt_11.971m.JPG,,"[""/home/hyggestuen/Downloads/_WeedyRice/WeedyRice-RGBMS-DB/Multispectral/DJI_DateTime_2025_01_15_14_53_0021_lat_10.3622053_lon_105.4231016_alt_11.971m_G.TIF"", ""/home/hyggestuen/Downloads/_WeedyRice/WeedyRice-RGBMS-DB/Multispectral/DJI_DateTime_2025_01_15_14_53_0021_lat_10.3622053_lon_105.4231016_alt_11.971m_NIR.TIF"", ""/home/hyggestuen/Downloads/_WeedyRice/WeedyRice-RGBMS-DB/Multispectral/DJI_DateTime_2025_01_15_14_53_0021_lat_10.3622053_lon_105.4231016_alt_11.971m_R.TIF"", ""/home/hyggestuen/Downloads/_WeedyRice/WeedyRice-RGBMS-DB/Multispectral/DJI_DateTime_2025_01_15_14_53_0021_lat_10.3622053_lon_105.4231016_alt_11.971m_RE.TIF""]",/home/hyggestuen/Downloads/_WeedyRice/WeedyRice-RGBMS-DB/Masks/DJI_DateTime_2025_01_15_14_53_0021_lat_10.3622053_lon_105.4231016_alt_11.971m.png,2025_01_15_14,train
DJI_DateTime_2025_01_15_14_53_0022_lat_10.3622227_lon_105.4231242_alt_11.954m,/home/hyggestuen/Downloads/_WeedyRice/WeedyRice-RGBMS-DB/RGB/DJI_DateTime_2025_01_15_14_53_0022_lat_10.3622227_lon_105.4231242_alt_11.954m.JPG,,"[""/home/hyggestuen/Downloads/_WeedyRice/WeedyRice-RGBMS-DB/Multispectral/DJI_DateTime_2025_01_15_14_53_0022_lat_10.3622227_lon_105.4231242_alt_11.954m_G.TIF"", ""/home/hyggestuen/Downloads/_WeedyRice/WeedyRice-RGBMS-DB/Multispectral/DJI_DateTime_2025_01_15_14_53_0022_lat_10.3622227_lon_105.4231242_alt_11.954m_NIR.TIF"", ""/home/hyggestuen/Downloads/_WeedyRice/WeedyRice-RGBMS-DB/Multispectral/DJI_DateTime_2025_01_15_14_53_0022_lat_10.3622227_lon_105.4231242_alt_11.954m_R.TIF"", ""/home/hyggestuen/Downloads/_WeedyRice/WeedyRice-RGBMS-DB/Multispectral/DJI_DateTime_2025_01_15_14_53_0022_lat_10.3622227_lon_105.4231242_alt_11.954m_RE.TIF""]",/home/hyggestuen/Downloads/_WeedyRice/WeedyRice-RGBMS-DB/Masks/DJI_DateTime_2025_01_15_14_53_0022_lat_10.3622227_lon_105.4231242_alt_11.954m.png,2025_01_15_14,train
DJI_DateTime_2025_01_15_14_53_0024_lat_10.3622098_lon_105.4231634_alt_12.048m,/home/hyggestuen/Downloads/_WeedyRice/WeedyRice-RGBMS-DB/RGB/DJI_DateTime_2025_01_15_14_53_0024_lat_10.3622098_lon_105.4231634_alt_12.048m.JPG,,"[""/home/hyggestuen/Downloads/_WeedyRice/WeedyRice-RGBMS-DB/Multispectral/DJI_DateTime_2025_01_15_14_53_0024_lat_10.3622098_lon_105.4231634_alt_12.048m_G.TIF"", ""/home/hyggestuen/Downloads/_WeedyRice/WeedyRice-RGBMS-DB/Multispectral/DJI_DateTime_2025_01_15_14_53_0024_lat_10.3622098_lon_105.4231634_alt_12.048m_NIR.TIF"", ""/home/hyggestuen/Downloads/_WeedyRice/WeedyRice-RGBMS-DB/Multispectral/DJI_DateTime_2025_01_15_14_53_0024_lat_10.3622098_lon_105.4231634_alt_12.048m_R.TIF"", ""/home/hyggestuen/Downloads/_WeedyRice/WeedyRice-RGBMS-DB/Multispectral/DJI_DateTime_2025_01_15_14_53_0024_lat_10.3622098_lon_105.4231634_alt_12.048m_RE.TIF""]",/home/hyggestuen/Downloads/_WeedyRice/WeedyRice-RGBMS-DB/Masks/DJI_DateTime_2025_01_15_14_53_0024_lat_10.3622098_lon_105.4231634_alt_12.048m.png,2025_01_15_14,train
DJI_DateTime_2025_01_15_14_54_0036_lat_10.3619928_lon_105.4228909_alt_11.993m,/home/hyggestuen/Downloads/_WeedyRice/WeedyRice-RGBMS-DB/RGB/DJI_DateTime_2025_01_15_14_54_0036_lat_10.3619928_lon_105.4228909_alt_11.993m.JPG,,"[""/home/hyggestuen/Downloads/_WeedyRice/WeedyRice-RGBMS-DB/Multispectral/DJI_DateTime_2025_01_15_14_54_0036_lat_10.3619928_lon_105.4228909_alt_11.993m_G.TIF"", ""/home/hyggestuen/Downloads/_WeedyRice/WeedyRice-RGBMS-DB/Multispectral/DJI_DateTime_2025_01_15_14_54_0036_lat_10.3619928_lon_105.4228909_alt_11.993m_NIR.TIF"", ""/home/hyggestuen/Downloads/_WeedyRice/WeedyRice-RGBMS-DB/Multispectral/DJI_DateTime_2025_01_15_14_54_0036_lat_10.3619928_lon_105.4228909_alt_11.993m_R.TIF"", ""/home/hyggestuen/Downloads/_WeedyRice/WeedyRice-RGBMS-DB/Multispectral/DJI_DateTime_2025_01_15_14_54_0036_lat_10.3619928_lon_105.4228909_alt_11.993m_RE.TIF""]",/home/hyggestuen/Downloads/_WeedyRice/WeedyRice-RGBMS-DB/Masks/DJI_DateTime_2025_01_15_14_54_0036_lat_10.3619928_lon_105.4228909_alt_11.993m.png,2025_01_15_14,train
DJI_DateTime_2025_01_15_14_54_0037_lat_10.3619747_lon_105.4228676_alt_11.984m,/home/hyggestuen/Downloads/_WeedyRice/WeedyRice-RGBMS-DB/RGB/DJI_DateTime_2025_01_15_14_54_0037_lat_10.3619747_lon_105.4228676_alt_11.984m.JPG,,"[""/home/hyggestuen/Downloads/_WeedyRice/WeedyRice-RGBMS-DB/Multispectral/DJI_DateTime_2025_01_15_14_54_0037_lat_10.3619747_lon_105.4228676_alt_11.984m_G.TIF"", ""/home/hyggestuen/Downloads/_WeedyRice/WeedyRice-RGBMS-DB/Multispectral/DJI_DateTime_2025_01_15_14_54_0037_lat_10.3619747_lon_105.4228676_alt_11.984m_NIR.TIF"", ""/home/hyggestuen/Downloads/_WeedyRice/WeedyRice-RGBMS-DB/Multispectral/DJI_DateTime_2025_01_15_14_54_0037_lat_10.3619747_lon_105.4228676_alt_11.984m_R.TIF"", ""/home/hyggestuen/Downloads/_WeedyRice/WeedyRice-RGBMS-DB/Multispectral/DJI_DateTime_2025_01_15_14_54_0037_lat_10.3619747_lon_105.4228676_alt_11.984m_RE.TIF""]",/home/hyggestuen/Downloads/_WeedyRice/WeedyRice-RGBMS-DB/Masks/DJI_DateTime_2025_01_15_14_54_0037_lat_10.3619747_lon_105.4228676_alt_11.984m.png,2025_01_15_14,train
DJI_DateTime_2025_01_15_14_54_0038_lat_10.3619572_lon_105.4228444_alt_11.987m,/home/hyggestuen/Downloads/_WeedyRice/WeedyRice-RGBMS-DB/RGB/DJI_DateTime_2025_01_15_14_54_0038_lat_10.3619572_lon_105.4228444_alt_11.987m.JPG,,"[""/home/hyggestuen/Downloads/_WeedyRice/WeedyRice-RGBMS-DB/Multispectral/DJI_DateTime_2025_01_15_14_54_0038_lat_10.3619572_lon_105.4228444_alt_11.987m_G.TIF"", ""/home/hyggestuen/Downloads/_WeedyRice/WeedyRice-RGBMS-DB/Multispectral/DJI_DateTime_2025_01_15_14_54_0038_lat_10.3619572_lon_105.4228444_alt_11.987m_NIR.TIF"", ""/home/hyggestuen/Downloads/_WeedyRice/WeedyRice-RGBMS-DB/Multispectral/DJI_DateTime_2025_01_15_14_54_0038_lat_10.3619572_lon_105.4228444_alt_11.987m_R.TIF"", ""/home/hyggestuen/Downloads/_WeedyRice/WeedyRice-RGBMS-DB/Multispectral/DJI_DateTime_2025_01_15_14_54_0038_lat_10.3619572_lon_105.4228444_alt_11.987m_RE.TIF""]",/home/hyggestuen/Downloads/_WeedyRice/WeedyRice-RGBMS-DB/Masks/DJI_DateTime_2025_01_15_14_54_0038_lat_10.3619572_lon_105.4228444_alt_11.987m.png,2025_01_15_14,train
DJI_DateTime_2025_01_15_14_54_0039_lat_10.3619394_lon_105.4228217_alt_12.016m,/home/hyggestuen/Downloads/_WeedyRice/WeedyRice-RGBMS-DB/RGB/DJI_DateTime_2025_01_15_14_54_0039_lat_10.3619394_lon_105.4228217_alt_12.016m.JPG,,"[""/home/hyggestuen/Downloads/_WeedyRice/WeedyRice-RGBMS-DB/Multispectral/DJI_DateTime_2025_01_15_14_54_0039_lat_10.3619394_lon_105.4228217_alt_12.016m_G.TIF"", ""/home/hyggestuen/Downloads/_WeedyRice/WeedyRice-RGBMS-DB/Multispectral/DJI_DateTime_2025_01_15_14_54_0039_lat_10.3619394_lon_105.4228217_alt_12.016m_NIR.TIF"", ""/home/hyggestuen/Downloads/_WeedyRice/WeedyRice-RGBMS-DB/Multispectral/DJI_DateTime_2025_01_15_14_54_0039_lat_10.3619394_lon_105.4228217_alt_12.016m_R.TIF"", ""/home/hyggestuen/Downloads/_WeedyRice/WeedyRice-RGBMS-DB/Multispectral/DJI_DateTime_2025_01_15_14_54_0039_lat_10.3619394_lon_105.4228217_alt_12.016m_RE.TIF""]",/home/hyggestuen/Downloads/_WeedyRice/WeedyRice-RGBMS-DB/Masks/DJI_DateTime_2025_01_15_14_54_0039_lat_10.3619394_lon_105.4228217_alt_12.016m.png,2025_01_15_14,train
DJI_DateTime_2025_01_15_14_54_0040_lat_10.3619206_lon_105.4227979_alt_12.021m,/home/hyggestuen/Downloads/_WeedyRice/WeedyRice-RGBMS-DB/RGB/DJI_DateTime_2025_01_15_14_54_0040_lat_10.3619206_lon_105.4227979_alt_12.021m.JPG,,"[""/home/hyggestuen/Downloads/_WeedyRice/WeedyRice-RGBMS-DB/Multispectral/DJI_DateTime_2025_01_15_14_54_0040_lat_10.3619206_lon_105.4227979_alt_12.021m_G.TIF"", ""/home/hyggestuen/Downloads/_WeedyRice/WeedyRice-RGBMS-DB/Multispectral/DJI_DateTime_2025_01_15_14_54_0040_lat_10.3619206_lon_105.4227979_alt_12.021m_NIR.TIF"", ""/home/hyggestuen/Downloads/_WeedyRice/WeedyRice-RGBMS-DB/Multispectral/DJI_DateTime_2025_01_15_14_54_0040_lat_10.3619206_lon_105.4227979_alt_12.021m_R.TIF"", ""/home/hyggestuen/Downloads/_WeedyRice/WeedyRice-RGBMS-DB/Multispectral/DJI_DateTime_2025_01_15_14_54_0040_lat_10.3619206_lon_105.4227979_alt_12.021m_RE.TIF""]",/home/hyggestuen/Downloads/_WeedyRice/WeedyRice-RGBMS-DB/Masks/DJI_DateTime_2025_01_15_14_54_0040_lat_10.3619206_lon_105.4227979_alt_12.021m.png,2025_01_15_14,train
DJI_DateTime_2025_01_15_14_54_0041_lat_10.3619028_lon_105.4227748_alt_11.998m,/home/hyggestuen/Downloads/_WeedyRice/WeedyRice-RGBMS-DB/RGB/DJI_DateTime_2025_01_15_14_54_0041_lat_10.3619028_lon_105.4227748_alt_11.998m.JPG,,"[""/home/hyggestuen/Downloads/_WeedyRice/WeedyRice-RGBMS-DB/Multispectral/DJI_DateTime_2025_01_15_14_54_0041_lat_10.3619028_lon_105.4227748_alt_11.998m_G.TIF"", ""/home/hyggestuen/Downloads/_WeedyRice/WeedyRice-RGBMS-DB/Multispectral/DJI_DateTime_2025_01_15_14_54_0041_lat_10.3619028_lon_105.4227748_alt_11.998m_NIR.TIF"", ""/home/hyggestuen/Downloads/_WeedyRice/WeedyRice-RGBMS-DB/Multispectral/DJI_DateTime_2025_01_15_14_54_0041_lat_10.3619028_lon_105.4227748_alt_11.998m_R.TIF"", ""/home/hyggestuen/Downloads/_WeedyRice/WeedyRice-RGBMS-DB/Multispectral/DJI_DateTime_2025_01_15_14_54_0041_lat_10.3619028_lon_105.4227748_alt_11.998m_RE.TIF""]",/home/hyggestuen/Downloads/_WeedyRice/WeedyRice-RGBMS-DB/Masks/DJI_DateTime_2025_01_15_14_54_0041_lat_10.3619028_lon_105.4227748_alt_11.998m.png,2025_01_15_14,train
DJI_DateTime_2025_01_15_14_54_0042_lat_10.3618850_lon_105.4227517_alt_11.992m,/home/hyggestuen/Downloads/_WeedyRice/WeedyRice-RGBMS-DB/RGB/DJI_DateTime_2025_01_15_14_54_0042_lat_10.3618850_lon_105.4227517_alt_11.992m.JPG,,"[""/home/hyggestuen/Downloads/_WeedyRice/WeedyRice-RGBMS-DB/Multispectral/DJI_DateTime_2025_01_15_14_54_0042_lat_10.3618850_lon_105.4227517_alt_11.992m_G.TIF"", ""/home/hyggestuen/Downloads/_WeedyRice/WeedyRice-RGBMS-DB/Multispectral/DJI_DateTime_2025_01_15_14_54_0042_lat_10.3618850_lon_105.4227517_alt_11.992m_NIR.TIF"", ""/home/hyggestuen/Downloads/_WeedyRice/WeedyRice-RGBMS-DB/Multispectral/DJI_DateTime_2025_01_15_14_54_0042_lat_10.3618850_lon_105.4227517_alt_11.992m_R.TIF"", ""/home/hyggestuen/Downloads/_WeedyRice/WeedyRice-RGBMS-DB/Multispectral/DJI_DateTime_2025_01_15_14_54_0042_lat_10.3618850_lon_105.4227517_alt_11.992m_RE.TIF""]",/home/hyggestuen/Downloads/_WeedyRice/WeedyRice-RGBMS-DB/Masks/DJI_DateTime_2025_01_15_14_54_0042_lat_10.3618850_lon_105.4227517_alt_11.992m.png,2025_01_15_14,train
DJI_DateTime_2025_01_15_14_54_0043_lat_10.3618674_lon_105.4227288_alt_11.986m,/home/hyggestuen/Downloads/_WeedyRice/WeedyRice-RGBMS-DB/RGB/DJI_DateTime_2025_01_15_14_54_0043_lat_10.3618674_lon_105.4227288_alt_11.986m.JPG,,"[""/home/hyggestuen/Downloads/_WeedyRice/WeedyRice-RGBMS-DB/Multispectral/DJI_DateTime_2025_01_15_14_54_0043_lat_10.3618674_lon_105.4227288_alt_11.986m_G.TIF"", ""/home/hyggestuen/Downloads/_WeedyRice/WeedyRice-RGBMS-DB/Multispectral/DJI_DateTime_2025_01_15_14_54_0043_lat_10.3618674_lon_105.4227288_alt_11.986m_NIR.TIF"", ""/home/hyggestuen/Downloads/_WeedyRice/WeedyRice-RGBMS-DB/Multispectral/DJI_DateTime_2025_01_15_14_54_0043_lat_10.3618674_lon_105.4227288_alt_11.986m_R.TIF"", ""/home/hyggestuen/Downloads/_WeedyRice/WeedyRice-RGBMS-DB/Multispectral/DJI_DateTime_2025_01_15_14_54_0043_lat_10.3618674_lon_105.4227288_alt_11.986m_RE.TIF""]",/home/hyggestuen/Downloads/_WeedyRice/WeedyRice-RGBMS-DB/Masks/DJI_DateTime_2025_01_15_14_54_0043_lat_10.3618674_lon_105.4227288_alt_11.986m.png,2025_01_15_14,train
DJI_DateTime_2025_01_15_14_54_0044_lat_10.3618499_lon_105.4227049_alt_11.996m,/home/hyggestuen/Downloads/_WeedyRice/WeedyRice-RGBMS-DB/RGB/DJI_DateTime_2025_01_15_14_54_0044_lat_10.3618499_lon_105.4227049_alt_11.996m.JPG,,"[""/home/hyggestuen/Downloads/_WeedyRice/WeedyRice-RGBMS-DB/Multispectral/DJI_DateTime_2025_01_15_14_54_0044_lat_10.3618499_lon_105.4227049_alt_11.996m_G.TIF"", ""/home/hyggestuen/Downloads/_WeedyRice/WeedyRice-RGBMS-DB/Multispectral/DJI_DateTime_2025_01_15_14_54_0044_lat_10.3618499_lon_105.4227049_alt_11.996m_NIR.TIF"", ""/home/hyggestuen/Downloads/_WeedyRice/WeedyRice-RGBMS-DB/Multispectral/DJI_DateTime_2025_01_15_14_54_0044_lat_10.3618499_lon_105.4227049_alt_11.996m_R.TIF"", ""/home/hyggestuen/Downloads/_WeedyRice/WeedyRice-RGBMS-DB/Multispectral/DJI_DateTime_2025_01_15_14_54_0044_lat_10.3618499_lon_105.4227049_alt_11.996m_RE.TIF""]",/home/hyggestuen/Downloads/_WeedyRice/WeedyRice-RGBMS-DB/Masks/DJI_DateTime_2025_01_15_14_54_0044_lat_10.3618499_lon_105.4227049_alt_11.996m.png,2025_01_15_14,train
DJI_DateTime_2025_01_15_14_54_0045_lat_10.3618318_lon_105.4226824_alt_12.001m,/home/hyggestuen/Downloads/_WeedyRice/WeedyRice-RGBMS-DB/RGB/DJI_DateTime_2025_01_15_14_54_0045_lat_10.3618318_lon_105.4226824_alt_12.001m.JPG,,"[""/home/hyggestuen/Downloads/_WeedyRice/WeedyRice-RGBMS-DB/Multispectral/DJI_DateTime_2025_01_15_14_54_0045_lat_10.3618318_lon_105.4226824_alt_12.001m_G.TIF"", ""/home/hyggestuen/Downloads/_WeedyRice/WeedyRice-RGBMS-DB/Multispectral/DJI_DateTime_2025_01_15_14_54_0045_lat_10.3618318_lon_105.4226824_alt_12.001m_NIR.TIF"", ""/home/hyggestuen/Downloads/_WeedyRice/WeedyRice-RGBMS-DB/Multispectral/DJI_DateTime_2025_01_15_14_54_0045_lat_10.3618318_lon_105.4226824_alt_12.001m_R.TIF"", ""/home/hyggestuen/Downloads/_WeedyRice/WeedyRice-RGBMS-DB/Multispectral/DJI_DateTime_2025_01_15_14_54_0045_lat_10.3618318_lon_105.4226824_alt_12.001m_RE.TIF""]",/home/hyggestuen/Downloads/_WeedyRice/WeedyRice-RGBMS-DB/Masks/DJI_DateTime_2025_01_15_14_54_0045_lat_10.3618318_lon_105.4226824_alt_12.001m.png,2025_01_15_14,train
DJI_DateTime_2025_01_15_14_54_0046_lat_10.3618079_lon_105.4226807_alt_12.009m,/home/hyggestuen/Downloads/_WeedyRice/WeedyRice-RGBMS-DB/RGB/DJI_DateTime_2025_01_15_14_54_0046_lat_10.3618079_lon_105.4226807_alt_12.009m.JPG,,"[""/home/hyggestuen/Downloads/_WeedyRice/WeedyRice-RGBMS-DB/Multispectral/DJI_DateTime_2025_01_15_14_54_0046_lat_10.3618079_lon_105.4226807_alt_12.009m_G.TIF"", ""/home/hyggestuen/Downloads/_WeedyRice/WeedyRice-RGBMS-DB/Multispectral/DJI_DateTime_2025_01_15_14_54_0046_lat_10.3618079_lon_105.4226807_alt_12.009m_NIR.TIF"", ""/home/hyggestuen/Downloads/_WeedyRice/WeedyRice-RGBMS-DB/Multispectral/DJI_DateTime_2025_01_15_14_54_0046_lat_10.3618079_lon_105.4226807_alt_12.009m_R.TIF"", ""/home/hyggestuen/Downloads/_WeedyRice/WeedyRice-RGBMS-DB/Multispectral/DJI_DateTime_2025_01_15_14_54_0046_lat_10.3618079_lon_105.4226807_alt_12.009m_RE.TIF""]",/home/hyggestuen/Downloads/_WeedyRice/WeedyRice-RGBMS-DB/Masks/DJI_DateTime_2025_01_15_14_54_0046_lat_10.3618079_lon_105.4226807_alt_12.009m.png,2025_01_15_14,train
DJI_DateTime_2025_01_15_14_54_0047_lat_10.3618019_lon_105.4227026_alt_12.020m,/home/hyggestuen/Downloads/_WeedyRice/WeedyRice-RGBMS-DB/RGB/DJI_DateTime_2025_01_15_14_54_0047_lat_10.3618019_lon_105.4227026_alt_12.020m.JPG,,"[""/home/hyggestuen/Downloads/_WeedyRice/WeedyRice-RGBMS-DB/Multispectral/DJI_DateTime_2025_01_15_14_54_0047_lat_10.3618019_lon_105.4227026_alt_12.020m_G.TIF"", ""/home/hyggestuen/Downloads/_WeedyRice/WeedyRice-RGBMS-DB/Multispectral/DJI_DateTime_2025_01_15_14_54_0047_lat_10.3618019_lon_105.4227026_alt_12.020m_NIR.TIF"", ""/home/hyggestuen/Downloads/_WeedyRice/WeedyRice-RGBMS-DB/Multispectral/DJI_DateTime_2025_01_15_14_54_0047_lat_10.3618019_lon_105.4227026_alt_12.020m_R.TIF"", ""/home/hyggestuen/Downloads/_WeedyRice/WeedyRice-RGBMS-DB/Multispectral/DJI_DateTime_2025_01_15_14_54_0047_lat_10.3618019_lon_105.4227026_alt_12.020m_RE.TIF""]",/home/hyggestuen/Downloads/_WeedyRice/WeedyRice-RGBMS-DB/Masks/DJI_DateTime_2025_01_15_14_54_0047_lat_10.3618019_lon_105.4227026_alt_12.020m.png,2025_01_15_14,train
DJI_DateTime_2025_01_15_14_54_0048_lat_10.3618185_lon_105.4227258_alt_12.029m,/home/hyggestuen/Downloads/_WeedyRice/WeedyRice-RGBMS-DB/RGB/DJI_DateTime_2025_01_15_14_54_0048_lat_10.3618185_lon_105.4227258_alt_12.029m.JPG,,"[""/home/hyggestuen/Downloads/_WeedyRice/WeedyRice-RGBMS-DB/Multispectral/DJI_DateTime_2025_01_15_14_54_0048_lat_10.3618185_lon_105.4227258_alt_12.029m_G.TIF"", ""/home/hyggestuen/Downloads/_WeedyRice/WeedyRice-RGBMS-DB/Multispectral/DJI_DateTime_2025_01_15_14_54_0048_lat_10.3618185_lon_105.4227258_alt_12.029m_NIR.TIF"", ""/home/hyggestuen/Downloads/_WeedyRice/WeedyRice-RGBMS-DB/Multispectral/DJI_DateTime_2025_01_15_14_54_0048_lat_10.3618185_lon_105.4227258_alt_12.029m_R.TIF"", ""/home/hyggestuen/Downloads/_WeedyRice/WeedyRice-RGBMS-DB/Multispectral/DJI_DateTime_2025_01_15_14_54_0048_lat_10.3618185_lon_105.4227258_alt_12.029m_RE.TIF""]",/home/hyggestuen/Downloads/_WeedyRice/WeedyRice-RGBMS-DB/Masks/DJI_DateTime_2025_01_15_14_54_0048_lat_10.3618185_lon_105.4227258_alt_12.029m.png,2025_01_15_14,train
DJI_DateTime_2025_01_15_14_54_0049_lat_10.3618356_lon_105.4227484_alt_12.009m,/home/hyggestuen/Downloads/_WeedyRice/WeedyRice-RGBMS-DB/RGB/DJI_DateTime_2025_01_15_14_54_0049_lat_10.3618356_lon_105.4227484_alt_12.009m.JPG,,"[""/home/hyggestuen/Downloads/_WeedyRice/WeedyRice-RGBMS-DB/Multispectral/DJI_DateTime_2025_01_15_14_54_0049_lat_10.3618356_lon_105.4227484_alt_12.009m_G.TIF"", ""/home/hyggestuen/Downloads/_WeedyRice/WeedyRice-RGBMS-DB/Multispectral/DJI_DateTime_2025_01_15_14_54_0049_lat_10.3618356_lon_105.4227484_alt_12.009m_NIR.TIF"", ""/home/hyggestuen/Downloads/_WeedyRice/WeedyRice-RGBMS-DB/Multispectral/DJI_DateTime_2025_01_15_14_54_0049_lat_10.3618356_lon_105.4227484_alt_12.009m_R.TIF"", ""/home/hyggestuen/Downloads/_WeedyRice/WeedyRice-RGBMS-DB/Multispectral/DJI_DateTime_2025_01_15_14_54_0049_lat_10.3618356_lon_105.4227484_alt_12.009m_RE.TIF""]",/home/hyggestuen/Downloads/_WeedyRice/WeedyRice-RGBMS-DB/Masks/DJI_DateTime_2025_01_15_14_54_0049_lat_10.3618356_lon_105.4227484_alt_12.009m.png,2025_01_15_14,train
DJI_DateTime_2025_01_15_14_54_0050_lat_10.3618533_lon_105.4227716_alt_11.985m,/home/hyggestuen/Downloads/_WeedyRice/WeedyRice-RGBMS-DB/RGB/DJI_DateTime_2025_01_15_14_54_0050_lat_10.3618533_lon_105.4227716_alt_11.985m.JPG,,"[""/home/hyggestuen/Downloads/_WeedyRice/WeedyRice-RGBMS-DB/Multispectral/DJI_DateTime_2025_01_15_14_54_0050_lat_10.3618533_lon_105.4227716_alt_11.985m_G.TIF"", ""/home/hyggestuen/Downloads/_WeedyRice/WeedyRice-RGBMS-DB/Multispectral/DJI_DateTime_2025_01_15_14_54_0050_lat_10.3618533_lon_105.4227716_alt_11.985m_NIR.TIF"", ""/home/hyggestuen/Downloads/_WeedyRice/WeedyRice-RGBMS-DB/Multispectral/DJI_DateTime_2025_01_15_14_54_0050_lat_10.3618533_lon_105.4227716_alt_11.985m_R.TIF"", ""/home/hyggestuen/Downloads/_WeedyRice/WeedyRice-RGBMS-DB/Multispectral/DJI_DateTime_2025_01_15_14_54_0050_lat_10.3618533_lon_105.4227716_alt_11.985m_RE.TIF""]",/home/hyggestuen/Downloads/_WeedyRice/WeedyRice-RGBMS-DB/Masks/DJI_DateTime_2025_01_15_14_54_0050_lat_10.3618533_lon_105.4227716_alt_11.985m.png,2025_01_15_14,train
DJI_DateTime_2025_01_15_14_54_0051_lat_10.3618711_lon_105.4227952_alt_11.942m,/home/hyggestuen/Downloads/_WeedyRice/WeedyRice-RGBMS-DB/RGB/DJI_DateTime_2025_01_15_14_54_0051_lat_10.3618711_lon_105.4227952_alt_11.942m.JPG,,"[""/home/hyggestuen/Downloads/_WeedyRice/WeedyRice-RGBMS-DB/Multispectral/DJI_DateTime_2025_01_15_14_54_0051_lat_10.3618711_lon_105.4227952_alt_11.942m_G.TIF"", ""/home/hyggestuen/Downloads/_WeedyRice/WeedyRice-RGBMS-DB/Multispectral/DJI_DateTime_2025_01_15_14_54_0051_lat_10.3618711_lon_105.4227952_alt_11.942m_NIR.TIF"", ""/home/hyggestuen/Downloads/_WeedyRice/WeedyRice-RGBMS-DB/Multispectral/DJI_DateTime_2025_01_15_14_54_0051_lat_10.3618711_lon_105.4227952_alt_11.942m_R.TIF"", ""/home/hyggestuen/Downloads/_WeedyRice/WeedyRice-RGBMS-DB/Multispectral/DJI_DateTime_2025_01_15_14_54_0051_lat_10.3618711_lon_105.4227952_alt_11.942m_RE.TIF""]",/home/hyggestuen/Downloads/_WeedyRice/WeedyRice-RGBMS-DB/Masks/DJI_DateTime_2025_01_15_14_54_0051_lat_10.3618711_lon_105.4227952_alt_11.942m.png,2025_01_15_14,train
DJI_DateTime_2025_01_15_14_54_0052_lat_10.3618889_lon_105.4228192_alt_11.969m,/home/hyggestuen/Downloads/_WeedyRice/WeedyRice-RGBMS-DB/RGB/DJI_DateTime_2025_01_15_14_54_0052_lat_10.3618889_lon_105.4228192_alt_11.969m.JPG,,"[""/home/hyggestuen/Downloads/_WeedyRice/WeedyRice-RGBMS-DB/Multispectral/DJI_DateTime_2025_01_15_14_54_0052_lat_10.3618889_lon_105.4228192_alt_11.969m_G.TIF"", ""/home/hyggestuen/Downloads/_WeedyRice/WeedyRice-RGBMS-DB/Multispectral/DJI_DateTime_2025_01_15_14_54_0052_lat_10.3618889_lon_105.4228192_alt_11.969m_NIR.TIF"", ""/home/hyggestuen/Downloads/_WeedyRice/WeedyRice-RGBMS-DB/Multispectral/DJI_DateTime_2025_01_15_14_54_0052_lat_10.3618889_lon_105.4228192_alt_11.969m_R.TIF"", ""/home/hyggestuen/Downloads/_WeedyRice/WeedyRice-RGBMS-DB/Multispectral/DJI_DateTime_2025_01_15_14_54_0052_lat_10.3618889_lon_105.4228192_alt_11.969m_RE.TIF""]",/home/hyggestuen/Downloads/_WeedyRice/WeedyRice-RGBMS-DB/Masks/DJI_DateTime_2025_01_15_14_54_0052_lat_10.3618889_lon_105.4228192_alt_11.969m.png,2025_01_15_14,train
DJI_DateTime_2025_01_15_14_54_0053_lat_10.3619064_lon_105.4228419_alt_11.991m,/home/hyggestuen/Downloads/_WeedyRice/WeedyRice-RGBMS-DB/RGB/DJI_DateTime_2025_01_15_14_54_0053_lat_10.3619064_lon_105.4228419_alt_11.991m.JPG,,"[""/home/hyggestuen/Downloads/_WeedyRice/WeedyRice-RGBMS-DB/Multispectral/DJI_DateTime_2025_01_15_14_54_0053_lat_10.3619064_lon_105.4228419_alt_11.991m_G.TIF"", ""/home/hyggestuen/Downloads/_WeedyRice/WeedyRice-RGBMS-DB/Multispectral/DJI_DateTime_2025_01_15_14_54_0053_lat_10.3619064_lon_105.4228419_alt_11.991m_NIR.TIF"", ""/home/hyggestuen/Downloads/_WeedyRice/WeedyRice-RGBMS-DB/Multispectral/DJI_DateTime_2025_01_15_14_54_0053_lat_10.3619064_lon_105.4228419_alt_11.991m_R.TIF"", ""/home/hyggestuen/Downloads/_WeedyRice/WeedyRice-RGBMS-DB/Multispectral/DJI_DateTime_2025_01_15_14_54_0053_lat_10.3619064_lon_105.4228419_alt_11.991m_RE.TIF""]",/home/hyggestuen/Downloads/_WeedyRice/WeedyRice-RGBMS-DB/Masks/DJI_DateTime_2025_01_15_14_54_0053_lat_10.3619064_lon_105.4228419_alt_11.991m.png,2025_01_15_14,train
DJI_DateTime_2025_01_15_14_54_0054_lat_10.3619250_lon_105.4228649_alt_11.961m,/home/hyggestuen/Downloads/_WeedyRice/WeedyRice-RGBMS-DB/RGB/DJI_DateTime_2025_01_15_14_54_0054_lat_10.3619250_lon_105.4228649_alt_11.961m.JPG,,"[""/home/hyggestuen/Downloads/_WeedyRice/WeedyRice-RGBMS-DB/Multispectral/DJI_DateTime_2025_01_15_14_54_0054_lat_10.3619250_lon_105.4228649_alt_11.961m_G.TIF"", ""/home/hyggestuen/Downloads/_WeedyRice/WeedyRice-RGBMS-DB/Multispectral/DJI_DateTime_2025_01_15_14_54_0054_lat_10.3619250_lon_105.4228649_alt_11.961m_NIR.TIF"", ""/home/hyggestuen/Downloads/_WeedyRice/WeedyRice-RGBMS-DB/Multispectral/DJI_DateTime_2025_01_15_14_54_0054_lat_10.3619250_lon_105.4228649_alt_11.961m_R.TIF"", ""/home/hyggestuen/Downloads/_WeedyRice/WeedyRice-RGBMS-DB/Multispectral/DJI_DateTime_2025_01_15_14_54_0054_lat_10.3619250_lon_105.4228649_alt_11.961m_RE.TIF""]",/home/hyggestuen/Downloads/_WeedyRice/WeedyRice-RGBMS-DB/Masks/DJI_DateTime_2025_01_15_14_54_0054_lat_10.3619250_lon_105.4228649_alt_11.961m.png,2025_01_15_14,train
DJI_DateTime_2025_01_15_14_55_0055_lat_10.3619424_lon_105.4228878_alt_12.011m,/home/hyggestuen/Downloads/_WeedyRice/WeedyRice-RGBMS-DB/RGB/DJI_DateTime_2025_01_15_14_55_0055_lat_10.3619424_lon_105.4228878_alt_12.011m.JPG,,"[""/home/hyggestuen/Downloads/_WeedyRice/WeedyRice-RGBMS-DB/Multispectral/DJI_DateTime_2025_01_15_14_55_0055_lat_10.3619424_lon_105.4228878_alt_12.011m_G.TIF"", ""/home/hyggestuen/Downloads/_WeedyRice/WeedyRice-RGBMS-DB/Multispectral/DJI_DateTime_2025_01_15_14_55_0055_lat_10.3619424_lon_105.4228878_alt_12.011m_NIR.TIF"", ""/home/hyggestuen/Downloads/_WeedyRice/WeedyRice-RGBMS-DB/Multispectral/DJI_DateTime_2025_01_15_14_55_0055_lat_10.3619424_lon_105.4228878_alt_12.011m_R.TIF"", ""/home/hyggestuen/Downloads/_WeedyRice/WeedyRice-RGBMS-DB/Multispectral/DJI_DateTime_2025_01_15_14_55_0055_lat_10.3619424_lon_105.4228878_alt_12.011m_RE.TIF""]",/home/hyggestuen/Downloads/_WeedyRice/WeedyRice-RGBMS-DB/Masks/DJI_DateTime_2025_01_15_14_55_0055_lat_10.3619424_lon_105.4228878_alt_12.011m.png,2025_01_15_14,train
DJI_DateTime_2025_01_15_14_56_0086_lat_10.3618515_lon_105.4228345_alt_12.000m,/home/hyggestuen/Downloads/_WeedyRice/WeedyRice-RGBMS-DB/RGB/DJI_DateTime_2025_01_15_14_56_0086_lat_10.3618515_lon_105.4228345_alt_12.000m.JPG,,"[""/home/hyggestuen/Downloads/_WeedyRice/WeedyRice-RGBMS-DB/Multispectral/DJI_DateTime_2025_01_15_14_56_0086_lat_10.3618515_lon_105.4228345_alt_12.000m_G.TIF"", ""/home/hyggestuen/Downloads/_WeedyRice/WeedyRice-RGBMS-DB/Multispectral/DJI_DateTime_2025_01_15_14_56_0086_lat_10.3618515_lon_105.4228345_alt_12.000m_NIR.TIF"", ""/home/hyggestuen/Downloads/_WeedyRice/WeedyRice-RGBMS-DB/Multispectral/DJI_DateTime_2025_01_15_14_56_0086_lat_10.3618515_lon_105.4228345_alt_12.000m_R.TIF"", ""/home/hyggestuen/Downloads/_WeedyRice/WeedyRice-RGBMS-DB/Multispectral/DJI_DateTime_2025_01_15_14_56_0086_lat_10.3618515_lon_105.4228345_alt_12.000m_RE.TIF""]",/home/hyggestuen/Downloads/_WeedyRice/WeedyRice-RGBMS-DB/Masks/DJI_DateTime_2025_01_15_14_56_0086_lat_10.3618515_lon_105.4228345_alt_12.000m.png,2025_01_15_14,train
DJI_DateTime_2025_01_15_14_56_0087_lat_10.3618340_lon_105.4228118_alt_12.002m,/home/hyggestuen/Downloads/_WeedyRice/WeedyRice-RGBMS-DB/RGB/DJI_DateTime_2025_01_15_14_56_0087_lat_10.3618340_lon_105.4228118_alt_12.002m.JPG,,"[""/home/hyggestuen/Downloads/_WeedyRice/WeedyRice-RGBMS-DB/Multispectral/DJI_DateTime_2025_01_15_14_56_0087_lat_10.3618340_lon_105.4228118_alt_12.002m_G.TIF"", ""/home/hyggestuen/Downloads/_WeedyRice/WeedyRice-RGBMS-DB/Multispectral/DJI_DateTime_2025_01_15_14_56_0087_lat_10.3618340_lon_105.4228118_alt_12.002m_NIR.TIF"", ""/home/hyggestuen/Downloads/_WeedyRice/WeedyRice-RGBMS-DB/Multispectral/DJI_DateTime_2025_01_15_14_56_0087_lat_10.3618340_lon_105.4228118_alt_12.002m_R.TIF"", ""/home/hyggestuen/Downloads/_WeedyRice/WeedyRice-RGBMS-DB/Multispectral/DJI_DateTime_2025_01_15_14_56_0087_lat_10.3618340_lon_105.4228118_alt_12.002m_RE.TIF""]",/home/hyggestuen/Downloads/_WeedyRice/WeedyRice-RGBMS-DB/Masks/DJI_DateTime_2025_01_15_14_56_0087_lat_10.3618340_lon_105.4228118_alt_12.002m.png,2025_01_15_14,train
DJI_DateTime_2025_01_15_14_56_0088_lat_10.3618167_lon_105.4227889_alt_12.000m,/home/hyggestuen/Downloads/_WeedyRice/WeedyRice-RGBMS-DB/RGB/DJI_DateTime_2025_01_15_14_56_0088_lat_10.3618167_lon_105.4227889_alt_12.000m.JPG,,"[""/home/hyggestuen/Downloads/_WeedyRice/WeedyRice-RGBMS-DB/Multispectral/DJI_DateTime_2025_01_15_14_56_0088_lat_10.3618167_lon_105.4227889_alt_12.000m_G.TIF"", ""/home/hyggestuen/Downloads/_WeedyRice/WeedyRice-RGBMS-DB/Multispectral/DJI_DateTime_2025_01_15_14_56_0088_lat_10.3618167_lon_105.4227889_alt_12.000m_NIR.TIF"", ""/home/hyggestuen/Downloads/_WeedyRice/WeedyRice-RGBMS-DB/Multispectral/DJI_DateTime_2025_01_15_14_56_0088_lat_10.3618167_lon_105.4227889_alt_12.000m_R.TIF"", ""/home/hyggestuen/Downloads/_WeedyRice/WeedyRice-RGBMS-DB/Multispectral/DJI_DateTime_2025_01_15_14_56_0088_lat_10.3618167_lon_105.4227889_alt_12.000m_RE.TIF""]",/home/hyggestuen/Downloads/_WeedyRice/WeedyRice-RGBMS-DB/Masks/DJI_DateTime_2025_01_15_14_56_0088_lat_10.3618167_lon_105.4227889_alt_12.000m.png,2025_01_15_14,train
DJI_DateTime_2025_01_15_14_56_0089_lat_10.3617993_lon_105.4227655_alt_12.001m,/home/hyggestuen/Downloads/_WeedyRice/WeedyRice-RGBMS-DB/RGB/DJI_DateTime_2025_01_15_14_56_0089_lat_10.3617993_lon_105.4227655_alt_12.001m.JPG,,"[""/home/hyggestuen/Downloads/_WeedyRice/WeedyRice-RGBMS-DB/Multispectral/DJI_DateTime_2025_01_15_14_56_0089_lat_10.3617993_lon_105.4227655_alt_12.001m_G.TIF"", ""/home/hyggestuen/Downloads/_WeedyRice/WeedyRice-RGBMS-DB/Multispectral/DJI_DateTime_2025_01_15_14_56_0089_lat_10.3617993_lon_105.4227655_alt_12.001m_NIR.TIF"", ""/home/hyggestuen/Downloads/_WeedyRice/WeedyRice-RGBMS-DB/Multispectral/DJI_DateTime_2025_01_15_14_56_0089_lat_10.3617993_lon_105.4227655_alt_12.001m_R.TIF"", ""/home/hyggestuen/Downloads/_WeedyRice/WeedyRice-RGBMS-DB/Multispectral/DJI_DateTime_2025_01_15_14_56_0089_lat_10.3617993_lon_105.4227655_alt_12.001m_RE.TIF""]",/home/hyggestuen/Downloads/_WeedyRice/WeedyRice-RGBMS-DB/Masks/DJI_DateTime_2025_01_15_14_56_0089_lat_10.3617993_lon_105.4227655_alt_12.001m.png,2025_01_15_14,train
DJI_DateTime_2025_01_15_14_56_0092_lat_10.3617436_lon_105.4227439_alt_12.002m,/home/hyggestuen/Downloads/_WeedyRice/WeedyRice-RGBMS-DB/RGB/DJI_DateTime_2025_01_15_14_56_0092_lat_10.3617436_lon_105.4227439_alt_12.002m.JPG,,"[""/home/hyggestuen/Downloads/_WeedyRice/WeedyRice-RGBMS-DB/Multispectral/DJI_DateTime_2025_01_15_14_56_0092_lat_10.3617436_lon_105.4227439_alt_12.002m_G.TIF"", ""/home/hyggestuen/Downloads/_WeedyRice/WeedyRice-RGBMS-DB/Multispectral/DJI_DateTime_2025_01_15_14_56_0092_lat_10.3617436_lon_105.4227439_alt_12.002m_NIR.TIF"", ""/home/hyggestuen/Downloads/_WeedyRice/WeedyRice-RGBMS-DB/Multispectral/DJI_DateTime_2025_01_15_14_56_0092_lat_10.3617436_lon_105.4227439_alt_12.002m_R.TIF"", ""/home/hyggestuen/Downloads/_WeedyRice/WeedyRice-RGBMS-DB/Multispectral/DJI_DateTime_2025_01_15_14_56_0092_lat_10.3617436_lon_105.4227439_alt_12.002m_RE.TIF""]",/home/hyggestuen/Downloads/_WeedyRice/WeedyRice-RGBMS-DB/Masks/DJI_DateTime_2025_01_15_14_56_0092_lat_10.3617436_lon_105.4227439_alt_12.002m.png,2025_01_15_14,train
DJI_DateTime_2025_01_15_14_56_0093_lat_10.3617554_lon_105.4227679_alt_11.901m,/home/hyggestuen/Downloads/_WeedyRice/WeedyRice-RGBMS-DB/RGB/DJI_DateTime_2025_01_15_14_56_0093_lat_10.3617554_lon_105.4227679_alt_11.901m.JPG,,"[""/home/hyggestuen/Downloads/_WeedyRice/WeedyRice-RGBMS-DB/Multispectral/DJI_DateTime_2025_01_15_14_56_0093_lat_10.3617554_lon_105.4227679_alt_11.901m_G.TIF"", ""/home/hyggestuen/Downloads/_WeedyRice/WeedyRice-RGBMS-DB/Multispectral/DJI_DateTime_2025_01_15_14_56_0093_lat_10.3617554_lon_105.4227679_alt_11.901m_NIR.TIF"", ""/home/hyggestuen/Downloads/_WeedyRice/WeedyRice-RGBMS-DB/Multispectral/DJI_DateTime_2025_01_15_14_56_0093_lat_10.3617554_lon_105.4227679_alt_11.901m_R.TIF"", ""/home/hyggestuen/Downloads/_WeedyRice/WeedyRice-RGBMS-DB/Multispectral/DJI_DateTime_2025_01_15_14_56_0093_lat_10.3617554_lon_105.4227679_alt_11.901m_RE.TIF""]",/home/hyggestuen/Downloads/_WeedyRice/WeedyRice-RGBMS-DB/Masks/DJI_DateTime_2025_01_15_14_56_0093_lat_10.3617554_lon_105.4227679_alt_11.901m.png,2025_01_15_14,train
DJI_DateTime_2025_01_15_14_56_0094_lat_10.3617724_lon_105.4227914_alt_11.969m,/home/hyggestuen/Downloads/_WeedyRice/WeedyRice-RGBMS-DB/RGB/DJI_DateTime_2025_01_15_14_56_0094_lat_10.3617724_lon_105.4227914_alt_11.969m.JPG,,"[""/home/hyggestuen/Downloads/_WeedyRice/WeedyRice-RGBMS-DB/Multispectral/DJI_DateTime_2025_01_15_14_56_0094_lat_10.3617724_lon_105.4227914_alt_11.969m_G.TIF"", ""/home/hyggestuen/Downloads/_WeedyRice/WeedyRice-RGBMS-DB/Multispectral/DJI_DateTime_2025_01_15_14_56_0094_lat_10.3617724_lon_105.4227914_alt_11.969m_NIR.TIF"", ""/home/hyggestuen/Downloads/_WeedyRice/WeedyRice-RGBMS-DB/Multispectral/DJI_DateTime_2025_01_15_14_56_0094_lat_10.3617724_lon_105.4227914_alt_11.969m_R.TIF"", ""/home/hyggestuen/Downloads/_WeedyRice/WeedyRice-RGBMS-DB/Multispectral/DJI_DateTime_2025_01_15_14_56_0094_lat_10.3617724_lon_105.4227914_alt_11.969m_RE.TIF""]",/home/hyggestuen/Downloads/_WeedyRice/WeedyRice-RGBMS-DB/Masks/DJI_DateTime_2025_01_15_14_56_0094_lat_10.3617724_lon_105.4227914_alt_11.969m.png,2025_01_15_14,train
DJI_DateTime_2025_01_15_14_56_0095_lat_10.3617893_lon_105.4228138_alt_11.995m,/home/hyggestuen/Downloads/_WeedyRice/WeedyRice-RGBMS-DB/RGB/DJI_DateTime_2025_01_15_14_56_0095_lat_10.3617893_lon_105.4228138_alt_11.995m.JPG,,"[""/home/hyggestuen/Downloads/_WeedyRice/WeedyRice-RGBMS-DB/Multispectral/DJI_DateTime_2025_01_15_14_56_0095_lat_10.3617893_lon_105.4228138_alt_11.995m_G.TIF"", ""/home/hyggestuen/Downloads/_WeedyRice/WeedyRice-RGBMS-DB/Multispectral/DJI_DateTime_2025_01_15_14_56_0095_lat_10.3617893_lon_105.4228138_alt_11.995m_NIR.TIF"", ""/home/hyggestuen/Downloads/_WeedyRice/WeedyRice-RGBMS-DB/Multispectral/DJI_DateTime_2025_01_15_14_56_0095_lat_10.3617893_lon_105.4228138_alt_11.995m_R.TIF"", ""/home/hyggestuen/Downloads/_WeedyRice/WeedyRice-RGBMS-DB/Multispectral/DJI_DateTime_2025_01_15_14_56_0095_lat_10.3617893_lon_105.4228138_alt_11.995m_RE.TIF""]",/home/hyggestuen/Downloads/_WeedyRice/WeedyRice-RGBMS-DB/Masks/DJI_DateTime_2025_01_15_14_56_0095_lat_10.3617893_lon_105.4228138_alt_11.995m.png,2025_01_15_14,train
DJI_DateTime_2025_01_15_14_56_0096_lat_10.3618077_lon_105.4228373_alt_11.974m,/home/hyggestuen/Downloads/_WeedyRice/WeedyRice-RGBMS-DB/RGB/DJI_DateTime_2025_01_15_14_56_0096_lat_10.3618077_lon_105.4228373_alt_11.974m.JPG,,"[""/home/hyggestuen/Downloads/_WeedyRice/WeedyRice-RGBMS-DB/Multispectral/DJI_DateTime_2025_01_15_14_56_0096_lat_10.3618077_lon_105.4228373_alt_11.974m_G.TIF"", ""/home/hyggestuen/Downloads/_WeedyRice/WeedyRice-RGBMS-DB/Multispectral/DJI_DateTime_2025_01_15_14_56_0096_lat_10.3618077_lon_105.4228373_alt_11.974m_NIR.TIF"", ""/home/hyggestuen/Downloads/_WeedyRice/WeedyRice-RGBMS-DB/Multispectral/DJI_DateTime_2025_01_15_14_56_0096_lat_10.3618077_lon_105.4228373_alt_11.974m_R.TIF"", ""/home/hyggestuen/Downloads/_WeedyRice/WeedyRice-RGBMS-DB/Multispectral/DJI_DateTime_2025_01_15_14_56_0096_lat_10.3618077_lon_105.4228373_alt_11.974m_RE.TIF""]",/home/hyggestuen/Downloads/_WeedyRice/WeedyRice-RGBMS-DB/Masks/DJI_DateTime_2025_01_15_14_56_0096_lat_10.3618077_lon_105.4228373_alt_11.974m.png,2025_01_15_14,train
DJI_DateTime_2025_01_15_14_56_0097_lat_10.3618254_lon_105.4228606_alt_12.006m,/home/hyggestuen/Downloads/_WeedyRice/WeedyRice-RGBMS-DB/RGB/DJI_DateTime_2025_01_15_14_56_0097_lat_10.3618254_lon_105.4228606_alt_12.006m.JPG,,"[""/home/hyggestuen/Downloads/_WeedyRice/WeedyRice-RGBMS-DB/Multispectral/DJI_DateTime_2025_01_15_14_56_0097_lat_10.3618254_lon_105.4228606_alt_12.006m_G.TIF"", ""/home/hyggestuen/Downloads/_WeedyRice/WeedyRice-RGBMS-DB/Multispectral/DJI_DateTime_2025_01_15_14_56_0097_lat_10.3618254_lon_105.4228606_alt_12.006m_NIR.TIF"", ""/home/hyggestuen/Downloads/_WeedyRice/WeedyRice-RGBMS-DB/Multispectral/DJI_DateTime_2025_01_15_14_56_0097_lat_10.3618254_lon_105.4228606_alt_12.006m_R.TIF"", ""/home/hyggestuen/Downloads/_WeedyRice/WeedyRice-RGBMS-DB/Multispectral/DJI_DateTime_2025_01_15_14_56_0097_lat_10.3618254_lon_105.4228606_alt_12.006m_RE.TIF""]",/home/hyggestuen/Downloads/_WeedyRice/WeedyRice-RGBMS-DB/Masks/DJI_DateTime_2025_01_15_14_56_0097_lat_10.3618254_lon_105.4228606_alt_12.006m.png,2025_01_15_14,train
DJI_DateTime_2025_01_15_14_57_0133_lat_10.3617623_lon_105.4228497_alt_11.997m,/home/hyggestuen/Downloads/_WeedyRice/WeedyRice-RGBMS-DB/RGB/DJI_DateTime_2025_01_15_14_57_0133_lat_10.3617623_lon_105.4228497_alt_11.997m.JPG,,"[""/home/hyggestuen/Downloads/_WeedyRice/WeedyRice-RGBMS-DB/Multispectral/DJI_DateTime_2025_01_15_14_57_0133_lat_10.3617623_lon_105.4228497_alt_11.997m_G.TIF"", ""/home/hyggestuen/Downloads/_WeedyRice/WeedyRice-RGBMS-DB/Multispectral/DJI_DateTime_2025_01_15_14_57_0133_lat_10.3617623_lon_105.4228497_alt_11.997m_NIR.TIF"", ""/home/hyggestuen/Downloads/_WeedyRice/WeedyRice-RGBMS-DB/Multispectral/DJI_DateTime_2025_01_15_14_57_0133_lat_10.3617623_lon_105.4228497_alt_11.997m_R.TIF"", ""/home/hyggestuen/Downloads/_WeedyRice/WeedyRice-RGBMS-DB/Multispectral/DJI_DateTime_2025_01_15_14_57_0133_lat_10.3617623_lon_105.4228497_alt_11.997m_RE.TIF""]",/home/hyggestuen/Downloads/_WeedyRice/WeedyRice-RGBMS-DB/Masks/DJI_DateTime_2025_01_15_14_57_0133_lat_10.3617623_lon_105.4228497_alt_11.997m.png,2025_01_15_14,train
DJI_DateTime_2025_01_15_14_57_0134_lat_10.3617448_lon_105.4228262_alt_11.978m,/home/hyggestuen/Downloads/_WeedyRice/WeedyRice-RGBMS-DB/RGB/DJI_DateTime_2025_01_15_14_57_0134_lat_10.3617448_lon_105.4228262_alt_11.978m.JPG,,"[""/home/hyggestuen/Downloads/_WeedyRice/WeedyRice-RGBMS-DB/Multispectral/DJI_DateTime_2025_01_15_14_57_0134_lat_10.3617448_lon_105.4228262_alt_11.978m_G.TIF"", ""/home/hyggestuen/Downloads/_WeedyRice/WeedyRice-RGBMS-DB/Multispectral/DJI_DateTime_2025_01_15_14_57_0134_lat_10.3617448_lon_105.4228262_alt_11.978m_NIR.TIF"", ""/home/hyggestuen/Downloads/_WeedyRice/WeedyRice-RGBMS-DB/Multispectral/DJI_DateTime_2025_01_15_14_57_0134_lat_10.3617448_lon_105.4228262_alt_11.978m_R.TIF"", ""/home/hyggestuen/Downloads/_WeedyRice/WeedyRice-RGBMS-DB/Multispectral/DJI_DateTime_2025_01_15_14_57_0134_lat_10.3617448_lon_105.4228262_alt_11.978m_RE.TIF""]",/home/hyggestuen/Downloads/_WeedyRice/WeedyRice-RGBMS-DB/Masks/DJI_DateTime_2025_01_15_14_57_0134_lat_10.3617448_lon_105.4228262_alt_11.978m.png,2025_01_15_14,train
DJI_DateTime_2025_01_15_14_57_0135_lat_10.3617272_lon_105.4228033_alt_11.987m,/home/hyggestuen/Downloads/_WeedyRice/WeedyRice-RGBMS-DB/RGB/DJI_DateTime_2025_01_15_14_57_0135_lat_10.3617272_lon_105.4228033_alt_11.987m.JPG,,"[""/home/hyggestuen/Downloads/_WeedyRice/WeedyRice-RGBMS-DB/Multispectral/DJI_DateTime_2025_01_15_14_57_0135_lat_10.3617272_lon_105.4228033_alt_11.987m_G.TIF"", ""/home/hyggestuen/Downloads/_WeedyRice/WeedyRice-RGBMS-DB/Multispectral/DJI_DateTime_2025_01_15_14_57_0135_lat_10.3617272_lon_105.4228033_alt_11.987m_NIR.TIF"", ""/home/hyggestuen/Downloads/_WeedyRice/WeedyRice-RGBMS-DB/Multispectral/DJI_DateTime_2025_01_15_14_57_0135_lat_10.3617272_lon_105.4228033_alt_11.987m_R.TIF"", ""/home/hyggestuen/Downloads/_WeedyRice/WeedyRice-RGBMS-DB/Multispectral/DJI_DateTime_2025_01_15_14_57_0135_lat_10.3617272_lon_105.4228033_alt_11.987m_RE.TIF""]",/home/hyggestuen/Downloads/_WeedyRice/WeedyRice-RGBMS-DB/Masks/DJI_DateTime_2025_01_15_14_57_0135_lat_10.3617272_lon_105.4228033_alt_11.987m.png,2025_01_15_14,train
DJI_DateTime_2025_01_15_14_57_0136_lat_10.3617084_lon_105.4227812_alt_11.986m,/home/hyggestuen/Downloads/_WeedyRice/WeedyRice-RGBMS-DB/RGB/DJI_DateTime_2025_01_15_14_57_0136_lat_10.3617084_lon_105.4227812_alt_11.986m.JPG,,"[""/home/hyggestuen/Downloads/_WeedyRice/WeedyRice-RGBMS-DB/Multispectral/DJI_DateTime_2025_01_15_14_57_0136_lat_10.3617084_lon_105.4227812_alt_11.986m_G.TIF"", ""/home/hyggestuen/Downloads/_WeedyRice/WeedyRice-RGBMS-DB/Multispectral/DJI_DateTime_2025_01_15_14_57_0136_lat_10.3617084_lon_105.4227812_alt_11.986m_NIR.TIF"", ""/home/hyggestuen/Downloads/_WeedyRice/WeedyRice-RGBMS-DB/Multispectral/DJI_DateTime_2025_01_15_14_57_0136_lat_10.3617084_lon_105.4227812_alt_11.986m_R.TIF"", ""/home/hyggestuen/Downloads/_WeedyRice/WeedyRice-RGBMS-DB/Multispectral/DJI_DateTime_2025_01_15_14_57_0136_lat_10.3617084_lon_105.4227812_alt_11.986m_RE.TIF""]",/home/hyggestuen/Downloads/_WeedyRice/WeedyRice-RGBMS-DB/Masks/DJI_DateTime_2025_01_15_14_57_0136_lat_10.3617084_lon_105.4227812_alt_11.986m.png,2025_01_15_14,train
DJI_DateTime_2025_01_15_14_57_0137_lat_10.3616838_lon_105.4227866_alt_12.033m,/home/hyggestuen/Downloads/_WeedyRice/WeedyRice-RGBMS-DB/RGB/DJI_DateTime_2025_01_15_14_57_0137_lat_10.3616838_lon_105.4227866_alt_12.033m.JPG,,"[""/home/hyggestuen/Downloads/_WeedyRice/WeedyRice-RGBMS-DB/Multispectral/DJI_DateTime_2025_01_15_14_57_0137_lat_10.3616838_lon_105.4227866_alt_12.033m_G.TIF"", ""/home/hyggestuen/Downloads/_WeedyRice/WeedyRice-RGBMS-DB/Multispectral/DJI_DateTime_2025_01_15_14_57_0137_lat_10.3616838_lon_105.4227866_alt_12.033m_NIR.TIF"", ""/home/hyggestuen/Downloads/_WeedyRice/WeedyRice-RGBMS-DB/Multispectral/DJI_DateTime_2025_01_15_14_57_0137_lat_10.3616838_lon_105.4227866_alt_12.033m_R.TIF"", ""/home/hyggestuen/Downloads/_WeedyRice/WeedyRice-RGBMS-DB/Multispectral/DJI_DateTime_2025_01_15_14_57_0137_lat_10.3616838_lon_105.4227866_alt_12.033m_RE.TIF""]",/home/hyggestuen/Downloads/_WeedyRice/WeedyRice-RGBMS-DB/Masks/DJI_DateTime_2025_01_15_14_57_0137_lat_10.3616838_lon_105.4227866_alt_12.033m.png,2025_01_15_14,train
DJI_DateTime_2025_01_15_14_57_0138_lat_10.3616839_lon_105.4228095_alt_11.926m,/home/hyggestuen/Downloads/_WeedyRice/WeedyRice-RGBMS-DB/RGB/DJI_DateTime_2025_01_15_14_57_0138_lat_10.3616839_lon_105.4228095_alt_11.926m.JPG,,"[""/home/hyggestuen/Downloads/_WeedyRice/WeedyRice-RGBMS-DB/Multispectral/DJI_DateTime_2025_01_15_14_57_0138_lat_10.3616839_lon_105.4228095_alt_11.926m_G.TIF"", ""/home/hyggestuen/Downloads/_WeedyRice/WeedyRice-RGBMS-DB/Multispectral/DJI_DateTime_2025_01_15_14_57_0138_lat_10.3616839_lon_105.4228095_alt_11.926m_NIR.TIF"", ""/home/hyggestuen/Downloads/_WeedyRice/WeedyRice-RGBMS-DB/Multispectral/DJI_DateTime_2025_01_15_14_57_0138_lat_10.3616839_lon_105.4228095_alt_11.926m_R.TIF"", ""/home/hyggestuen/Downloads/_WeedyRice/WeedyRice-RGBMS-DB/Multispectral/DJI_DateTime_2025_01_15_14_57_0138_lat_10.3616839_lon_105.4228095_alt_11.926m_RE.TIF""]",/home/hyggestuen/Downloads/_WeedyRice/WeedyRice-RGBMS-DB/Masks/DJI_DateTime_2025_01_15_14_57_0138_lat_10.3616839_lon_105.4228095_alt_11.926m.png,2025_01_15_14,train
DJI_DateTime_2025_01_15_14_57_0139_lat_10.3617006_lon_105.4228325_alt_11.945m,/home/hyggestuen/Downloads/_WeedyRice/WeedyRice-RGBMS-DB/RGB/DJI_DateTime_2025_01_15_14_57_0139_lat_10.3617006_lon_105.4228325_alt_11.945m.JPG,,"[""/home/hyggestuen/Downloads/_WeedyRice/WeedyRice-RGBMS-DB/Multispectral/DJI_DateTime_2025_01_15_14_57_0139_lat_10.3617006_lon_105.4228325_alt_11.945m_G.TIF"", ""/home/hyggestuen/Downloads/_WeedyRice/WeedyRice-RGBMS-DB/Multispectral/DJI_DateTime_2025_01_15_14_57_0139_lat_10.3617006_lon_105.4228325_alt_11.945m_NIR.TIF"", ""/home/hyggestuen/Downloads/_WeedyRice/WeedyRice-RGBMS-DB/Multispectral/DJI_DateTime_2025_01_15_14_57_0139_lat_10.3617006_lon_105.4228325_alt_11.945m_R.TIF"", ""/home/hyggestuen/Downloads/_WeedyRice/WeedyRice-RGBMS-DB/Multispectral/DJI_DateTime_2025_01_15_14_57_0139_lat_10.3617006_lon_105.4228325_alt_11.945m_RE.TIF""]",/home/hyggestuen/Downloads/_WeedyRice/WeedyRice-RGBMS-DB/Masks/DJI_DateTime_2025_01_15_14_57_0139_lat_10.3617006_lon_105.4228325_alt_11.945m.png,2025_01_15_14,train
DJI_DateTime_2025_01_15_14_57_0140_lat_10.3617183_lon_105.4228555_alt_11.948m,/home/hyggestuen/Downloads/_WeedyRice/WeedyRice-RGBMS-DB/RGB/DJI_DateTime_2025_01_15_14_57_0140_lat_10.3617183_lon_105.4228555_alt_11.948m.JPG,,"[""/home/hyggestuen/Downloads/_WeedyRice/WeedyRice-RGBMS-DB/Multispectral/DJI_DateTime_2025_01_15_14_57_0140_lat_10.3617183_lon_105.4228555_alt_11.948m_G.TIF"", ""/home/hyggestuen/Downloads/_WeedyRice/WeedyRice-RGBMS-DB/Multispectral/DJI_DateTime_2025_01_15_14_57_0140_lat_10.3617183_lon_105.4228555_alt_11.948m_NIR.TIF"", ""/home/hyggestuen/Downloads/_WeedyRice/WeedyRice-RGBMS-DB/Multispectral/DJI_DateTime_2025_01_15_14_57_0140_lat_10.3617183_lon_105.4228555_alt_11.948m_R.TIF"", ""/home/hyggestuen/Downloads/_WeedyRice/WeedyRice-RGBMS-DB/Multispectral/DJI_DateTime_2025_01_15_14_57_0140_lat_10.3617183_lon_105.4228555_alt_11.948m_RE.TIF""]",/home/hyggestuen/Downloads/_WeedyRice/WeedyRice-RGBMS-DB/Masks/DJI_DateTime_2025_01_15_14_57_0140_lat_10.3617183_lon_105.4228555_alt_11.948m.png,2025_01_15_14,train
