{
  "train_loss": [
    0.6323129266326191,
    0.6162795885729279,
    0.582329620859544,
    0.5677799179307667,
    0.548835117217393,
    0.539986694532993,
    0.5144724738992911,
    0.5006535908399734,
    0.5120557864971793,
    0.45099620372928373,
    0.4843803758044921,
    0.4494751173618012,
    0.43191765530532333,
    0.421414277706927,
    0.4188284585815192,
    0.4191785026014897,
    0.44511224744845085,
    0.4349251913513124,
    0.43279704108805217,
    0.3987824238299394,
    0.41615690009171036,
    0.38431896057277626,
    0.4007459002861038,
    0.4044286428603977,
    0.4244141076740466,
    0.40974583286523353,
    0.39547967980479637,
    0.3853554209770515,
    0.38343593414299204,
    0.3886291520637378,
    0.3561061234966821,
    0.37024477583158316,
    0.3866561693057679,
    0.36893860545539486,
    0.3940783669376931,
    0.3718293459094756,
    0.3831080393484461,
    0.3582023054535626,
    0.3658404410698725,
    0.3865126638616967,
    0.36250387971628945,
    0.3609508076141685,
    0.3639688382604201,
    0.38692028085623104,
    0.3524062519649781,
    0.3484496219813475,
    0.3374608150932059,
    0.3316323922159147,
    0.35994472187629684,
    0.3337889937629477,
    0.33918577839291814,
    0.33908366459852074,
    0.3370473391828481,
    0.332223508325469,
    0.33853542037874634,
    0.3411789902469568,
    0.31776594232629846,
    0.31047267337523937,
    0.3371024759192216,
    0.3269848853756345,
    0.32430290339285867,
    0.31820185189126293,
    0.35055740372246935,
    0.3330120566295601,
    0.309066151550174,
    0.3151240107144064,
    0.30737154967138874,
    0.3019849840428165,
    0.2931549539807712,
    0.2991092179486161,
    0.294834419997812,
    0.3161873073838143,
    0.2914231804146869,
    0.3049332008027194,
    0.313971625201651,
    0.3034467532156039,
    0.3042771576905576,
    0.3113490840380187,
    0.27553544174625627,
    0.27622239213240773,
    0.30419765729420833,
    0.3015151170262119,
    0.30740353587078073,
    0.2891757386004948,
    0.29249772597939416,
    0.29794269811804996,
    0.29002031840776143
  ],
  "val_loss": [
    0.5871649102731185,
    0.6321496996012601,
    0.5660320487889376,
    0.5336670062758706,
    0.9145205324346369,
    0.4253184806216847,
    0.5405167287046259,
    1.5986901760101317,
    0.4574470975182273,
    0.5410538619214839,
    0.6419475333257155,
    0.42940644567663017,
    0.35987872969020496,
    0.8526840285821394,
    0.4058777169747786,
    0.4947071601044048,
    0.5955304579301314,
    0.8512031392617659,
    0.3074024330485951,
    0.315086369080977,
    0.3973399682478471,
    0.3040113470771096,
    0.29769108187068594,
    0.5923690698363564,
    0.4160418705506758,
    0.49237010045485063,
    0.30933057286522603,
    0.4686442472717979,
    0.45155169421976266,
    0.34856841943480754,
    0.33573633649132467,
    0.3200336456298828,
    0.3260162743655118,
    0.29240137826312673,
    0.31585580002177843,
    0.265068043903871,
    0.34863142533735797,
    0.4462171267379414,
    0.3135868191719055,
    0.28667942664840007,
    0.4255005554719405,
    0.4205911495468833,
    0.3688400620763952,
    0.2832178137519143,
    0.41150342686609787,
    0.39573602134531194,
    0.27418470626527613,
    0.28096629272807727,
    0.2570190180431713,
    0.36902775954116473,
    0.29428884224458174,
    0.2479555536400188,
    0.2758540018038316,
    0.2678438446738503,
    0.2664415863427249,
    0.2525743847543543,
    0.25236562923951583,
    0.2810256172310222,
    0.24423901411620053,
    0.3092735799876126,
    0.25593262694098734,
    0.2513177969238975,
    0.2787947454235771,
    0.2425995783372359,
    0.33985932144251735,
    0.23409610146825963,
    0.23797727606513283,
    0.25052381699735465,
    0.23131107471205972,
    0.23917621049014004,
    0.23286466544324702,
    0.22539327957413413,
    0.24745410057631406,
    0.2489550146189603,
    0.2317699448628859,
    0.23247921439734373,
    0.25003959861668673,
    0.23344358964399858,
    0.22885681715878572,
    0.2155744043263522,
    0.2237902503121983,
    0.23586676933548667,
    0.23030797324397348,
    0.2374312934550372,
    0.22277547391978178,
    0.2315692739053206,
    0.23440756499767304
  ],
  "train_miou": [
    0.4090883100830693,
    0.4282283824533348,
    0.4892299392589389,
    0.4942700415521106,
    0.5283685006115773,
    0.5095265702694272,
    0.5603609753171168,
    0.5766997276551119,
    0.5599925795925635,
    0.6150885079482722,
    0.5776657081798343,
    0.6124543925329873,
    0.6270208395269323,
    0.6378757371098254,
    0.6163054043227713,
    0.6395051008893815,
    0.6056240636005373,
    0.6186881518252947,
    0.6343781528785467,
    0.667201071408325,
    0.6406677199392543,
    0.6746673896203809,
    0.6615299226038938,
    0.6554063002198208,
    0.6369731603301705,
    0.6576541835157695,
    0.6549591611173013,
    0.6728352431266964,
    0.6747665420026572,
    0.6574077408158104,
    0.7027274463270615,
    0.6877790904404655,
    0.6729436700850779,
    0.6787672925391779,
    0.6675240546222261,
    0.6903549093840582,
    0.6760718699364601,
    0.6954776293675067,
    0.7027814877763822,
    0.6743651647899034,
    0.6918252756441361,
    0.7006204862817493,
    0.693144290703958,
    0.6814636826467455,
    0.6904021739142735,
    0.7088407133036145,
    0.7165058980307549,
    0.720261330662062,
    0.7012570228556749,
    0.7151259282520566,
    0.7070270254894955,
    0.7122317749415445,
    0.7124917534605851,
    0.7205461664046735,
    0.7107641993031126,
    0.716447221568576,
    0.7315174474823913,
    0.7352323663120282,
    0.7124921662515629,
    0.7186800024128022,
    0.731049512890005,
    0.7267584374095724,
    0.7062614276648614,
    0.7121100584587006,
    0.7313744692239368,
    0.7256181172059062,
    0.737001519797504,
    0.7437841594677141,
    0.7516688907125499,
    0.7489200852148432,
    0.7564275024539646,
    0.7264984945760358,
    0.7430005788419733,
    0.7380792190883212,
    0.7308919494610644,
    0.7407848573741911,
    0.735632006014294,
    0.7382956501938043,
    0.7564762869607484,
    0.7635002405153632,
    0.7495808275256937,
    0.7436996268700249,
    0.7391766579810986,
    0.7615111476464119,
    0.7489617325827794,
    0.7440160929530326,
    0.7526764595713606
  ],