{
  "train_loss": [
    0.626145505998102,
    0.5558606885794776,
    0.5355833069390489,
    0.5008011454494841,
    0.4997702513986628,
    0.48251609727885525,
    0.4925072504530641,
    0.4481163289811876,
    0.47969708433392916,
    0.4680331362153587,
    0.4424920542198315,
    0.4316075879927964,
    0.4247840159585369,
    0.4184881869347704,
    0.4085268116833871,
    0.4206398920706141,
    0.41846762019523637,
    0.41020325168996297,
    0.3998913202601799,
    0.3876830464915225,
    0.3852666839521531,
    0.3936593098017672,
    0.40682566119448715,
    0.3716076796050193,
    0.41699895500904405,
    0.37448985697465564,
    0.38169673613869887,
    0.384118316698725,
    0.380051636324059,
    0.33989471719976055,
    0.3697630285519605,
    0.38124437313563175,
    0.37378591031823705,
    0.36864994864250017,
    0.3616660898424264,
    0.3688725853524013,
    0.37481365543127526,
    0.3309518407892298,
    0.35558650600515146,
    0.3592681917298375,
    0.3374414699584188,
    0.3625163695036087,
    0.35451463021730123,
    0.32550509329195376,
    0.35705921361785653,
    0.35043502318696435,
    0.33407330559475845,
    0.31637599128961097,
    0.3273254911801968,
    0.3389969820167586,
    0.33998810617547287,
    0.34958633995427957,
    0.3390070058216593,
    0.3376749203219051,
    0.34229032221825734,
    0.3408221984699688,
    0.35079226484540377,
    0.3471596164312976,
    0.3373090890880681,
    0.31105471935420936,
    0.34388936425742583,
    0.3083384311222426,
    0.31788473182719124,
    0.34164616587566354,
    0.31258346520901653,
    0.31016033620629857,
    0.313365043022944,
    0.3291135278129206,
    0.3141809169776723,
    0.3033962589025962,
    0.28894619449072645,
    0.32393885658033644,
    0.29074886923412596,
    0.3124169210011964,
    0.3012087103451437,
    0.3199362348162407,
    0.32082568599931444,
    0.2811529420272649,
    0.31157410563084115,
    0.2993814989372536,
    0.28763969204811557,
    0.3167994561483521,
    0.29016938172353407,
    0.293535767126734,
    0.29131406057647796,
    0.29981506138052394,
    0.3164113729785525
  ],
  "val_loss": [
    0.559653348272497,
    1.731733868338845,
    0.4803684884851629,
    1.7533614798025652,
    1.1967400182377208,
    1.6862095334313132,
    0.5324442565441132,
    0.45695645592429424,
    0.4885767221450806,
    0.4953069784424522,
    0.34554637291214685,
    0.35379489118402657,
    0.3953650718385523,
    0.5488184002312747,
    0.33597298535433684,
    0.6805676807056774,
    0.5148207805373451,
    0.3467046455903487,
    0.3428036234595559,
    0.31563100110400805,
    0.7046019879254428,
    0.6507703369314021,
    0.45729145299304613,
    0.37074401541189717,
    0.34536901766603645,
    0.6046102036129345,
    0.3978173916990107,
    0.4532964440909299,
    0.7382810549302534,
    0.32353606386618183,
    0.3820967603813518,
    0.32642200805924154,
    0.3275157072327354,
    0.30887267806313257,
    0.2990318217060783,
    0.2890347811308774,
    0.6640849411487579,
    0.3239405951716683,
    0.36100116751410743,
    0.31914831399917604,
    0.3193237353454937,
    0.2853893534703688,
    0.2922148942947388,
    0.29914651242169465,
    0.2852519831874154,
    0.2771032225001942,
    0.2820907820354808,
    0.3140237049622969,
    0.2865076850761067,
    0.27958757877349855,
    0.4606214474547993,
    0.3104353276166049,
    0.2798844559626146,
    0.42470516779206013,
    0.29527175589041277,
    0.2990036476742138,
    0.28929723988879813,
    0.2862721584059975,
    0.292693922736428,
    0.30791720856319776,
    0.2687959909439087,
    0.3119393061507832,
    0.27769722179933026,
    0.26860656033862723,
    0.25247897668318314,
    0.3197215968912298,
    0.2476641075177626,
    0.24856710298494858,
    0.333697078444741,
    0.27080353064970536,
    0.28194941228086295,
    0.24080064513466576,
    0.26275343678214336,
    0.2715464911677621,
    0.24677806821736423,
    0.25616457733240994,
    0.248868191242218,
    0.24732840846885334,
    0.24616353755647485,
    0.24588318981907584,
    0.24417514882304453,
    0.25425593744624747,
    0.2668076027523388,
    0.24650503559546036,
    0.2539389426057989,
    0.2509137931195172,
    0.24493251253258097
  ],
  "train_miou": [
    0.4395831032255627,
    0.5058059072493806,
    0.5435823181194379,
    0.5609286909045617,
    0.564385519645468,
    0.5957551935334746,
    0.5800900519004931,
    0.6081805337088023,
    0.5895288320562285,
    0.6024381239770566,
    0.6101494353332975,
    0.6333427113130252,
    0.6460017064639347,
    0.6437993496047454,
    0.6518486241744872,
    0.6504309542902093,
    0.6326220373907083,
    0.6560043193728529,
    0.6723175499545659,
    0.6842869937007432,
    0.6768999938909033,
    0.6623250411601138,
    0.6606942975472585,
    0.6771806749641365,
    0.6607979629469646,
    0.6808530865621958,
    0.681906375499332,
    0.665421876306,
    0.6875112496547799,
    0.7164950854195455,
    0.6894903073821708,
    0.6757337825019178,
    0.6904378248179475,
    0.6872309098368743,
    0.6936286502793518,
    0.701047253118005,
    0.685027759165215,
    0.7235591584161891,
    0.7114988620509847,
    0.6970753868135444,
    0.710763735553615,
    0.6962878277825326,
    0.6974933979283553,
    0.7225027400707912,
    0.6950886875868031,
    0.7038014169309432,
    0.7191319024122675,
    0.7310851131060749,
    0.7151857621953266,
    0.7101749528576797,
    0.7144241162067941,
    0.7031270780504439,
    0.7027637575858678,
    0.7161719021332218,
    0.7144207391625765,
    0.7099525718950825,
    0.7060174698587472,
    0.710075723946427,
    0.7196313790604497,
    0.7366469542801001,
    0.7059172110648948,
    0.7463497250257813,
    0.7288804217840497,
    0.7082974611066597,
    0.7303915511476291,
    0.7380475906963893,
    0.7372319836404495,
    0.7343444715528087,
    0.7399797420673481,
    0.740940453925172,
    0.7537796107536848,
    0.7231922752435903,
    0.758654518865539,
    0.7404214964783759,
    0.73891740639052,
    0.7218739978977844,
    0.7241316920061596,
    0.7569708898069234,
    0.7453672932757439,
    0.7461486246968129,
    0.7528774847283777,
    0.7279238300998676,
    0.7565977657165001,
    0.7506811019813431,
    0.7487071415529991,
    0.7487530956070645,
    0.7340696982471321
  ],