{
  "train_loss": [
    0.48289373697128446,
    0.40922365086352847,
    0.4219318779356066,
    0.4096752941956994,
    0.38107979344113296,
    0.4012576360219171,
    0.3900036442349529,
    0.39157904216885336,
    0.37119977794892606,
    0.35794700214504965,
    0.379761332656905,
    0.3532818755675942,
    0.35458390010960156,
    0.36191280799070064,
    0.3803199734139396,
    0.3675224318606579,
    0.3555334274299428,
    0.3133696113181161,
    0.3455838306605467,
    0.3134169318290249,
    0.30785116094362436,
    0.3601420422976012,
    0.3712368071892573,
    0.3255220291442574,
    0.3099742584061204,
    0.3514050296407926,
    0.3184014054534496,
    0.30565366758937723,
    0.3421886299553438,
    0.3335393358159948,
    0.33117018898560524,
    0.32634960884703995,
    0.327663512954935,
    0.31759026919656796,
    0.3105114119791845,
    0.3414151763823065,
    0.31664355549431217,
    0.3087764441618445,
    0.33618246161217347,
    0.3117913061182866,
    0.31168977698387457,
    0.30677198852479576,
    0.3179569778851366,
    0.3053152454294424,
    0.2998840667118571,
    0.290144361018205,
    0.3178364273167958,
    0.3305742601205034,
    0.2667997408563863,
    0.26749920763699864,
    0.30369586507711727,
    0.30578395823056703,
    0.2844128232253225,
    0.2932582886827852,
    0.2861983848129332,
    0.3044664371780485,
    0.26670162127031916,
    0.2946861638427943,
    0.29920715965025607,
    0.28298063422271846,
    0.3240320731324759,
    0.2839564678729394,
    0.27842239910631383,
    0.26957754549692015,
    0.26192751079507276,
    0.285705725235781,
    0.26954340005246286,
    0.2799156727614226,
    0.27569762203428483,
    0.2633618938992595,
    0.2749926774357727,
    0.2622704309562029,
    0.24640527675491095
  ],
  "val_loss": [
    1.095830832828175,
    1.345467537099665,
    0.8146985303271901,
    0.5416582876985724,
    0.39656697620045056,
    0.6569641839374195,
    0.49749823104251517,
    0.45934633341702547,
    0.5359089585867796,
    0.35063921321522107,
    0.41725783944129946,
    0.5509739854119041,
    0.34300715706565166,
    0.5030775238167156,
    0.3894842803478241,
    0.34473470015959307,
    0.38703073100610214,
    0.42623229893771086,
    0.4844807375561107,
    0.28988460898399354,
    0.3315953606908972,
    0.3383753175085241,
    0.3060503374446522,
    0.33894908970052545,
    0.28841957395726986,
    0.3168242053552107,
    0.28774497509002683,
    0.35320402600548484,
    0.29652091698213057,
    0.28503262346441094,
    0.35458618239922957,
    0.3151220657608726,
    0.2941234214739366,
    0.6554388230497187,
    0.30021421638402074,
    0.28473411906849255,
    0.3099681306969036,
    0.3140115288170901,
    0.27687749645926735,
    0.29831928773359817,
    0.3170196137645028,
    0.284763182293285,
    0.27599588307467376,
    0.29423868710344486,
    0.3316740772940896,
    0.311230177229101,
    0.2980397256937894,
    0.36678202910856766,
    0.27993668642911046,
    0.27588817748156463,
    0.3090813625942577,
    0.27213390306992963,
    0.2802796174179424,
    0.3217162424867803,
    0.26700651374730194,
    0.28098845969546926,
    0.2887535908005454,
    0.2672968989068812,
    0.2651304510506717,
    0.2704615956003016,
    0.3325939969582991,
    0.27420891252431,
    0.29137095646424727,
    0.31979067759080365,
    0.26954935518178075,
    0.2705387213013389,
    0.30810585672205143,
    0.2862386064095931,
    0.2862275540828705,
    0.29190967949953944,
    0.26825501972978766,
    0.30115726373412394,
    0.26262673464688385
  ],
  "train_miou": [
    0.6055375648920499,
    0.675681632114217,
    0.6528652624848768,
    0.6607944343291903,
    0.6796348752390906,
    0.6566425343607185,
    0.6760596234730425,
    0.6699946710144487,
    0.7011844625178414,
    0.7002459689469943,
    0.674331998055963,
    0.6953764101520435,
    0.6993526459002315,
    0.702205768899127,
    0.6849835225564813,
    0.6840205155927382,
    0.7104604441081297,
    0.7461862049094758,
    0.6964016549807592,
    0.7366186581903221,
    0.7457510678807089,
    0.7025173004116598,
    0.6959249155623906,
    0.7291435885194272,
    0.7411532583067586,
    0.7049309393991151,
    0.7377980492090461,
    0.751915778949517,
    0.7134614259767049,
    0.7216541939321167,
    0.7240670261956917,
    0.7300112512055847,
    0.7390187204000891,
    0.7396688943633287,
    0.7357226082450801,
    0.7222875697122543,
    0.7338392603170389,
    0.7470644659673297,
    0.7148211503350858,
    0.7413056136243799,
    0.7276917010773725,
    0.7562348009041919,
    0.7306116626971559,
    0.7437744252015978,
    0.7418797001039761,
    0.7534702286713424,
    0.7342128114485168,
    0.7267323026903452,
    0.7741401760119485,
    0.7800807515294106,
    0.7446735416736754,
    0.7509513303461675,
    0.763827416037187,
    0.7600442518786514,
    0.7625044892535462,
    0.744873406780381,
    0.7733015862200774,
    0.7405283333049664,
    0.7490973183856919,
    0.7607631900738187,
    0.7342900774413097,
    0.7618812761194755,
    0.7639670780625576,
    0.7763845131575258,
    0.7793892453859776,
    0.765076480280034,
    0.7764207250368691,
    0.7597564122038698,
    0.7667226718784581,
    0.7816949992185307,
    0.771155397269256,
    0.7735766882640185,
    0.7950875692007321
  ],
  "val_miou": [
    0.26407879533041556,
    0.3360320022619273,
    0.33318764337719253,
    0.49100684475898515,
    0.6847274925889069,
    0.4955104571321467,
    0.5274873239136995,
    0.6359266012824801,
    0.5857538415269667,
    0.7323727647756527,
    0.6794349751360214,
    0.5353553045965452,
    0.75302999575929,
    0.6276487963627964,
    0.7027905274039998,
    0.7506738618217607,
    0.6610202682422173,
    0.7032237005989276,
    0.5940793713883953,
    0.7750379425474264,
    0.7385232239787733,
    0.744866096967803,
    0.7676661714987083,
    0.7073084792924337,
    0.7731643531322815,
    0.7418057438774881,
    0.7657242718809175,
    0.7270151343421396,
    0.7840312115326719,
    0.7873045813138513,
    0.7131973126548325,
    0.7555247252600381,
    0.7845899822118029,
    0.5692407380636615,
    0.7805883820447019,
    0.7752756075230042,
    0.7653856726762909,
    0.7677558386653505,
    0.7912962168420694,
    0.7854596005195861,
    0.772519162578778,
    0.7975536354054282,
    0.7915742260777475,
    0.7717854115346121,
    0.7468991181224585,
    0.7439546494964794,
    0.7643294320911196,
    0.7024628114006157,
    0.7843965306482478,
    0.7883581575446339,
    0.7589722722381034,
    0.8026137590295787,
    0.7871706085437825,
    0.7288116087277505,
    0.7979676048816586,
    0.7917283374791844,
    0.7843224603572162,
    0.8029508709245876,
    0.8011412745438372,
    0.801939255955369,
    0.7302771609607512,
    0.7913899641520752,
    0.7696566837387959,
    0.724916906945249,
    0.7941313493874598,
    0.7987502690277035,
    0.7759602478465033,
    0.776465020519773,
    0.7828454429642597,
    0.7715307928972347,
    0.8014381183218955,
    0.7615954935315705,
    0.8028982634960609
  ]
}