{
  "train_loss": [
    0.6091595314167164,
    0.523023238191363,
    0.4767503431665967,
    0.4509237886172289,
    0.42347677362824976,
    0.4133452467518708,
    0.3797123875999079,
    0.40110317912482846,
    0.368854112095303,
    0.37099988604614376,
    0.38915861605668395,
    0.36945915617208497,
    0.365352384992975,
    0.3640864915550336,
    0.37286347627175015,
    0.4001560452853495,
    0.34817613286581656,
    0.34358788861168754,
    0.30946046450914233,
    0.3428596736859625,
    0.3492500345144588,
    0.35407490432843364,
    0.34276482329266345,
    0.3518840395219145,
    0.3574449911452176,
    0.33918200017880745,
    0.32560157775878906,
    0.324493316181919,
    0.3140706848679927,
    0.33034414413147273,
    0.3361058572114792,
    0.30858577877922133,
    0.3495562773698952,
    0.32664739434946816,
    0.3488724993915818,
    0.33828743368561504,
    0.3525300309439616,
    0.3148496216035958,
    0.31933329398171945,
    0.3404839601200691,
    0.3083226494854189,
    0.3115112913979424,
    0.30954585042845667,
    0.28412270197394296,
    0.2917029862283034,
    0.3285412335256387,
    0.3093599227436802,
    0.3175131298645198,
    0.30578384343643633,
    0.3168427295852126,
    0.3050806975504111,
    0.30597091650637503,
    0.30119251135961816,
    0.29533209531163146,
    0.2929038699375026,
    0.3069004394389965,
    0.29110872629325524,
    0.30225133221981354,
    0.2846424519202398,
    0.30882536040412056,
    0.291061839397423,
    0.29316345618249845,
    0.2687006087331047,
    0.308832973532277,
    0.2651574237537198,
    0.2845020605574342,
    0.2692057633260537,
    0.28855323140848915,
    0.2766335443911264,
    0.29765654539736625,
    0.2787001021424232,
    0.2640928768972207,
    0.2686242836493033,
    0.28162354765347336,
    0.2811086730882671,
    0.2812077866660224,
    0.2580845742894892,
    0.2709234062923558,
    0.2684380376083344,
    0.2621205867382518,
    0.27592775498682065,
    0.2657796949671026,
    0.2658844539064181
  ],
  "val_loss": [
    0.6205483951351859,
    0.3994397315112027,
    0.39937329509041525,
    0.3567849213426763,
    0.5856873187151822,
    0.4354955933310769,
    1.885225621136752,
    0.7649091178720647,
    0.5330192706801674,
    0.6445577816529707,
    0.4849804596467452,
    0.30498916615139354,
    0.5510475272482092,
    0.32328202670270745,
    0.3428213428367268,
    0.3155825446952473,
    0.2915420044552196,
    1.4717679717323997,
    0.3133647208864039,
    0.3877286667173559,
    0.32913962548429315,
    0.30664324001832444,
    0.3050605920228091,
    0.2791502047668804,
    0.4265751611102711,
    0.34898521547967737,
    0.34958633211526,
    0.30646289587020875,
    0.33532408584247936,
    0.30830296711488203,
    0.2853862469846552,
    0.2692693848501552,
    0.41477897329763935,
    0.26459108211777427,
    0.32234962528402156,
    0.27409665503285147,
    0.2864174875346097,
    0.3342894673347473,
    0.4104704434221441,
    0.32627008990807965,
    0.2814806851473722,
    0.2801851760257374,
    0.2784777142784812,
    0.26023145697333594,
    0.27768103724176235,
    0.32779004926031285,
    0.3550275146961212,
    0.25498684455047954,
    0.2744055260311474,
    0.28121858672662214,
    0.2531496289101514,
    0.26103486798026343,
    0.25286017466675154,
    0.29804788692431017,
    0.2715242177248001,
    0.2628020327199589,
    0.32700091356580907,
    0.26562951613556257,
    0.2478495112874291,
    0.26284494237466294,
    0.26983017189936204,
    0.3011807674711401,
    0.2657218106768348,
    0.25555174513296647,
    0.2360495155507868,
    0.2448382085019892,
    0.2589028640226884,
    0.23946735750545156,
    0.2479938712987033,
    0.26758150864731184,
    0.25030442476272585,
    0.24047641266476025,
    0.24508413184772837,
    0.24673921194943516,
    0.25380304889245464,
    0.2503660359165885,
    0.24864887595176696,
    0.24396365935152228,
    0.23796616277911448,
    0.23679319647225466,
    0.23810042197054082,
    0.24219814484769647,
    0.24255994070659984
  ],
  "train_miou": [
    0.46433275031644533,
    0.557958319001391,
    0.5815165550680377,
    0.628938373669236,
    0.6409030511476665,
    0.6570463503613253,
    0.689989027102052,
    0.6704793250598585,
    0.6877910420286019,
    0.6862908873206006,
    0.6782621005427816,
    0.688666178945062,
    0.6986946476343775,
    0.696903630786342,
    0.6799819458674079,
    0.6655612537482024,
    0.7104884796873343,
    0.7075062686973805,
    0.7419527165303275,
    0.7094573613916592,
    0.69924518989675,
    0.6982283318473491,
    0.703210154422762,
    0.7037100489211989,
    0.7021668991776316,
    0.7094287029069892,
    0.7310385829246941,
    0.7310363506068407,
    0.7471641707191337,
    0.723811721220382,
    0.7093072418861549,
    0.7385124705653585,
    0.7048335378946315,
    0.7110840756458399,
    0.7115176133207977,
    0.7198684549188261,
    0.7013366996549282,
    0.7451145362582794,
    0.7302600381749494,
    0.7169386132227775,
    0.7401186615704898,
    0.7423672881626895,
    0.7364664088407604,
    0.7617917634647181,
    0.7536696666037255,
    0.7245271400300384,
    0.7443779696039219,
    0.7371398233245049,
    0.7486943101190002,
    0.7284989264146294,
    0.7389047658593302,
    0.7427948645883821,
    0.7463292806613258,
    0.747375469651756,
    0.7597837438874284,
    0.7469361571630689,
    0.7509074883571155,
    0.7410665494305018,
    0.758113554539091,
    0.7406770291092768,
    0.7549553086604157,
    0.7520547113911227,
    0.7738778321299185,
    0.746285559349896,
    0.7745935959832435,
    0.7671975852820163,
    0.7739019602297155,
    0.7537919866131373,
    0.7659254412909969,
    0.7547533716921224,
    0.7645505061301523,
    0.7792648408770906,
    0.7736058877913736,
    0.7656325234114902,
    0.7617588002902728,
    0.7600793190321725,
    0.7811606489563476,
    0.7729262235787258,
    0.7801174452359602,
    0.7770199370558163,
    0.7660640083632883,
    0.7731362001112547,
    0.7814748385429129
  ],