{
  "input_type": "synthetic",
  "seed": 42,
  "best_val_miou": 0.8051040044983132,
  "test_loss": 0.228738080005388,
  "test_miou": 0.8002241612717498,
  "test_per_class_iou": {
    "0": 0.861883812388909,
    "1": 0.7385645101545906
  },
  "epochs_trained": 83,
  "model_params": 14331490,
  "config": {
    "data_root": "./data/WeedyRice-full-data/",
    "input_type": "synthetic",
    "image_size": 256,
    "num_classes": 2,
    "ms_channels": 4,
    "epochs": 100,
    "batch_size": 8,
    "lr": 0.001,
    "weight_decay": 0.0001,
    "patience": 15,
    "seed": 42,
    "output_dir": "./results"
  },
  "timestamp": "2026-02-25T15:44:17.016049"
}