sample_id,split,patch_id,origin,x,y,width,height,weed_pixels,is_empty
DJI_DateTime_2024_06_04_09_14_0013_lat_10.3013333_lon_105.2719561_alt_20.217m,train,DJI_DateTime_2024_06_04_09_14_0013_lat_10.3013333_lon_105.2719561_alt_20.217m__p001,DJI_DateTime_2024_06_04_09_14_0013_lat_10.3013333_lon_105.2719561_alt_20.217m,640,0,640,480,101108,0
DJI_DateTime_2024_06_04_09_14_0013_lat_10.3013333_lon_105.2719561_alt_20.217m,train,DJI_DateTime_2024_06_04_09_14_0013_lat_10.3013333_lon_105.2719561_alt_20.217m__p002,DJI_DateTime_2024_06_04_09_14_0013_lat_10.3013333_lon_105.2719561_alt_20.217m,0,480,640,480,0,1
DJI_DateTime_2024_06_04_09_14_0013_lat_10.3013333_lon_105.2719561_alt_20.217m,train,DJI_DateTime_2024_06_04_09_14_0013_lat_10.3013333_lon_105.2719561_alt_20.217m__p003,DJI_DateTime_2024_06_04_09_14_0013_lat_10.3013333_lon_105.2719561_alt_20.217m,640,480,640,480,99011,0
DJI_DateTime_2024_06_04_09_14_0014_lat_10.3013805_lon_105.2719234_alt_20.182m,train,DJI_DateTime_2024_06_04_09_14_0014_lat_10.3013805_lon_105.2719234_alt_20.182m__p000,DJI_DateTime_2024_06_04_09_14_0014_lat_10.3013805_lon_105.2719234_alt_20.182m,0,0,640,480,0,1
DJI_DateTime_2024_06_04_09_14_0014_lat_10.3013805_lon_105.2719234_alt_20.182m,train,DJI_DateTime_2024_06_04_09_14_0014_lat_10.3013805_lon_105.2719234_alt_20.182m__p001,DJI_DateTime_2024_06_04_09_14_0014_lat_10.3013805_lon_105.2719234_alt_20.182m,640,0,640,480,69447,0
DJI_DateTime_2024_06_04_09_14_0014_lat_10.3013805_lon_105.2719234_alt_20.182m,train,DJI_DateTime_2024_06_04_09_14_0014_lat_10.3013805_lon_105.2719234_alt_20.182m__p002,DJI_DateTime_2024_06_04_09_14_0014_lat_10.3013805_lon_105.2719234_alt_20.182m,0,480,640,480,4085,0
DJI_DateTime_2024_06_04_09_14_0014_lat_10.3013805_lon_105.2719234_alt_20.182m,train,DJI_DateTime_2024_06_04_09_14_0014_lat_10.3013805_lon_105.2719234_alt_20.182m__p003,DJI_DateTime_2024_06_04_09_14_0014_lat_10.3013805_lon_105.2719234_alt_20.182m,640,480,640,480,102203,0
DJI_DateTime_2024_06_04_09_14_0015_lat_10.3014282_lon_105.2718923_alt_20.211m,train,DJI_DateTime_2024_06_04_09_14_0015_lat_10.3014282_lon_105.2718923_alt_20.211m__p001,DJI_DateTime_2024_06_04_09_14_0015_lat_10.3014282_lon_105.2718923_alt_20.211m,640,0,640,480,71204,0
DJI_DateTime_2024_06_04_09_14_0015_lat_10.3014282_lon_105.2718923_alt_20.211m,train,DJI_DateTime_2024_06_04_09_14_0015_lat_10.3014282_lon_105.2718923_alt_20.211m__p003,DJI_DateTime_2024_06_04_09_14_0015_lat_10.3014282_lon_105.2718923_alt_20.211m,640,480,640,480,114217,0
DJI_DateTime_2024_06_04_09_14_0016_lat_10.3014760_lon_105.2718599_alt_20.177m,train,DJI_DateTime_2024_06_04_09_14_0016_lat_10.3014760_lon_105.2718599_alt_20.177m__p000,DJI_DateTime_2024_06_04_09_14_0016_lat_10.3014760_lon_105.2718599_alt_20.177m,0,0,640,480,2209,0
DJI_DateTime_2024_06_04_09_14_0016_lat_10.3014760_lon_105.2718599_alt_20.177m,train,DJI_DateTime_2024_06_04_09_14_0016_lat_10.3014760_lon_105.2718599_alt_20.177m__p001,DJI_DateTime_2024_06_04_09_14_0016_lat_10.3014760_lon_105.2718599_alt_20.177m,640,0,640,480,80270,0
DJI_DateTime_2024_06_04_09_14_0016_lat_10.3014760_lon_105.2718599_alt_20.177m,train,DJI_DateTime_2024_06_04_09_14_0016_lat_10.3014760_lon_105.2718599_alt_20.177m__p003,DJI_DateTime_2024_06_04_09_14_0016_lat_10.3014760_lon_105.2718599_alt_20.177m,640,480,640,480,78549,0
DJI_DateTime_2024_06_04_09_14_0017_lat_10.3015244_lon_105.2718290_alt_20.243m,train,DJI_DateTime_2024_06_04_09_14_0017_lat_10.3015244_lon_105.2718290_alt_20.243m__p000,DJI_DateTime_2024_06_04_09_14_0017_lat_10.3015244_lon_105.2718290_alt_20.243m,0,0,640,480,2355,0
DJI_DateTime_2024_06_04_09_14_0017_lat_10.3015244_lon_105.2718290_alt_20.243m,train,DJI_DateTime_2024_06_04_09_14_0017_lat_10.3015244_lon_105.2718290_alt_20.243m__p001,DJI_DateTime_2024_06_04_09_14_0017_lat_10.3015244_lon_105.2718290_alt_20.243m,640,0,640,480,132896,0
DJI_DateTime_2024_06_04_09_14_0017_lat_10.3015244_lon_105.2718290_alt_20.243m,train,DJI_DateTime_2024_06_04_09_14_0017_lat_10.3015244_lon_105.2718290_alt_20.243m__p002,DJI_DateTime_2024_06_04_09_14_0017_lat_10.3015244_lon_105.2718290_alt_20.243m,0,480,640,480,2509,0
DJI_DateTime_2024_06_04_09_14_0017_lat_10.3015244_lon_105.2718290_alt_20.243m,train,DJI_DateTime_2024_06_04_09_14_0017_lat_10.3015244_lon_105.2718290_alt_20.243m__p003,DJI_DateTime_2024_06_04_09_14_0017_lat_10.3015244_lon_105.2718290_alt_20.243m,640,480,640,480,125191,0
DJI_DateTime_2024_06_04_09_14_0018_lat_10.3015725_lon_105.2717978_alt_20.207m,train,DJI_DateTime_2024_06_04_09_14_0018_lat_10.3015725_lon_105.2717978_alt_20.207m__p001,DJI_DateTime_2024_06_04_09_14_0018_lat_10.3015725_lon_105.2717978_alt_20.207m,640,0,640,480,95086,0
DJI_DateTime_2024_06_04_09_14_0018_lat_10.3015725_lon_105.2717978_alt_20.207m,train,DJI_DateTime_2024_06_04_09_14_0018_lat_10.3015725_lon_105.2717978_alt_20.207m__p003,DJI_DateTime_2024_06_04_09_14_0018_lat_10.3015725_lon_105.2717978_alt_20.207m,640,480,640,480,133232,0
DJI_DateTime_2024_06_04_09_15_0019_lat_10.3016196_lon_105.2717662_alt_20.199m,train,DJI_DateTime_2024_06_04_09_15_0019_lat_10.3016196_lon_105.2717662_alt_20.199m__p001,DJI_DateTime_2024_06_04_09_15_0019_lat_10.3016196_lon_105.2717662_alt_20.199m,640,0,640,480,114807,0
DJI_DateTime_2024_06_04_09_15_0019_lat_10.3016196_lon_105.2717662_alt_20.199m,train,DJI_DateTime_2024_06_04_09_15_0019_lat_10.3016196_lon_105.2717662_alt_20.199m__p002,DJI_DateTime_2024_06_04_09_15_0019_lat_10.3016196_lon_105.2717662_alt_20.199m,0,480,640,480,0,1
DJI_DateTime_2024_06_04_09_15_0019_lat_10.3016196_lon_105.2717662_alt_20.199m,train,DJI_DateTime_2024_06_04_09_15_0019_lat_10.3016196_lon_105.2717662_alt_20.199m__p003,DJI_DateTime_2024_06_04_09_15_0019_lat_10.3016196_lon_105.2717662_alt_20.199m,640,480,640,480,141190,0
DJI_DateTime_2024_06_04_09_15_0020_lat_10.3016678_lon_105.2717347_alt_20.185m,train,DJI_DateTime_2024_06_04_09_15_0020_lat_10.3016678_lon_105.2717347_alt_20.185m__p000,DJI_DateTime_2024_06_04_09_15_0020_lat_10.3016678_lon_105.2717347_alt_20.185m,0,0,640,480,0,1
DJI_DateTime_2024_06_04_09_15_0020_lat_10.3016678_lon_105.2717347_alt_20.185m,train,DJI_DateTime_2024_06_04_09_15_0020_lat_10.3016678_lon_105.2717347_alt_20.185m__p001,DJI_DateTime_2024_06_04_09_15_0020_lat_10.3016678_lon_105.2717347_alt_20.185m,640,0,640,480,103980,0
DJI_DateTime_2024_06_04_09_15_0020_lat_10.3016678_lon_105.2717347_alt_20.185m,train,DJI_DateTime_2024_06_04_09_15_0020_lat_10.3016678_lon_105.2717347_alt_20.185m__p003,DJI_DateTime_2024_06_04_09_15_0020_lat_10.3016678_lon_105.2717347_alt_20.185m,640,480,640,480,145670,0
DJI_DateTime_2024_06_04_09_15_0021_lat_10.3017146_lon_105.2717043_alt_20.174m,train,DJI_DateTime_2024_06_04_09_15_0021_lat_10.3017146_lon_105.2717043_alt_20.174m__p001,DJI_DateTime_2024_06_04_09_15_0021_lat_10.3017146_lon_105.2717043_alt_20.174m,640,0,640,480,101280,0
DJI_DateTime_2024_06_04_09_15_0021_lat_10.3017146_lon_105.2717043_alt_20.174m,train,DJI_DateTime_2024_06_04_09_15_0021_lat_10.3017146_lon_105.2717043_alt_20.174m__p003,DJI_DateTime_2024_06_04_09_15_0021_lat_10.3017146_lon_105.2717043_alt_20.174m,640,480,640,480,139486,0
DJI_DateTime_2024_06_04_09_15_0022_lat_10.3017625_lon_105.2716735_alt_20.181m,train,DJI_DateTime_2024_06_04_09_15_0022_lat_10.3017625_lon_105.2716735_alt_20.181m__p000,DJI_DateTime_2024_06_04_09_15_0022_lat_10.3017625_lon_105.2716735_alt_20.181m,0,0,640,480,0,1
DJI_DateTime_2024_06_04_09_15_0022_lat_10.3017625_lon_105.2716735_alt_20.181m,train,DJI_DateTime_2024_06_04_09_15_0022_lat_10.3017625_lon_105.2716735_alt_20.181m__p001,DJI_DateTime_2024_06_04_09_15_0022_lat_10.3017625_lon_105.2716735_alt_20.181m,640,0,640,480,99279,0
DJI_DateTime_2024_06_04_09_15_0022_lat_10.3017625_lon_105.2716735_alt_20.181m,train,DJI_DateTime_2024_06_04_09_15_0022_lat_10.3017625_lon_105.2716735_alt_20.181m__p003,DJI_DateTime_2024_06_04_09_15_0022_lat_10.3017625_lon_105.2716735_alt_20.181m,640,480,640,480,94136,0
DJI_DateTime_2024_06_04_09_15_0024_lat_10.3018574_lon_105.2716103_alt_20.211m,train,DJI_DateTime_2024_06_04_09_15_0024_lat_10.3018574_lon_105.2716103_alt_20.211m__p001,DJI_DateTime_2024_06_04_09_15_0024_lat_10.3018574_lon_105.2716103_alt_20.211m,640,0,640,480,34891,0
DJI_DateTime_2024_06_04_09_15_0024_lat_10.3018574_lon_105.2716103_alt_20.211m,train,DJI_DateTime_2024_06_04_09_15_0024_lat_10.3018574_lon_105.2716103_alt_20.211m__p002,DJI_DateTime_2024_06_04_09_15_0024_lat_10.3018574_lon_105.2716103_alt_20.211m,0,480,640,480,0,1
DJI_DateTime_2024_06_04_09_15_0024_lat_10.3018574_lon_105.2716103_alt_20.211m,train,DJI_DateTime_2024_06_04_09_15_0024_lat_10.3018574_lon_105.2716103_alt_20.211m__p003,DJI_DateTime_2024_06_04_09_15_0024_lat_10.3018574_lon_105.2716103_alt_20.211m,640,480,640,480,117730,0
DJI_DateTime_2024_06_04_09_15_0025_lat_10.3019049_lon_105.2715784_alt_20.205m,train,DJI_DateTime_2024_06_04_09_15_0025_lat_10.3019049_lon_105.2715784_alt_20.205m__p000,DJI_DateTime_2024_06_04_09_15_0025_lat_10.3019049_lon_105.2715784_alt_20.205m,0,0,640,480,5269,0
DJI_DateTime_2024_06_04_09_15_0025_lat_10.3019049_lon_105.2715784_alt_20.205m,train,DJI_DateTime_2024_06_04_09_15_0025_lat_10.3019049_lon_105.2715784_alt_20.205m__p001,DJI_DateTime_2024_06_04_09_15_0025_lat_10.3019049_lon_105.2715784_alt_20.205m,640,0,640,480,67131,0
DJI_DateTime_2024_06_04_09_15_0025_lat_10.3019049_lon_105.2715784_alt_20.205m,train,DJI_DateTime_2024_06_04_09_15_0025_lat_10.3019049_lon_105.2715784_alt_20.205m__p003,DJI_DateTime_2024_06_04_09_15_0025_lat_10.3019049_lon_105.2715784_alt_20.205m,640,480,640,480,45183,0
DJI_DateTime_2024_06_04_09_15_0026_lat_10.3019527_lon_105.2715472_alt_20.217m,train,DJI_DateTime_2024_06_04_09_15_0026_lat_10.3019527_lon_105.2715472_alt_20.217m__p000,DJI_DateTime_2024_06_04_09_15_0026_lat_10.3019527_lon_105.2715472_alt_20.217m,0,0,640,480,31633,0
DJI_DateTime_2024_06_04_09_15_0026_lat_10.3019527_lon_105.2715472_alt_20.217m,train,DJI_DateTime_2024_06_04_09_15_0026_lat_10.3019527_lon_105.2715472_alt_20.217m__p001,DJI_DateTime_2024_06_04_09_15_0026_lat_10.3019527_lon_105.2715472_alt_20.217m,640,0,640,480,34505,0
DJI_DateTime_2024_06_04_09_15_0026_lat_10.3019527_lon_105.2715472_alt_20.217m,train,DJI_DateTime_2024_06_04_09_15_0026_lat_10.3019527_lon_105.2715472_alt_20.217m__p002,DJI_DateTime_2024_06_04_09_15_0026_lat_10.3019527_lon_105.2715472_alt_20.217m,0,480,640,480,3112,0
DJI_DateTime_2024_06_04_09_15_0026_lat_10.3019527_lon_105.2715472_alt_20.217m,train,DJI_DateTime_2024_06_04_09_15_0026_lat_10.3019527_lon_105.2715472_alt_20.217m__p003,DJI_DateTime_2024_06_04_09_15_0026_lat_10.3019527_lon_105.2715472_alt_20.217m,640,480,640,480,58783,0
DJI_DateTime_2024_06_04_09_15_0027_lat_10.3020010_lon_105.2715153_alt_20.212m,train,DJI_DateTime_2024_06_04_09_15_0027_lat_10.3020010_lon_105.2715153_alt_20.212m__p000,DJI_DateTime_2024_06_04_09_15_0027_lat_10.3020010_lon_105.2715153_alt_20.212m,0,0,640,480,7540,0
DJI_DateTime_2024_06_04_09_15_0027_lat_10.3020010_lon_105.2715153_alt_20.212m,train,DJI_DateTime_2024_06_04_09_15_0027_lat_10.3020010_lon_105.2715153_alt_20.212m__p001,DJI_DateTime_2024_06_04_09_15_0027_lat_10.3020010_lon_105.2715153_alt_20.212m,640,0,640,480,0,1
DJI_DateTime_2024_06_04_09_15_0027_lat_10.3020010_lon_105.2715153_alt_20.212m,train,DJI_DateTime_2024_06_04_09_15_0027_lat_10.3020010_lon_105.2715153_alt_20.212m__p002,DJI_DateTime_2024_06_04_09_15_0027_lat_10.3020010_lon_105.2715153_alt_20.212m,0,480,640,480,44903,0
DJI_DateTime_2024_06_04_09_15_0027_lat_10.3020010_lon_105.2715153_alt_20.212m,train,DJI_DateTime_2024_06_04_09_15_0027_lat_10.3020010_lon_105.2715153_alt_20.212m__p003,DJI_DateTime_2024_06_04_09_15_0027_lat_10.3020010_lon_105.2715153_alt_20.212m,640,480,640,480,45044,0
DJI_DateTime_2024_06_04_09_15_0035_lat_10.3020989_lon_105.2715552_alt_20.226m,train,DJI_DateTime_2024_06_04_09_15_0035_lat_10.3020989_lon_105.2715552_alt_20.226m__p001,DJI_DateTime_2024_06_04_09_15_0035_lat_10.3020989_lon_105.2715552_alt_20.226m,640,0,640,480,17748,0
DJI_DateTime_2024_06_04_09_16_0036_lat_10.3020512_lon_105.2715861_alt_20.191m,train,DJI_DateTime_2024_06_04_09_16_0036_lat_10.3020512_lon_105.2715861_alt_20.191m__p000,DJI_DateTime_2024_06_04_09_16_0036_lat_10.3020512_lon_105.2715861_alt_20.191m,0,0,640,480,0,1
DJI_DateTime_2024_06_04_09_16_0036_lat_10.3020512_lon_105.2715861_alt_20.191m,train,DJI_DateTime_2024_06_04_09_16_0036_lat_10.3020512_lon_105.2715861_alt_20.191m__p001,DJI_DateTime_2024_06_04_09_16_0036_lat_10.3020512_lon_105.2715861_alt_20.191m,640,0,640,480,55015,0
DJI_DateTime_2024_06_04_09_16_0036_lat_10.3020512_lon_105.2715861_alt_20.191m,train,DJI_DateTime_2024_06_04_09_16_0036_lat_10.3020512_lon_105.2715861_alt_20.191m__p003,DJI_DateTime_2024_06_04_09_16_0036_lat_10.3020512_lon_105.2715861_alt_20.191m,640,480,640,480,0,1
DJI_DateTime_2024_06_04_09_16_0037_lat_10.3020034_lon_105.2716173_alt_20.172m,train,DJI_DateTime_2024_06_04_09_16_0037_lat_10.3020034_lon_105.2716173_alt_20.172m__p000,DJI_DateTime_2024_06_04_09_16_0037_lat_10.3020034_lon_105.2716173_alt_20.172m,0,0,640,480,11019,0
DJI_DateTime_2024_06_04_09_16_0037_lat_10.3020034_lon_105.2716173_alt_20.172m,train,DJI_DateTime_2024_06_04_09_16_0037_lat_10.3020034_lon_105.2716173_alt_20.172m__p001,DJI_DateTime_2024_06_04_09_16_0037_lat_10.3020034_lon_105.2716173_alt_20.172m,640,0,640,480,54181,0
DJI_DateTime_2024_06_04_09_16_0037_lat_10.3020034_lon_105.2716173_alt_20.172m,train,DJI_DateTime_2024_06_04_09_16_0037_lat_10.3020034_lon_105.2716173_alt_20.172m__p003,DJI_DateTime_2024_06_04_09_16_0037_lat_10.3020034_lon_105.2716173_alt_20.172m,640,480,640,480,22392,0
DJI_DateTime_2024_06_04_09_16_0038_lat_10.3019551_lon_105.2716485_alt_20.193m,train,DJI_DateTime_2024_06_04_09_16_0038_lat_10.3019551_lon_105.2716485_alt_20.193m__p000,DJI_DateTime_2024_06_04_09_16_0038_lat_10.3019551_lon_105.2716485_alt_20.193m,0,0,640,480,40040,0
DJI_DateTime_2024_06_04_09_16_0038_lat_10.3019551_lon_105.2716485_alt_20.193m,train,DJI_DateTime_2024_06_04_09_16_0038_lat_10.3019551_lon_105.2716485_alt_20.193m__p001,DJI_DateTime_2024_06_04_09_16_0038_lat_10.3019551_lon_105.2716485_alt_20.193m,640,0,640,480,37675,0
DJI_DateTime_2024_06_04_09_16_0038_lat_10.3019551_lon_105.2716485_alt_20.193m,train,DJI_DateTime_2024_06_04_09_16_0038_lat_10.3019551_lon_105.2716485_alt_20.193m__p002,DJI_DateTime_2024_06_04_09_16_0038_lat_10.3019551_lon_105.2716485_alt_20.193m,0,480,640,480,11498,0
DJI_DateTime_2024_06_04_09_16_0038_lat_10.3019551_lon_105.2716485_alt_20.193m,train,DJI_DateTime_2024_06_04_09_16_0038_lat_10.3019551_lon_105.2716485_alt_20.193m__p003,DJI_DateTime_2024_06_04_09_16_0038_lat_10.3019551_lon_105.2716485_alt_20.193m,640,480,640,480,47794,0
DJI_DateTime_2024_06_04_09_16_0039_lat_10.3019069_lon_105.2716799_alt_20.215m,train,DJI_DateTime_2024_06_04_09_16_0039_lat_10.3019069_lon_105.2716799_alt_20.215m__p000,DJI_DateTime_2024_06_04_09_16_0039_lat_10.3019069_lon_105.2716799_alt_20.215m,0,0,640,480,143065,0
DJI_DateTime_2024_06_04_09_16_0039_lat_10.3019069_lon_105.2716799_alt_20.215m,train,DJI_DateTime_2024_06_04_09_16_0039_lat_10.3019069_lon_105.2716799_alt_20.215m__p001,DJI_DateTime_2024_06_04_09_16_0039_lat_10.3019069_lon_105.2716799_alt_20.215m,640,0,640,480,42589,0
DJI_DateTime_2024_06_04_09_16_0039_lat_10.3019069_lon_105.2716799_alt_20.215m,train,DJI_DateTime_2024_06_04_09_16_0039_lat_10.3019069_lon_105.2716799_alt_20.215m__p002,DJI_DateTime_2024_06_04_09_16_0039_lat_10.3019069_lon_105.2716799_alt_20.215m,0,480,640,480,36672,0
DJI_DateTime_2024_06_04_09_16_0039_lat_10.3019069_lon_105.2716799_alt_20.215m,train,DJI_DateTime_2024_06_04_09_16_0039_lat_10.3019069_lon_105.2716799_alt_20.215m__p003,DJI_DateTime_2024_06_04_09_16_0039_lat_10.3019069_lon_105.2716799_alt_20.215m,640,480,640,480,19000,0
DJI_DateTime_2024_06_04_09_16_0040_lat_10.3018593_lon_105.2717119_alt_20.326m,train,DJI_DateTime_2024_06_04_09_16_0040_lat_10.3018593_lon_105.2717119_alt_20.326m__p000,DJI_DateTime_2024_06_04_09_16_0040_lat_10.3018593_lon_105.2717119_alt_20.326m,0,0,640,480,219908,0
DJI_DateTime_2024_06_04_09_16_0040_lat_10.3018593_lon_105.2717119_alt_20.326m,train,DJI_DateTime_2024_06_04_09_16_0040_lat_10.3018593_lon_105.2717119_alt_20.326m__p001,DJI_DateTime_2024_06_04_09_16_0040_lat_10.3018593_lon_105.2717119_alt_20.326m,640,0,640,480,41704,0
DJI_DateTime_2024_06_04_09_16_0040_lat_10.3018593_lon_105.2717119_alt_20.326m,train,DJI_DateTime_2024_06_04_09_16_0040_lat_10.3018593_lon_105.2717119_alt_20.326m__p002,DJI_DateTime_2024_06_04_09_16_0040_lat_10.3018593_lon_105.2717119_alt_20.326m,0,480,640,480,137313,0
DJI_DateTime_2024_06_04_09_16_0040_lat_10.3018593_lon_105.2717119_alt_20.326m,train,DJI_DateTime_2024_06_04_09_16_0040_lat_10.3018593_lon_105.2717119_alt_20.326m__p003,DJI_DateTime_2024_06_04_09_16_0040_lat_10.3018593_lon_105.2717119_alt_20.326m,640,480,640,480,27495,0
DJI_DateTime_2024_06_04_09_16_0041_lat_10.3018122_lon_105.2717432_alt_20.312m,train,DJI_DateTime_2024_06_04_09_16_0041_lat_10.3018122_lon_105.2717432_alt_20.312m__p000,DJI_DateTime_2024_06_04_09_16_0041_lat_10.3018122_lon_105.2717432_alt_20.312m,0,0,640,480,169124,0
DJI_DateTime_2024_06_04_09_16_0041_lat_10.3018122_lon_105.2717432_alt_20.312m,train,DJI_DateTime_2024_06_04_09_16_0041_lat_10.3018122_lon_105.2717432_alt_20.312m__p001,DJI_DateTime_2024_06_04_09_16_0041_lat_10.3018122_lon_105.2717432_alt_20.312m,640,0,640,480,70621,0
DJI_DateTime_2024_06_04_09_16_0041_lat_10.3018122_lon_105.2717432_alt_20.312m,train,DJI_DateTime_2024_06_04_09_16_0041_lat_10.3018122_lon_105.2717432_alt_20.312m__p002,DJI_DateTime_2024_06_04_09_16_0041_lat_10.3018122_lon_105.2717432_alt_20.312m,0,480,640,480,240113,0
DJI_DateTime_2024_06_04_09_16_0041_lat_10.3018122_lon_105.2717432_alt_20.312m,train,DJI_DateTime_2024_06_04_09_16_0041_lat_10.3018122_lon_105.2717432_alt_20.312m__p003,DJI_DateTime_2024_06_04_09_16_0041_lat_10.3018122_lon_105.2717432_alt_20.312m,640,480,640,480,32166,0
DJI_DateTime_2024_06_04_09_16_0042_lat_10.3017648_lon_105.2717751_alt_20.307m,train,DJI_DateTime_2024_06_04_09_16_0042_lat_10.3017648_lon_105.2717751_alt_20.307m__p000,DJI_DateTime_2024_06_04_09_16_0042_lat_10.3017648_lon_105.2717751_alt_20.307m,0,0,640,480,228065,0
DJI_DateTime_2024_06_04_09_16_0042_lat_10.3017648_lon_105.2717751_alt_20.307m,train,DJI_DateTime_2024_06_04_09_16_0042_lat_10.3017648_lon_105.2717751_alt_20.307m__p001,DJI_DateTime_2024_06_04_09_16_0042_lat_10.3017648_lon_105.2717751_alt_20.307m,640,0,640,480,64743,0
DJI_DateTime_2024_06_04_09_16_0042_lat_10.3017648_lon_105.2717751_alt_20.307m,train,DJI_DateTime_2024_06_04_09_16_0042_lat_10.3017648_lon_105.2717751_alt_20.307m__p002,DJI_DateTime_2024_06_04_09_16_0042_lat_10.3017648_lon_105.2717751_alt_20.307m,0,480,640,480,277880,0
DJI_DateTime_2024_06_04_09_16_0042_lat_10.3017648_lon_105.2717751_alt_20.307m,train,DJI_DateTime_2024_06_04_09_16_0042_lat_10.3017648_lon_105.2717751_alt_20.307m__p003,DJI_DateTime_2024_06_04_09_16_0042_lat_10.3017648_lon_105.2717751_alt_20.307m,640,480,640,480,35099,0
DJI_DateTime_2024_06_04_09_16_0043_lat_10.3017170_lon_105.2718063_alt_20.193m,train,DJI_DateTime_2024_06_04_09_16_0043_lat_10.3017170_lon_105.2718063_alt_20.193m__p000,DJI_DateTime_2024_06_04_09_16_0043_lat_10.3017170_lon_105.2718063_alt_20.193m,0,0,640,480,192574,0
DJI_DateTime_2024_06_04_09_16_0043_lat_10.3017170_lon_105.2718063_alt_20.193m,train,DJI_DateTime_2024_06_04_09_16_0043_lat_10.3017170_lon_105.2718063_alt_20.193m__p001,DJI_DateTime_2024_06_04_09_16_0043_lat_10.3017170_lon_105.2718063_alt_20.193m,640,0,640,480,64852,0
DJI_DateTime_2024_06_04_09_16_0043_lat_10.3017170_lon_105.2718063_alt_20.193m,train,DJI_DateTime_2024_06_04_09_16_0043_lat_10.3017170_lon_105.2718063_alt_20.193m__p002,DJI_DateTime_2024_06_04_09_16_0043_lat_10.3017170_lon_105.2718063_alt_20.193m,0,480,640,480,192610,0
DJI_DateTime_2024_06_04_09_16_0043_lat_10.3017170_lon_105.2718063_alt_20.193m,train,DJI_DateTime_2024_06_04_09_16_0043_lat_10.3017170_lon_105.2718063_alt_20.193m__p003,DJI_DateTime_2024_06_04_09_16_0043_lat_10.3017170_lon_105.2718063_alt_20.193m,640,480,640,480,34433,0
DJI_DateTime_2024_06_04_09_16_0044_lat_10.3016696_lon_105.2718376_alt_20.206m,train,DJI_DateTime_2024_06_04_09_16_0044_lat_10.3016696_lon_105.2718376_alt_20.206m__p000,DJI_DateTime_2024_06_04_09_16_0044_lat_10.3016696_lon_105.2718376_alt_20.206m,0,0,640,480,170138,0
DJI_DateTime_2024_06_04_09_16_0044_lat_10.3016696_lon_105.2718376_alt_20.206m,train,DJI_DateTime_2024_06_04_09_16_0044_lat_10.3016696_lon_105.2718376_alt_20.206m__p001,DJI_DateTime_2024_06_04_09_16_0044_lat_10.3016696_lon_105.2718376_alt_20.206m,640,0,640,480,41493,0
DJI_DateTime_2024_06_04_09_16_0044_lat_10.3016696_lon_105.2718376_alt_20.206m,train,DJI_DateTime_2024_06_04_09_16_0044_lat_10.3016696_lon_105.2718376_alt_20.206m__p002,DJI_DateTime_2024_06_04_09_16_0044_lat_10.3016696_lon_105.2718376_alt_20.206m,0,480,640,480,250633,0
DJI_DateTime_2024_06_04_09_16_0044_lat_10.3016696_lon_105.2718376_alt_20.206m,train,DJI_DateTime_2024_06_04_09_16_0044_lat_10.3016696_lon_105.2718376_alt_20.206m__p003,DJI_DateTime_2024_06_04_09_16_0044_lat_10.3016696_lon_105.2718376_alt_20.206m,640,480,640,480,52052,0
DJI_DateTime_2024_06_04_09_16_0045_lat_10.3016208_lon_105.2718690_alt_20.224m,train,DJI_DateTime_2024_06_04_09_16_0045_lat_10.3016208_lon_105.2718690_alt_20.224m__p000,DJI_DateTime_2024_06_04_09_16_0045_lat_10.3016208_lon_105.2718690_alt_20.224m,0,0,640,480,240898,0
DJI_DateTime_2024_06_04_09_16_0045_lat_10.3016208_lon_105.2718690_alt_20.224m,train,DJI_DateTime_2024_06_04_09_16_0045_lat_10.3016208_lon_105.2718690_alt_20.224m__p001,DJI_DateTime_2024_06_04_09_16_0045_lat_10.3016208_lon_105.2718690_alt_20.224m,640,0,640,480,43244,0
DJI_DateTime_2024_06_04_09_16_0045_lat_10.3016208_lon_105.2718690_alt_20.224m,train,DJI_DateTime_2024_06_04_09_16_0045_lat_10.3016208_lon_105.2718690_alt_20.224m__p002,DJI_DateTime_2024_06_04_09_16_0045_lat_10.3016208_lon_105.2718690_alt_20.224m,0,480,640,480,238343,0
DJI_DateTime_2024_06_04_09_16_0045_lat_10.3016208_lon_105.2718690_alt_20.224m,train,DJI_DateTime_2024_06_04_09_16_0045_lat_10.3016208_lon_105.2718690_alt_20.224m__p003,DJI_DateTime_2024_06_04_09_16_0045_lat_10.3016208_lon_105.2718690_alt_20.224m,640,480,640,480,29937,0
DJI_DateTime_2024_06_04_09_16_0046_lat_10.3015734_lon_105.2719004_alt_20.210m,train,DJI_DateTime_2024_06_04_09_16_0046_lat_10.3015734_lon_105.2719004_alt_20.210m__p000,DJI_DateTime_2024_06_04_09_16_0046_lat_10.3015734_lon_105.2719004_alt_20.210m,0,0,640,480,244512,0
DJI_DateTime_2024_06_04_09_16_0046_lat_10.3015734_lon_105.2719004_alt_20.210m,train,DJI_DateTime_2024_06_04_09_16_0046_lat_10.3015734_lon_105.2719004_alt_20.210m__p001,DJI_DateTime_2024_06_04_09_16_0046_lat_10.3015734_lon_105.2719004_alt_20.210m,640,0,640,480,34383,0
DJI_DateTime_2024_06_04_09_16_0046_lat_10.3015734_lon_105.2719004_alt_20.210m,train,DJI_DateTime_2024_06_04_09_16_0046_lat_10.3015734_lon_105.2719004_alt_20.210m__p002,DJI_DateTime_2024_06_04_09_16_0046_lat_10.3015734_lon_105.2719004_alt_20.210m,0,480,640,480,229057,0
DJI_DateTime_2024_06_04_09_16_0046_lat_10.3015734_lon_105.2719004_alt_20.210m,train,DJI_DateTime_2024_06_04_09_16_0046_lat_10.3015734_lon_105.2719004_alt_20.210m__p003,DJI_DateTime_2024_06_04_09_16_0046_lat_10.3015734_lon_105.2719004_alt_20.210m,640,480,640,480,38878,0
DJI_DateTime_2024_06_04_09_16_0047_lat_10.3015259_lon_105.2719314_alt_20.177m,train,DJI_DateTime_2024_06_04_09_16_0047_lat_10.3015259_lon_105.2719314_alt_20.177m__p000,DJI_DateTime_2024_06_04_09_16_0047_lat_10.3015259_lon_105.2719314_alt_20.177m,0,0,640,480,181578,0
DJI_DateTime_2024_06_04_09_16_0047_lat_10.3015259_lon_105.2719314_alt_20.177m,train,DJI_DateTime_2024_06_04_09_16_0047_lat_10.3015259_lon_105.2719314_alt_20.177m__p001,DJI_DateTime_2024_06_04_09_16_0047_lat_10.3015259_lon_105.2719314_alt_20.177m,640,0,640,480,52215,0
DJI_DateTime_2024_06_04_09_16_0047_lat_10.3015259_lon_105.2719314_alt_20.177m,train,DJI_DateTime_2024_06_04_09_16_0047_lat_10.3015259_lon_105.2719314_alt_20.177m__p002,DJI_DateTime_2024_06_04_09_16_0047_lat_10.3015259_lon_105.2719314_alt_20.177m,0,480,640,480,282853,0
DJI_DateTime_2024_06_04_09_16_0047_lat_10.3015259_lon_105.2719314_alt_20.177m,train,DJI_DateTime_2024_06_04_09_16_0047_lat_10.3015259_lon_105.2719314_alt_20.177m__p003,DJI_DateTime_2024_06_04_09_16_0047_lat_10.3015259_lon_105.2719314_alt_20.177m,640,480,640,480,30899,0
DJI_DateTime_2024_06_04_09_16_0048_lat_10.3014783_lon_105.2719639_alt_20.239m,train,DJI_DateTime_2024_06_04_09_16_0048_lat_10.3014783_lon_105.2719639_alt_20.239m__p000,DJI_DateTime_2024_06_04_09_16_0048_lat_10.3014783_lon_105.2719639_alt_20.239m,0,0,640,480,176035,0
DJI_DateTime_2024_06_04_09_16_0048_lat_10.3014783_lon_105.2719639_alt_20.239m,train,DJI_DateTime_2024_06_04_09_16_0048_lat_10.3014783_lon_105.2719639_alt_20.239m__p001,DJI_DateTime_2024_06_04_09_16_0048_lat_10.3014783_lon_105.2719639_alt_20.239m,640,0,640,480,55725,0
DJI_DateTime_2024_06_04_09_16_0048_lat_10.3014783_lon_105.2719639_alt_20.239m,train,DJI_DateTime_2024_06_04_09_16_0048_lat_10.3014783_lon_105.2719639_alt_20.239m__p002,DJI_DateTime_2024_06_04_09_16_0048_lat_10.3014783_lon_105.2719639_alt_20.239m,0,480,640,480,239230,0
DJI_DateTime_2024_06_04_09_16_0048_lat_10.3014783_lon_105.2719639_alt_20.239m,train,DJI_DateTime_2024_06_04_09_16_0048_lat_10.3014783_lon_105.2719639_alt_20.239m__p003,DJI_DateTime_2024_06_04_09_16_0048_lat_10.3014783_lon_105.2719639_alt_20.239m,640,480,640,480,35114,0
DJI_DateTime_2024_06_04_09_16_0049_lat_10.3014306_lon_105.2719956_alt_20.219m,train,DJI_DateTime_2024_06_04_09_16_0049_lat_10.3014306_lon_105.2719956_alt_20.219m__p000,DJI_DateTime_2024_06_04_09_16_0049_lat_10.3014306_lon_105.2719956_alt_20.219m,0,0,640,480,184725,0
DJI_DateTime_2024_06_04_09_16_0049_lat_10.3014306_lon_105.2719956_alt_20.219m,train,DJI_DateTime_2024_06_04_09_16_0049_lat_10.3014306_lon_105.2719956_alt_20.219m__p001,DJI_DateTime_2024_06_04_09_16_0049_lat_10.3014306_lon_105.2719956_alt_20.219m,640,0,640,480,80547,0
DJI_DateTime_2024_06_04_09_16_0049_lat_10.3014306_lon_105.2719956_alt_20.219m,train,DJI_DateTime_2024_06_04_09_16_0049_lat_10.3014306_lon_105.2719956_alt_20.219m__p002,DJI_DateTime_2024_06_04_09_16_0049_lat_10.3014306_lon_105.2719956_alt_20.219m,0,480,640,480,196196,0
DJI_DateTime_2024_06_04_09_16_0049_lat_10.3014306_lon_105.2719956_alt_20.219m,train,DJI_DateTime_2024_06_04_09_16_0049_lat_10.3014306_lon_105.2719956_alt_20.219m__p003,DJI_DateTime_2024_06_04_09_16_0049_lat_10.3014306_lon_105.2719956_alt_20.219m,640,480,640,480,40450,0
DJI_DateTime_2024_06_04_09_16_0050_lat_10.3013831_lon_105.2720264_alt_20.212m,train,DJI_DateTime_2024_06_04_09_16_0050_lat_10.3013831_lon_105.2720264_alt_20.212m__p000,DJI_DateTime_2024_06_04_09_16_0050_lat_10.3013831_lon_105.2720264_alt_20.212m,0,0,640,480,186359,0
DJI_DateTime_2024_06_04_09_16_0050_lat_10.3013831_lon_105.2720264_alt_20.212m,train,DJI_DateTime_2024_06_04_09_16_0050_lat_10.3013831_lon_105.2720264_alt_20.212m__p001,DJI_DateTime_2024_06_04_09_16_0050_lat_10.3013831_lon_105.2720264_alt_20.212m,640,0,640,480,58643,0
DJI_DateTime_2024_06_04_09_16_0050_lat_10.3013831_lon_105.2720264_alt_20.212m,train,DJI_DateTime_2024_06_04_09_16_0050_lat_10.3013831_lon_105.2720264_alt_20.212m__p002,DJI_DateTime_2024_06_04_09_16_0050_lat_10.3013831_lon_105.2720264_alt_20.212m,0,480,640,480,224426,0
DJI_DateTime_2024_06_04_09_16_0050_lat_10.3013831_lon_105.2720264_alt_20.212m,train,DJI_DateTime_2024_06_04_09_16_0050_lat_10.3013831_lon_105.2720264_alt_20.212m__p003,DJI_DateTime_2024_06_04_09_16_0050_lat_10.3013831_lon_105.2720264_alt_20.212m,640,480,640,480,45020,0
DJI_DateTime_2024_06_04_09_16_0051_lat_10.3013355_lon_105.2720578_alt_20.212m,train,DJI_DateTime_2024_06_04_09_16_0051_lat_10.3013355_lon_105.2720578_alt_20.212m__p000,DJI_DateTime_2024_06_04_09_16_0051_lat_10.3013355_lon_105.2720578_alt_20.212m,0,0,640,480,122642,0
DJI_DateTime_2024_06_04_09_16_0051_lat_10.3013355_lon_105.2720578_alt_20.212m,train,DJI_DateTime_2024_06_04_09_16_0051_lat_10.3013355_lon_105.2720578_alt_20.212m__p001,DJI_DateTime_2024_06_04_09_16_0051_lat_10.3013355_lon_105.2720578_alt_20.212m,640,0,640,480,24493,0
DJI_DateTime_2024_06_04_09_16_0051_lat_10.3013355_lon_105.2720578_alt_20.212m,train,DJI_DateTime_2024_06_04_09_16_0051_lat_10.3013355_lon_105.2720578_alt_20.212m__p002,DJI_DateTime_2024_06_04_09_16_0051_lat_10.3013355_lon_105.2720578_alt_20.212m,0,480,640,480,228218,0
DJI_DateTime_2024_06_04_09_16_0051_lat_10.3013355_lon_105.2720578_alt_20.212m,train,DJI_DateTime_2024_06_04_09_16_0051_lat_10.3013355_lon_105.2720578_alt_20.212m__p003,DJI_DateTime_2024_06_04_09_16_0051_lat_10.3013355_lon_105.2720578_alt_20.212m,640,480,640,480,56918,0
DJI_DateTime_2024_06_04_09_16_0052_lat_10.3012875_lon_105.2720893_alt_20.257m,train,DJI_DateTime_2024_06_04_09_16_0052_lat_10.3012875_lon_105.2720893_alt_20.257m__p000,DJI_DateTime_2024_06_04_09_16_0052_lat_10.3012875_lon_105.2720893_alt_20.257m,0,0,640,480,105135,0
DJI_DateTime_2024_06_04_09_16_0052_lat_10.3012875_lon_105.2720893_alt_20.257m,train,DJI_DateTime_2024_06_04_09_16_0052_lat_10.3012875_lon_105.2720893_alt_20.257m__p001,DJI_DateTime_2024_06_04_09_16_0052_lat_10.3012875_lon_105.2720893_alt_20.257m,640,0,640,480,2213,0
DJI_DateTime_2024_06_04_09_16_0052_lat_10.3012875_lon_105.2720893_alt_20.257m,train,DJI_DateTime_2024_06_04_09_16_0052_lat_10.3012875_lon_105.2720893_alt_20.257m__p002,DJI_DateTime_2024_06_04_09_16_0052_lat_10.3012875_lon_105.2720893_alt_20.257m,0,480,640,480,210407,0
DJI_DateTime_2024_06_04_09_16_0052_lat_10.3012875_lon_105.2720893_alt_20.257m,train,DJI_DateTime_2024_06_04_09_16_0052_lat_10.3012875_lon_105.2720893_alt_20.257m__p003,DJI_DateTime_2024_06_04_09_16_0052_lat_10.3012875_lon_105.2720893_alt_20.257m,640,480,640,480,18175,0
DJI_DateTime_2024_06_04_09_17_0053_lat_10.3012401_lon_105.2721211_alt_20.198m,train,DJI_DateTime_2024_06_04_09_17_0053_lat_10.3012401_lon_105.2721211_alt_20.198m__p000,DJI_DateTime_2024_06_04_09_17_0053_lat_10.3012401_lon_105.2721211_alt_20.198m,0,0,640,480,68378,0
DJI_DateTime_2024_06_04_09_17_0053_lat_10.3012401_lon_105.2721211_alt_20.198m,train,DJI_DateTime_2024_06_04_09_17_0053_lat_10.3012401_lon_105.2721211_alt_20.198m__p001,DJI_DateTime_2024_06_04_09_17_0053_lat_10.3012401_lon_105.2721211_alt_20.198m,640,0,640,480,9038,0
DJI_DateTime_2024_06_04_09_17_0053_lat_10.3012401_lon_105.2721211_alt_20.198m,train,DJI_DateTime_2024_06_04_09_17_0053_lat_10.3012401_lon_105.2721211_alt_20.198m__p002,DJI_DateTime_2024_06_04_09_17_0053_lat_10.3012401_lon_105.2721211_alt_20.198m,0,480,640,480,142763,0
DJI_DateTime_2024_06_04_09_17_0054_lat_10.3011925_lon_105.2721531_alt_20.239m,train,DJI_DateTime_2024_06_04_09_17_0054_lat_10.3011925_lon_105.2721531_alt_20.239m__p000,DJI_DateTime_2024_06_04_09_17_0054_lat_10.3011925_lon_105.2721531_alt_20.239m,0,0,640,480,57350,0
DJI_DateTime_2024_06_04_09_17_0054_lat_10.3011925_lon_105.2721531_alt_20.239m,train,DJI_DateTime_2024_06_04_09_17_0054_lat_10.3011925_lon_105.2721531_alt_20.239m__p001,DJI_DateTime_2024_06_04_09_17_0054_lat_10.3011925_lon_105.2721531_alt_20.239m,640,0,640,480,4293,0
DJI_DateTime_2024_06_04_09_17_0054_lat_10.3011925_lon_105.2721531_alt_20.239m,train,DJI_DateTime_2024_06_04_09_17_0054_lat_10.3011925_lon_105.2721531_alt_20.239m__p002,DJI_DateTime_2024_06_04_09_17_0054_lat_10.3011925_lon_105.2721531_alt_20.239m,0,480,640,480,98074,0
DJI_DateTime_2024_06_04_09_17_0054_lat_10.3011925_lon_105.2721531_alt_20.239m,train,DJI_DateTime_2024_06_04_09_17_0054_lat_10.3011925_lon_105.2721531_alt_20.239m__p003,DJI_DateTime_2024_06_04_09_17_0054_lat_10.3011925_lon_105.2721531_alt_20.239m,640,480,640,480,7383,0
DJI_DateTime_2024_06_04_09_17_0055_lat_10.3011447_lon_105.2721838_alt_20.146m,train,DJI_DateTime_2024_06_04_09_17_0055_lat_10.3011447_lon_105.2721838_alt_20.146m__p000,DJI_DateTime_2024_06_04_09_17_0055_lat_10.3011447_lon_105.2721838_alt_20.146m,0,0,640,480,31490,0
DJI_DateTime_2024_06_04_09_17_0055_lat_10.3011447_lon_105.2721838_alt_20.146m,train,DJI_DateTime_2024_06_04_09_17_0055_lat_10.3011447_lon_105.2721838_alt_20.146m__p001,DJI_DateTime_2024_06_04_09_17_0055_lat_10.3011447_lon_105.2721838_alt_20.146m,640,0,640,480,25173,0
DJI_DateTime_2024_06_04_09_17_0055_lat_10.3011447_lon_105.2721838_alt_20.146m,train,DJI_DateTime_2024_06_04_09_17_0055_lat_10.3011447_lon_105.2721838_alt_20.146m__p002,DJI_DateTime_2024_06_04_09_17_0055_lat_10.3011447_lon_105.2721838_alt_20.146m,0,480,640,480,32591,0
DJI_DateTime_2024_06_04_09_17_0055_lat_10.3011447_lon_105.2721838_alt_20.146m,train,DJI_DateTime_2024_06_04_09_17_0055_lat_10.3011447_lon_105.2721838_alt_20.146m__p003,DJI_DateTime_2024_06_04_09_17_0055_lat_10.3011447_lon_105.2721838_alt_20.146m,640,480,640,480,9375,0
DJI_DateTime_2024_06_04_09_17_0056_lat_10.3010966_lon_105.2722156_alt_20.203m,train,DJI_DateTime_2024_06_04_09_17_0056_lat_10.3010966_lon_105.2722156_alt_20.203m__p000,DJI_DateTime_2024_06_04_09_17_0056_lat_10.3010966_lon_105.2722156_alt_20.203m,0,0,640,480,11848,0
DJI_DateTime_2024_06_04_09_17_0056_lat_10.3010966_lon_105.2722156_alt_20.203m,train,DJI_DateTime_2024_06_04_09_17_0056_lat_10.3010966_lon_105.2722156_alt_20.203m__p002,DJI_DateTime_2024_06_04_09_17_0056_lat_10.3010966_lon_105.2722156_alt_20.203m,0,480,640,480,77615,0
DJI_DateTime_2024_06_04_09_17_0056_lat_10.3010966_lon_105.2722156_alt_20.203m,train,DJI_DateTime_2024_06_04_09_17_0056_lat_10.3010966_lon_105.2722156_alt_20.203m__p003,DJI_DateTime_2024_06_04_09_17_0056_lat_10.3010966_lon_105.2722156_alt_20.203m,640,480,640,480,26285,0
DJI_DateTime_2024_06_04_09_17_0057_lat_10.3010487_lon_105.2722472_alt_20.224m,train,DJI_DateTime_2024_06_04_09_17_0057_lat_10.3010487_lon_105.2722472_alt_20.224m__p000,DJI_DateTime_2024_06_04_09_17_0057_lat_10.3010487_lon_105.2722472_alt_20.224m,0,0,640,480,16213,0
DJI_DateTime_2024_06_04_09_17_0057_lat_10.3010487_lon_105.2722472_alt_20.224m,train,DJI_DateTime_2024_06_04_09_17_0057_lat_10.3010487_lon_105.2722472_alt_20.224m__p001,DJI_DateTime_2024_06_04_09_17_0057_lat_10.3010487_lon_105.2722472_alt_20.224m,640,0,640,480,16312,0
DJI_DateTime_2024_06_04_09_17_0057_lat_10.3010487_lon_105.2722472_alt_20.224m,train,DJI_DateTime_2024_06_04_09_17_0057_lat_10.3010487_lon_105.2722472_alt_20.224m__p002,DJI_DateTime_2024_06_04_09_17_0057_lat_10.3010487_lon_105.2722472_alt_20.224m,0,480,640,480,10480,0
DJI_DateTime_2024_06_04_09_17_0057_lat_10.3010487_lon_105.2722472_alt_20.224m,train,DJI_DateTime_2024_06_04_09_17_0057_lat_10.3010487_lon_105.2722472_alt_20.224m__p003,DJI_DateTime_2024_06_04_09_17_0057_lat_10.3010487_lon_105.2722472_alt_20.224m,640,480,640,480,3903,0
DJI_DateTime_2024_06_04_09_17_0058_lat_10.3010012_lon_105.2722782_alt_20.197m,train,DJI_DateTime_2024_06_04_09_17_0058_lat_10.3010012_lon_105.2722782_alt_20.197m__p000,DJI_DateTime_2024_06_04_09_17_0058_lat_10.3010012_lon_105.2722782_alt_20.197m,0,0,640,480,0,1
DJI_DateTime_2024_06_04_09_17_0058_lat_10.3010012_lon_105.2722782_alt_20.197m,train,DJI_DateTime_2024_06_04_09_17_0058_lat_10.3010012_lon_105.2722782_alt_20.197m__p002,DJI_DateTime_2024_06_04_09_17_0058_lat_10.3010012_lon_105.2722782_alt_20.197m,0,480,640,480,15452,0
DJI_DateTime_2024_06_04_09_17_0058_lat_10.3010012_lon_105.2722782_alt_20.197m,train,DJI_DateTime_2024_06_04_09_17_0058_lat_10.3010012_lon_105.2722782_alt_20.197m__p003,DJI_DateTime_2024_06_04_09_17_0058_lat_10.3010012_lon_105.2722782_alt_20.197m,640,480,640,480,7912,0
DJI_DateTime_2024_06_04_09_17_0061_lat_10.3008618_lon_105.2723763_alt_20.210m,train,DJI_DateTime_2024_06_04_09_17_0061_lat_10.3008618_lon_105.2723763_alt_20.210m__p000,DJI_DateTime_2024_06_04_09_17_0061_lat_10.3008618_lon_105.2723763_alt_20.210m,0,0,640,480,3015,0
DJI_DateTime_2024_06_04_09_17_0061_lat_10.3008618_lon_105.2723763_alt_20.210m,train,DJI_DateTime_2024_06_04_09_17_0061_lat_10.3008618_lon_105.2723763_alt_20.210m__p001,DJI_DateTime_2024_06_04_09_17_0061_lat_10.3008618_lon_105.2723763_alt_20.210m,640,0,640,480,7465,0
DJI_DateTime_2024_06_04_09_17_0061_lat_10.3008618_lon_105.2723763_alt_20.210m,train,DJI_DateTime_2024_06_04_09_17_0061_lat_10.3008618_lon_105.2723763_alt_20.210m__p002,DJI_DateTime_2024_06_04_09_17_0061_lat_10.3008618_lon_105.2723763_alt_20.210m,0,480,640,480,4040,0
DJI_DateTime_2024_06_04_09_17_0067_lat_10.3011335_lon_105.2722954_alt_20.220m,train,DJI_DateTime_2024_06_04_09_17_0067_lat_10.3011335_lon_105.2722954_alt_20.220m__p000,DJI_DateTime_2024_06_04_09_17_0067_lat_10.3011335_lon_105.2722954_alt_20.220m,0,0,640,480,3196,0
DJI_DateTime_2024_06_04_09_17_0067_lat_10.3011335_lon_105.2722954_alt_20.220m,train,DJI_DateTime_2024_06_04_09_17_0067_lat_10.3011335_lon_105.2722954_alt_20.220m__p001,DJI_DateTime_2024_06_04_09_17_0067_lat_10.3011335_lon_105.2722954_alt_20.220m,640,0,640,480,57929,0
DJI_DateTime_2024_06_04_09_17_0067_lat_10.3011335_lon_105.2722954_alt_20.220m,train,DJI_DateTime_2024_06_04_09_17_0067_lat_10.3011335_lon_105.2722954_alt_20.220m__p002,DJI_DateTime_2024_06_04_09_17_0067_lat_10.3011335_lon_105.2722954_alt_20.220m,0,480,640,480,2534,0
DJI_DateTime_2024_06_04_09_17_0067_lat_10.3011335_lon_105.2722954_alt_20.220m,train,DJI_DateTime_2024_06_04_09_17_0067_lat_10.3011335_lon_105.2722954_alt_20.220m__p003,DJI_DateTime_2024_06_04_09_17_0067_lat_10.3011335_lon_105.2722954_alt_20.220m,640,480,640,480,8389,0
DJI_DateTime_2024_06_04_09_17_0068_lat_10.3011816_lon_105.2722632_alt_20.232m,train,DJI_DateTime_2024_06_04_09_17_0068_lat_10.3011816_lon_105.2722632_alt_20.232m__p000,DJI_DateTime_2024_06_04_09_17_0068_lat_10.3011816_lon_105.2722632_alt_20.232m,0,0,640,480,21467,0
DJI_DateTime_2024_06_04_09_17_0068_lat_10.3011816_lon_105.2722632_alt_20.232m,train,DJI_DateTime_2024_06_04_09_17_0068_lat_10.3011816_lon_105.2722632_alt_20.232m__p001,DJI_DateTime_2024_06_04_09_17_0068_lat_10.3011816_lon_105.2722632_alt_20.232m,640,0,640,480,92053,0
DJI_DateTime_2024_06_04_09_17_0068_lat_10.3011816_lon_105.2722632_alt_20.232m,train,DJI_DateTime_2024_06_04_09_17_0068_lat_10.3011816_lon_105.2722632_alt_20.232m__p002,DJI_DateTime_2024_06_04_09_17_0068_lat_10.3011816_lon_105.2722632_alt_20.232m,0,480,640,480,17340,0
DJI_DateTime_2024_06_04_09_17_0068_lat_10.3011816_lon_105.2722632_alt_20.232m,train,DJI_DateTime_2024_06_04_09_17_0068_lat_10.3011816_lon_105.2722632_alt_20.232m__p003,DJI_DateTime_2024_06_04_09_17_0068_lat_10.3011816_lon_105.2722632_alt_20.232m,640,480,640,480,18945,0
DJI_DateTime_2024_06_04_09_17_0069_lat_10.3012291_lon_105.2722318_alt_20.217m,train,DJI_DateTime_2024_06_04_09_17_0069_lat_10.3012291_lon_105.2722318_alt_20.217m__p000,DJI_DateTime_2024_06_04_09_17_0069_lat_10.3012291_lon_105.2722318_alt_20.217m,0,0,640,480,7632,0
DJI_DateTime_2024_06_04_09_17_0069_lat_10.3012291_lon_105.2722318_alt_20.217m,train,DJI_DateTime_2024_06_04_09_17_0069_lat_10.3012291_lon_105.2722318_alt_20.217m__p001,DJI_DateTime_2024_06_04_09_17_0069_lat_10.3012291_lon_105.2722318_alt_20.217m,640,0,640,480,32259,0
DJI_DateTime_2024_06_04_09_17_0069_lat_10.3012291_lon_105.2722318_alt_20.217m,train,DJI_DateTime_2024_06_04_09_17_0069_lat_10.3012291_lon_105.2722318_alt_20.217m__p002,DJI_DateTime_2024_06_04_09_17_0069_lat_10.3012291_lon_105.2722318_alt_20.217m,0,480,640,480,16220,0
DJI_DateTime_2024_06_04_09_17_0069_lat_10.3012291_lon_105.2722318_alt_20.217m,train,DJI_DateTime_2024_06_04_09_17_0069_lat_10.3012291_lon_105.2722318_alt_20.217m__p003,DJI_DateTime_2024_06_04_09_17_0069_lat_10.3012291_lon_105.2722318_alt_20.217m,640,480,640,480,71897,0
DJI_DateTime_2024_06_04_09_17_0070_lat_10.3012765_lon_105.2722004_alt_20.182m,train,DJI_DateTime_2024_06_04_09_17_0070_lat_10.3012765_lon_105.2722004_alt_20.182m__p000,DJI_DateTime_2024_06_04_09_17_0070_lat_10.3012765_lon_105.2722004_alt_20.182m,0,0,640,480,73175,0
DJI_DateTime_2024_06_04_09_17_0070_lat_10.3012765_lon_105.2722004_alt_20.182m,train,DJI_DateTime_2024_06_04_09_17_0070_lat_10.3012765_lon_105.2722004_alt_20.182m__p001,DJI_DateTime_2024_06_04_09_17_0070_lat_10.3012765_lon_105.2722004_alt_20.182m,640,0,640,480,40878,0
DJI_DateTime_2024_06_04_09_17_0070_lat_10.3012765_lon_105.2722004_alt_20.182m,train,DJI_DateTime_2024_06_04_09_17_0070_lat_10.3012765_lon_105.2722004_alt_20.182m__p002,DJI_DateTime_2024_06_04_09_17_0070_lat_10.3012765_lon_105.2722004_alt_20.182m,0,480,640,480,50675,0
DJI_DateTime_2024_06_04_09_17_0070_lat_10.3012765_lon_105.2722004_alt_20.182m,train,DJI_DateTime_2024_06_04_09_17_0070_lat_10.3012765_lon_105.2722004_alt_20.182m__p003,DJI_DateTime_2024_06_04_09_17_0070_lat_10.3012765_lon_105.2722004_alt_20.182m,640,480,640,480,21674,0
DJI_DateTime_2024_06_04_09_18_0071_lat_10.3013249_lon_105.2721684_alt_20.203m,train,DJI_DateTime_2024_06_04_09_18_0071_lat_10.3013249_lon_105.2721684_alt_20.203m__p000,DJI_DateTime_2024_06_04_09_18_0071_lat_10.3013249_lon_105.2721684_alt_20.203m,0,0,640,480,94741,0
DJI_DateTime_2024_06_04_09_18_0071_lat_10.3013249_lon_105.2721684_alt_20.203m,train,DJI_DateTime_2024_06_04_09_18_0071_lat_10.3013249_lon_105.2721684_alt_20.203m__p001,DJI_DateTime_2024_06_04_09_18_0071_lat_10.3013249_lon_105.2721684_alt_20.203m,640,0,640,480,56904,0
DJI_DateTime_2024_06_04_09_18_0071_lat_10.3013249_lon_105.2721684_alt_20.203m,train,DJI_DateTime_2024_06_04_09_18_0071_lat_10.3013249_lon_105.2721684_alt_20.203m__p002,DJI_DateTime_2024_06_04_09_18_0071_lat_10.3013249_lon_105.2721684_alt_20.203m,0,480,640,480,73510,0
DJI_DateTime_2024_06_04_09_18_0071_lat_10.3013249_lon_105.2721684_alt_20.203m,train,DJI_DateTime_2024_06_04_09_18_0071_lat_10.3013249_lon_105.2721684_alt_20.203m__p003,DJI_DateTime_2024_06_04_09_18_0071_lat_10.3013249_lon_105.2721684_alt_20.203m,640,480,640,480,39294,0
DJI_DateTime_2024_06_04_09_18_0072_lat_10.3013729_lon_105.2721368_alt_20.197m,train,DJI_DateTime_2024_06_04_09_18_0072_lat_10.3013729_lon_105.2721368_alt_20.197m__p000,DJI_DateTime_2024_06_04_09_18_0072_lat_10.3013729_lon_105.2721368_alt_20.197m,0,0,640,480,98290,0
DJI_DateTime_2024_06_04_09_18_0072_lat_10.3013729_lon_105.2721368_alt_20.197m,train,DJI_DateTime_2024_06_04_09_18_0072_lat_10.3013729_lon_105.2721368_alt_20.197m__p001,DJI_DateTime_2024_06_04_09_18_0072_lat_10.3013729_lon_105.2721368_alt_20.197m,640,0,640,480,68359,0
DJI_DateTime_2024_06_04_09_18_0072_lat_10.3013729_lon_105.2721368_alt_20.197m,train,DJI_DateTime_2024_06_04_09_18_0072_lat_10.3013729_lon_105.2721368_alt_20.197m__p002,DJI_DateTime_2024_06_04_09_18_0072_lat_10.3013729_lon_105.2721368_alt_20.197m,0,480,640,480,93668,0
DJI_DateTime_2024_06_04_09_18_0072_lat_10.3013729_lon_105.2721368_alt_20.197m,train,DJI_DateTime_2024_06_04_09_18_0072_lat_10.3013729_lon_105.2721368_alt_20.197m__p003,DJI_DateTime_2024_06_04_09_18_0072_lat_10.3013729_lon_105.2721368_alt_20.197m,640,480,640,480,39209,0
DJI_DateTime_2024_06_04_09_18_0073_lat_10.3014197_lon_105.2721057_alt_20.203m,train,DJI_DateTime_2024_06_04_09_18_0073_lat_10.3014197_lon_105.2721057_alt_20.203m__p000,DJI_DateTime_2024_06_04_09_18_0073_lat_10.3014197_lon_105.2721057_alt_20.203m,0,0,640,480,117143,0
DJI_DateTime_2024_06_04_09_18_0073_lat_10.3014197_lon_105.2721057_alt_20.203m,train,DJI_DateTime_2024_06_04_09_18_0073_lat_10.3014197_lon_105.2721057_alt_20.203m__p001,DJI_DateTime_2024_06_04_09_18_0073_lat_10.3014197_lon_105.2721057_alt_20.203m,640,0,640,480,124664,0
DJI_DateTime_2024_06_04_09_18_0073_lat_10.3014197_lon_105.2721057_alt_20.203m,train,DJI_DateTime_2024_06_04_09_18_0073_lat_10.3014197_lon_105.2721057_alt_20.203m__p002,DJI_DateTime_2024_06_04_09_18_0073_lat_10.3014197_lon_105.2721057_alt_20.203m,0,480,640,480,143777,0
DJI_DateTime_2024_06_04_09_18_0073_lat_10.3014197_lon_105.2721057_alt_20.203m,train,DJI_DateTime_2024_06_04_09_18_0073_lat_10.3014197_lon_105.2721057_alt_20.203m__p003,DJI_DateTime_2024_06_04_09_18_0073_lat_10.3014197_lon_105.2721057_alt_20.203m,640,480,640,480,32070,0
DJI_DateTime_2024_06_04_09_18_0074_lat_10.3014673_lon_105.2720743_alt_20.168m,train,DJI_DateTime_2024_06_04_09_18_0074_lat_10.3014673_lon_105.2720743_alt_20.168m__p000,DJI_DateTime_2024_06_04_09_18_0074_lat_10.3014673_lon_105.2720743_alt_20.168m,0,0,640,480,114142,0
DJI_DateTime_2024_06_04_09_18_0074_lat_10.3014673_lon_105.2720743_alt_20.168m,train,DJI_DateTime_2024_06_04_09_18_0074_lat_10.3014673_lon_105.2720743_alt_20.168m__p001,DJI_DateTime_2024_06_04_09_18_0074_lat_10.3014673_lon_105.2720743_alt_20.168m,640,0,640,480,139746,0
DJI_DateTime_2024_06_04_09_18_0074_lat_10.3014673_lon_105.2720743_alt_20.168m,train,DJI_DateTime_2024_06_04_09_18_0074_lat_10.3014673_lon_105.2720743_alt_20.168m__p002,DJI_DateTime_2024_06_04_09_18_0074_lat_10.3014673_lon_105.2720743_alt_20.168m,0,480,640,480,164262,0
DJI_DateTime_2024_06_04_09_18_0074_lat_10.3014673_lon_105.2720743_alt_20.168m,train,DJI_DateTime_2024_06_04_09_18_0074_lat_10.3014673_lon_105.2720743_alt_20.168m__p003,DJI_DateTime_2024_06_04_09_18_0074_lat_10.3014673_lon_105.2720743_alt_20.168m,640,480,640,480,123197,0
DJI_DateTime_2024_06_04_09_18_0075_lat_10.3015155_lon_105.2720421_alt_20.200m,train,DJI_DateTime_2024_06_04_09_18_0075_lat_10.3015155_lon_105.2720421_alt_20.200m__p000,DJI_DateTime_2024_06_04_09_18_0075_lat_10.3015155_lon_105.2720421_alt_20.200m,0,0,640,480,71979,0
DJI_DateTime_2024_06_04_09_18_0075_lat_10.3015155_lon_105.2720421_alt_20.200m,train,DJI_DateTime_2024_06_04_09_18_0075_lat_10.3015155_lon_105.2720421_alt_20.200m__p001,DJI_DateTime_2024_06_04_09_18_0075_lat_10.3015155_lon_105.2720421_alt_20.200m,640,0,640,480,173214,0
DJI_DateTime_2024_06_04_09_18_0075_lat_10.3015155_lon_105.2720421_alt_20.200m,train,DJI_DateTime_2024_06_04_09_18_0075_lat_10.3015155_lon_105.2720421_alt_20.200m__p002,DJI_DateTime_2024_06_04_09_18_0075_lat_10.3015155_lon_105.2720421_alt_20.200m,0,480,640,480,156257,0
DJI_DateTime_2024_06_04_09_18_0075_lat_10.3015155_lon_105.2720421_alt_20.200m,train,DJI_DateTime_2024_06_04_09_18_0075_lat_10.3015155_lon_105.2720421_alt_20.200m__p003,DJI_DateTime_2024_06_04_09_18_0075_lat_10.3015155_lon_105.2720421_alt_20.200m,640,480,640,480,123475,0
DJI_DateTime_2024_06_04_09_18_0076_lat_10.3015632_lon_105.2720113_alt_20.208m,train,DJI_DateTime_2024_06_04_09_18_0076_lat_10.3015632_lon_105.2720113_alt_20.208m__p000,DJI_DateTime_2024_06_04_09_18_0076_lat_10.3015632_lon_105.2720113_alt_20.208m,0,0,640,480,111964,0
DJI_DateTime_2024_06_04_09_18_0076_lat_10.3015632_lon_105.2720113_alt_20.208m,train,DJI_DateTime_2024_06_04_09_18_0076_lat_10.3015632_lon_105.2720113_alt_20.208m__p001,DJI_DateTime_2024_06_04_09_18_0076_lat_10.3015632_lon_105.2720113_alt_20.208m,640,0,640,480,248938,0
DJI_DateTime_2024_06_04_09_18_0076_lat_10.3015632_lon_105.2720113_alt_20.208m,train,DJI_DateTime_2024_06_04_09_18_0076_lat_10.3015632_lon_105.2720113_alt_20.208m__p002,DJI_DateTime_2024_06_04_09_18_0076_lat_10.3015632_lon_105.2720113_alt_20.208m,0,480,640,480,144719,0
DJI_DateTime_2024_06_04_09_18_0076_lat_10.3015632_lon_105.2720113_alt_20.208m,train,DJI_DateTime_2024_06_04_09_18_0076_lat_10.3015632_lon_105.2720113_alt_20.208m__p003,DJI_DateTime_2024_06_04_09_18_0076_lat_10.3015632_lon_105.2720113_alt_20.208m,640,480,640,480,146230,0
DJI_DateTime_2024_06_04_09_18_0077_lat_10.3016106_lon_105.2719794_alt_20.186m,train,DJI_DateTime_2024_06_04_09_18_0077_lat_10.3016106_lon_105.2719794_alt_20.186m__p000,DJI_DateTime_2024_06_04_09_18_0077_lat_10.3016106_lon_105.2719794_alt_20.186m,0,0,640,480,111772,0
DJI_DateTime_2024_06_04_09_18_0077_lat_10.3016106_lon_105.2719794_alt_20.186m,train,DJI_DateTime_2024_06_04_09_18_0077_lat_10.3016106_lon_105.2719794_alt_20.186m__p001,DJI_DateTime_2024_06_04_09_18_0077_lat_10.3016106_lon_105.2719794_alt_20.186m,640,0,640,480,208010,0
DJI_DateTime_2024_06_04_09_18_0077_lat_10.3016106_lon_105.2719794_alt_20.186m,train,DJI_DateTime_2024_06_04_09_18_0077_lat_10.3016106_lon_105.2719794_alt_20.186m__p002,DJI_DateTime_2024_06_04_09_18_0077_lat_10.3016106_lon_105.2719794_alt_20.186m,0,480,640,480,101699,0
DJI_DateTime_2024_06_04_09_18_0077_lat_10.3016106_lon_105.2719794_alt_20.186m,train,DJI_DateTime_2024_06_04_09_18_0077_lat_10.3016106_lon_105.2719794_alt_20.186m__p003,DJI_DateTime_2024_06_04_09_18_0077_lat_10.3016106_lon_105.2719794_alt_20.186m,640,480,640,480,226097,0
DJI_DateTime_2024_06_04_09_18_0078_lat_10.3016587_lon_105.2719481_alt_20.214m,train,DJI_DateTime_2024_06_04_09_18_0078_lat_10.3016587_lon_105.2719481_alt_20.214m__p000,DJI_DateTime_2024_06_04_09_18_0078_lat_10.3016587_lon_105.2719481_alt_20.214m,0,0,640,480,105683,0
DJI_DateTime_2024_06_04_09_18_0078_lat_10.3016587_lon_105.2719481_alt_20.214m,train,DJI_DateTime_2024_06_04_09_18_0078_lat_10.3016587_lon_105.2719481_alt_20.214m__p001,DJI_DateTime_2024_06_04_09_18_0078_lat_10.3016587_lon_105.2719481_alt_20.214m,640,0,640,480,170269,0
DJI_DateTime_2024_06_04_09_18_0078_lat_10.3016587_lon_105.2719481_alt_20.214m,train,DJI_DateTime_2024_06_04_09_18_0078_lat_10.3016587_lon_105.2719481_alt_20.214m__p002,DJI_DateTime_2024_06_04_09_18_0078_lat_10.3016587_lon_105.2719481_alt_20.214m,0,480,640,480,174532,0
DJI_DateTime_2024_06_04_09_18_0078_lat_10.3016587_lon_105.2719481_alt_20.214m,train,DJI_DateTime_2024_06_04_09_18_0078_lat_10.3016587_lon_105.2719481_alt_20.214m__p003,DJI_DateTime_2024_06_04_09_18_0078_lat_10.3016587_lon_105.2719481_alt_20.214m,640,480,640,480,192616,0
DJI_DateTime_2024_06_04_09_18_0079_lat_10.3017056_lon_105.2719171_alt_20.172m,train,DJI_DateTime_2024_06_04_09_18_0079_lat_10.3017056_lon_105.2719171_alt_20.172m__p000,DJI_DateTime_2024_06_04_09_18_0079_lat_10.3017056_lon_105.2719171_alt_20.172m,0,0,640,480,116906,0
DJI_DateTime_2024_06_04_09_18_0079_lat_10.3017056_lon_105.2719171_alt_20.172m,train,DJI_DateTime_2024_06_04_09_18_0079_lat_10.3017056_lon_105.2719171_alt_20.172m__p001,DJI_DateTime_2024_06_04_09_18_0079_lat_10.3017056_lon_105.2719171_alt_20.172m,640,0,640,480,178082,0
DJI_DateTime_2024_06_04_09_18_0079_lat_10.3017056_lon_105.2719171_alt_20.172m,train,DJI_DateTime_2024_06_04_09_18_0079_lat_10.3017056_lon_105.2719171_alt_20.172m__p002,DJI_DateTime_2024_06_04_09_18_0079_lat_10.3017056_lon_105.2719171_alt_20.172m,0,480,640,480,126426,0
DJI_DateTime_2024_06_04_09_18_0079_lat_10.3017056_lon_105.2719171_alt_20.172m,train,DJI_DateTime_2024_06_04_09_18_0079_lat_10.3017056_lon_105.2719171_alt_20.172m__p003,DJI_DateTime_2024_06_04_09_18_0079_lat_10.3017056_lon_105.2719171_alt_20.172m,640,480,640,480,149357,0
DJI_DateTime_2024_06_04_09_18_0080_lat_10.3017541_lon_105.2718854_alt_20.168m,train,DJI_DateTime_2024_06_04_09_18_0080_lat_10.3017541_lon_105.2718854_alt_20.168m__p000,DJI_DateTime_2024_06_04_09_18_0080_lat_10.3017541_lon_105.2718854_alt_20.168m,0,0,640,480,82419,0
DJI_DateTime_2024_06_04_09_18_0080_lat_10.3017541_lon_105.2718854_alt_20.168m,train,DJI_DateTime_2024_06_04_09_18_0080_lat_10.3017541_lon_105.2718854_alt_20.168m__p001,DJI_DateTime_2024_06_04_09_18_0080_lat_10.3017541_lon_105.2718854_alt_20.168m,640,0,640,480,159774,0
DJI_DateTime_2024_06_04_09_18_0080_lat_10.3017541_lon_105.2718854_alt_20.168m,train,DJI_DateTime_2024_06_04_09_18_0080_lat_10.3017541_lon_105.2718854_alt_20.168m__p002,DJI_DateTime_2024_06_04_09_18_0080_lat_10.3017541_lon_105.2718854_alt_20.168m,0,480,640,480,155200,0
DJI_DateTime_2024_06_04_09_18_0080_lat_10.3017541_lon_105.2718854_alt_20.168m,train,DJI_DateTime_2024_06_04_09_18_0080_lat_10.3017541_lon_105.2718854_alt_20.168m__p003,DJI_DateTime_2024_06_04_09_18_0080_lat_10.3017541_lon_105.2718854_alt_20.168m,640,480,640,480,174527,0
DJI_DateTime_2024_06_04_09_18_0081_lat_10.3018015_lon_105.2718541_alt_20.194m,train,DJI_DateTime_2024_06_04_09_18_0081_lat_10.3018015_lon_105.2718541_alt_20.194m__p000,DJI_DateTime_2024_06_04_09_18_0081_lat_10.3018015_lon_105.2718541_alt_20.194m,0,0,640,480,77997,0
DJI_DateTime_2024_06_04_09_18_0081_lat_10.3018015_lon_105.2718541_alt_20.194m,train,DJI_DateTime_2024_06_04_09_18_0081_lat_10.3018015_lon_105.2718541_alt_20.194m__p001,DJI_DateTime_2024_06_04_09_18_0081_lat_10.3018015_lon_105.2718541_alt_20.194m,640,0,640,480,170228,0
DJI_DateTime_2024_06_04_09_18_0081_lat_10.3018015_lon_105.2718541_alt_20.194m,train,DJI_DateTime_2024_06_04_09_18_0081_lat_10.3018015_lon_105.2718541_alt_20.194m__p002,DJI_DateTime_2024_06_04_09_18_0081_lat_10.3018015_lon_105.2718541_alt_20.194m,0,480,640,480,157604,0
DJI_DateTime_2024_06_04_09_18_0081_lat_10.3018015_lon_105.2718541_alt_20.194m,train,DJI_DateTime_2024_06_04_09_18_0081_lat_10.3018015_lon_105.2718541_alt_20.194m__p003,DJI_DateTime_2024_06_04_09_18_0081_lat_10.3018015_lon_105.2718541_alt_20.194m,640,480,640,480,178338,0
DJI_DateTime_2024_06_04_09_18_0082_lat_10.3018489_lon_105.2718225_alt_20.220m,train,DJI_DateTime_2024_06_04_09_18_0082_lat_10.3018489_lon_105.2718225_alt_20.220m__p000,DJI_DateTime_2024_06_04_09_18_0082_lat_10.3018489_lon_105.2718225_alt_20.220m,0,0,640,480,113298,0
DJI_DateTime_2024_06_04_09_18_0082_lat_10.3018489_lon_105.2718225_alt_20.220m,train,DJI_DateTime_2024_06_04_09_18_0082_lat_10.3018489_lon_105.2718225_alt_20.220m__p001,DJI_DateTime_2024_06_04_09_18_0082_lat_10.3018489_lon_105.2718225_alt_20.220m,640,0,640,480,66589,0
DJI_DateTime_2024_06_04_09_18_0082_lat_10.3018489_lon_105.2718225_alt_20.220m,train,DJI_DateTime_2024_06_04_09_18_0082_lat_10.3018489_lon_105.2718225_alt_20.220m__p002,DJI_DateTime_2024_06_04_09_18_0082_lat_10.3018489_lon_105.2718225_alt_20.220m,0,480,640,480,159005,0
DJI_DateTime_2024_06_04_09_18_0082_lat_10.3018489_lon_105.2718225_alt_20.220m,train,DJI_DateTime_2024_06_04_09_18_0082_lat_10.3018489_lon_105.2718225_alt_20.220m__p003,DJI_DateTime_2024_06_04_09_18_0082_lat_10.3018489_lon_105.2718225_alt_20.220m,640,480,640,480,170898,0
DJI_DateTime_2024_06_04_09_18_0083_lat_10.3018969_lon_105.2717908_alt_20.251m,train,DJI_DateTime_2024_06_04_09_18_0083_lat_10.3018969_lon_105.2717908_alt_20.251m__p000,DJI_DateTime_2024_06_04_09_18_0083_lat_10.3018969_lon_105.2717908_alt_20.251m,0,0,640,480,90096,0
DJI_DateTime_2024_06_04_09_18_0083_lat_10.3018969_lon_105.2717908_alt_20.251m,train,DJI_DateTime_2024_06_04_09_18_0083_lat_10.3018969_lon_105.2717908_alt_20.251m__p001,DJI_DateTime_2024_06_04_09_18_0083_lat_10.3018969_lon_105.2717908_alt_20.251m,640,0,640,480,0,1
DJI_DateTime_2024_06_04_09_18_0083_lat_10.3018969_lon_105.2717908_alt_20.251m,train,DJI_DateTime_2024_06_04_09_18_0083_lat_10.3018969_lon_105.2717908_alt_20.251m__p002,DJI_DateTime_2024_06_04_09_18_0083_lat_10.3018969_lon_105.2717908_alt_20.251m,0,480,640,480,130243,0
DJI_DateTime_2024_06_04_09_18_0083_lat_10.3018969_lon_105.2717908_alt_20.251m,train,DJI_DateTime_2024_06_04_09_18_0083_lat_10.3018969_lon_105.2717908_alt_20.251m__p003,DJI_DateTime_2024_06_04_09_18_0083_lat_10.3018969_lon_105.2717908_alt_20.251m,640,480,640,480,114851,0
DJI_DateTime_2024_06_04_09_18_0084_lat_10.3019440_lon_105.2717589_alt_20.237m,train,DJI_DateTime_2024_06_04_09_18_0084_lat_10.3019440_lon_105.2717589_alt_20.237m__p000,DJI_DateTime_2024_06_04_09_18_0084_lat_10.3019440_lon_105.2717589_alt_20.237m,0,0,640,480,34852,0
DJI_DateTime_2024_06_04_09_18_0084_lat_10.3019440_lon_105.2717589_alt_20.237m,train,DJI_DateTime_2024_06_04_09_18_0084_lat_10.3019440_lon_105.2717589_alt_20.237m__p002,DJI_DateTime_2024_06_04_09_18_0084_lat_10.3019440_lon_105.2717589_alt_20.237m,0,480,640,480,159210,0
DJI_DateTime_2024_06_04_09_18_0085_lat_10.3019921_lon_105.2717280_alt_20.196m,train,DJI_DateTime_2024_06_04_09_18_0085_lat_10.3019921_lon_105.2717280_alt_20.196m__p000,DJI_DateTime_2024_06_04_09_18_0085_lat_10.3019921_lon_105.2717280_alt_20.196m,0,0,640,480,18506,0
DJI_DateTime_2024_06_04_09_18_0085_lat_10.3019921_lon_105.2717280_alt_20.196m,train,DJI_DateTime_2024_06_04_09_18_0085_lat_10.3019921_lon_105.2717280_alt_20.196m__p002,DJI_DateTime_2024_06_04_09_18_0085_lat_10.3019921_lon_105.2717280_alt_20.196m,0,480,640,480,72753,0
DJI_DateTime_2024_06_04_09_18_0085_lat_10.3019921_lon_105.2717280_alt_20.196m,train,DJI_DateTime_2024_06_04_09_18_0085_lat_10.3019921_lon_105.2717280_alt_20.196m__p003,DJI_DateTime_2024_06_04_09_18_0085_lat_10.3019921_lon_105.2717280_alt_20.196m,640,480,640,480,0,1
DJI_DateTime_2024_06_04_09_18_0086_lat_10.3020406_lon_105.2716959_alt_20.221m,train,DJI_DateTime_2024_06_04_09_18_0086_lat_10.3020406_lon_105.2716959_alt_20.221m__p000,DJI_DateTime_2024_06_04_09_18_0086_lat_10.3020406_lon_105.2716959_alt_20.221m,0,0,640,480,0,1
DJI_DateTime_2024_06_04_09_18_0086_lat_10.3020406_lon_105.2716959_alt_20.221m,train,DJI_DateTime_2024_06_04_09_18_0086_lat_10.3020406_lon_105.2716959_alt_20.221m__p002,DJI_DateTime_2024_06_04_09_18_0086_lat_10.3020406_lon_105.2716959_alt_20.221m,0,480,640,480,33965,0
DJI_DateTime_2024_06_04_09_18_0087_lat_10.3020864_lon_105.2716646_alt_20.189m,train,DJI_DateTime_2024_06_04_09_18_0087_lat_10.3020864_lon_105.2716646_alt_20.189m__p001,DJI_DateTime_2024_06_04_09_18_0087_lat_10.3020864_lon_105.2716646_alt_20.189m,640,0,640,480,0,1
DJI_DateTime_2024_06_04_09_18_0087_lat_10.3020864_lon_105.2716646_alt_20.189m,train,DJI_DateTime_2024_06_04_09_18_0087_lat_10.3020864_lon_105.2716646_alt_20.189m__p002,DJI_DateTime_2024_06_04_09_18_0087_lat_10.3020864_lon_105.2716646_alt_20.189m,0,480,640,480,14159,0
DJI_DateTime_2024_06_04_09_19_0101_lat_10.3019920_lon_105.2718346_alt_20.207m,train,DJI_DateTime_2024_06_04_09_19_0101_lat_10.3019920_lon_105.2718346_alt_20.207m__p000,DJI_DateTime_2024_06_04_09_19_0101_lat_10.3019920_lon_105.2718346_alt_20.207m,0,0,640,480,0,1
DJI_DateTime_2024_06_04_09_19_0101_lat_10.3019920_lon_105.2718346_alt_20.207m,train,DJI_DateTime_2024_06_04_09_19_0101_lat_10.3019920_lon_105.2718346_alt_20.207m__p001,DJI_DateTime_2024_06_04_09_19_0101_lat_10.3019920_lon_105.2718346_alt_20.207m,640,0,640,480,15872,0
DJI_DateTime_2024_06_04_09_19_0101_lat_10.3019920_lon_105.2718346_alt_20.207m,train,DJI_DateTime_2024_06_04_09_19_0101_lat_10.3019920_lon_105.2718346_alt_20.207m__p003,DJI_DateTime_2024_06_04_09_19_0101_lat_10.3019920_lon_105.2718346_alt_20.207m,640,480,640,480,0,1
DJI_DateTime_2024_06_04_09_19_0102_lat_10.3019443_lon_105.2718668_alt_20.218m,train,DJI_DateTime_2024_06_04_09_19_0102_lat_10.3019443_lon_105.2718668_alt_20.218m__p000,DJI_DateTime_2024_06_04_09_19_0102_lat_10.3019443_lon_105.2718668_alt_20.218m,0,0,640,480,45108,0
DJI_DateTime_2024_06_04_09_19_0102_lat_10.3019443_lon_105.2718668_alt_20.218m,train,DJI_DateTime_2024_06_04_09_19_0102_lat_10.3019443_lon_105.2718668_alt_20.218m__p001,DJI_DateTime_2024_06_04_09_19_0102_lat_10.3019443_lon_105.2718668_alt_20.218m,640,0,640,480,98480,0
DJI_DateTime_2024_06_04_09_19_0102_lat_10.3019443_lon_105.2718668_alt_20.218m,train,DJI_DateTime_2024_06_04_09_19_0102_lat_10.3019443_lon_105.2718668_alt_20.218m__p003,DJI_DateTime_2024_06_04_09_19_0102_lat_10.3019443_lon_105.2718668_alt_20.218m,640,480,640,480,4148,0
DJI_DateTime_2024_06_04_09_19_0103_lat_10.3018964_lon_105.2718985_alt_20.239m,train,DJI_DateTime_2024_06_04_09_19_0103_lat_10.3018964_lon_105.2718985_alt_20.239m__p000,DJI_DateTime_2024_06_04_09_19_0103_lat_10.3018964_lon_105.2718985_alt_20.239m,0,0,640,480,151899,0
DJI_DateTime_2024_06_04_09_19_0103_lat_10.3018964_lon_105.2718985_alt_20.239m,train,DJI_DateTime_2024_06_04_09_19_0103_lat_10.3018964_lon_105.2718985_alt_20.239m__p001,DJI_DateTime_2024_06_04_09_19_0103_lat_10.3018964_lon_105.2718985_alt_20.239m,640,0,640,480,69520,0
DJI_DateTime_2024_06_04_09_19_0103_lat_10.3018964_lon_105.2718985_alt_20.239m,train,DJI_DateTime_2024_06_04_09_19_0103_lat_10.3018964_lon_105.2718985_alt_20.239m__p002,DJI_DateTime_2024_06_04_09_19_0103_lat_10.3018964_lon_105.2718985_alt_20.239m,0,480,640,480,23247,0
DJI_DateTime_2024_06_04_09_19_0103_lat_10.3018964_lon_105.2718985_alt_20.239m,train,DJI_DateTime_2024_06_04_09_19_0103_lat_10.3018964_lon_105.2718985_alt_20.239m__p003,DJI_DateTime_2024_06_04_09_19_0103_lat_10.3018964_lon_105.2718985_alt_20.239m,640,480,640,480,61070,0
DJI_DateTime_2024_06_04_09_19_0104_lat_10.3018489_lon_105.2719297_alt_20.235m,train,DJI_DateTime_2024_06_04_09_19_0104_lat_10.3018489_lon_105.2719297_alt_20.235m__p000,DJI_DateTime_2024_06_04_09_19_0104_lat_10.3018489_lon_105.2719297_alt_20.235m,0,0,640,480,169987,0
DJI_DateTime_2024_06_04_09_19_0104_lat_10.3018489_lon_105.2719297_alt_20.235m,train,DJI_DateTime_2024_06_04_09_19_0104_lat_10.3018489_lon_105.2719297_alt_20.235m__p001,DJI_DateTime_2024_06_04_09_19_0104_lat_10.3018489_lon_105.2719297_alt_20.235m,640,0,640,480,156170,0
DJI_DateTime_2024_06_04_09_19_0104_lat_10.3018489_lon_105.2719297_alt_20.235m,train,DJI_DateTime_2024_06_04_09_19_0104_lat_10.3018489_lon_105.2719297_alt_20.235m__p002,DJI_DateTime_2024_06_04_09_19_0104_lat_10.3018489_lon_105.2719297_alt_20.235m,0,480,640,480,169161,0
DJI_DateTime_2024_06_04_09_19_0104_lat_10.3018489_lon_105.2719297_alt_20.235m,train,DJI_DateTime_2024_06_04_09_19_0104_lat_10.3018489_lon_105.2719297_alt_20.235m__p003,DJI_DateTime_2024_06_04_09_19_0104_lat_10.3018489_lon_105.2719297_alt_20.235m,640,480,640,480,55342,0
DJI_DateTime_2024_06_04_09_20_0105_lat_10.3018006_lon_105.2719609_alt_20.239m,train,DJI_DateTime_2024_06_04_09_20_0105_lat_10.3018006_lon_105.2719609_alt_20.239m__p000,DJI_DateTime_2024_06_04_09_20_0105_lat_10.3018006_lon_105.2719609_alt_20.239m,0,0,640,480,121845,0
DJI_DateTime_2024_06_04_09_20_0105_lat_10.3018006_lon_105.2719609_alt_20.239m,train,DJI_DateTime_2024_06_04_09_20_0105_lat_10.3018006_lon_105.2719609_alt_20.239m__p001,DJI_DateTime_2024_06_04_09_20_0105_lat_10.3018006_lon_105.2719609_alt_20.239m,640,0,640,480,166588,0
DJI_DateTime_2024_06_04_09_20_0105_lat_10.3018006_lon_105.2719609_alt_20.239m,train,DJI_DateTime_2024_06_04_09_20_0105_lat_10.3018006_lon_105.2719609_alt_20.239m__p002,DJI_DateTime_2024_06_04_09_20_0105_lat_10.3018006_lon_105.2719609_alt_20.239m,0,480,640,480,223132,0
DJI_DateTime_2024_06_04_09_20_0105_lat_10.3018006_lon_105.2719609_alt_20.239m,train,DJI_DateTime_2024_06_04_09_20_0105_lat_10.3018006_lon_105.2719609_alt_20.239m__p003,DJI_DateTime_2024_06_04_09_20_0105_lat_10.3018006_lon_105.2719609_alt_20.239m,640,480,640,480,147613,0
DJI_DateTime_2024_06_04_09_20_0106_lat_10.3017528_lon_105.2719928_alt_20.256m,train,DJI_DateTime_2024_06_04_09_20_0106_lat_10.3017528_lon_105.2719928_alt_20.256m__p000,DJI_DateTime_2024_06_04_09_20_0106_lat_10.3017528_lon_105.2719928_alt_20.256m,0,0,640,480,54035,0
DJI_DateTime_2024_06_04_09_20_0106_lat_10.3017528_lon_105.2719928_alt_20.256m,train,DJI_DateTime_2024_06_04_09_20_0106_lat_10.3017528_lon_105.2719928_alt_20.256m__p001,DJI_DateTime_2024_06_04_09_20_0106_lat_10.3017528_lon_105.2719928_alt_20.256m,640,0,640,480,124035,0
DJI_DateTime_2024_06_04_09_20_0106_lat_10.3017528_lon_105.2719928_alt_20.256m,train,DJI_DateTime_2024_06_04_09_20_0106_lat_10.3017528_lon_105.2719928_alt_20.256m__p002,DJI_DateTime_2024_06_04_09_20_0106_lat_10.3017528_lon_105.2719928_alt_20.256m,0,480,640,480,154981,0
DJI_DateTime_2024_06_04_09_20_0106_lat_10.3017528_lon_105.2719928_alt_20.256m,train,DJI_DateTime_2024_06_04_09_20_0106_lat_10.3017528_lon_105.2719928_alt_20.256m__p003,DJI_DateTime_2024_06_04_09_20_0106_lat_10.3017528_lon_105.2719928_alt_20.256m,640,480,640,480,216018,0
DJI_DateTime_2024_06_04_09_20_0107_lat_10.3017051_lon_105.2720244_alt_20.191m,train,DJI_DateTime_2024_06_04_09_20_0107_lat_10.3017051_lon_105.2720244_alt_20.191m__p000,DJI_DateTime_2024_06_04_09_20_0107_lat_10.3017051_lon_105.2720244_alt_20.191m,0,0,640,480,65089,0
DJI_DateTime_2024_06_04_09_20_0107_lat_10.3017051_lon_105.2720244_alt_20.191m,train,DJI_DateTime_2024_06_04_09_20_0107_lat_10.3017051_lon_105.2720244_alt_20.191m__p001,DJI_DateTime_2024_06_04_09_20_0107_lat_10.3017051_lon_105.2720244_alt_20.191m,640,0,640,480,198985,0
DJI_DateTime_2024_06_04_09_20_0107_lat_10.3017051_lon_105.2720244_alt_20.191m,train,DJI_DateTime_2024_06_04_09_20_0107_lat_10.3017051_lon_105.2720244_alt_20.191m__p002,DJI_DateTime_2024_06_04_09_20_0107_lat_10.3017051_lon_105.2720244_alt_20.191m,0,480,640,480,105208,0
DJI_DateTime_2024_06_04_09_20_0107_lat_10.3017051_lon_105.2720244_alt_20.191m,train,DJI_DateTime_2024_06_04_09_20_0107_lat_10.3017051_lon_105.2720244_alt_20.191m__p003,DJI_DateTime_2024_06_04_09_20_0107_lat_10.3017051_lon_105.2720244_alt_20.191m,640,480,640,480,170976,0
DJI_DateTime_2024_06_04_09_20_0108_lat_10.3016570_lon_105.2720565_alt_20.205m,train,DJI_DateTime_2024_06_04_09_20_0108_lat_10.3016570_lon_105.2720565_alt_20.205m__p000,DJI_DateTime_2024_06_04_09_20_0108_lat_10.3016570_lon_105.2720565_alt_20.205m,0,0,640,480,83897,0
DJI_DateTime_2024_06_04_09_20_0108_lat_10.3016570_lon_105.2720565_alt_20.205m,train,DJI_DateTime_2024_06_04_09_20_0108_lat_10.3016570_lon_105.2720565_alt_20.205m__p001,DJI_DateTime_2024_06_04_09_20_0108_lat_10.3016570_lon_105.2720565_alt_20.205m,640,0,640,480,200379,0
DJI_DateTime_2024_06_04_09_20_0108_lat_10.3016570_lon_105.2720565_alt_20.205m,train,DJI_DateTime_2024_06_04_09_20_0108_lat_10.3016570_lon_105.2720565_alt_20.205m__p002,DJI_DateTime_2024_06_04_09_20_0108_lat_10.3016570_lon_105.2720565_alt_20.205m,0,480,640,480,82179,0
DJI_DateTime_2024_06_04_09_20_0108_lat_10.3016570_lon_105.2720565_alt_20.205m,train,DJI_DateTime_2024_06_04_09_20_0108_lat_10.3016570_lon_105.2720565_alt_20.205m__p003,DJI_DateTime_2024_06_04_09_20_0108_lat_10.3016570_lon_105.2720565_alt_20.205m,640,480,640,480,177670,0
DJI_DateTime_2024_06_04_09_20_0109_lat_10.3016096_lon_105.2720870_alt_20.218m,train,DJI_DateTime_2024_06_04_09_20_0109_lat_10.3016096_lon_105.2720870_alt_20.218m__p000,DJI_DateTime_2024_06_04_09_20_0109_lat_10.3016096_lon_105.2720870_alt_20.218m,0,0,640,480,44675,0
DJI_DateTime_2024_06_04_09_20_0109_lat_10.3016096_lon_105.2720870_alt_20.218m,train,DJI_DateTime_2024_06_04_09_20_0109_lat_10.3016096_lon_105.2720870_alt_20.218m__p001,DJI_DateTime_2024_06_04_09_20_0109_lat_10.3016096_lon_105.2720870_alt_20.218m,640,0,640,480,77724,0
DJI_DateTime_2024_06_04_09_20_0109_lat_10.3016096_lon_105.2720870_alt_20.218m,train,DJI_DateTime_2024_06_04_09_20_0109_lat_10.3016096_lon_105.2720870_alt_20.218m__p002,DJI_DateTime_2024_06_04_09_20_0109_lat_10.3016096_lon_105.2720870_alt_20.218m,0,480,640,480,120034,0
DJI_DateTime_2024_06_04_09_20_0109_lat_10.3016096_lon_105.2720870_alt_20.218m,train,DJI_DateTime_2024_06_04_09_20_0109_lat_10.3016096_lon_105.2720870_alt_20.218m__p003,DJI_DateTime_2024_06_04_09_20_0109_lat_10.3016096_lon_105.2720870_alt_20.218m,640,480,640,480,198076,0
DJI_DateTime_2024_06_04_09_20_0110_lat_10.3015620_lon_105.2721183_alt_20.219m,train,DJI_DateTime_2024_06_04_09_20_0110_lat_10.3015620_lon_105.2721183_alt_20.219m__p000,DJI_DateTime_2024_06_04_09_20_0110_lat_10.3015620_lon_105.2721183_alt_20.219m,0,0,640,480,78283,0
DJI_DateTime_2024_06_04_09_20_0110_lat_10.3015620_lon_105.2721183_alt_20.219m,train,DJI_DateTime_2024_06_04_09_20_0110_lat_10.3015620_lon_105.2721183_alt_20.219m__p001,DJI_DateTime_2024_06_04_09_20_0110_lat_10.3015620_lon_105.2721183_alt_20.219m,640,0,640,480,83277,0
DJI_DateTime_2024_06_04_09_20_0110_lat_10.3015620_lon_105.2721183_alt_20.219m,train,DJI_DateTime_2024_06_04_09_20_0110_lat_10.3015620_lon_105.2721183_alt_20.219m__p002,DJI_DateTime_2024_06_04_09_20_0110_lat_10.3015620_lon_105.2721183_alt_20.219m,0,480,640,480,66775,0
DJI_DateTime_2024_06_04_09_20_0110_lat_10.3015620_lon_105.2721183_alt_20.219m,train,DJI_DateTime_2024_06_04_09_20_0110_lat_10.3015620_lon_105.2721183_alt_20.219m__p003,DJI_DateTime_2024_06_04_09_20_0110_lat_10.3015620_lon_105.2721183_alt_20.219m,640,480,640,480,106353,0
DJI_DateTime_2024_06_04_09_20_0111_lat_10.3015142_lon_105.2721497_alt_20.208m,train,DJI_DateTime_2024_06_04_09_20_0111_lat_10.3015142_lon_105.2721497_alt_20.208m__p000,DJI_DateTime_2024_06_04_09_20_0111_lat_10.3015142_lon_105.2721497_alt_20.208m,0,0,640,480,92613,0
DJI_DateTime_2024_06_04_09_20_0111_lat_10.3015142_lon_105.2721497_alt_20.208m,train,DJI_DateTime_2024_06_04_09_20_0111_lat_10.3015142_lon_105.2721497_alt_20.208m__p001,DJI_DateTime_2024_06_04_09_20_0111_lat_10.3015142_lon_105.2721497_alt_20.208m,640,0,640,480,87212,0
DJI_DateTime_2024_06_04_09_20_0111_lat_10.3015142_lon_105.2721497_alt_20.208m,train,DJI_DateTime_2024_06_04_09_20_0111_lat_10.3015142_lon_105.2721497_alt_20.208m__p002,DJI_DateTime_2024_06_04_09_20_0111_lat_10.3015142_lon_105.2721497_alt_20.208m,0,480,640,480,135305,0
DJI_DateTime_2024_06_04_09_20_0111_lat_10.3015142_lon_105.2721497_alt_20.208m,train,DJI_DateTime_2024_06_04_09_20_0111_lat_10.3015142_lon_105.2721497_alt_20.208m__p003,DJI_DateTime_2024_06_04_09_20_0111_lat_10.3015142_lon_105.2721497_alt_20.208m,640,480,640,480,54534,0
DJI_DateTime_2024_06_04_09_20_0112_lat_10.3014667_lon_105.2721811_alt_20.208m,train,DJI_DateTime_2024_06_04_09_20_0112_lat_10.3014667_lon_105.2721811_alt_20.208m__p000,DJI_DateTime_2024_06_04_09_20_0112_lat_10.3014667_lon_105.2721811_alt_20.208m,0,0,640,480,30860,0
DJI_DateTime_2024_06_04_09_20_0112_lat_10.3014667_lon_105.2721811_alt_20.208m,train,DJI_DateTime_2024_06_04_09_20_0112_lat_10.3014667_lon_105.2721811_alt_20.208m__p001,DJI_DateTime_2024_06_04_09_20_0112_lat_10.3014667_lon_105.2721811_alt_20.208m,640,0,640,480,30707,0
DJI_DateTime_2024_06_04_09_20_0112_lat_10.3014667_lon_105.2721811_alt_20.208m,train,DJI_DateTime_2024_06_04_09_20_0112_lat_10.3014667_lon_105.2721811_alt_20.208m__p002,DJI_DateTime_2024_06_04_09_20_0112_lat_10.3014667_lon_105.2721811_alt_20.208m,0,480,640,480,115922,0
DJI_DateTime_2024_06_04_09_20_0112_lat_10.3014667_lon_105.2721811_alt_20.208m,train,DJI_DateTime_2024_06_04_09_20_0112_lat_10.3014667_lon_105.2721811_alt_20.208m__p003,DJI_DateTime_2024_06_04_09_20_0112_lat_10.3014667_lon_105.2721811_alt_20.208m,640,480,640,480,94267,0
DJI_DateTime_2024_06_04_09_20_0113_lat_10.3014194_lon_105.2722128_alt_20.218m,train,DJI_DateTime_2024_06_04_09_20_0113_lat_10.3014194_lon_105.2722128_alt_20.218m__p000,DJI_DateTime_2024_06_04_09_20_0113_lat_10.3014194_lon_105.2722128_alt_20.218m,0,0,640,480,34805,0
DJI_DateTime_2024_06_04_09_20_0113_lat_10.3014194_lon_105.2722128_alt_20.218m,train,DJI_DateTime_2024_06_04_09_20_0113_lat_10.3014194_lon_105.2722128_alt_20.218m__p001,DJI_DateTime_2024_06_04_09_20_0113_lat_10.3014194_lon_105.2722128_alt_20.218m,640,0,640,480,33334,0
DJI_DateTime_2024_06_04_09_20_0113_lat_10.3014194_lon_105.2722128_alt_20.218m,train,DJI_DateTime_2024_06_04_09_20_0113_lat_10.3014194_lon_105.2722128_alt_20.218m__p002,DJI_DateTime_2024_06_04_09_20_0113_lat_10.3014194_lon_105.2722128_alt_20.218m,0,480,640,480,51846,0
DJI_DateTime_2024_06_04_09_20_0113_lat_10.3014194_lon_105.2722128_alt_20.218m,train,DJI_DateTime_2024_06_04_09_20_0113_lat_10.3014194_lon_105.2722128_alt_20.218m__p003,DJI_DateTime_2024_06_04_09_20_0113_lat_10.3014194_lon_105.2722128_alt_20.218m,640,480,640,480,61833,0
DJI_DateTime_2024_06_04_09_20_0114_lat_10.3013718_lon_105.2722446_alt_20.179m,train,DJI_DateTime_2024_06_04_09_20_0114_lat_10.3013718_lon_105.2722446_alt_20.179m__p000,DJI_DateTime_2024_06_04_09_20_0114_lat_10.3013718_lon_105.2722446_alt_20.179m,0,0,640,480,17626,0
DJI_DateTime_2024_06_04_09_20_0114_lat_10.3013718_lon_105.2722446_alt_20.179m,train,DJI_DateTime_2024_06_04_09_20_0114_lat_10.3013718_lon_105.2722446_alt_20.179m__p001,DJI_DateTime_2024_06_04_09_20_0114_lat_10.3013718_lon_105.2722446_alt_20.179m,640,0,640,480,28248,0
DJI_DateTime_2024_06_04_09_20_0114_lat_10.3013718_lon_105.2722446_alt_20.179m,train,DJI_DateTime_2024_06_04_09_20_0114_lat_10.3013718_lon_105.2722446_alt_20.179m__p002,DJI_DateTime_2024_06_04_09_20_0114_lat_10.3013718_lon_105.2722446_alt_20.179m,0,480,640,480,47478,0
DJI_DateTime_2024_06_04_09_20_0114_lat_10.3013718_lon_105.2722446_alt_20.179m,train,DJI_DateTime_2024_06_04_09_20_0114_lat_10.3013718_lon_105.2722446_alt_20.179m__p003,DJI_DateTime_2024_06_04_09_20_0114_lat_10.3013718_lon_105.2722446_alt_20.179m,640,480,640,480,57483,0
DJI_DateTime_2024_06_04_09_20_0115_lat_10.3013236_lon_105.2722764_alt_20.223m,train,DJI_DateTime_2024_06_04_09_20_0115_lat_10.3013236_lon_105.2722764_alt_20.223m__p000,DJI_DateTime_2024_06_04_09_20_0115_lat_10.3013236_lon_105.2722764_alt_20.223m,0,0,640,480,12734,0
DJI_DateTime_2024_06_04_09_20_0115_lat_10.3013236_lon_105.2722764_alt_20.223m,train,DJI_DateTime_2024_06_04_09_20_0115_lat_10.3013236_lon_105.2722764_alt_20.223m__p001,DJI_DateTime_2024_06_04_09_20_0115_lat_10.3013236_lon_105.2722764_alt_20.223m,640,0,640,480,32774,0
DJI_DateTime_2024_06_04_09_20_0115_lat_10.3013236_lon_105.2722764_alt_20.223m,train,DJI_DateTime_2024_06_04_09_20_0115_lat_10.3013236_lon_105.2722764_alt_20.223m__p002,DJI_DateTime_2024_06_04_09_20_0115_lat_10.3013236_lon_105.2722764_alt_20.223m,0,480,640,480,52482,0
DJI_DateTime_2024_06_04_09_20_0115_lat_10.3013236_lon_105.2722764_alt_20.223m,train,DJI_DateTime_2024_06_04_09_20_0115_lat_10.3013236_lon_105.2722764_alt_20.223m__p003,DJI_DateTime_2024_06_04_09_20_0115_lat_10.3013236_lon_105.2722764_alt_20.223m,640,480,640,480,42831,0
DJI_DateTime_2024_06_04_09_20_0116_lat_10.3012759_lon_105.2723077_alt_20.189m,train,DJI_DateTime_2024_06_04_09_20_0116_lat_10.3012759_lon_105.2723077_alt_20.189m__p000,DJI_DateTime_2024_06_04_09_20_0116_lat_10.3012759_lon_105.2723077_alt_20.189m,0,0,640,480,1462,0
DJI_DateTime_2024_06_04_09_20_0116_lat_10.3012759_lon_105.2723077_alt_20.189m,train,DJI_DateTime_2024_06_04_09_20_0116_lat_10.3012759_lon_105.2723077_alt_20.189m__p001,DJI_DateTime_2024_06_04_09_20_0116_lat_10.3012759_lon_105.2723077_alt_20.189m,640,0,640,480,88036,0
DJI_DateTime_2024_06_04_09_20_0116_lat_10.3012759_lon_105.2723077_alt_20.189m,train,DJI_DateTime_2024_06_04_09_20_0116_lat_10.3012759_lon_105.2723077_alt_20.189m__p002,DJI_DateTime_2024_06_04_09_20_0116_lat_10.3012759_lon_105.2723077_alt_20.189m,0,480,640,480,17656,0
DJI_DateTime_2024_06_04_09_20_0116_lat_10.3012759_lon_105.2723077_alt_20.189m,train,DJI_DateTime_2024_06_04_09_20_0116_lat_10.3012759_lon_105.2723077_alt_20.189m__p003,DJI_DateTime_2024_06_04_09_20_0116_lat_10.3012759_lon_105.2723077_alt_20.189m,640,480,640,480,15045,0
DJI_DateTime_2024_06_04_09_20_0117_lat_10.3012285_lon_105.2723387_alt_20.171m,train,DJI_DateTime_2024_06_04_09_20_0117_lat_10.3012285_lon_105.2723387_alt_20.171m__p000,DJI_DateTime_2024_06_04_09_20_0117_lat_10.3012285_lon_105.2723387_alt_20.171m,0,0,640,480,5549,0
DJI_DateTime_2024_06_04_09_20_0117_lat_10.3012285_lon_105.2723387_alt_20.171m,train,DJI_DateTime_2024_06_04_09_20_0117_lat_10.3012285_lon_105.2723387_alt_20.171m__p001,DJI_DateTime_2024_06_04_09_20_0117_lat_10.3012285_lon_105.2723387_alt_20.171m,640,0,640,480,14629,0
DJI_DateTime_2024_06_04_09_20_0117_lat_10.3012285_lon_105.2723387_alt_20.171m,train,DJI_DateTime_2024_06_04_09_20_0117_lat_10.3012285_lon_105.2723387_alt_20.171m__p002,DJI_DateTime_2024_06_04_09_20_0117_lat_10.3012285_lon_105.2723387_alt_20.171m,0,480,640,480,20503,0
DJI_DateTime_2024_06_04_09_20_0117_lat_10.3012285_lon_105.2723387_alt_20.171m,train,DJI_DateTime_2024_06_04_09_20_0117_lat_10.3012285_lon_105.2723387_alt_20.171m__p003,DJI_DateTime_2024_06_04_09_20_0117_lat_10.3012285_lon_105.2723387_alt_20.171m,640,480,640,480,53226,0
DJI_DateTime_2024_06_04_09_20_0118_lat_10.3011802_lon_105.2723710_alt_20.195m,train,DJI_DateTime_2024_06_04_09_20_0118_lat_10.3011802_lon_105.2723710_alt_20.195m__p000,DJI_DateTime_2024_06_04_09_20_0118_lat_10.3011802_lon_105.2723710_alt_20.195m,0,0,640,480,7162,0
DJI_DateTime_2024_06_04_09_20_0118_lat_10.3011802_lon_105.2723710_alt_20.195m,train,DJI_DateTime_2024_06_04_09_20_0118_lat_10.3011802_lon_105.2723710_alt_20.195m__p001,DJI_DateTime_2024_06_04_09_20_0118_lat_10.3011802_lon_105.2723710_alt_20.195m,640,0,640,480,9518,0
DJI_DateTime_2024_06_04_09_20_0118_lat_10.3011802_lon_105.2723710_alt_20.195m,train,DJI_DateTime_2024_06_04_09_20_0118_lat_10.3011802_lon_105.2723710_alt_20.195m__p002,DJI_DateTime_2024_06_04_09_20_0118_lat_10.3011802_lon_105.2723710_alt_20.195m,0,480,640,480,18165,0
DJI_DateTime_2024_06_04_09_20_0118_lat_10.3011802_lon_105.2723710_alt_20.195m,train,DJI_DateTime_2024_06_04_09_20_0118_lat_10.3011802_lon_105.2723710_alt_20.195m__p003,DJI_DateTime_2024_06_04_09_20_0118_lat_10.3011802_lon_105.2723710_alt_20.195m,640,480,640,480,22515,0
DJI_DateTime_2024_06_04_09_20_0119_lat_10.3011328_lon_105.2724032_alt_20.255m,train,DJI_DateTime_2024_06_04_09_20_0119_lat_10.3011328_lon_105.2724032_alt_20.255m__p000,DJI_DateTime_2024_06_04_09_20_0119_lat_10.3011328_lon_105.2724032_alt_20.255m,0,0,640,480,7283,0
DJI_DateTime_2024_06_04_09_20_0119_lat_10.3011328_lon_105.2724032_alt_20.255m,train,DJI_DateTime_2024_06_04_09_20_0119_lat_10.3011328_lon_105.2724032_alt_20.255m__p001,DJI_DateTime_2024_06_04_09_20_0119_lat_10.3011328_lon_105.2724032_alt_20.255m,640,0,640,480,6850,0
DJI_DateTime_2024_06_04_09_20_0119_lat_10.3011328_lon_105.2724032_alt_20.255m,train,DJI_DateTime_2024_06_04_09_20_0119_lat_10.3011328_lon_105.2724032_alt_20.255m__p002,DJI_DateTime_2024_06_04_09_20_0119_lat_10.3011328_lon_105.2724032_alt_20.255m,0,480,640,480,58,0
DJI_DateTime_2024_06_04_09_20_0119_lat_10.3011328_lon_105.2724032_alt_20.255m,train,DJI_DateTime_2024_06_04_09_20_0119_lat_10.3011328_lon_105.2724032_alt_20.255m__p003,DJI_DateTime_2024_06_04_09_20_0119_lat_10.3011328_lon_105.2724032_alt_20.255m,640,480,640,480,10630,0
DJI_DateTime_2024_06_04_09_20_0120_lat_10.3010847_lon_105.2724341_alt_20.181m,train,DJI_DateTime_2024_06_04_09_20_0120_lat_10.3010847_lon_105.2724341_alt_20.181m__p000,DJI_DateTime_2024_06_04_09_20_0120_lat_10.3010847_lon_105.2724341_alt_20.181m,0,0,640,480,14878,0
DJI_DateTime_2024_06_04_09_20_0120_lat_10.3010847_lon_105.2724341_alt_20.181m,train,DJI_DateTime_2024_06_04_09_20_0120_lat_10.3010847_lon_105.2724341_alt_20.181m__p001,DJI_DateTime_2024_06_04_09_20_0120_lat_10.3010847_lon_105.2724341_alt_20.181m,640,0,640,480,5802,0
DJI_DateTime_2024_06_04_09_20_0120_lat_10.3010847_lon_105.2724341_alt_20.181m,train,DJI_DateTime_2024_06_04_09_20_0120_lat_10.3010847_lon_105.2724341_alt_20.181m__p002,DJI_DateTime_2024_06_04_09_20_0120_lat_10.3010847_lon_105.2724341_alt_20.181m,0,480,640,480,39848,0
DJI_DateTime_2024_06_04_09_20_0120_lat_10.3010847_lon_105.2724341_alt_20.181m,train,DJI_DateTime_2024_06_04_09_20_0120_lat_10.3010847_lon_105.2724341_alt_20.181m__p003,DJI_DateTime_2024_06_04_09_20_0120_lat_10.3010847_lon_105.2724341_alt_20.181m,640,480,640,480,7489,0
DJI_DateTime_2024_06_04_09_20_0121_lat_10.3010368_lon_105.2724642_alt_20.195m,train,DJI_DateTime_2024_06_04_09_20_0121_lat_10.3010368_lon_105.2724642_alt_20.195m__p000,DJI_DateTime_2024_06_04_09_20_0121_lat_10.3010368_lon_105.2724642_alt_20.195m,0,0,640,480,7675,0
DJI_DateTime_2024_06_04_09_20_0121_lat_10.3010368_lon_105.2724642_alt_20.195m,train,DJI_DateTime_2024_06_04_09_20_0121_lat_10.3010368_lon_105.2724642_alt_20.195m__p001,DJI_DateTime_2024_06_04_09_20_0121_lat_10.3010368_lon_105.2724642_alt_20.195m,640,0,640,480,16715,0
DJI_DateTime_2024_06_04_09_20_0121_lat_10.3010368_lon_105.2724642_alt_20.195m,train,DJI_DateTime_2024_06_04_09_20_0121_lat_10.3010368_lon_105.2724642_alt_20.195m__p002,DJI_DateTime_2024_06_04_09_20_0121_lat_10.3010368_lon_105.2724642_alt_20.195m,0,480,640,480,38519,0
DJI_DateTime_2024_06_04_09_20_0121_lat_10.3010368_lon_105.2724642_alt_20.195m,train,DJI_DateTime_2024_06_04_09_20_0121_lat_10.3010368_lon_105.2724642_alt_20.195m__p003,DJI_DateTime_2024_06_04_09_20_0121_lat_10.3010368_lon_105.2724642_alt_20.195m,640,480,640,480,6011,0
DJI_DateTime_2024_06_04_09_21_0124_lat_10.3011147_lon_105.2725183_alt_20.104m,train,DJI_DateTime_2024_06_04_09_21_0124_lat_10.3011147_lon_105.2725183_alt_20.104m__p000,DJI_DateTime_2024_06_04_09_21_0124_lat_10.3011147_lon_105.2725183_alt_20.104m,0,0,640,480,7278,0
DJI_DateTime_2024_06_04_09_21_0124_lat_10.3011147_lon_105.2725183_alt_20.104m,train,DJI_DateTime_2024_06_04_09_21_0124_lat_10.3011147_lon_105.2725183_alt_20.104m__p001,DJI_DateTime_2024_06_04_09_21_0124_lat_10.3011147_lon_105.2725183_alt_20.104m,640,0,640,480,91994,0
DJI_DateTime_2024_06_04_09_21_0124_lat_10.3011147_lon_105.2725183_alt_20.104m,train,DJI_DateTime_2024_06_04_09_21_0124_lat_10.3011147_lon_105.2725183_alt_20.104m__p002,DJI_DateTime_2024_06_04_09_21_0124_lat_10.3011147_lon_105.2725183_alt_20.104m,0,480,640,480,8265,0
DJI_DateTime_2024_06_04_09_21_0124_lat_10.3011147_lon_105.2725183_alt_20.104m,train,DJI_DateTime_2024_06_04_09_21_0124_lat_10.3011147_lon_105.2725183_alt_20.104m__p003,DJI_DateTime_2024_06_04_09_21_0124_lat_10.3011147_lon_105.2725183_alt_20.104m,640,480,640,480,14808,0
DJI_DateTime_2024_06_04_09_21_0125_lat_10.3011630_lon_105.2724863_alt_20.206m,train,DJI_DateTime_2024_06_04_09_21_0125_lat_10.3011630_lon_105.2724863_alt_20.206m__p001,DJI_DateTime_2024_06_04_09_21_0125_lat_10.3011630_lon_105.2724863_alt_20.206m,640,0,640,480,28659,0
DJI_DateTime_2024_06_04_09_21_0125_lat_10.3011630_lon_105.2724863_alt_20.206m,train,DJI_DateTime_2024_06_04_09_21_0125_lat_10.3011630_lon_105.2724863_alt_20.206m__p002,DJI_DateTime_2024_06_04_09_21_0125_lat_10.3011630_lon_105.2724863_alt_20.206m,0,480,640,480,14372,0
DJI_DateTime_2024_06_04_09_21_0125_lat_10.3011630_lon_105.2724863_alt_20.206m,train,DJI_DateTime_2024_06_04_09_21_0125_lat_10.3011630_lon_105.2724863_alt_20.206m__p003,DJI_DateTime_2024_06_04_09_21_0125_lat_10.3011630_lon_105.2724863_alt_20.206m,640,480,640,480,91052,0
DJI_DateTime_2024_06_04_09_21_0126_lat_10.3012115_lon_105.2724544_alt_20.201m,train,DJI_DateTime_2024_06_04_09_21_0126_lat_10.3012115_lon_105.2724544_alt_20.201m__p000,DJI_DateTime_2024_06_04_09_21_0126_lat_10.3012115_lon_105.2724544_alt_20.201m,0,0,640,480,10981,0
DJI_DateTime_2024_06_04_09_21_0126_lat_10.3012115_lon_105.2724544_alt_20.201m,train,DJI_DateTime_2024_06_04_09_21_0126_lat_10.3012115_lon_105.2724544_alt_20.201m__p001,DJI_DateTime_2024_06_04_09_21_0126_lat_10.3012115_lon_105.2724544_alt_20.201m,640,0,640,480,19496,0
DJI_DateTime_2024_06_04_09_21_0126_lat_10.3012115_lon_105.2724544_alt_20.201m,train,DJI_DateTime_2024_06_04_09_21_0126_lat_10.3012115_lon_105.2724544_alt_20.201m__p002,DJI_DateTime_2024_06_04_09_21_0126_lat_10.3012115_lon_105.2724544_alt_20.201m,0,480,640,480,1187,0
DJI_DateTime_2024_06_04_09_21_0126_lat_10.3012115_lon_105.2724544_alt_20.201m,train,DJI_DateTime_2024_06_04_09_21_0126_lat_10.3012115_lon_105.2724544_alt_20.201m__p003,DJI_DateTime_2024_06_04_09_21_0126_lat_10.3012115_lon_105.2724544_alt_20.201m,640,480,640,480,87440,0
DJI_DateTime_2024_06_04_09_21_0128_lat_10.3013080_lon_105.2723910_alt_20.174m,train,DJI_DateTime_2024_06_04_09_21_0128_lat_10.3013080_lon_105.2723910_alt_20.174m__p000,DJI_DateTime_2024_06_04_09_21_0128_lat_10.3013080_lon_105.2723910_alt_20.174m,0,0,640,480,1880,0
DJI_DateTime_2024_06_04_09_21_0128_lat_10.3013080_lon_105.2723910_alt_20.174m,train,DJI_DateTime_2024_06_04_09_21_0128_lat_10.3013080_lon_105.2723910_alt_20.174m__p001,DJI_DateTime_2024_06_04_09_21_0128_lat_10.3013080_lon_105.2723910_alt_20.174m,640,0,640,480,45804,0
DJI_DateTime_2024_06_04_09_21_0128_lat_10.3013080_lon_105.2723910_alt_20.174m,train,DJI_DateTime_2024_06_04_09_21_0128_lat_10.3013080_lon_105.2723910_alt_20.174m__p002,DJI_DateTime_2024_06_04_09_21_0128_lat_10.3013080_lon_105.2723910_alt_20.174m,0,480,640,480,12309,0
DJI_DateTime_2024_06_04_09_21_0128_lat_10.3013080_lon_105.2723910_alt_20.174m,train,DJI_DateTime_2024_06_04_09_21_0128_lat_10.3013080_lon_105.2723910_alt_20.174m__p003,DJI_DateTime_2024_06_04_09_21_0128_lat_10.3013080_lon_105.2723910_alt_20.174m,640,480,640,480,25053,0
DJI_DateTime_2024_06_04_09_21_0129_lat_10.3013543_lon_105.2723608_alt_20.182m,train,DJI_DateTime_2024_06_04_09_21_0129_lat_10.3013543_lon_105.2723608_alt_20.182m__p000,DJI_DateTime_2024_06_04_09_21_0129_lat_10.3013543_lon_105.2723608_alt_20.182m,0,0,640,480,3033,0
DJI_DateTime_2024_06_04_09_21_0129_lat_10.3013543_lon_105.2723608_alt_20.182m,train,DJI_DateTime_2024_06_04_09_21_0129_lat_10.3013543_lon_105.2723608_alt_20.182m__p001,DJI_DateTime_2024_06_04_09_21_0129_lat_10.3013543_lon_105.2723608_alt_20.182m,640,0,640,480,84814,0
DJI_DateTime_2024_06_04_09_21_0129_lat_10.3013543_lon_105.2723608_alt_20.182m,train,DJI_DateTime_2024_06_04_09_21_0129_lat_10.3013543_lon_105.2723608_alt_20.182m__p002,DJI_DateTime_2024_06_04_09_21_0129_lat_10.3013543_lon_105.2723608_alt_20.182m,0,480,640,480,0,1
DJI_DateTime_2024_06_04_09_21_0129_lat_10.3013543_lon_105.2723608_alt_20.182m,train,DJI_DateTime_2024_06_04_09_21_0129_lat_10.3013543_lon_105.2723608_alt_20.182m__p003,DJI_DateTime_2024_06_04_09_21_0129_lat_10.3013543_lon_105.2723608_alt_20.182m,640,480,640,480,36676,0
DJI_DateTime_2024_06_04_09_21_0130_lat_10.3014020_lon_105.2723300_alt_20.194m,train,DJI_DateTime_2024_06_04_09_21_0130_lat_10.3014020_lon_105.2723300_alt_20.194m__p000,DJI_DateTime_2024_06_04_09_21_0130_lat_10.3014020_lon_105.2723300_alt_20.194m,0,0,640,480,22316,0
DJI_DateTime_2024_06_04_09_21_0130_lat_10.3014020_lon_105.2723300_alt_20.194m,train,DJI_DateTime_2024_06_04_09_21_0130_lat_10.3014020_lon_105.2723300_alt_20.194m__p001,DJI_DateTime_2024_06_04_09_21_0130_lat_10.3014020_lon_105.2723300_alt_20.194m,640,0,640,480,113166,0
DJI_DateTime_2024_06_04_09_21_0130_lat_10.3014020_lon_105.2723300_alt_20.194m,train,DJI_DateTime_2024_06_04_09_21_0130_lat_10.3014020_lon_105.2723300_alt_20.194m__p002,DJI_DateTime_2024_06_04_09_21_0130_lat_10.3014020_lon_105.2723300_alt_20.194m,0,480,640,480,1248,0
DJI_DateTime_2024_06_04_09_21_0130_lat_10.3014020_lon_105.2723300_alt_20.194m,train,DJI_DateTime_2024_06_04_09_21_0130_lat_10.3014020_lon_105.2723300_alt_20.194m__p003,DJI_DateTime_2024_06_04_09_21_0130_lat_10.3014020_lon_105.2723300_alt_20.194m,640,480,640,480,63010,0
DJI_DateTime_2024_06_04_09_21_0131_lat_10.3014497_lon_105.2722987_alt_20.214m,train,DJI_DateTime_2024_06_04_09_21_0131_lat_10.3014497_lon_105.2722987_alt_20.214m__p000,DJI_DateTime_2024_06_04_09_21_0131_lat_10.3014497_lon_105.2722987_alt_20.214m,0,0,640,480,21917,0
DJI_DateTime_2024_06_04_09_21_0131_lat_10.3014497_lon_105.2722987_alt_20.214m,train,DJI_DateTime_2024_06_04_09_21_0131_lat_10.3014497_lon_105.2722987_alt_20.214m__p001,DJI_DateTime_2024_06_04_09_21_0131_lat_10.3014497_lon_105.2722987_alt_20.214m,640,0,640,480,105487,0
DJI_DateTime_2024_06_04_09_21_0131_lat_10.3014497_lon_105.2722987_alt_20.214m,train,DJI_DateTime_2024_06_04_09_21_0131_lat_10.3014497_lon_105.2722987_alt_20.214m__p002,DJI_DateTime_2024_06_04_09_21_0131_lat_10.3014497_lon_105.2722987_alt_20.214m,0,480,640,480,26450,0
DJI_DateTime_2024_06_04_09_21_0131_lat_10.3014497_lon_105.2722987_alt_20.214m,train,DJI_DateTime_2024_06_04_09_21_0131_lat_10.3014497_lon_105.2722987_alt_20.214m__p003,DJI_DateTime_2024_06_04_09_21_0131_lat_10.3014497_lon_105.2722987_alt_20.214m,640,480,640,480,108799,0
DJI_DateTime_2024_06_04_09_21_0132_lat_10.3014971_lon_105.2722675_alt_20.168m,train,DJI_DateTime_2024_06_04_09_21_0132_lat_10.3014971_lon_105.2722675_alt_20.168m__p000,DJI_DateTime_2024_06_04_09_21_0132_lat_10.3014971_lon_105.2722675_alt_20.168m,0,0,640,480,34984,0
DJI_DateTime_2024_06_04_09_21_0132_lat_10.3014971_lon_105.2722675_alt_20.168m,train,DJI_DateTime_2024_06_04_09_21_0132_lat_10.3014971_lon_105.2722675_alt_20.168m__p001,DJI_DateTime_2024_06_04_09_21_0132_lat_10.3014971_lon_105.2722675_alt_20.168m,640,0,640,480,98667,0
DJI_DateTime_2024_06_04_09_21_0132_lat_10.3014971_lon_105.2722675_alt_20.168m,train,DJI_DateTime_2024_06_04_09_21_0132_lat_10.3014971_lon_105.2722675_alt_20.168m__p002,DJI_DateTime_2024_06_04_09_21_0132_lat_10.3014971_lon_105.2722675_alt_20.168m,0,480,640,480,41233,0
DJI_DateTime_2024_06_04_09_21_0132_lat_10.3014971_lon_105.2722675_alt_20.168m,train,DJI_DateTime_2024_06_04_09_21_0132_lat_10.3014971_lon_105.2722675_alt_20.168m__p003,DJI_DateTime_2024_06_04_09_21_0132_lat_10.3014971_lon_105.2722675_alt_20.168m,640,480,640,480,79816,0
DJI_DateTime_2024_06_04_09_21_0133_lat_10.3015453_lon_105.2722357_alt_20.198m,train,DJI_DateTime_2024_06_04_09_21_0133_lat_10.3015453_lon_105.2722357_alt_20.198m__p000,DJI_DateTime_2024_06_04_09_21_0133_lat_10.3015453_lon_105.2722357_alt_20.198m,0,0,640,480,33594,0
DJI_DateTime_2024_06_04_09_21_0133_lat_10.3015453_lon_105.2722357_alt_20.198m,train,DJI_DateTime_2024_06_04_09_21_0133_lat_10.3015453_lon_105.2722357_alt_20.198m__p001,DJI_DateTime_2024_06_04_09_21_0133_lat_10.3015453_lon_105.2722357_alt_20.198m,640,0,640,480,101397,0
DJI_DateTime_2024_06_04_09_21_0133_lat_10.3015453_lon_105.2722357_alt_20.198m,train,DJI_DateTime_2024_06_04_09_21_0133_lat_10.3015453_lon_105.2722357_alt_20.198m__p002,DJI_DateTime_2024_06_04_09_21_0133_lat_10.3015453_lon_105.2722357_alt_20.198m,0,480,640,480,34196,0
DJI_DateTime_2024_06_04_09_21_0133_lat_10.3015453_lon_105.2722357_alt_20.198m,train,DJI_DateTime_2024_06_04_09_21_0133_lat_10.3015453_lon_105.2722357_alt_20.198m__p003,DJI_DateTime_2024_06_04_09_21_0133_lat_10.3015453_lon_105.2722357_alt_20.198m,640,480,640,480,100967,0
DJI_DateTime_2024_06_04_09_21_0134_lat_10.3015931_lon_105.2722039_alt_20.204m,train,DJI_DateTime_2024_06_04_09_21_0134_lat_10.3015931_lon_105.2722039_alt_20.204m__p000,DJI_DateTime_2024_06_04_09_21_0134_lat_10.3015931_lon_105.2722039_alt_20.204m,0,0,640,480,16968,0
DJI_DateTime_2024_06_04_09_21_0134_lat_10.3015931_lon_105.2722039_alt_20.204m,train,DJI_DateTime_2024_06_04_09_21_0134_lat_10.3015931_lon_105.2722039_alt_20.204m__p001,DJI_DateTime_2024_06_04_09_21_0134_lat_10.3015931_lon_105.2722039_alt_20.204m,640,0,640,480,153572,0
DJI_DateTime_2024_06_04_09_21_0134_lat_10.3015931_lon_105.2722039_alt_20.204m,train,DJI_DateTime_2024_06_04_09_21_0134_lat_10.3015931_lon_105.2722039_alt_20.204m__p002,DJI_DateTime_2024_06_04_09_21_0134_lat_10.3015931_lon_105.2722039_alt_20.204m,0,480,640,480,74159,0
DJI_DateTime_2024_06_04_09_21_0134_lat_10.3015931_lon_105.2722039_alt_20.204m,train,DJI_DateTime_2024_06_04_09_21_0134_lat_10.3015931_lon_105.2722039_alt_20.204m__p003,DJI_DateTime_2024_06_04_09_21_0134_lat_10.3015931_lon_105.2722039_alt_20.204m,640,480,640,480,86339,0
DJI_DateTime_2024_06_04_09_21_0135_lat_10.3016416_lon_105.2721720_alt_20.207m,train,DJI_DateTime_2024_06_04_09_21_0135_lat_10.3016416_lon_105.2721720_alt_20.207m__p000,DJI_DateTime_2024_06_04_09_21_0135_lat_10.3016416_lon_105.2721720_alt_20.207m,0,0,640,480,19694,0
DJI_DateTime_2024_06_04_09_21_0135_lat_10.3016416_lon_105.2721720_alt_20.207m,train,DJI_DateTime_2024_06_04_09_21_0135_lat_10.3016416_lon_105.2721720_alt_20.207m__p001,DJI_DateTime_2024_06_04_09_21_0135_lat_10.3016416_lon_105.2721720_alt_20.207m,640,0,640,480,221545,0
DJI_DateTime_2024_06_04_09_21_0135_lat_10.3016416_lon_105.2721720_alt_20.207m,train,DJI_DateTime_2024_06_04_09_21_0135_lat_10.3016416_lon_105.2721720_alt_20.207m__p002,DJI_DateTime_2024_06_04_09_21_0135_lat_10.3016416_lon_105.2721720_alt_20.207m,0,480,640,480,39973,0
DJI_DateTime_2024_06_04_09_21_0135_lat_10.3016416_lon_105.2721720_alt_20.207m,train,DJI_DateTime_2024_06_04_09_21_0135_lat_10.3016416_lon_105.2721720_alt_20.207m__p003,DJI_DateTime_2024_06_04_09_21_0135_lat_10.3016416_lon_105.2721720_alt_20.207m,640,480,640,480,183151,0
DJI_DateTime_2024_06_04_09_21_0136_lat_10.3016887_lon_105.2721404_alt_20.130m,train,DJI_DateTime_2024_06_04_09_21_0136_lat_10.3016887_lon_105.2721404_alt_20.130m__p000,DJI_DateTime_2024_06_04_09_21_0136_lat_10.3016887_lon_105.2721404_alt_20.130m,0,0,640,480,27289,0
DJI_DateTime_2024_06_04_09_21_0136_lat_10.3016887_lon_105.2721404_alt_20.130m,train,DJI_DateTime_2024_06_04_09_21_0136_lat_10.3016887_lon_105.2721404_alt_20.130m__p001,DJI_DateTime_2024_06_04_09_21_0136_lat_10.3016887_lon_105.2721404_alt_20.130m,640,0,640,480,245892,0
DJI_DateTime_2024_06_04_09_21_0136_lat_10.3016887_lon_105.2721404_alt_20.130m,train,DJI_DateTime_2024_06_04_09_21_0136_lat_10.3016887_lon_105.2721404_alt_20.130m__p002,DJI_DateTime_2024_06_04_09_21_0136_lat_10.3016887_lon_105.2721404_alt_20.130m,0,480,640,480,22444,0
DJI_DateTime_2024_06_04_09_21_0136_lat_10.3016887_lon_105.2721404_alt_20.130m,train,DJI_DateTime_2024_06_04_09_21_0136_lat_10.3016887_lon_105.2721404_alt_20.130m__p003,DJI_DateTime_2024_06_04_09_21_0136_lat_10.3016887_lon_105.2721404_alt_20.130m,640,480,640,480,209470,0
DJI_DateTime_2024_06_04_09_21_0137_lat_10.3017362_lon_105.2721097_alt_20.134m,train,DJI_DateTime_2024_06_04_09_21_0137_lat_10.3017362_lon_105.2721097_alt_20.134m__p000,DJI_DateTime_2024_06_04_09_21_0137_lat_10.3017362_lon_105.2721097_alt_20.134m,0,0,640,480,16391,0
DJI_DateTime_2024_06_04_09_21_0137_lat_10.3017362_lon_105.2721097_alt_20.134m,train,DJI_DateTime_2024_06_04_09_21_0137_lat_10.3017362_lon_105.2721097_alt_20.134m__p001,DJI_DateTime_2024_06_04_09_21_0137_lat_10.3017362_lon_105.2721097_alt_20.134m,640,0,640,480,188757,0
DJI_DateTime_2024_06_04_09_21_0137_lat_10.3017362_lon_105.2721097_alt_20.134m,train,DJI_DateTime_2024_06_04_09_21_0137_lat_10.3017362_lon_105.2721097_alt_20.134m__p002,DJI_DateTime_2024_06_04_09_21_0137_lat_10.3017362_lon_105.2721097_alt_20.134m,0,480,640,480,46842,0
DJI_DateTime_2024_06_04_09_21_0137_lat_10.3017362_lon_105.2721097_alt_20.134m,train,DJI_DateTime_2024_06_04_09_21_0137_lat_10.3017362_lon_105.2721097_alt_20.134m__p003,DJI_DateTime_2024_06_04_09_21_0137_lat_10.3017362_lon_105.2721097_alt_20.134m,640,480,640,480,254567,0
DJI_DateTime_2024_06_04_09_21_0138_lat_10.3017845_lon_105.2720785_alt_20.271m,train,DJI_DateTime_2024_06_04_09_21_0138_lat_10.3017845_lon_105.2720785_alt_20.271m__p000,DJI_DateTime_2024_06_04_09_21_0138_lat_10.3017845_lon_105.2720785_alt_20.271m,0,0,640,480,45640,0
DJI_DateTime_2024_06_04_09_21_0138_lat_10.3017845_lon_105.2720785_alt_20.271m,train,DJI_DateTime_2024_06_04_09_21_0138_lat_10.3017845_lon_105.2720785_alt_20.271m__p001,DJI_DateTime_2024_06_04_09_21_0138_lat_10.3017845_lon_105.2720785_alt_20.271m,640,0,640,480,184262,0
DJI_DateTime_2024_06_04_09_21_0138_lat_10.3017845_lon_105.2720785_alt_20.271m,train,DJI_DateTime_2024_06_04_09_21_0138_lat_10.3017845_lon_105.2720785_alt_20.271m__p002,DJI_DateTime_2024_06_04_09_21_0138_lat_10.3017845_lon_105.2720785_alt_20.271m,0,480,640,480,28719,0
DJI_DateTime_2024_06_04_09_21_0138_lat_10.3017845_lon_105.2720785_alt_20.271m,train,DJI_DateTime_2024_06_04_09_21_0138_lat_10.3017845_lon_105.2720785_alt_20.271m__p003,DJI_DateTime_2024_06_04_09_21_0138_lat_10.3017845_lon_105.2720785_alt_20.271m,640,480,640,480,230827,0
DJI_DateTime_2024_06_04_09_22_0139_lat_10.3018322_lon_105.2720472_alt_20.167m,train,DJI_DateTime_2024_06_04_09_22_0139_lat_10.3018322_lon_105.2720472_alt_20.167m__p000,DJI_DateTime_2024_06_04_09_22_0139_lat_10.3018322_lon_105.2720472_alt_20.167m,0,0,640,480,100890,0
DJI_DateTime_2024_06_04_09_22_0139_lat_10.3018322_lon_105.2720472_alt_20.167m,train,DJI_DateTime_2024_06_04_09_22_0139_lat_10.3018322_lon_105.2720472_alt_20.167m__p001,DJI_DateTime_2024_06_04_09_22_0139_lat_10.3018322_lon_105.2720472_alt_20.167m,640,0,640,480,142142,0
DJI_DateTime_2024_06_04_09_22_0139_lat_10.3018322_lon_105.2720472_alt_20.167m,train,DJI_DateTime_2024_06_04_09_22_0139_lat_10.3018322_lon_105.2720472_alt_20.167m__p002,DJI_DateTime_2024_06_04_09_22_0139_lat_10.3018322_lon_105.2720472_alt_20.167m,0,480,640,480,65910,0
DJI_DateTime_2024_06_04_09_22_0139_lat_10.3018322_lon_105.2720472_alt_20.167m,train,DJI_DateTime_2024_06_04_09_22_0139_lat_10.3018322_lon_105.2720472_alt_20.167m__p003,DJI_DateTime_2024_06_04_09_22_0139_lat_10.3018322_lon_105.2720472_alt_20.167m,640,480,640,480,215736,0
DJI_DateTime_2024_06_04_09_22_0140_lat_10.3018809_lon_105.2720157_alt_20.195m,train,DJI_DateTime_2024_06_04_09_22_0140_lat_10.3018809_lon_105.2720157_alt_20.195m__p000,DJI_DateTime_2024_06_04_09_22_0140_lat_10.3018809_lon_105.2720157_alt_20.195m,0,0,640,480,121482,0
DJI_DateTime_2024_06_04_09_22_0140_lat_10.3018809_lon_105.2720157_alt_20.195m,train,DJI_DateTime_2024_06_04_09_22_0140_lat_10.3018809_lon_105.2720157_alt_20.195m__p001,DJI_DateTime_2024_06_04_09_22_0140_lat_10.3018809_lon_105.2720157_alt_20.195m,640,0,640,480,43712,0
DJI_DateTime_2024_06_04_09_22_0140_lat_10.3018809_lon_105.2720157_alt_20.195m,train,DJI_DateTime_2024_06_04_09_22_0140_lat_10.3018809_lon_105.2720157_alt_20.195m__p002,DJI_DateTime_2024_06_04_09_22_0140_lat_10.3018809_lon_105.2720157_alt_20.195m,0,480,640,480,131393,0
DJI_DateTime_2024_06_04_09_22_0140_lat_10.3018809_lon_105.2720157_alt_20.195m,train,DJI_DateTime_2024_06_04_09_22_0140_lat_10.3018809_lon_105.2720157_alt_20.195m__p003,DJI_DateTime_2024_06_04_09_22_0140_lat_10.3018809_lon_105.2720157_alt_20.195m,640,480,640,480,154246,0
DJI_DateTime_2024_06_04_09_22_0141_lat_10.3019288_lon_105.2719840_alt_20.173m,train,DJI_DateTime_2024_06_04_09_22_0141_lat_10.3019288_lon_105.2719840_alt_20.173m__p000,DJI_DateTime_2024_06_04_09_22_0141_lat_10.3019288_lon_105.2719840_alt_20.173m,0,0,640,480,72318,0
DJI_DateTime_2024_06_04_09_22_0141_lat_10.3019288_lon_105.2719840_alt_20.173m,train,DJI_DateTime_2024_06_04_09_22_0141_lat_10.3019288_lon_105.2719840_alt_20.173m__p001,DJI_DateTime_2024_06_04_09_22_0141_lat_10.3019288_lon_105.2719840_alt_20.173m,640,0,640,480,2,0
DJI_DateTime_2024_06_04_09_22_0141_lat_10.3019288_lon_105.2719840_alt_20.173m,train,DJI_DateTime_2024_06_04_09_22_0141_lat_10.3019288_lon_105.2719840_alt_20.173m__p002,DJI_DateTime_2024_06_04_09_22_0141_lat_10.3019288_lon_105.2719840_alt_20.173m,0,480,640,480,166293,0
DJI_DateTime_2024_06_04_09_22_0141_lat_10.3019288_lon_105.2719840_alt_20.173m,train,DJI_DateTime_2024_06_04_09_22_0141_lat_10.3019288_lon_105.2719840_alt_20.173m__p003,DJI_DateTime_2024_06_04_09_22_0141_lat_10.3019288_lon_105.2719840_alt_20.173m,640,480,640,480,51004,0
DJI_DateTime_2024_06_04_09_22_0142_lat_10.3019774_lon_105.2719526_alt_20.209m,train,DJI_DateTime_2024_06_04_09_22_0142_lat_10.3019774_lon_105.2719526_alt_20.209m__p000,DJI_DateTime_2024_06_04_09_22_0142_lat_10.3019774_lon_105.2719526_alt_20.209m,0,0,640,480,13,0
DJI_DateTime_2024_06_04_09_22_0142_lat_10.3019774_lon_105.2719526_alt_20.209m,train,DJI_DateTime_2024_06_04_09_22_0142_lat_10.3019774_lon_105.2719526_alt_20.209m__p002,DJI_DateTime_2024_06_04_09_22_0142_lat_10.3019774_lon_105.2719526_alt_20.209m,0,480,640,480,149316,0
DJI_DateTime_2024_06_04_09_22_0142_lat_10.3019774_lon_105.2719526_alt_20.209m,train,DJI_DateTime_2024_06_04_09_22_0142_lat_10.3019774_lon_105.2719526_alt_20.209m__p003,DJI_DateTime_2024_06_04_09_22_0142_lat_10.3019774_lon_105.2719526_alt_20.209m,640,480,640,480,505,0
DJI_DateTime_2024_06_04_09_22_0143_lat_10.3020244_lon_105.2719216_alt_20.239m,train,DJI_DateTime_2024_06_04_09_22_0143_lat_10.3020244_lon_105.2719216_alt_20.239m__p001,DJI_DateTime_2024_06_04_09_22_0143_lat_10.3020244_lon_105.2719216_alt_20.239m,640,0,640,480,0,1
DJI_DateTime_2024_06_04_09_22_0143_lat_10.3020244_lon_105.2719216_alt_20.239m,train,DJI_DateTime_2024_06_04_09_22_0143_lat_10.3020244_lon_105.2719216_alt_20.239m__p002,DJI_DateTime_2024_06_04_09_22_0143_lat_10.3020244_lon_105.2719216_alt_20.239m,0,480,640,480,35292,0
DJI_DateTime_2024_06_04_09_23_0162_lat_10.3020826_lon_105.2719921_alt_20.180m,train,DJI_DateTime_2024_06_04_09_23_0162_lat_10.3020826_lon_105.2719921_alt_20.180m__p000,DJI_DateTime_2024_06_04_09_23_0162_lat_10.3020826_lon_105.2719921_alt_20.180m,0,0,640,480,15155,0
DJI_DateTime_2024_06_04_09_23_0163_lat_10.3020355_lon_105.2720236_alt_20.197m,train,DJI_DateTime_2024_06_04_09_23_0163_lat_10.3020355_lon_105.2720236_alt_20.197m__p001,DJI_DateTime_2024_06_04_09_23_0163_lat_10.3020355_lon_105.2720236_alt_20.197m,640,0,640,480,20052,0
DJI_DateTime_2024_06_04_09_23_0163_lat_10.3020355_lon_105.2720236_alt_20.197m,train,DJI_DateTime_2024_06_04_09_23_0163_lat_10.3020355_lon_105.2720236_alt_20.197m__p003,DJI_DateTime_2024_06_04_09_23_0163_lat_10.3020355_lon_105.2720236_alt_20.197m,640,480,640,480,1600,0
DJI_DateTime_2024_06_04_09_23_0164_lat_10.3019874_lon_105.2720552_alt_20.206m,train,DJI_DateTime_2024_06_04_09_23_0164_lat_10.3019874_lon_105.2720552_alt_20.206m__p001,DJI_DateTime_2024_06_04_09_23_0164_lat_10.3019874_lon_105.2720552_alt_20.206m,640,0,640,480,94158,0
DJI_DateTime_2024_06_04_09_23_0164_lat_10.3019874_lon_105.2720552_alt_20.206m,train,DJI_DateTime_2024_06_04_09_23_0164_lat_10.3019874_lon_105.2720552_alt_20.206m__p003,DJI_DateTime_2024_06_04_09_23_0164_lat_10.3019874_lon_105.2720552_alt_20.206m,640,480,640,480,12745,0
DJI_DateTime_2024_06_04_09_23_0165_lat_10.3019395_lon_105.2720873_alt_20.217m,train,DJI_DateTime_2024_06_04_09_23_0165_lat_10.3019395_lon_105.2720873_alt_20.217m__p000,DJI_DateTime_2024_06_04_09_23_0165_lat_10.3019395_lon_105.2720873_alt_20.217m,0,0,640,480,885,0
DJI_DateTime_2024_06_04_09_23_0165_lat_10.3019395_lon_105.2720873_alt_20.217m,train,DJI_DateTime_2024_06_04_09_23_0165_lat_10.3019395_lon_105.2720873_alt_20.217m__p001,DJI_DateTime_2024_06_04_09_23_0165_lat_10.3019395_lon_105.2720873_alt_20.217m,640,0,640,480,202950,0
DJI_DateTime_2024_06_04_09_23_0165_lat_10.3019395_lon_105.2720873_alt_20.217m,train,DJI_DateTime_2024_06_04_09_23_0165_lat_10.3019395_lon_105.2720873_alt_20.217m__p003,DJI_DateTime_2024_06_04_09_23_0165_lat_10.3019395_lon_105.2720873_alt_20.217m,640,480,640,480,63774,0
DJI_DateTime_2024_06_04_09_23_0166_lat_10.3018916_lon_105.2721180_alt_20.216m,train,DJI_DateTime_2024_06_04_09_23_0166_lat_10.3018916_lon_105.2721180_alt_20.216m__p000,DJI_DateTime_2024_06_04_09_23_0166_lat_10.3018916_lon_105.2721180_alt_20.216m,0,0,640,480,16592,0
DJI_DateTime_2024_06_04_09_23_0166_lat_10.3018916_lon_105.2721180_alt_20.216m,train,DJI_DateTime_2024_06_04_09_23_0166_lat_10.3018916_lon_105.2721180_alt_20.216m__p001,DJI_DateTime_2024_06_04_09_23_0166_lat_10.3018916_lon_105.2721180_alt_20.216m,640,0,640,480,188248,0
DJI_DateTime_2024_06_04_09_23_0166_lat_10.3018916_lon_105.2721180_alt_20.216m,train,DJI_DateTime_2024_06_04_09_23_0166_lat_10.3018916_lon_105.2721180_alt_20.216m__p002,DJI_DateTime_2024_06_04_09_23_0166_lat_10.3018916_lon_105.2721180_alt_20.216m,0,480,640,480,0,1
DJI_DateTime_2024_06_04_09_23_0166_lat_10.3018916_lon_105.2721180_alt_20.216m,train,DJI_DateTime_2024_06_04_09_23_0166_lat_10.3018916_lon_105.2721180_alt_20.216m__p003,DJI_DateTime_2024_06_04_09_23_0166_lat_10.3018916_lon_105.2721180_alt_20.216m,640,480,640,480,159816,0
DJI_DateTime_2024_06_04_09_23_0167_lat_10.3018444_lon_105.2721492_alt_20.200m,train,DJI_DateTime_2024_06_04_09_23_0167_lat_10.3018444_lon_105.2721492_alt_20.200m__p000,DJI_DateTime_2024_06_04_09_23_0167_lat_10.3018444_lon_105.2721492_alt_20.200m,0,0,640,480,89279,0
DJI_DateTime_2024_06_04_09_23_0167_lat_10.3018444_lon_105.2721492_alt_20.200m,train,DJI_DateTime_2024_06_04_09_23_0167_lat_10.3018444_lon_105.2721492_alt_20.200m__p001,DJI_DateTime_2024_06_04_09_23_0167_lat_10.3018444_lon_105.2721492_alt_20.200m,640,0,640,480,142681,0
DJI_DateTime_2024_06_04_09_23_0167_lat_10.3018444_lon_105.2721492_alt_20.200m,train,DJI_DateTime_2024_06_04_09_23_0167_lat_10.3018444_lon_105.2721492_alt_20.200m__p002,DJI_DateTime_2024_06_04_09_23_0167_lat_10.3018444_lon_105.2721492_alt_20.200m,0,480,640,480,16166,0
DJI_DateTime_2024_06_04_09_23_0167_lat_10.3018444_lon_105.2721492_alt_20.200m,train,DJI_DateTime_2024_06_04_09_23_0167_lat_10.3018444_lon_105.2721492_alt_20.200m__p003,DJI_DateTime_2024_06_04_09_23_0167_lat_10.3018444_lon_105.2721492_alt_20.200m,640,480,640,480,153566,0
DJI_DateTime_2024_06_04_09_23_0168_lat_10.3017967_lon_105.2721809_alt_20.213m,train,DJI_DateTime_2024_06_04_09_23_0168_lat_10.3017967_lon_105.2721809_alt_20.213m__p000,DJI_DateTime_2024_06_04_09_23_0168_lat_10.3017967_lon_105.2721809_alt_20.213m,0,0,640,480,168732,0
DJI_DateTime_2024_06_04_09_23_0168_lat_10.3017967_lon_105.2721809_alt_20.213m,train,DJI_DateTime_2024_06_04_09_23_0168_lat_10.3017967_lon_105.2721809_alt_20.213m__p001,DJI_DateTime_2024_06_04_09_23_0168_lat_10.3017967_lon_105.2721809_alt_20.213m,640,0,640,480,151363,0
DJI_DateTime_2024_06_04_09_23_0168_lat_10.3017967_lon_105.2721809_alt_20.213m,train,DJI_DateTime_2024_06_04_09_23_0168_lat_10.3017967_lon_105.2721809_alt_20.213m__p002,DJI_DateTime_2024_06_04_09_23_0168_lat_10.3017967_lon_105.2721809_alt_20.213m,0,480,640,480,68295,0
DJI_DateTime_2024_06_04_09_23_0168_lat_10.3017967_lon_105.2721809_alt_20.213m,train,DJI_DateTime_2024_06_04_09_23_0168_lat_10.3017967_lon_105.2721809_alt_20.213m__p003,DJI_DateTime_2024_06_04_09_23_0168_lat_10.3017967_lon_105.2721809_alt_20.213m,640,480,640,480,128607,0
DJI_DateTime_2024_06_04_09_23_0169_lat_10.3017493_lon_105.2722121_alt_20.167m,train,DJI_DateTime_2024_06_04_09_23_0169_lat_10.3017493_lon_105.2722121_alt_20.167m__p000,DJI_DateTime_2024_06_04_09_23_0169_lat_10.3017493_lon_105.2722121_alt_20.167m,0,0,640,480,158214,0
DJI_DateTime_2024_06_04_09_23_0169_lat_10.3017493_lon_105.2722121_alt_20.167m,train,DJI_DateTime_2024_06_04_09_23_0169_lat_10.3017493_lon_105.2722121_alt_20.167m__p001,DJI_DateTime_2024_06_04_09_23_0169_lat_10.3017493_lon_105.2722121_alt_20.167m,640,0,640,480,128805,0
DJI_DateTime_2024_06_04_09_23_0169_lat_10.3017493_lon_105.2722121_alt_20.167m,train,DJI_DateTime_2024_06_04_09_23_0169_lat_10.3017493_lon_105.2722121_alt_20.167m__p002,DJI_DateTime_2024_06_04_09_23_0169_lat_10.3017493_lon_105.2722121_alt_20.167m,0,480,640,480,192456,0
DJI_DateTime_2024_06_04_09_23_0169_lat_10.3017493_lon_105.2722121_alt_20.167m,train,DJI_DateTime_2024_06_04_09_23_0169_lat_10.3017493_lon_105.2722121_alt_20.167m__p003,DJI_DateTime_2024_06_04_09_23_0169_lat_10.3017493_lon_105.2722121_alt_20.167m,640,480,640,480,112844,0
DJI_DateTime_2024_06_04_09_23_0170_lat_10.3017010_lon_105.2722449_alt_20.225m,train,DJI_DateTime_2024_06_04_09_23_0170_lat_10.3017010_lon_105.2722449_alt_20.225m__p000,DJI_DateTime_2024_06_04_09_23_0170_lat_10.3017010_lon_105.2722449_alt_20.225m,0,0,640,480,154286,0
DJI_DateTime_2024_06_04_09_23_0170_lat_10.3017010_lon_105.2722449_alt_20.225m,train,DJI_DateTime_2024_06_04_09_23_0170_lat_10.3017010_lon_105.2722449_alt_20.225m__p001,DJI_DateTime_2024_06_04_09_23_0170_lat_10.3017010_lon_105.2722449_alt_20.225m,640,0,640,480,100569,0
DJI_DateTime_2024_06_04_09_23_0170_lat_10.3017010_lon_105.2722449_alt_20.225m,train,DJI_DateTime_2024_06_04_09_23_0170_lat_10.3017010_lon_105.2722449_alt_20.225m__p002,DJI_DateTime_2024_06_04_09_23_0170_lat_10.3017010_lon_105.2722449_alt_20.225m,0,480,640,480,246942,0
DJI_DateTime_2024_06_04_09_23_0170_lat_10.3017010_lon_105.2722449_alt_20.225m,train,DJI_DateTime_2024_06_04_09_23_0170_lat_10.3017010_lon_105.2722449_alt_20.225m__p003,DJI_DateTime_2024_06_04_09_23_0170_lat_10.3017010_lon_105.2722449_alt_20.225m,640,480,640,480,108100,0
DJI_DateTime_2024_06_04_09_23_0171_lat_10.3016535_lon_105.2722765_alt_20.192m,train,DJI_DateTime_2024_06_04_09_23_0171_lat_10.3016535_lon_105.2722765_alt_20.192m__p000,DJI_DateTime_2024_06_04_09_23_0171_lat_10.3016535_lon_105.2722765_alt_20.192m,0,0,640,480,113368,0
DJI_DateTime_2024_06_04_09_23_0171_lat_10.3016535_lon_105.2722765_alt_20.192m,train,DJI_DateTime_2024_06_04_09_23_0171_lat_10.3016535_lon_105.2722765_alt_20.192m__p001,DJI_DateTime_2024_06_04_09_23_0171_lat_10.3016535_lon_105.2722765_alt_20.192m,640,0,640,480,71166,0
DJI_DateTime_2024_06_04_09_23_0171_lat_10.3016535_lon_105.2722765_alt_20.192m,train,DJI_DateTime_2024_06_04_09_23_0171_lat_10.3016535_lon_105.2722765_alt_20.192m__p002,DJI_DateTime_2024_06_04_09_23_0171_lat_10.3016535_lon_105.2722765_alt_20.192m,0,480,640,480,204710,0
DJI_DateTime_2024_06_04_09_23_0171_lat_10.3016535_lon_105.2722765_alt_20.192m,train,DJI_DateTime_2024_06_04_09_23_0171_lat_10.3016535_lon_105.2722765_alt_20.192m__p003,DJI_DateTime_2024_06_04_09_23_0171_lat_10.3016535_lon_105.2722765_alt_20.192m,640,480,640,480,92048,0
DJI_DateTime_2024_06_04_09_23_0172_lat_10.3016064_lon_105.2723081_alt_20.252m,train,DJI_DateTime_2024_06_04_09_23_0172_lat_10.3016064_lon_105.2723081_alt_20.252m__p000,DJI_DateTime_2024_06_04_09_23_0172_lat_10.3016064_lon_105.2723081_alt_20.252m,0,0,640,480,59273,0
DJI_DateTime_2024_06_04_09_23_0172_lat_10.3016064_lon_105.2723081_alt_20.252m,train,DJI_DateTime_2024_06_04_09_23_0172_lat_10.3016064_lon_105.2723081_alt_20.252m__p001,DJI_DateTime_2024_06_04_09_23_0172_lat_10.3016064_lon_105.2723081_alt_20.252m,640,0,640,480,81044,0
DJI_DateTime_2024_06_04_09_23_0172_lat_10.3016064_lon_105.2723081_alt_20.252m,train,DJI_DateTime_2024_06_04_09_23_0172_lat_10.3016064_lon_105.2723081_alt_20.252m__p002,DJI_DateTime_2024_06_04_09_23_0172_lat_10.3016064_lon_105.2723081_alt_20.252m,0,480,640,480,172003,0
DJI_DateTime_2024_06_04_09_23_0172_lat_10.3016064_lon_105.2723081_alt_20.252m,train,DJI_DateTime_2024_06_04_09_23_0172_lat_10.3016064_lon_105.2723081_alt_20.252m__p003,DJI_DateTime_2024_06_04_09_23_0172_lat_10.3016064_lon_105.2723081_alt_20.252m,640,480,640,480,57614,0
DJI_DateTime_2024_06_04_09_24_0173_lat_10.3015593_lon_105.2723398_alt_20.219m,train,DJI_DateTime_2024_06_04_09_24_0173_lat_10.3015593_lon_105.2723398_alt_20.219m__p000,DJI_DateTime_2024_06_04_09_24_0173_lat_10.3015593_lon_105.2723398_alt_20.219m,0,0,640,480,103089,0
DJI_DateTime_2024_06_04_09_24_0173_lat_10.3015593_lon_105.2723398_alt_20.219m,train,DJI_DateTime_2024_06_04_09_24_0173_lat_10.3015593_lon_105.2723398_alt_20.219m__p001,DJI_DateTime_2024_06_04_09_24_0173_lat_10.3015593_lon_105.2723398_alt_20.219m,640,0,640,480,67314,0
DJI_DateTime_2024_06_04_09_24_0173_lat_10.3015593_lon_105.2723398_alt_20.219m,train,DJI_DateTime_2024_06_04_09_24_0173_lat_10.3015593_lon_105.2723398_alt_20.219m__p002,DJI_DateTime_2024_06_04_09_24_0173_lat_10.3015593_lon_105.2723398_alt_20.219m,0,480,640,480,116893,0
DJI_DateTime_2024_06_04_09_24_0173_lat_10.3015593_lon_105.2723398_alt_20.219m,train,DJI_DateTime_2024_06_04_09_24_0173_lat_10.3015593_lon_105.2723398_alt_20.219m__p003,DJI_DateTime_2024_06_04_09_24_0173_lat_10.3015593_lon_105.2723398_alt_20.219m,640,480,640,480,61744,0
DJI_DateTime_2024_06_04_09_24_0174_lat_10.3015115_lon_105.2723709_alt_20.136m,train,DJI_DateTime_2024_06_04_09_24_0174_lat_10.3015115_lon_105.2723709_alt_20.136m__p000,DJI_DateTime_2024_06_04_09_24_0174_lat_10.3015115_lon_105.2723709_alt_20.136m,0,0,640,480,87257,0
DJI_DateTime_2024_06_04_09_24_0174_lat_10.3015115_lon_105.2723709_alt_20.136m,train,DJI_DateTime_2024_06_04_09_24_0174_lat_10.3015115_lon_105.2723709_alt_20.136m__p001,DJI_DateTime_2024_06_04_09_24_0174_lat_10.3015115_lon_105.2723709_alt_20.136m,640,0,640,480,82207,0
DJI_DateTime_2024_06_04_09_24_0174_lat_10.3015115_lon_105.2723709_alt_20.136m,train,DJI_DateTime_2024_06_04_09_24_0174_lat_10.3015115_lon_105.2723709_alt_20.136m__p002,DJI_DateTime_2024_06_04_09_24_0174_lat_10.3015115_lon_105.2723709_alt_20.136m,0,480,640,480,127688,0
DJI_DateTime_2024_06_04_09_24_0174_lat_10.3015115_lon_105.2723709_alt_20.136m,train,DJI_DateTime_2024_06_04_09_24_0174_lat_10.3015115_lon_105.2723709_alt_20.136m__p003,DJI_DateTime_2024_06_04_09_24_0174_lat_10.3015115_lon_105.2723709_alt_20.136m,640,480,640,480,58947,0
DJI_DateTime_2024_06_04_09_24_0175_lat_10.3014636_lon_105.2724023_alt_20.169m,train,DJI_DateTime_2024_06_04_09_24_0175_lat_10.3014636_lon_105.2724023_alt_20.169m__p000,DJI_DateTime_2024_06_04_09_24_0175_lat_10.3014636_lon_105.2724023_alt_20.169m,0,0,640,480,39064,0
DJI_DateTime_2024_06_04_09_24_0175_lat_10.3014636_lon_105.2724023_alt_20.169m,train,DJI_DateTime_2024_06_04_09_24_0175_lat_10.3014636_lon_105.2724023_alt_20.169m__p001,DJI_DateTime_2024_06_04_09_24_0175_lat_10.3014636_lon_105.2724023_alt_20.169m,640,0,640,480,52773,0
DJI_DateTime_2024_06_04_09_24_0175_lat_10.3014636_lon_105.2724023_alt_20.169m,train,DJI_DateTime_2024_06_04_09_24_0175_lat_10.3014636_lon_105.2724023_alt_20.169m__p002,DJI_DateTime_2024_06_04_09_24_0175_lat_10.3014636_lon_105.2724023_alt_20.169m,0,480,640,480,150248,0
DJI_DateTime_2024_06_04_09_24_0175_lat_10.3014636_lon_105.2724023_alt_20.169m,train,DJI_DateTime_2024_06_04_09_24_0175_lat_10.3014636_lon_105.2724023_alt_20.169m__p003,DJI_DateTime_2024_06_04_09_24_0175_lat_10.3014636_lon_105.2724023_alt_20.169m,640,480,640,480,44557,0
DJI_DateTime_2024_06_04_09_24_0176_lat_10.3014159_lon_105.2724334_alt_20.217m,train,DJI_DateTime_2024_06_04_09_24_0176_lat_10.3014159_lon_105.2724334_alt_20.217m__p000,DJI_DateTime_2024_06_04_09_24_0176_lat_10.3014159_lon_105.2724334_alt_20.217m,0,0,640,480,35467,0
DJI_DateTime_2024_06_04_09_24_0176_lat_10.3014159_lon_105.2724334_alt_20.217m,train,DJI_DateTime_2024_06_04_09_24_0176_lat_10.3014159_lon_105.2724334_alt_20.217m__p001,DJI_DateTime_2024_06_04_09_24_0176_lat_10.3014159_lon_105.2724334_alt_20.217m,640,0,640,480,24689,0
DJI_DateTime_2024_06_04_09_24_0176_lat_10.3014159_lon_105.2724334_alt_20.217m,train,DJI_DateTime_2024_06_04_09_24_0176_lat_10.3014159_lon_105.2724334_alt_20.217m__p002,DJI_DateTime_2024_06_04_09_24_0176_lat_10.3014159_lon_105.2724334_alt_20.217m,0,480,640,480,89912,0
DJI_DateTime_2024_06_04_09_24_0176_lat_10.3014159_lon_105.2724334_alt_20.217m,train,DJI_DateTime_2024_06_04_09_24_0176_lat_10.3014159_lon_105.2724334_alt_20.217m__p003,DJI_DateTime_2024_06_04_09_24_0176_lat_10.3014159_lon_105.2724334_alt_20.217m,640,480,640,480,52833,0
DJI_DateTime_2024_06_04_09_24_0177_lat_10.3013684_lon_105.2724650_alt_20.185m,train,DJI_DateTime_2024_06_04_09_24_0177_lat_10.3013684_lon_105.2724650_alt_20.185m__p000,DJI_DateTime_2024_06_04_09_24_0177_lat_10.3013684_lon_105.2724650_alt_20.185m,0,0,640,480,45208,0
DJI_DateTime_2024_06_04_09_24_0177_lat_10.3013684_lon_105.2724650_alt_20.185m,train,DJI_DateTime_2024_06_04_09_24_0177_lat_10.3013684_lon_105.2724650_alt_20.185m__p001,DJI_DateTime_2024_06_04_09_24_0177_lat_10.3013684_lon_105.2724650_alt_20.185m,640,0,640,480,22933,0
DJI_DateTime_2024_06_04_09_24_0177_lat_10.3013684_lon_105.2724650_alt_20.185m,train,DJI_DateTime_2024_06_04_09_24_0177_lat_10.3013684_lon_105.2724650_alt_20.185m__p002,DJI_DateTime_2024_06_04_09_24_0177_lat_10.3013684_lon_105.2724650_alt_20.185m,0,480,640,480,46786,0
DJI_DateTime_2024_06_04_09_24_0177_lat_10.3013684_lon_105.2724650_alt_20.185m,train,DJI_DateTime_2024_06_04_09_24_0177_lat_10.3013684_lon_105.2724650_alt_20.185m__p003,DJI_DateTime_2024_06_04_09_24_0177_lat_10.3013684_lon_105.2724650_alt_20.185m,640,480,640,480,27314,0
DJI_DateTime_2024_06_04_09_24_0178_lat_10.3013215_lon_105.2724959_alt_20.194m,train,DJI_DateTime_2024_06_04_09_24_0178_lat_10.3013215_lon_105.2724959_alt_20.194m__p000,DJI_DateTime_2024_06_04_09_24_0178_lat_10.3013215_lon_105.2724959_alt_20.194m,0,0,640,480,29826,0
DJI_DateTime_2024_06_04_09_24_0178_lat_10.3013215_lon_105.2724959_alt_20.194m,train,DJI_DateTime_2024_06_04_09_24_0178_lat_10.3013215_lon_105.2724959_alt_20.194m__p001,DJI_DateTime_2024_06_04_09_24_0178_lat_10.3013215_lon_105.2724959_alt_20.194m,640,0,640,480,26380,0
DJI_DateTime_2024_06_04_09_24_0178_lat_10.3013215_lon_105.2724959_alt_20.194m,train,DJI_DateTime_2024_06_04_09_24_0178_lat_10.3013215_lon_105.2724959_alt_20.194m__p002,DJI_DateTime_2024_06_04_09_24_0178_lat_10.3013215_lon_105.2724959_alt_20.194m,0,480,640,480,44998,0
DJI_DateTime_2024_06_04_09_24_0178_lat_10.3013215_lon_105.2724959_alt_20.194m,train,DJI_DateTime_2024_06_04_09_24_0178_lat_10.3013215_lon_105.2724959_alt_20.194m__p003,DJI_DateTime_2024_06_04_09_24_0178_lat_10.3013215_lon_105.2724959_alt_20.194m,640,480,640,480,49487,0
DJI_DateTime_2024_06_04_09_24_0179_lat_10.3012734_lon_105.2725273_alt_20.228m,train,DJI_DateTime_2024_06_04_09_24_0179_lat_10.3012734_lon_105.2725273_alt_20.228m__p000,DJI_DateTime_2024_06_04_09_24_0179_lat_10.3012734_lon_105.2725273_alt_20.228m,0,0,640,480,37171,0
DJI_DateTime_2024_06_04_09_24_0179_lat_10.3012734_lon_105.2725273_alt_20.228m,train,DJI_DateTime_2024_06_04_09_24_0179_lat_10.3012734_lon_105.2725273_alt_20.228m__p001,DJI_DateTime_2024_06_04_09_24_0179_lat_10.3012734_lon_105.2725273_alt_20.228m,640,0,640,480,38486,0
DJI_DateTime_2024_06_04_09_24_0179_lat_10.3012734_lon_105.2725273_alt_20.228m,train,DJI_DateTime_2024_06_04_09_24_0179_lat_10.3012734_lon_105.2725273_alt_20.228m__p002,DJI_DateTime_2024_06_04_09_24_0179_lat_10.3012734_lon_105.2725273_alt_20.228m,0,480,640,480,50537,0
DJI_DateTime_2024_06_04_09_24_0179_lat_10.3012734_lon_105.2725273_alt_20.228m,train,DJI_DateTime_2024_06_04_09_24_0179_lat_10.3012734_lon_105.2725273_alt_20.228m__p003,DJI_DateTime_2024_06_04_09_24_0179_lat_10.3012734_lon_105.2725273_alt_20.228m,640,480,640,480,15570,0
DJI_DateTime_2024_06_04_09_24_0180_lat_10.3012258_lon_105.2725595_alt_20.219m,train,DJI_DateTime_2024_06_04_09_24_0180_lat_10.3012258_lon_105.2725595_alt_20.219m__p000,DJI_DateTime_2024_06_04_09_24_0180_lat_10.3012258_lon_105.2725595_alt_20.219m,0,0,640,480,23671,0
DJI_DateTime_2024_06_04_09_24_0180_lat_10.3012258_lon_105.2725595_alt_20.219m,train,DJI_DateTime_2024_06_04_09_24_0180_lat_10.3012258_lon_105.2725595_alt_20.219m__p001,DJI_DateTime_2024_06_04_09_24_0180_lat_10.3012258_lon_105.2725595_alt_20.219m,640,0,640,480,70878,0
DJI_DateTime_2024_06_04_09_24_0180_lat_10.3012258_lon_105.2725595_alt_20.219m,train,DJI_DateTime_2024_06_04_09_24_0180_lat_10.3012258_lon_105.2725595_alt_20.219m__p002,DJI_DateTime_2024_06_04_09_24_0180_lat_10.3012258_lon_105.2725595_alt_20.219m,0,480,640,480,30606,0
DJI_DateTime_2024_06_04_09_24_0180_lat_10.3012258_lon_105.2725595_alt_20.219m,train,DJI_DateTime_2024_06_04_09_24_0180_lat_10.3012258_lon_105.2725595_alt_20.219m__p003,DJI_DateTime_2024_06_04_09_24_0180_lat_10.3012258_lon_105.2725595_alt_20.219m,640,480,640,480,21918,0
DJI_DateTime_2024_06_04_09_24_0184_lat_10.3012866_lon_105.2726258_alt_20.047m,train,DJI_DateTime_2024_06_04_09_24_0184_lat_10.3012866_lon_105.2726258_alt_20.047m__p001,DJI_DateTime_2024_06_04_09_24_0184_lat_10.3012866_lon_105.2726258_alt_20.047m,640,0,640,480,80680,0
DJI_DateTime_2024_06_04_09_24_0184_lat_10.3012866_lon_105.2726258_alt_20.047m,train,DJI_DateTime_2024_06_04_09_24_0184_lat_10.3012866_lon_105.2726258_alt_20.047m__p002,DJI_DateTime_2024_06_04_09_24_0184_lat_10.3012866_lon_105.2726258_alt_20.047m,0,480,640,480,22509,0
DJI_DateTime_2024_06_04_09_24_0184_lat_10.3012866_lon_105.2726258_alt_20.047m,train,DJI_DateTime_2024_06_04_09_24_0184_lat_10.3012866_lon_105.2726258_alt_20.047m__p003,DJI_DateTime_2024_06_04_09_24_0184_lat_10.3012866_lon_105.2726258_alt_20.047m,640,480,640,480,9803,0
DJI_DateTime_2024_06_04_09_24_0185_lat_10.3013346_lon_105.2725940_alt_20.140m,train,DJI_DateTime_2024_06_04_09_24_0185_lat_10.3013346_lon_105.2725940_alt_20.140m__p000,DJI_DateTime_2024_06_04_09_24_0185_lat_10.3013346_lon_105.2725940_alt_20.140m,0,0,640,480,0,1
DJI_DateTime_2024_06_04_09_24_0185_lat_10.3013346_lon_105.2725940_alt_20.140m,train,DJI_DateTime_2024_06_04_09_24_0185_lat_10.3013346_lon_105.2725940_alt_20.140m__p001,DJI_DateTime_2024_06_04_09_24_0185_lat_10.3013346_lon_105.2725940_alt_20.140m,640,0,640,480,96617,0
DJI_DateTime_2024_06_04_09_24_0185_lat_10.3013346_lon_105.2725940_alt_20.140m,train,DJI_DateTime_2024_06_04_09_24_0185_lat_10.3013346_lon_105.2725940_alt_20.140m__p002,DJI_DateTime_2024_06_04_09_24_0185_lat_10.3013346_lon_105.2725940_alt_20.140m,0,480,640,480,26369,0
DJI_DateTime_2024_06_04_09_24_0185_lat_10.3013346_lon_105.2725940_alt_20.140m,train,DJI_DateTime_2024_06_04_09_24_0185_lat_10.3013346_lon_105.2725940_alt_20.140m__p003,DJI_DateTime_2024_06_04_09_24_0185_lat_10.3013346_lon_105.2725940_alt_20.140m,640,480,640,480,56441,0
DJI_DateTime_2024_06_04_09_24_0186_lat_10.3013824_lon_105.2725620_alt_20.183m,train,DJI_DateTime_2024_06_04_09_24_0186_lat_10.3013824_lon_105.2725620_alt_20.183m__p000,DJI_DateTime_2024_06_04_09_24_0186_lat_10.3013824_lon_105.2725620_alt_20.183m,0,0,640,480,1919,0
DJI_DateTime_2024_06_04_09_24_0186_lat_10.3013824_lon_105.2725620_alt_20.183m,train,DJI_DateTime_2024_06_04_09_24_0186_lat_10.3013824_lon_105.2725620_alt_20.183m__p001,DJI_DateTime_2024_06_04_09_24_0186_lat_10.3013824_lon_105.2725620_alt_20.183m,640,0,640,480,124232,0
DJI_DateTime_2024_06_04_09_24_0186_lat_10.3013824_lon_105.2725620_alt_20.183m,train,DJI_DateTime_2024_06_04_09_24_0186_lat_10.3013824_lon_105.2725620_alt_20.183m__p002,DJI_DateTime_2024_06_04_09_24_0186_lat_10.3013824_lon_105.2725620_alt_20.183m,0,480,640,480,8142,0
DJI_DateTime_2024_06_04_09_24_0186_lat_10.3013824_lon_105.2725620_alt_20.183m,train,DJI_DateTime_2024_06_04_09_24_0186_lat_10.3013824_lon_105.2725620_alt_20.183m__p003,DJI_DateTime_2024_06_04_09_24_0186_lat_10.3013824_lon_105.2725620_alt_20.183m,640,480,640,480,108916,0
DJI_DateTime_2024_06_04_09_24_0187_lat_10.3014308_lon_105.2725307_alt_20.320m,train,DJI_DateTime_2024_06_04_09_24_0187_lat_10.3014308_lon_105.2725307_alt_20.320m__p000,DJI_DateTime_2024_06_04_09_24_0187_lat_10.3014308_lon_105.2725307_alt_20.320m,0,0,640,480,2491,0
DJI_DateTime_2024_06_04_09_24_0187_lat_10.3014308_lon_105.2725307_alt_20.320m,train,DJI_DateTime_2024_06_04_09_24_0187_lat_10.3014308_lon_105.2725307_alt_20.320m__p001,DJI_DateTime_2024_06_04_09_24_0187_lat_10.3014308_lon_105.2725307_alt_20.320m,640,0,640,480,82917,0
DJI_DateTime_2024_06_04_09_24_0187_lat_10.3014308_lon_105.2725307_alt_20.320m,train,DJI_DateTime_2024_06_04_09_24_0187_lat_10.3014308_lon_105.2725307_alt_20.320m__p002,DJI_DateTime_2024_06_04_09_24_0187_lat_10.3014308_lon_105.2725307_alt_20.320m,0,480,640,480,11055,0
DJI_DateTime_2024_06_04_09_24_0187_lat_10.3014308_lon_105.2725307_alt_20.320m,train,DJI_DateTime_2024_06_04_09_24_0187_lat_10.3014308_lon_105.2725307_alt_20.320m__p003,DJI_DateTime_2024_06_04_09_24_0187_lat_10.3014308_lon_105.2725307_alt_20.320m,640,480,640,480,133090,0
DJI_DateTime_2024_06_04_09_24_0188_lat_10.3014779_lon_105.2724987_alt_20.177m,train,DJI_DateTime_2024_06_04_09_24_0188_lat_10.3014779_lon_105.2724987_alt_20.177m__p000,DJI_DateTime_2024_06_04_09_24_0188_lat_10.3014779_lon_105.2724987_alt_20.177m,0,0,640,480,21921,0
DJI_DateTime_2024_06_04_09_24_0188_lat_10.3014779_lon_105.2724987_alt_20.177m,train,DJI_DateTime_2024_06_04_09_24_0188_lat_10.3014779_lon_105.2724987_alt_20.177m__p001,DJI_DateTime_2024_06_04_09_24_0188_lat_10.3014779_lon_105.2724987_alt_20.177m,640,0,640,480,74963,0
DJI_DateTime_2024_06_04_09_24_0188_lat_10.3014779_lon_105.2724987_alt_20.177m,train,DJI_DateTime_2024_06_04_09_24_0188_lat_10.3014779_lon_105.2724987_alt_20.177m__p002,DJI_DateTime_2024_06_04_09_24_0188_lat_10.3014779_lon_105.2724987_alt_20.177m,0,480,640,480,10911,0
DJI_DateTime_2024_06_04_09_24_0188_lat_10.3014779_lon_105.2724987_alt_20.177m,train,DJI_DateTime_2024_06_04_09_24_0188_lat_10.3014779_lon_105.2724987_alt_20.177m__p003,DJI_DateTime_2024_06_04_09_24_0188_lat_10.3014779_lon_105.2724987_alt_20.177m,640,480,640,480,63016,0
DJI_DateTime_2024_06_04_09_24_0189_lat_10.3015258_lon_105.2724678_alt_20.250m,train,DJI_DateTime_2024_06_04_09_24_0189_lat_10.3015258_lon_105.2724678_alt_20.250m__p000,DJI_DateTime_2024_06_04_09_24_0189_lat_10.3015258_lon_105.2724678_alt_20.250m,0,0,640,480,73914,0
DJI_DateTime_2024_06_04_09_24_0189_lat_10.3015258_lon_105.2724678_alt_20.250m,train,DJI_DateTime_2024_06_04_09_24_0189_lat_10.3015258_lon_105.2724678_alt_20.250m__p001,DJI_DateTime_2024_06_04_09_24_0189_lat_10.3015258_lon_105.2724678_alt_20.250m,640,0,640,480,52266,0
DJI_DateTime_2024_06_04_09_24_0189_lat_10.3015258_lon_105.2724678_alt_20.250m,train,DJI_DateTime_2024_06_04_09_24_0189_lat_10.3015258_lon_105.2724678_alt_20.250m__p002,DJI_DateTime_2024_06_04_09_24_0189_lat_10.3015258_lon_105.2724678_alt_20.250m,0,480,640,480,40448,0
DJI_DateTime_2024_06_04_09_24_0189_lat_10.3015258_lon_105.2724678_alt_20.250m,train,DJI_DateTime_2024_06_04_09_24_0189_lat_10.3015258_lon_105.2724678_alt_20.250m__p003,DJI_DateTime_2024_06_04_09_24_0189_lat_10.3015258_lon_105.2724678_alt_20.250m,640,480,640,480,82098,0
DJI_DateTime_2024_06_04_09_24_0190_lat_10.3015732_lon_105.2724356_alt_20.144m,train,DJI_DateTime_2024_06_04_09_24_0190_lat_10.3015732_lon_105.2724356_alt_20.144m__p000,DJI_DateTime_2024_06_04_09_24_0190_lat_10.3015732_lon_105.2724356_alt_20.144m,0,0,640,480,61214,0
DJI_DateTime_2024_06_04_09_24_0190_lat_10.3015732_lon_105.2724356_alt_20.144m,train,DJI_DateTime_2024_06_04_09_24_0190_lat_10.3015732_lon_105.2724356_alt_20.144m__p001,DJI_DateTime_2024_06_04_09_24_0190_lat_10.3015732_lon_105.2724356_alt_20.144m,640,0,640,480,59342,0
DJI_DateTime_2024_06_04_09_24_0190_lat_10.3015732_lon_105.2724356_alt_20.144m,train,DJI_DateTime_2024_06_04_09_24_0190_lat_10.3015732_lon_105.2724356_alt_20.144m__p002,DJI_DateTime_2024_06_04_09_24_0190_lat_10.3015732_lon_105.2724356_alt_20.144m,0,480,640,480,73092,0
DJI_DateTime_2024_06_04_09_24_0190_lat_10.3015732_lon_105.2724356_alt_20.144m,train,DJI_DateTime_2024_06_04_09_24_0190_lat_10.3015732_lon_105.2724356_alt_20.144m__p003,DJI_DateTime_2024_06_04_09_24_0190_lat_10.3015732_lon_105.2724356_alt_20.144m,640,480,640,480,34398,0
DJI_DateTime_2024_06_04_09_25_0191_lat_10.3016221_lon_105.2724034_alt_20.236m,train,DJI_DateTime_2024_06_04_09_25_0191_lat_10.3016221_lon_105.2724034_alt_20.236m__p000,DJI_DateTime_2024_06_04_09_25_0191_lat_10.3016221_lon_105.2724034_alt_20.236m,0,0,640,480,83789,0
DJI_DateTime_2024_06_04_09_25_0191_lat_10.3016221_lon_105.2724034_alt_20.236m,train,DJI_DateTime_2024_06_04_09_25_0191_lat_10.3016221_lon_105.2724034_alt_20.236m__p001,DJI_DateTime_2024_06_04_09_25_0191_lat_10.3016221_lon_105.2724034_alt_20.236m,640,0,640,480,113899,0
DJI_DateTime_2024_06_04_09_25_0191_lat_10.3016221_lon_105.2724034_alt_20.236m,train,DJI_DateTime_2024_06_04_09_25_0191_lat_10.3016221_lon_105.2724034_alt_20.236m__p002,DJI_DateTime_2024_06_04_09_25_0191_lat_10.3016221_lon_105.2724034_alt_20.236m,0,480,640,480,82959,0
DJI_DateTime_2024_06_04_09_25_0191_lat_10.3016221_lon_105.2724034_alt_20.236m,train,DJI_DateTime_2024_06_04_09_25_0191_lat_10.3016221_lon_105.2724034_alt_20.236m__p003,DJI_DateTime_2024_06_04_09_25_0191_lat_10.3016221_lon_105.2724034_alt_20.236m,640,480,640,480,35885,0
DJI_DateTime_2024_06_04_09_25_0192_lat_10.3016683_lon_105.2723725_alt_20.226m,train,DJI_DateTime_2024_06_04_09_25_0192_lat_10.3016683_lon_105.2723725_alt_20.226m__p000,DJI_DateTime_2024_06_04_09_25_0192_lat_10.3016683_lon_105.2723725_alt_20.226m,0,0,640,480,62692,0
DJI_DateTime_2024_06_04_09_25_0192_lat_10.3016683_lon_105.2723725_alt_20.226m,train,DJI_DateTime_2024_06_04_09_25_0192_lat_10.3016683_lon_105.2723725_alt_20.226m__p001,DJI_DateTime_2024_06_04_09_25_0192_lat_10.3016683_lon_105.2723725_alt_20.226m,640,0,640,480,90575,0
DJI_DateTime_2024_06_04_09_25_0192_lat_10.3016683_lon_105.2723725_alt_20.226m,train,DJI_DateTime_2024_06_04_09_25_0192_lat_10.3016683_lon_105.2723725_alt_20.226m__p002,DJI_DateTime_2024_06_04_09_25_0192_lat_10.3016683_lon_105.2723725_alt_20.226m,0,480,640,480,49997,0
DJI_DateTime_2024_06_04_09_25_0192_lat_10.3016683_lon_105.2723725_alt_20.226m,train,DJI_DateTime_2024_06_04_09_25_0192_lat_10.3016683_lon_105.2723725_alt_20.226m__p003,DJI_DateTime_2024_06_04_09_25_0192_lat_10.3016683_lon_105.2723725_alt_20.226m,640,480,640,480,76528,0
DJI_DateTime_2024_06_04_09_25_0193_lat_10.3017165_lon_105.2723406_alt_20.212m,train,DJI_DateTime_2024_06_04_09_25_0193_lat_10.3017165_lon_105.2723406_alt_20.212m__p000,DJI_DateTime_2024_06_04_09_25_0193_lat_10.3017165_lon_105.2723406_alt_20.212m,0,0,640,480,122782,0
DJI_DateTime_2024_06_04_09_25_0193_lat_10.3017165_lon_105.2723406_alt_20.212m,train,DJI_DateTime_2024_06_04_09_25_0193_lat_10.3017165_lon_105.2723406_alt_20.212m__p001,DJI_DateTime_2024_06_04_09_25_0193_lat_10.3017165_lon_105.2723406_alt_20.212m,640,0,640,480,40511,0
DJI_DateTime_2024_06_04_09_25_0193_lat_10.3017165_lon_105.2723406_alt_20.212m,train,DJI_DateTime_2024_06_04_09_25_0193_lat_10.3017165_lon_105.2723406_alt_20.212m__p002,DJI_DateTime_2024_06_04_09_25_0193_lat_10.3017165_lon_105.2723406_alt_20.212m,0,480,640,480,105024,0
DJI_DateTime_2024_06_04_09_25_0193_lat_10.3017165_lon_105.2723406_alt_20.212m,train,DJI_DateTime_2024_06_04_09_25_0193_lat_10.3017165_lon_105.2723406_alt_20.212m__p003,DJI_DateTime_2024_06_04_09_25_0193_lat_10.3017165_lon_105.2723406_alt_20.212m,640,480,640,480,109521,0
DJI_DateTime_2024_06_04_09_25_0194_lat_10.3017640_lon_105.2723092_alt_20.187m,train,DJI_DateTime_2024_06_04_09_25_0194_lat_10.3017640_lon_105.2723092_alt_20.187m__p000,DJI_DateTime_2024_06_04_09_25_0194_lat_10.3017640_lon_105.2723092_alt_20.187m,0,0,640,480,128899,0
DJI_DateTime_2024_06_04_09_25_0194_lat_10.3017640_lon_105.2723092_alt_20.187m,train,DJI_DateTime_2024_06_04_09_25_0194_lat_10.3017640_lon_105.2723092_alt_20.187m__p001,DJI_DateTime_2024_06_04_09_25_0194_lat_10.3017640_lon_105.2723092_alt_20.187m,640,0,640,480,13455,0
DJI_DateTime_2024_06_04_09_25_0194_lat_10.3017640_lon_105.2723092_alt_20.187m,train,DJI_DateTime_2024_06_04_09_25_0194_lat_10.3017640_lon_105.2723092_alt_20.187m__p002,DJI_DateTime_2024_06_04_09_25_0194_lat_10.3017640_lon_105.2723092_alt_20.187m,0,480,640,480,137024,0
DJI_DateTime_2024_06_04_09_25_0194_lat_10.3017640_lon_105.2723092_alt_20.187m,train,DJI_DateTime_2024_06_04_09_25_0194_lat_10.3017640_lon_105.2723092_alt_20.187m__p003,DJI_DateTime_2024_06_04_09_25_0194_lat_10.3017640_lon_105.2723092_alt_20.187m,640,480,640,480,49210,0
DJI_DateTime_2024_06_04_09_25_0195_lat_10.3018121_lon_105.2722776_alt_20.315m,train,DJI_DateTime_2024_06_04_09_25_0195_lat_10.3018121_lon_105.2722776_alt_20.315m__p000,DJI_DateTime_2024_06_04_09_25_0195_lat_10.3018121_lon_105.2722776_alt_20.315m,0,0,640,480,185561,0
DJI_DateTime_2024_06_04_09_25_0195_lat_10.3018121_lon_105.2722776_alt_20.315m,train,DJI_DateTime_2024_06_04_09_25_0195_lat_10.3018121_lon_105.2722776_alt_20.315m__p002,DJI_DateTime_2024_06_04_09_25_0195_lat_10.3018121_lon_105.2722776_alt_20.315m,0,480,640,480,135015,0
DJI_DateTime_2024_06_04_09_25_0195_lat_10.3018121_lon_105.2722776_alt_20.315m,train,DJI_DateTime_2024_06_04_09_25_0195_lat_10.3018121_lon_105.2722776_alt_20.315m__p003,DJI_DateTime_2024_06_04_09_25_0195_lat_10.3018121_lon_105.2722776_alt_20.315m,640,480,640,480,15361,0
DJI_DateTime_2024_06_04_09_25_0196_lat_10.3018593_lon_105.2722463_alt_20.195m,train,DJI_DateTime_2024_06_04_09_25_0196_lat_10.3018593_lon_105.2722463_alt_20.195m__p000,DJI_DateTime_2024_06_04_09_25_0196_lat_10.3018593_lon_105.2722463_alt_20.195m,0,0,640,480,66148,0
DJI_DateTime_2024_06_04_09_25_0196_lat_10.3018593_lon_105.2722463_alt_20.195m,train,DJI_DateTime_2024_06_04_09_25_0196_lat_10.3018593_lon_105.2722463_alt_20.195m__p002,DJI_DateTime_2024_06_04_09_25_0196_lat_10.3018593_lon_105.2722463_alt_20.195m,0,480,640,480,190593,0
DJI_DateTime_2024_06_04_09_25_0197_lat_10.3019069_lon_105.2722148_alt_20.287m,train,DJI_DateTime_2024_06_04_09_25_0197_lat_10.3019069_lon_105.2722148_alt_20.287m__p000,DJI_DateTime_2024_06_04_09_25_0197_lat_10.3019069_lon_105.2722148_alt_20.287m,0,0,640,480,24656,0
DJI_DateTime_2024_06_04_09_25_0197_lat_10.3019069_lon_105.2722148_alt_20.287m,train,DJI_DateTime_2024_06_04_09_25_0197_lat_10.3019069_lon_105.2722148_alt_20.287m__p002,DJI_DateTime_2024_06_04_09_25_0197_lat_10.3019069_lon_105.2722148_alt_20.287m,0,480,640,480,101384,0
DJI_DateTime_2024_06_04_09_25_0198_lat_10.3019546_lon_105.2721829_alt_20.210m,train,DJI_DateTime_2024_06_04_09_25_0198_lat_10.3019546_lon_105.2721829_alt_20.210m__p001,DJI_DateTime_2024_06_04_09_25_0198_lat_10.3019546_lon_105.2721829_alt_20.210m,640,0,640,480,0,1
DJI_DateTime_2024_06_04_09_25_0198_lat_10.3019546_lon_105.2721829_alt_20.210m,train,DJI_DateTime_2024_06_04_09_25_0198_lat_10.3019546_lon_105.2721829_alt_20.210m__p002,DJI_DateTime_2024_06_04_09_25_0198_lat_10.3019546_lon_105.2721829_alt_20.210m,0,480,640,480,29488,0
DJI_DateTime_2024_06_04_09_25_0199_lat_10.3020021_lon_105.2721516_alt_20.218m,train,DJI_DateTime_2024_06_04_09_25_0199_lat_10.3020021_lon_105.2721516_alt_20.218m__p000,DJI_DateTime_2024_06_04_09_25_0199_lat_10.3020021_lon_105.2721516_alt_20.218m,0,0,640,480,0,1
DJI_DateTime_2024_06_04_09_25_0199_lat_10.3020021_lon_105.2721516_alt_20.218m,train,DJI_DateTime_2024_06_04_09_25_0199_lat_10.3020021_lon_105.2721516_alt_20.218m__p002,DJI_DateTime_2024_06_04_09_25_0199_lat_10.3020021_lon_105.2721516_alt_20.218m,0,480,640,480,5434,0
DJI_DateTime_2024_06_04_09_25_0199_lat_10.3020021_lon_105.2721516_alt_20.218m,train,DJI_DateTime_2024_06_04_09_25_0199_lat_10.3020021_lon_105.2721516_alt_20.218m__p003,DJI_DateTime_2024_06_04_09_25_0199_lat_10.3020021_lon_105.2721516_alt_20.218m,640,480,640,480,0,1
DJI_DateTime_2024_06_04_09_26_0209_lat_10.3024781_lon_105.2718372_alt_20.132m,train,DJI_DateTime_2024_06_04_09_26_0209_lat_10.3024781_lon_105.2718372_alt_20.132m__p001,DJI_DateTime_2024_06_04_09_26_0209_lat_10.3024781_lon_105.2718372_alt_20.132m,640,0,640,480,13352,0
DJI_DateTime_2024_06_04_09_26_0210_lat_10.3025261_lon_105.2718057_alt_20.389m,train,DJI_DateTime_2024_06_04_09_26_0210_lat_10.3025261_lon_105.2718057_alt_20.389m__p001,DJI_DateTime_2024_06_04_09_26_0210_lat_10.3025261_lon_105.2718057_alt_20.389m,640,0,640,480,43217,0
DJI_DateTime_2024_06_04_09_26_0210_lat_10.3025261_lon_105.2718057_alt_20.389m,train,DJI_DateTime_2024_06_04_09_26_0210_lat_10.3025261_lon_105.2718057_alt_20.389m__p003,DJI_DateTime_2024_06_04_09_26_0210_lat_10.3025261_lon_105.2718057_alt_20.389m,640,480,640,480,10760,0
DJI_DateTime_2024_06_04_09_26_0211_lat_10.3025769_lon_105.2717793_alt_20.287m,train,DJI_DateTime_2024_06_04_09_26_0211_lat_10.3025769_lon_105.2717793_alt_20.287m__p000,DJI_DateTime_2024_06_04_09_26_0211_lat_10.3025769_lon_105.2717793_alt_20.287m,0,0,640,480,20572,0
DJI_DateTime_2024_06_04_09_26_0211_lat_10.3025769_lon_105.2717793_alt_20.287m,train,DJI_DateTime_2024_06_04_09_26_0211_lat_10.3025769_lon_105.2717793_alt_20.287m__p001,DJI_DateTime_2024_06_04_09_26_0211_lat_10.3025769_lon_105.2717793_alt_20.287m,640,0,640,480,77632,0
DJI_DateTime_2024_06_04_09_26_0211_lat_10.3025769_lon_105.2717793_alt_20.287m,train,DJI_DateTime_2024_06_04_09_26_0211_lat_10.3025769_lon_105.2717793_alt_20.287m__p002,DJI_DateTime_2024_06_04_09_26_0211_lat_10.3025769_lon_105.2717793_alt_20.287m,0,480,640,480,320,0
DJI_DateTime_2024_06_04_09_26_0211_lat_10.3025769_lon_105.2717793_alt_20.287m,train,DJI_DateTime_2024_06_04_09_26_0211_lat_10.3025769_lon_105.2717793_alt_20.287m__p003,DJI_DateTime_2024_06_04_09_26_0211_lat_10.3025769_lon_105.2717793_alt_20.287m,640,480,640,480,20689,0
DJI_DateTime_2024_06_04_09_26_0212_lat_10.3026284_lon_105.2718096_alt_20.211m,train,DJI_DateTime_2024_06_04_09_26_0212_lat_10.3026284_lon_105.2718096_alt_20.211m__p000,DJI_DateTime_2024_06_04_09_26_0212_lat_10.3026284_lon_105.2718096_alt_20.211m,0,0,640,480,32820,0
DJI_DateTime_2024_06_04_09_26_0212_lat_10.3026284_lon_105.2718096_alt_20.211m,train,DJI_DateTime_2024_06_04_09_26_0212_lat_10.3026284_lon_105.2718096_alt_20.211m__p001,DJI_DateTime_2024_06_04_09_26_0212_lat_10.3026284_lon_105.2718096_alt_20.211m,640,0,640,480,80960,0
DJI_DateTime_2024_06_04_09_26_0212_lat_10.3026284_lon_105.2718096_alt_20.211m,train,DJI_DateTime_2024_06_04_09_26_0212_lat_10.3026284_lon_105.2718096_alt_20.211m__p002,DJI_DateTime_2024_06_04_09_26_0212_lat_10.3026284_lon_105.2718096_alt_20.211m,0,480,640,480,6222,0
DJI_DateTime_2024_06_04_09_26_0212_lat_10.3026284_lon_105.2718096_alt_20.211m,train,DJI_DateTime_2024_06_04_09_26_0212_lat_10.3026284_lon_105.2718096_alt_20.211m__p003,DJI_DateTime_2024_06_04_09_26_0212_lat_10.3026284_lon_105.2718096_alt_20.211m,640,480,640,480,6972,0
DJI_DateTime_2024_06_04_09_26_0213_lat_10.3026111_lon_105.2718559_alt_20.265m,train,DJI_DateTime_2024_06_04_09_26_0213_lat_10.3026111_lon_105.2718559_alt_20.265m__p000,DJI_DateTime_2024_06_04_09_26_0213_lat_10.3026111_lon_105.2718559_alt_20.265m,0,0,640,480,69616,0
DJI_DateTime_2024_06_04_09_26_0213_lat_10.3026111_lon_105.2718559_alt_20.265m,train,DJI_DateTime_2024_06_04_09_26_0213_lat_10.3026111_lon_105.2718559_alt_20.265m__p001,DJI_DateTime_2024_06_04_09_26_0213_lat_10.3026111_lon_105.2718559_alt_20.265m,640,0,640,480,4488,0
DJI_DateTime_2024_06_04_09_26_0213_lat_10.3026111_lon_105.2718559_alt_20.265m,train,DJI_DateTime_2024_06_04_09_26_0213_lat_10.3026111_lon_105.2718559_alt_20.265m__p002,DJI_DateTime_2024_06_04_09_26_0213_lat_10.3026111_lon_105.2718559_alt_20.265m,0,480,640,480,92004,0
DJI_DateTime_2024_06_04_09_26_0213_lat_10.3026111_lon_105.2718559_alt_20.265m,train,DJI_DateTime_2024_06_04_09_26_0213_lat_10.3026111_lon_105.2718559_alt_20.265m__p003,DJI_DateTime_2024_06_04_09_26_0213_lat_10.3026111_lon_105.2718559_alt_20.265m,640,480,640,480,5325,0
DJI_DateTime_2024_06_04_09_26_0214_lat_10.3025642_lon_105.2718864_alt_20.257m,train,DJI_DateTime_2024_06_04_09_26_0214_lat_10.3025642_lon_105.2718864_alt_20.257m__p000,DJI_DateTime_2024_06_04_09_26_0214_lat_10.3025642_lon_105.2718864_alt_20.257m,0,0,640,480,13271,0
DJI_DateTime_2024_06_04_09_26_0214_lat_10.3025642_lon_105.2718864_alt_20.257m,train,DJI_DateTime_2024_06_04_09_26_0214_lat_10.3025642_lon_105.2718864_alt_20.257m__p002,DJI_DateTime_2024_06_04_09_26_0214_lat_10.3025642_lon_105.2718864_alt_20.257m,0,480,640,480,87811,0
DJI_DateTime_2024_06_04_09_26_0214_lat_10.3025642_lon_105.2718864_alt_20.257m,train,DJI_DateTime_2024_06_04_09_26_0214_lat_10.3025642_lon_105.2718864_alt_20.257m__p003,DJI_DateTime_2024_06_04_09_26_0214_lat_10.3025642_lon_105.2718864_alt_20.257m,640,480,640,480,16246,0
DJI_DateTime_2024_06_04_09_26_0215_lat_10.3025151_lon_105.2719187_alt_20.220m,train,DJI_DateTime_2024_06_04_09_26_0215_lat_10.3025151_lon_105.2719187_alt_20.220m__p000,DJI_DateTime_2024_06_04_09_26_0215_lat_10.3025151_lon_105.2719187_alt_20.220m,0,0,640,480,3626,0
DJI_DateTime_2024_06_04_09_26_0215_lat_10.3025151_lon_105.2719187_alt_20.220m,train,DJI_DateTime_2024_06_04_09_26_0215_lat_10.3025151_lon_105.2719187_alt_20.220m__p001,DJI_DateTime_2024_06_04_09_26_0215_lat_10.3025151_lon_105.2719187_alt_20.220m,640,0,640,480,0,1
DJI_DateTime_2024_06_04_09_26_0215_lat_10.3025151_lon_105.2719187_alt_20.220m,train,DJI_DateTime_2024_06_04_09_26_0215_lat_10.3025151_lon_105.2719187_alt_20.220m__p002,DJI_DateTime_2024_06_04_09_26_0215_lat_10.3025151_lon_105.2719187_alt_20.220m,0,480,640,480,53883,0
DJI_DateTime_2024_06_04_09_27_0228_lat_10.3018942_lon_105.2723262_alt_20.196m,train,DJI_DateTime_2024_06_04_09_27_0228_lat_10.3018942_lon_105.2723262_alt_20.196m__p001,DJI_DateTime_2024_06_04_09_27_0228_lat_10.3018942_lon_105.2723262_alt_20.196m,640,0,640,480,32426,0
DJI_DateTime_2024_06_04_09_27_0228_lat_10.3018942_lon_105.2723262_alt_20.196m,train,DJI_DateTime_2024_06_04_09_27_0228_lat_10.3018942_lon_105.2723262_alt_20.196m__p002,DJI_DateTime_2024_06_04_09_27_0228_lat_10.3018942_lon_105.2723262_alt_20.196m,0,480,640,480,0,1
DJI_DateTime_2024_06_04_09_27_0229_lat_10.3018467_lon_105.2723577_alt_20.169m,train,DJI_DateTime_2024_06_04_09_27_0229_lat_10.3018467_lon_105.2723577_alt_20.169m__p001,DJI_DateTime_2024_06_04_09_27_0229_lat_10.3018467_lon_105.2723577_alt_20.169m,640,0,640,480,24523,0
DJI_DateTime_2024_06_04_09_27_0229_lat_10.3018467_lon_105.2723577_alt_20.169m,train,DJI_DateTime_2024_06_04_09_27_0229_lat_10.3018467_lon_105.2723577_alt_20.169m__p003,DJI_DateTime_2024_06_04_09_27_0229_lat_10.3018467_lon_105.2723577_alt_20.169m,640,480,640,480,24295,0
DJI_DateTime_2024_06_04_09_27_0230_lat_10.3017990_lon_105.2723890_alt_20.221m,train,DJI_DateTime_2024_06_04_09_27_0230_lat_10.3017990_lon_105.2723890_alt_20.221m__p001,DJI_DateTime_2024_06_04_09_27_0230_lat_10.3017990_lon_105.2723890_alt_20.221m,640,0,640,480,88041,0
DJI_DateTime_2024_06_04_09_27_0230_lat_10.3017990_lon_105.2723890_alt_20.221m,train,DJI_DateTime_2024_06_04_09_27_0230_lat_10.3017990_lon_105.2723890_alt_20.221m__p003,DJI_DateTime_2024_06_04_09_27_0230_lat_10.3017990_lon_105.2723890_alt_20.221m,640,480,640,480,29643,0
DJI_DateTime_2024_06_04_09_27_0231_lat_10.3017514_lon_105.2724202_alt_20.218m,train,DJI_DateTime_2024_06_04_09_27_0231_lat_10.3017514_lon_105.2724202_alt_20.218m__p000,DJI_DateTime_2024_06_04_09_27_0231_lat_10.3017514_lon_105.2724202_alt_20.218m,0,0,640,480,11753,0
DJI_DateTime_2024_06_04_09_27_0231_lat_10.3017514_lon_105.2724202_alt_20.218m,train,DJI_DateTime_2024_06_04_09_27_0231_lat_10.3017514_lon_105.2724202_alt_20.218m__p001,DJI_DateTime_2024_06_04_09_27_0231_lat_10.3017514_lon_105.2724202_alt_20.218m,640,0,640,480,108338,0
DJI_DateTime_2024_06_04_09_27_0231_lat_10.3017514_lon_105.2724202_alt_20.218m,train,DJI_DateTime_2024_06_04_09_27_0231_lat_10.3017514_lon_105.2724202_alt_20.218m__p003,DJI_DateTime_2024_06_04_09_27_0231_lat_10.3017514_lon_105.2724202_alt_20.218m,640,480,640,480,75762,0
DJI_DateTime_2024_06_04_09_27_0232_lat_10.3017035_lon_105.2724514_alt_20.204m,train,DJI_DateTime_2024_06_04_09_27_0232_lat_10.3017035_lon_105.2724514_alt_20.204m__p000,DJI_DateTime_2024_06_04_09_27_0232_lat_10.3017035_lon_105.2724514_alt_20.204m,0,0,640,480,19156,0
DJI_DateTime_2024_06_04_09_27_0232_lat_10.3017035_lon_105.2724514_alt_20.204m,train,DJI_DateTime_2024_06_04_09_27_0232_lat_10.3017035_lon_105.2724514_alt_20.204m__p001,DJI_DateTime_2024_06_04_09_27_0232_lat_10.3017035_lon_105.2724514_alt_20.204m,640,0,640,480,62375,0
DJI_DateTime_2024_06_04_09_27_0232_lat_10.3017035_lon_105.2724514_alt_20.204m,train,DJI_DateTime_2024_06_04_09_27_0232_lat_10.3017035_lon_105.2724514_alt_20.204m__p002,DJI_DateTime_2024_06_04_09_27_0232_lat_10.3017035_lon_105.2724514_alt_20.204m,0,480,640,480,18636,0
DJI_DateTime_2024_06_04_09_27_0232_lat_10.3017035_lon_105.2724514_alt_20.204m,train,DJI_DateTime_2024_06_04_09_27_0232_lat_10.3017035_lon_105.2724514_alt_20.204m__p003,DJI_DateTime_2024_06_04_09_27_0232_lat_10.3017035_lon_105.2724514_alt_20.204m,640,480,640,480,113406,0
DJI_DateTime_2024_06_04_09_27_0233_lat_10.3016549_lon_105.2724834_alt_20.183m,train,DJI_DateTime_2024_06_04_09_27_0233_lat_10.3016549_lon_105.2724834_alt_20.183m__p000,DJI_DateTime_2024_06_04_09_27_0233_lat_10.3016549_lon_105.2724834_alt_20.183m,0,0,640,480,60383,0
DJI_DateTime_2024_06_04_09_27_0233_lat_10.3016549_lon_105.2724834_alt_20.183m,train,DJI_DateTime_2024_06_04_09_27_0233_lat_10.3016549_lon_105.2724834_alt_20.183m__p001,DJI_DateTime_2024_06_04_09_27_0233_lat_10.3016549_lon_105.2724834_alt_20.183m,640,0,640,480,30883,0
DJI_DateTime_2024_06_04_09_27_0233_lat_10.3016549_lon_105.2724834_alt_20.183m,train,DJI_DateTime_2024_06_04_09_27_0233_lat_10.3016549_lon_105.2724834_alt_20.183m__p002,DJI_DateTime_2024_06_04_09_27_0233_lat_10.3016549_lon_105.2724834_alt_20.183m,0,480,640,480,37218,0
DJI_DateTime_2024_06_04_09_27_0233_lat_10.3016549_lon_105.2724834_alt_20.183m,train,DJI_DateTime_2024_06_04_09_27_0233_lat_10.3016549_lon_105.2724834_alt_20.183m__p003,DJI_DateTime_2024_06_04_09_27_0233_lat_10.3016549_lon_105.2724834_alt_20.183m,640,480,640,480,64902,0
DJI_DateTime_2024_06_04_09_27_0234_lat_10.3016079_lon_105.2725150_alt_20.198m,train,DJI_DateTime_2024_06_04_09_27_0234_lat_10.3016079_lon_105.2725150_alt_20.198m__p000,DJI_DateTime_2024_06_04_09_27_0234_lat_10.3016079_lon_105.2725150_alt_20.198m,0,0,640,480,56300,0
DJI_DateTime_2024_06_04_09_27_0234_lat_10.3016079_lon_105.2725150_alt_20.198m,train,DJI_DateTime_2024_06_04_09_27_0234_lat_10.3016079_lon_105.2725150_alt_20.198m__p001,DJI_DateTime_2024_06_04_09_27_0234_lat_10.3016079_lon_105.2725150_alt_20.198m,640,0,640,480,88617,0
DJI_DateTime_2024_06_04_09_27_0234_lat_10.3016079_lon_105.2725150_alt_20.198m,train,DJI_DateTime_2024_06_04_09_27_0234_lat_10.3016079_lon_105.2725150_alt_20.198m__p002,DJI_DateTime_2024_06_04_09_27_0234_lat_10.3016079_lon_105.2725150_alt_20.198m,0,480,640,480,85149,0
DJI_DateTime_2024_06_04_09_27_0234_lat_10.3016079_lon_105.2725150_alt_20.198m,train,DJI_DateTime_2024_06_04_09_27_0234_lat_10.3016079_lon_105.2725150_alt_20.198m__p003,DJI_DateTime_2024_06_04_09_27_0234_lat_10.3016079_lon_105.2725150_alt_20.198m,640,480,640,480,20028,0
DJI_DateTime_2024_06_04_09_27_0235_lat_10.3015606_lon_105.2725460_alt_20.188m,train,DJI_DateTime_2024_06_04_09_27_0235_lat_10.3015606_lon_105.2725460_alt_20.188m__p000,DJI_DateTime_2024_06_04_09_27_0235_lat_10.3015606_lon_105.2725460_alt_20.188m,0,0,640,480,18852,0
DJI_DateTime_2024_06_04_09_27_0235_lat_10.3015606_lon_105.2725460_alt_20.188m,train,DJI_DateTime_2024_06_04_09_27_0235_lat_10.3015606_lon_105.2725460_alt_20.188m__p001,DJI_DateTime_2024_06_04_09_27_0235_lat_10.3015606_lon_105.2725460_alt_20.188m,640,0,640,480,98833,0
DJI_DateTime_2024_06_04_09_27_0235_lat_10.3015606_lon_105.2725460_alt_20.188m,train,DJI_DateTime_2024_06_04_09_27_0235_lat_10.3015606_lon_105.2725460_alt_20.188m__p002,DJI_DateTime_2024_06_04_09_27_0235_lat_10.3015606_lon_105.2725460_alt_20.188m,0,480,640,480,80975,0
DJI_DateTime_2024_06_04_09_27_0235_lat_10.3015606_lon_105.2725460_alt_20.188m,train,DJI_DateTime_2024_06_04_09_27_0235_lat_10.3015606_lon_105.2725460_alt_20.188m__p003,DJI_DateTime_2024_06_04_09_27_0235_lat_10.3015606_lon_105.2725460_alt_20.188m,640,480,640,480,75703,0
DJI_DateTime_2024_06_04_09_27_0236_lat_10.3015125_lon_105.2725782_alt_20.177m,train,DJI_DateTime_2024_06_04_09_27_0236_lat_10.3015125_lon_105.2725782_alt_20.177m__p000,DJI_DateTime_2024_06_04_09_27_0236_lat_10.3015125_lon_105.2725782_alt_20.177m,0,0,640,480,16116,0
DJI_DateTime_2024_06_04_09_27_0236_lat_10.3015125_lon_105.2725782_alt_20.177m,train,DJI_DateTime_2024_06_04_09_27_0236_lat_10.3015125_lon_105.2725782_alt_20.177m__p001,DJI_DateTime_2024_06_04_09_27_0236_lat_10.3015125_lon_105.2725782_alt_20.177m,640,0,640,480,102626,0
DJI_DateTime_2024_06_04_09_27_0236_lat_10.3015125_lon_105.2725782_alt_20.177m,train,DJI_DateTime_2024_06_04_09_27_0236_lat_10.3015125_lon_105.2725782_alt_20.177m__p002,DJI_DateTime_2024_06_04_09_27_0236_lat_10.3015125_lon_105.2725782_alt_20.177m,0,480,640,480,41300,0
DJI_DateTime_2024_06_04_09_27_0236_lat_10.3015125_lon_105.2725782_alt_20.177m,train,DJI_DateTime_2024_06_04_09_27_0236_lat_10.3015125_lon_105.2725782_alt_20.177m__p003,DJI_DateTime_2024_06_04_09_27_0236_lat_10.3015125_lon_105.2725782_alt_20.177m,640,480,640,480,64137,0
DJI_DateTime_2024_06_04_09_27_0237_lat_10.3014656_lon_105.2726094_alt_20.182m,train,DJI_DateTime_2024_06_04_09_27_0237_lat_10.3014656_lon_105.2726094_alt_20.182m__p000,DJI_DateTime_2024_06_04_09_27_0237_lat_10.3014656_lon_105.2726094_alt_20.182m,0,0,640,480,111391,0
DJI_DateTime_2024_06_04_09_27_0237_lat_10.3014656_lon_105.2726094_alt_20.182m,train,DJI_DateTime_2024_06_04_09_27_0237_lat_10.3014656_lon_105.2726094_alt_20.182m__p001,DJI_DateTime_2024_06_04_09_27_0237_lat_10.3014656_lon_105.2726094_alt_20.182m,640,0,640,480,81736,0
DJI_DateTime_2024_06_04_09_27_0237_lat_10.3014656_lon_105.2726094_alt_20.182m,train,DJI_DateTime_2024_06_04_09_27_0237_lat_10.3014656_lon_105.2726094_alt_20.182m__p002,DJI_DateTime_2024_06_04_09_27_0237_lat_10.3014656_lon_105.2726094_alt_20.182m,0,480,640,480,27136,0
DJI_DateTime_2024_06_04_09_27_0237_lat_10.3014656_lon_105.2726094_alt_20.182m,train,DJI_DateTime_2024_06_04_09_27_0237_lat_10.3014656_lon_105.2726094_alt_20.182m__p003,DJI_DateTime_2024_06_04_09_27_0237_lat_10.3014656_lon_105.2726094_alt_20.182m,640,480,640,480,83683,0
DJI_DateTime_2024_06_04_09_27_0238_lat_10.3014178_lon_105.2726413_alt_20.222m,train,DJI_DateTime_2024_06_04_09_27_0238_lat_10.3014178_lon_105.2726413_alt_20.222m__p000,DJI_DateTime_2024_06_04_09_27_0238_lat_10.3014178_lon_105.2726413_alt_20.222m,0,0,640,480,85576,0
DJI_DateTime_2024_06_04_09_27_0238_lat_10.3014178_lon_105.2726413_alt_20.222m,train,DJI_DateTime_2024_06_04_09_27_0238_lat_10.3014178_lon_105.2726413_alt_20.222m__p001,DJI_DateTime_2024_06_04_09_27_0238_lat_10.3014178_lon_105.2726413_alt_20.222m,640,0,640,480,73253,0
DJI_DateTime_2024_06_04_09_27_0238_lat_10.3014178_lon_105.2726413_alt_20.222m,train,DJI_DateTime_2024_06_04_09_27_0238_lat_10.3014178_lon_105.2726413_alt_20.222m__p002,DJI_DateTime_2024_06_04_09_27_0238_lat_10.3014178_lon_105.2726413_alt_20.222m,0,480,640,480,107749,0
DJI_DateTime_2024_06_04_09_27_0238_lat_10.3014178_lon_105.2726413_alt_20.222m,train,DJI_DateTime_2024_06_04_09_27_0238_lat_10.3014178_lon_105.2726413_alt_20.222m__p003,DJI_DateTime_2024_06_04_09_27_0238_lat_10.3014178_lon_105.2726413_alt_20.222m,640,480,640,480,77944,0
DJI_DateTime_2024_06_04_09_27_0239_lat_10.3013699_lon_105.2726722_alt_20.197m,train,DJI_DateTime_2024_06_04_09_27_0239_lat_10.3013699_lon_105.2726722_alt_20.197m__p000,DJI_DateTime_2024_06_04_09_27_0239_lat_10.3013699_lon_105.2726722_alt_20.197m,0,0,640,480,46069,0
DJI_DateTime_2024_06_04_09_27_0239_lat_10.3013699_lon_105.2726722_alt_20.197m,train,DJI_DateTime_2024_06_04_09_27_0239_lat_10.3013699_lon_105.2726722_alt_20.197m__p001,DJI_DateTime_2024_06_04_09_27_0239_lat_10.3013699_lon_105.2726722_alt_20.197m,640,0,640,480,17211,0
DJI_DateTime_2024_06_04_09_27_0239_lat_10.3013699_lon_105.2726722_alt_20.197m,train,DJI_DateTime_2024_06_04_09_27_0239_lat_10.3013699_lon_105.2726722_alt_20.197m__p002,DJI_DateTime_2024_06_04_09_27_0239_lat_10.3013699_lon_105.2726722_alt_20.197m,0,480,640,480,132082,0
DJI_DateTime_2024_06_04_09_27_0239_lat_10.3013699_lon_105.2726722_alt_20.197m,train,DJI_DateTime_2024_06_04_09_27_0239_lat_10.3013699_lon_105.2726722_alt_20.197m__p003,DJI_DateTime_2024_06_04_09_27_0239_lat_10.3013699_lon_105.2726722_alt_20.197m,640,480,640,480,37261,0
DJI_DateTime_2024_06_04_09_28_0244_lat_10.3014972_lon_105.2726932_alt_20.149m,train,DJI_DateTime_2024_06_04_09_28_0244_lat_10.3014972_lon_105.2726932_alt_20.149m__p000,DJI_DateTime_2024_06_04_09_28_0244_lat_10.3014972_lon_105.2726932_alt_20.149m,0,0,640,480,29331,0
DJI_DateTime_2024_06_04_09_28_0244_lat_10.3014972_lon_105.2726932_alt_20.149m,train,DJI_DateTime_2024_06_04_09_28_0244_lat_10.3014972_lon_105.2726932_alt_20.149m__p001,DJI_DateTime_2024_06_04_09_28_0244_lat_10.3014972_lon_105.2726932_alt_20.149m,640,0,640,480,45169,0
DJI_DateTime_2024_06_04_09_28_0244_lat_10.3014972_lon_105.2726932_alt_20.149m,train,DJI_DateTime_2024_06_04_09_28_0244_lat_10.3014972_lon_105.2726932_alt_20.149m__p002,DJI_DateTime_2024_06_04_09_28_0244_lat_10.3014972_lon_105.2726932_alt_20.149m,0,480,640,480,115833,0
DJI_DateTime_2024_06_04_09_28_0244_lat_10.3014972_lon_105.2726932_alt_20.149m,train,DJI_DateTime_2024_06_04_09_28_0244_lat_10.3014972_lon_105.2726932_alt_20.149m__p003,DJI_DateTime_2024_06_04_09_28_0244_lat_10.3014972_lon_105.2726932_alt_20.149m,640,480,640,480,80162,0
DJI_DateTime_2024_06_04_09_28_0245_lat_10.3015445_lon_105.2726616_alt_20.192m,train,DJI_DateTime_2024_06_04_09_28_0245_lat_10.3015445_lon_105.2726616_alt_20.192m__p000,DJI_DateTime_2024_06_04_09_28_0245_lat_10.3015445_lon_105.2726616_alt_20.192m,0,0,640,480,1753,0
DJI_DateTime_2024_06_04_09_28_0245_lat_10.3015445_lon_105.2726616_alt_20.192m,train,DJI_DateTime_2024_06_04_09_28_0245_lat_10.3015445_lon_105.2726616_alt_20.192m__p001,DJI_DateTime_2024_06_04_09_28_0245_lat_10.3015445_lon_105.2726616_alt_20.192m,640,0,640,480,26423,0
DJI_DateTime_2024_06_04_09_28_0245_lat_10.3015445_lon_105.2726616_alt_20.192m,train,DJI_DateTime_2024_06_04_09_28_0245_lat_10.3015445_lon_105.2726616_alt_20.192m__p002,DJI_DateTime_2024_06_04_09_28_0245_lat_10.3015445_lon_105.2726616_alt_20.192m,0,480,640,480,88139,0
DJI_DateTime_2024_06_04_09_28_0245_lat_10.3015445_lon_105.2726616_alt_20.192m,train,DJI_DateTime_2024_06_04_09_28_0245_lat_10.3015445_lon_105.2726616_alt_20.192m__p003,DJI_DateTime_2024_06_04_09_28_0245_lat_10.3015445_lon_105.2726616_alt_20.192m,640,480,640,480,79781,0
DJI_DateTime_2024_06_04_09_28_0246_lat_10.3015928_lon_105.2726302_alt_20.241m,train,DJI_DateTime_2024_06_04_09_28_0246_lat_10.3015928_lon_105.2726302_alt_20.241m__p000,DJI_DateTime_2024_06_04_09_28_0246_lat_10.3015928_lon_105.2726302_alt_20.241m,0,0,640,480,51438,0
DJI_DateTime_2024_06_04_09_28_0246_lat_10.3015928_lon_105.2726302_alt_20.241m,train,DJI_DateTime_2024_06_04_09_28_0246_lat_10.3015928_lon_105.2726302_alt_20.241m__p001,DJI_DateTime_2024_06_04_09_28_0246_lat_10.3015928_lon_105.2726302_alt_20.241m,640,0,640,480,19914,0
DJI_DateTime_2024_06_04_09_28_0246_lat_10.3015928_lon_105.2726302_alt_20.241m,train,DJI_DateTime_2024_06_04_09_28_0246_lat_10.3015928_lon_105.2726302_alt_20.241m__p002,DJI_DateTime_2024_06_04_09_28_0246_lat_10.3015928_lon_105.2726302_alt_20.241m,0,480,640,480,25962,0
DJI_DateTime_2024_06_04_09_28_0246_lat_10.3015928_lon_105.2726302_alt_20.241m,train,DJI_DateTime_2024_06_04_09_28_0246_lat_10.3015928_lon_105.2726302_alt_20.241m__p003,DJI_DateTime_2024_06_04_09_28_0246_lat_10.3015928_lon_105.2726302_alt_20.241m,640,480,640,480,24157,0
DJI_DateTime_2024_06_04_09_28_0247_lat_10.3016401_lon_105.2725989_alt_20.190m,train,DJI_DateTime_2024_06_04_09_28_0247_lat_10.3016401_lon_105.2725989_alt_20.190m__p000,DJI_DateTime_2024_06_04_09_28_0247_lat_10.3016401_lon_105.2725989_alt_20.190m,0,0,640,480,47894,0
DJI_DateTime_2024_06_04_09_28_0247_lat_10.3016401_lon_105.2725989_alt_20.190m,train,DJI_DateTime_2024_06_04_09_28_0247_lat_10.3016401_lon_105.2725989_alt_20.190m__p001,DJI_DateTime_2024_06_04_09_28_0247_lat_10.3016401_lon_105.2725989_alt_20.190m,640,0,640,480,4582,0
DJI_DateTime_2024_06_04_09_28_0247_lat_10.3016401_lon_105.2725989_alt_20.190m,train,DJI_DateTime_2024_06_04_09_28_0247_lat_10.3016401_lon_105.2725989_alt_20.190m__p002,DJI_DateTime_2024_06_04_09_28_0247_lat_10.3016401_lon_105.2725989_alt_20.190m,0,480,640,480,36259,0
DJI_DateTime_2024_06_04_09_28_0247_lat_10.3016401_lon_105.2725989_alt_20.190m,train,DJI_DateTime_2024_06_04_09_28_0247_lat_10.3016401_lon_105.2725989_alt_20.190m__p003,DJI_DateTime_2024_06_04_09_28_0247_lat_10.3016401_lon_105.2725989_alt_20.190m,640,480,640,480,13222,0
DJI_DateTime_2024_06_04_09_28_0248_lat_10.3016893_lon_105.2725664_alt_20.168m,train,DJI_DateTime_2024_06_04_09_28_0248_lat_10.3016893_lon_105.2725664_alt_20.168m__p000,DJI_DateTime_2024_06_04_09_28_0248_lat_10.3016893_lon_105.2725664_alt_20.168m,0,0,640,480,37049,0
DJI_DateTime_2024_06_04_09_28_0248_lat_10.3016893_lon_105.2725664_alt_20.168m,train,DJI_DateTime_2024_06_04_09_28_0248_lat_10.3016893_lon_105.2725664_alt_20.168m__p001,DJI_DateTime_2024_06_04_09_28_0248_lat_10.3016893_lon_105.2725664_alt_20.168m,640,0,640,480,0,1
DJI_DateTime_2024_06_04_09_28_0248_lat_10.3016893_lon_105.2725664_alt_20.168m,train,DJI_DateTime_2024_06_04_09_28_0248_lat_10.3016893_lon_105.2725664_alt_20.168m__p002,DJI_DateTime_2024_06_04_09_28_0248_lat_10.3016893_lon_105.2725664_alt_20.168m,0,480,640,480,56033,0
DJI_DateTime_2024_06_04_09_28_0248_lat_10.3016893_lon_105.2725664_alt_20.168m,train,DJI_DateTime_2024_06_04_09_28_0248_lat_10.3016893_lon_105.2725664_alt_20.168m__p003,DJI_DateTime_2024_06_04_09_28_0248_lat_10.3016893_lon_105.2725664_alt_20.168m,640,480,640,480,9172,0
DJI_DateTime_2024_06_04_09_28_0249_lat_10.3017351_lon_105.2725361_alt_20.209m,train,DJI_DateTime_2024_06_04_09_28_0249_lat_10.3017351_lon_105.2725361_alt_20.209m__p000,DJI_DateTime_2024_06_04_09_28_0249_lat_10.3017351_lon_105.2725361_alt_20.209m,0,0,640,480,3617,0
DJI_DateTime_2024_06_04_09_28_0249_lat_10.3017351_lon_105.2725361_alt_20.209m,train,DJI_DateTime_2024_06_04_09_28_0249_lat_10.3017351_lon_105.2725361_alt_20.209m__p001,DJI_DateTime_2024_06_04_09_28_0249_lat_10.3017351_lon_105.2725361_alt_20.209m,640,0,640,480,0,1
DJI_DateTime_2024_06_04_09_28_0249_lat_10.3017351_lon_105.2725361_alt_20.209m,train,DJI_DateTime_2024_06_04_09_28_0249_lat_10.3017351_lon_105.2725361_alt_20.209m__p002,DJI_DateTime_2024_06_04_09_28_0249_lat_10.3017351_lon_105.2725361_alt_20.209m,0,480,640,480,59220,0
DJI_DateTime_2024_06_04_09_28_0250_lat_10.3017831_lon_105.2725047_alt_20.260m,train,DJI_DateTime_2024_06_04_09_28_0250_lat_10.3017831_lon_105.2725047_alt_20.260m__p000,DJI_DateTime_2024_06_04_09_28_0250_lat_10.3017831_lon_105.2725047_alt_20.260m,0,0,640,480,2342,0
DJI_DateTime_2024_06_04_09_28_0250_lat_10.3017831_lon_105.2725047_alt_20.260m,train,DJI_DateTime_2024_06_04_09_28_0250_lat_10.3017831_lon_105.2725047_alt_20.260m__p002,DJI_DateTime_2024_06_04_09_28_0250_lat_10.3017831_lon_105.2725047_alt_20.260m,0,480,640,480,28128,0
DJI_DateTime_2024_06_04_09_28_0251_lat_10.3018302_lon_105.2724727_alt_20.159m,train,DJI_DateTime_2024_06_04_09_28_0251_lat_10.3018302_lon_105.2724727_alt_20.159m__p000,DJI_DateTime_2024_06_04_09_28_0251_lat_10.3018302_lon_105.2724727_alt_20.159m,0,0,640,480,0,1
DJI_DateTime_2024_06_04_09_28_0251_lat_10.3018302_lon_105.2724727_alt_20.159m,train,DJI_DateTime_2024_06_04_09_28_0251_lat_10.3018302_lon_105.2724727_alt_20.159m__p001,DJI_DateTime_2024_06_04_09_28_0251_lat_10.3018302_lon_105.2724727_alt_20.159m,640,0,640,480,1022,0
DJI_DateTime_2024_06_04_09_28_0251_lat_10.3018302_lon_105.2724727_alt_20.159m,train,DJI_DateTime_2024_06_04_09_28_0251_lat_10.3018302_lon_105.2724727_alt_20.159m__p002,DJI_DateTime_2024_06_04_09_28_0251_lat_10.3018302_lon_105.2724727_alt_20.159m,0,480,640,480,7384,0
DJI_DateTime_2024_06_04_09_28_0257_lat_10.3021169_lon_105.2722819_alt_20.194m,train,DJI_DateTime_2024_06_04_09_28_0257_lat_10.3021169_lon_105.2722819_alt_20.194m__p001,DJI_DateTime_2024_06_04_09_28_0257_lat_10.3021169_lon_105.2722819_alt_20.194m,640,0,640,480,22379,0
DJI_DateTime_2024_06_04_09_28_0257_lat_10.3021169_lon_105.2722819_alt_20.194m,train,DJI_DateTime_2024_06_04_09_28_0257_lat_10.3021169_lon_105.2722819_alt_20.194m__p002,DJI_DateTime_2024_06_04_09_28_0257_lat_10.3021169_lon_105.2722819_alt_20.194m,0,480,640,480,0,1
DJI_DateTime_2024_06_04_09_28_0258_lat_10.3021631_lon_105.2722511_alt_20.228m,train,DJI_DateTime_2024_06_04_09_28_0258_lat_10.3021631_lon_105.2722511_alt_20.228m__p001,DJI_DateTime_2024_06_04_09_28_0258_lat_10.3021631_lon_105.2722511_alt_20.228m,640,0,640,480,5884,0
DJI_DateTime_2024_06_04_09_28_0258_lat_10.3021631_lon_105.2722511_alt_20.228m,train,DJI_DateTime_2024_06_04_09_28_0258_lat_10.3021631_lon_105.2722511_alt_20.228m__p003,DJI_DateTime_2024_06_04_09_28_0258_lat_10.3021631_lon_105.2722511_alt_20.228m,640,480,640,480,9112,0
DJI_DateTime_2024_06_04_09_29_0259_lat_10.3022109_lon_105.2722200_alt_20.255m,train,DJI_DateTime_2024_06_04_09_29_0259_lat_10.3022109_lon_105.2722200_alt_20.255m__p000,DJI_DateTime_2024_06_04_09_29_0259_lat_10.3022109_lon_105.2722200_alt_20.255m,0,0,640,480,0,1
DJI_DateTime_2024_06_04_09_29_0259_lat_10.3022109_lon_105.2722200_alt_20.255m,train,DJI_DateTime_2024_06_04_09_29_0259_lat_10.3022109_lon_105.2722200_alt_20.255m__p001,DJI_DateTime_2024_06_04_09_29_0259_lat_10.3022109_lon_105.2722200_alt_20.255m,640,0,640,480,5318,0
DJI_DateTime_2024_06_04_09_29_0259_lat_10.3022109_lon_105.2722200_alt_20.255m,train,DJI_DateTime_2024_06_04_09_29_0259_lat_10.3022109_lon_105.2722200_alt_20.255m__p002,DJI_DateTime_2024_06_04_09_29_0259_lat_10.3022109_lon_105.2722200_alt_20.255m,0,480,640,480,8669,0
DJI_DateTime_2024_06_04_09_29_0259_lat_10.3022109_lon_105.2722200_alt_20.255m,train,DJI_DateTime_2024_06_04_09_29_0259_lat_10.3022109_lon_105.2722200_alt_20.255m__p003,DJI_DateTime_2024_06_04_09_29_0259_lat_10.3022109_lon_105.2722200_alt_20.255m,640,480,640,480,21816,0
DJI_DateTime_2024_06_04_09_29_0264_lat_10.3024495_lon_105.2720651_alt_20.153m,train,DJI_DateTime_2024_06_04_09_29_0264_lat_10.3024495_lon_105.2720651_alt_20.153m__p001,DJI_DateTime_2024_06_04_09_29_0264_lat_10.3024495_lon_105.2720651_alt_20.153m,640,0,640,480,16775,0
DJI_DateTime_2024_06_04_09_29_0265_lat_10.3024972_lon_105.2720341_alt_20.255m,train,DJI_DateTime_2024_06_04_09_29_0265_lat_10.3024972_lon_105.2720341_alt_20.255m__p001,DJI_DateTime_2024_06_04_09_29_0265_lat_10.3024972_lon_105.2720341_alt_20.255m,640,0,640,480,15329,0
DJI_DateTime_2024_06_04_09_29_0265_lat_10.3024972_lon_105.2720341_alt_20.255m,train,DJI_DateTime_2024_06_04_09_29_0265_lat_10.3024972_lon_105.2720341_alt_20.255m__p003,DJI_DateTime_2024_06_04_09_29_0265_lat_10.3024972_lon_105.2720341_alt_20.255m,640,480,640,480,0,1
DJI_DateTime_2024_06_04_09_29_0266_lat_10.3025451_lon_105.2720019_alt_20.135m,train,DJI_DateTime_2024_06_04_09_29_0266_lat_10.3025451_lon_105.2720019_alt_20.135m__p001,DJI_DateTime_2024_06_04_09_29_0266_lat_10.3025451_lon_105.2720019_alt_20.135m,640,0,640,480,21511,0
DJI_DateTime_2024_06_04_09_29_0266_lat_10.3025451_lon_105.2720019_alt_20.135m,train,DJI_DateTime_2024_06_04_09_29_0266_lat_10.3025451_lon_105.2720019_alt_20.135m__p002,DJI_DateTime_2024_06_04_09_29_0266_lat_10.3025451_lon_105.2720019_alt_20.135m,0,480,640,480,0,1
DJI_DateTime_2024_06_04_09_29_0266_lat_10.3025451_lon_105.2720019_alt_20.135m,train,DJI_DateTime_2024_06_04_09_29_0266_lat_10.3025451_lon_105.2720019_alt_20.135m__p003,DJI_DateTime_2024_06_04_09_29_0266_lat_10.3025451_lon_105.2720019_alt_20.135m,640,480,640,480,30998,0
DJI_DateTime_2024_06_04_09_29_0267_lat_10.3025928_lon_105.2719709_alt_20.197m,train,DJI_DateTime_2024_06_04_09_29_0267_lat_10.3025928_lon_105.2719709_alt_20.197m__p000,DJI_DateTime_2024_06_04_09_29_0267_lat_10.3025928_lon_105.2719709_alt_20.197m,0,0,640,480,24171,0
DJI_DateTime_2024_06_04_09_29_0267_lat_10.3025928_lon_105.2719709_alt_20.197m,train,DJI_DateTime_2024_06_04_09_29_0267_lat_10.3025928_lon_105.2719709_alt_20.197m__p001,DJI_DateTime_2024_06_04_09_29_0267_lat_10.3025928_lon_105.2719709_alt_20.197m,640,0,640,480,66937,0
DJI_DateTime_2024_06_04_09_29_0267_lat_10.3025928_lon_105.2719709_alt_20.197m,train,DJI_DateTime_2024_06_04_09_29_0267_lat_10.3025928_lon_105.2719709_alt_20.197m__p003,DJI_DateTime_2024_06_04_09_29_0267_lat_10.3025928_lon_105.2719709_alt_20.197m,640,480,640,480,1863,0
DJI_DateTime_2024_06_04_09_29_0268_lat_10.3026409_lon_105.2719393_alt_20.269m,train,DJI_DateTime_2024_06_04_09_29_0268_lat_10.3026409_lon_105.2719393_alt_20.269m__p000,DJI_DateTime_2024_06_04_09_29_0268_lat_10.3026409_lon_105.2719393_alt_20.269m,0,0,640,480,41309,0
DJI_DateTime_2024_06_04_09_29_0268_lat_10.3026409_lon_105.2719393_alt_20.269m,train,DJI_DateTime_2024_06_04_09_29_0268_lat_10.3026409_lon_105.2719393_alt_20.269m__p001,DJI_DateTime_2024_06_04_09_29_0268_lat_10.3026409_lon_105.2719393_alt_20.269m,640,0,640,480,85161,0
DJI_DateTime_2024_06_04_09_29_0268_lat_10.3026409_lon_105.2719393_alt_20.269m,train,DJI_DateTime_2024_06_04_09_29_0268_lat_10.3026409_lon_105.2719393_alt_20.269m__p002,DJI_DateTime_2024_06_04_09_29_0268_lat_10.3026409_lon_105.2719393_alt_20.269m,0,480,640,480,10113,0
DJI_DateTime_2024_06_04_09_29_0268_lat_10.3026409_lon_105.2719393_alt_20.269m,train,DJI_DateTime_2024_06_04_09_29_0268_lat_10.3026409_lon_105.2719393_alt_20.269m__p003,DJI_DateTime_2024_06_04_09_29_0268_lat_10.3026409_lon_105.2719393_alt_20.269m,640,480,640,480,39781,0
DJI_DateTime_2024_06_04_09_29_0269_lat_10.3026902_lon_105.2719149_alt_20.208m,train,DJI_DateTime_2024_06_04_09_29_0269_lat_10.3026902_lon_105.2719149_alt_20.208m__p001,DJI_DateTime_2024_06_04_09_29_0269_lat_10.3026902_lon_105.2719149_alt_20.208m,640,0,640,480,27393,0
DJI_DateTime_2024_06_04_09_29_0269_lat_10.3026902_lon_105.2719149_alt_20.208m,train,DJI_DateTime_2024_06_04_09_29_0269_lat_10.3026902_lon_105.2719149_alt_20.208m__p002,DJI_DateTime_2024_06_04_09_29_0269_lat_10.3026902_lon_105.2719149_alt_20.208m,0,480,640,480,45277,0
DJI_DateTime_2024_06_04_09_29_0269_lat_10.3026902_lon_105.2719149_alt_20.208m,train,DJI_DateTime_2024_06_04_09_29_0269_lat_10.3026902_lon_105.2719149_alt_20.208m__p003,DJI_DateTime_2024_06_04_09_29_0269_lat_10.3026902_lon_105.2719149_alt_20.208m,640,480,640,480,72525,0
DJI_DateTime_2024_06_04_09_29_0270_lat_10.3026944_lon_105.2719671_alt_20.256m,train,DJI_DateTime_2024_06_04_09_29_0270_lat_10.3026944_lon_105.2719671_alt_20.256m__p000,DJI_DateTime_2024_06_04_09_29_0270_lat_10.3026944_lon_105.2719671_alt_20.256m,0,0,640,480,87830,0
DJI_DateTime_2024_06_04_09_29_0270_lat_10.3026944_lon_105.2719671_alt_20.256m,train,DJI_DateTime_2024_06_04_09_29_0270_lat_10.3026944_lon_105.2719671_alt_20.256m__p001,DJI_DateTime_2024_06_04_09_29_0270_lat_10.3026944_lon_105.2719671_alt_20.256m,640,0,640,480,30379,0
DJI_DateTime_2024_06_04_09_29_0270_lat_10.3026944_lon_105.2719671_alt_20.256m,train,DJI_DateTime_2024_06_04_09_29_0270_lat_10.3026944_lon_105.2719671_alt_20.256m__p002,DJI_DateTime_2024_06_04_09_29_0270_lat_10.3026944_lon_105.2719671_alt_20.256m,0,480,640,480,20948,0
DJI_DateTime_2024_06_04_09_29_0270_lat_10.3026944_lon_105.2719671_alt_20.256m,train,DJI_DateTime_2024_06_04_09_29_0270_lat_10.3026944_lon_105.2719671_alt_20.256m__p003,DJI_DateTime_2024_06_04_09_29_0270_lat_10.3026944_lon_105.2719671_alt_20.256m,640,480,640,480,19496,0
DJI_DateTime_2024_06_04_09_29_0271_lat_10.3026701_lon_105.2720178_alt_20.296m,train,DJI_DateTime_2024_06_04_09_29_0271_lat_10.3026701_lon_105.2720178_alt_20.296m__p000,DJI_DateTime_2024_06_04_09_29_0271_lat_10.3026701_lon_105.2720178_alt_20.296m,0,0,640,480,48024,0
DJI_DateTime_2024_06_04_09_29_0271_lat_10.3026701_lon_105.2720178_alt_20.296m,train,DJI_DateTime_2024_06_04_09_29_0271_lat_10.3026701_lon_105.2720178_alt_20.296m__p002,DJI_DateTime_2024_06_04_09_29_0271_lat_10.3026701_lon_105.2720178_alt_20.296m,0,480,640,480,119653,0
DJI_DateTime_2024_06_04_09_29_0271_lat_10.3026701_lon_105.2720178_alt_20.296m,train,DJI_DateTime_2024_06_04_09_29_0271_lat_10.3026701_lon_105.2720178_alt_20.296m__p003,DJI_DateTime_2024_06_04_09_29_0271_lat_10.3026701_lon_105.2720178_alt_20.296m,640,480,640,480,18562,0
DJI_DateTime_2024_06_04_09_29_0272_lat_10.3026261_lon_105.2720549_alt_20.257m,train,DJI_DateTime_2024_06_04_09_29_0272_lat_10.3026261_lon_105.2720549_alt_20.257m__p000,DJI_DateTime_2024_06_04_09_29_0272_lat_10.3026261_lon_105.2720549_alt_20.257m,0,0,640,480,64490,0
DJI_DateTime_2024_06_04_09_29_0272_lat_10.3026261_lon_105.2720549_alt_20.257m,train,DJI_DateTime_2024_06_04_09_29_0272_lat_10.3026261_lon_105.2720549_alt_20.257m__p001,DJI_DateTime_2024_06_04_09_29_0272_lat_10.3026261_lon_105.2720549_alt_20.257m,640,0,640,480,5681,0
DJI_DateTime_2024_06_04_09_29_0272_lat_10.3026261_lon_105.2720549_alt_20.257m,train,DJI_DateTime_2024_06_04_09_29_0272_lat_10.3026261_lon_105.2720549_alt_20.257m__p002,DJI_DateTime_2024_06_04_09_29_0272_lat_10.3026261_lon_105.2720549_alt_20.257m,0,480,640,480,84595,0
DJI_DateTime_2024_06_04_09_29_0272_lat_10.3026261_lon_105.2720549_alt_20.257m,train,DJI_DateTime_2024_06_04_09_29_0272_lat_10.3026261_lon_105.2720549_alt_20.257m__p003,DJI_DateTime_2024_06_04_09_29_0272_lat_10.3026261_lon_105.2720549_alt_20.257m,640,480,640,480,0,1
DJI_DateTime_2024_06_04_09_29_0273_lat_10.3025787_lon_105.2720860_alt_20.243m,train,DJI_DateTime_2024_06_04_09_29_0273_lat_10.3025787_lon_105.2720860_alt_20.243m__p000,DJI_DateTime_2024_06_04_09_29_0273_lat_10.3025787_lon_105.2720860_alt_20.243m,0,0,640,480,59166,0
DJI_DateTime_2024_06_04_09_29_0273_lat_10.3025787_lon_105.2720860_alt_20.243m,train,DJI_DateTime_2024_06_04_09_29_0273_lat_10.3025787_lon_105.2720860_alt_20.243m__p002,DJI_DateTime_2024_06_04_09_29_0273_lat_10.3025787_lon_105.2720860_alt_20.243m,0,480,640,480,46354,0
DJI_DateTime_2024_06_04_09_29_0274_lat_10.3025312_lon_105.2721172_alt_20.210m,train,DJI_DateTime_2024_06_04_09_29_0274_lat_10.3025312_lon_105.2721172_alt_20.210m__p000,DJI_DateTime_2024_06_04_09_29_0274_lat_10.3025312_lon_105.2721172_alt_20.210m,0,0,640,480,5361,0
DJI_DateTime_2024_06_04_09_29_0274_lat_10.3025312_lon_105.2721172_alt_20.210m,train,DJI_DateTime_2024_06_04_09_29_0274_lat_10.3025312_lon_105.2721172_alt_20.210m__p002,DJI_DateTime_2024_06_04_09_29_0274_lat_10.3025312_lon_105.2721172_alt_20.210m,0,480,640,480,77502,0
DJI_DateTime_2024_06_04_09_29_0274_lat_10.3025312_lon_105.2721172_alt_20.210m,train,DJI_DateTime_2024_06_04_09_29_0274_lat_10.3025312_lon_105.2721172_alt_20.210m__p003,DJI_DateTime_2024_06_04_09_29_0274_lat_10.3025312_lon_105.2721172_alt_20.210m,640,480,640,480,0,1
DJI_DateTime_2024_06_04_09_29_0275_lat_10.3024834_lon_105.2721485_alt_20.190m,train,DJI_DateTime_2024_06_04_09_29_0275_lat_10.3024834_lon_105.2721485_alt_20.190m__p001,DJI_DateTime_2024_06_04_09_29_0275_lat_10.3024834_lon_105.2721485_alt_20.190m,640,0,640,480,0,1
DJI_DateTime_2024_06_04_09_29_0275_lat_10.3024834_lon_105.2721485_alt_20.190m,train,DJI_DateTime_2024_06_04_09_29_0275_lat_10.3024834_lon_105.2721485_alt_20.190m__p002,DJI_DateTime_2024_06_04_09_29_0275_lat_10.3024834_lon_105.2721485_alt_20.190m,0,480,640,480,23957,0
DJI_DateTime_2024_06_04_09_30_0279_lat_10.3022919_lon_105.2722751_alt_20.180m,train,DJI_DateTime_2024_06_04_09_30_0279_lat_10.3022919_lon_105.2722751_alt_20.180m__p000,DJI_DateTime_2024_06_04_09_30_0279_lat_10.3022919_lon_105.2722751_alt_20.180m,0,0,640,480,13091,0
DJI_DateTime_2024_06_04_09_30_0279_lat_10.3022919_lon_105.2722751_alt_20.180m,train,DJI_DateTime_2024_06_04_09_30_0279_lat_10.3022919_lon_105.2722751_alt_20.180m__p001,DJI_DateTime_2024_06_04_09_30_0279_lat_10.3022919_lon_105.2722751_alt_20.180m,640,0,640,480,10762,0
DJI_DateTime_2024_06_04_09_30_0279_lat_10.3022919_lon_105.2722751_alt_20.180m,train,DJI_DateTime_2024_06_04_09_30_0279_lat_10.3022919_lon_105.2722751_alt_20.180m__p002,DJI_DateTime_2024_06_04_09_30_0279_lat_10.3022919_lon_105.2722751_alt_20.180m,0,480,640,480,9114,0
DJI_DateTime_2024_06_04_09_30_0279_lat_10.3022919_lon_105.2722751_alt_20.180m,train,DJI_DateTime_2024_06_04_09_30_0279_lat_10.3022919_lon_105.2722751_alt_20.180m__p003,DJI_DateTime_2024_06_04_09_30_0279_lat_10.3022919_lon_105.2722751_alt_20.180m,640,480,640,480,16566,0
DJI_DateTime_2024_06_04_09_30_0280_lat_10.3022441_lon_105.2723070_alt_20.230m,train,DJI_DateTime_2024_06_04_09_30_0280_lat_10.3022441_lon_105.2723070_alt_20.230m__p000,DJI_DateTime_2024_06_04_09_30_0280_lat_10.3022441_lon_105.2723070_alt_20.230m,0,0,640,480,26360,0
DJI_DateTime_2024_06_04_09_30_0280_lat_10.3022441_lon_105.2723070_alt_20.230m,train,DJI_DateTime_2024_06_04_09_30_0280_lat_10.3022441_lon_105.2723070_alt_20.230m__p002,DJI_DateTime_2024_06_04_09_30_0280_lat_10.3022441_lon_105.2723070_alt_20.230m,0,480,640,480,24020,0
DJI_DateTime_2024_06_04_09_30_0280_lat_10.3022441_lon_105.2723070_alt_20.230m,train,DJI_DateTime_2024_06_04_09_30_0280_lat_10.3022441_lon_105.2723070_alt_20.230m__p003,DJI_DateTime_2024_06_04_09_30_0280_lat_10.3022441_lon_105.2723070_alt_20.230m,640,480,640,480,13439,0
DJI_DateTime_2024_06_04_09_30_0281_lat_10.3021962_lon_105.2723383_alt_20.217m,train,DJI_DateTime_2024_06_04_09_30_0281_lat_10.3021962_lon_105.2723383_alt_20.217m__p000,DJI_DateTime_2024_06_04_09_30_0281_lat_10.3021962_lon_105.2723383_alt_20.217m,0,0,640,480,4671,0
DJI_DateTime_2024_06_04_09_30_0281_lat_10.3021962_lon_105.2723383_alt_20.217m,train,DJI_DateTime_2024_06_04_09_30_0281_lat_10.3021962_lon_105.2723383_alt_20.217m__p001,DJI_DateTime_2024_06_04_09_30_0281_lat_10.3021962_lon_105.2723383_alt_20.217m,640,0,640,480,0,1
DJI_DateTime_2024_06_04_09_30_0281_lat_10.3021962_lon_105.2723383_alt_20.217m,train,DJI_DateTime_2024_06_04_09_30_0281_lat_10.3021962_lon_105.2723383_alt_20.217m__p002,DJI_DateTime_2024_06_04_09_30_0281_lat_10.3021962_lon_105.2723383_alt_20.217m,0,480,640,480,23584,0
DJI_DateTime_2024_06_04_09_30_0281_lat_10.3021962_lon_105.2723383_alt_20.217m,train,DJI_DateTime_2024_06_04_09_30_0281_lat_10.3021962_lon_105.2723383_alt_20.217m__p003,DJI_DateTime_2024_06_04_09_30_0281_lat_10.3021962_lon_105.2723383_alt_20.217m,640,480,640,480,0,1
DJI_DateTime_2024_06_04_09_30_0282_lat_10.3021486_lon_105.2723695_alt_20.189m,train,DJI_DateTime_2024_06_04_09_30_0282_lat_10.3021486_lon_105.2723695_alt_20.189m__p001,DJI_DateTime_2024_06_04_09_30_0282_lat_10.3021486_lon_105.2723695_alt_20.189m,640,0,640,480,983,0
DJI_DateTime_2024_06_04_09_30_0282_lat_10.3021486_lon_105.2723695_alt_20.189m,train,DJI_DateTime_2024_06_04_09_30_0282_lat_10.3021486_lon_105.2723695_alt_20.189m__p002,DJI_DateTime_2024_06_04_09_30_0282_lat_10.3021486_lon_105.2723695_alt_20.189m,0,480,640,480,42312,0
DJI_DateTime_2024_06_04_09_30_0282_lat_10.3021486_lon_105.2723695_alt_20.189m,train,DJI_DateTime_2024_06_04_09_30_0282_lat_10.3021486_lon_105.2723695_alt_20.189m__p003,DJI_DateTime_2024_06_04_09_30_0282_lat_10.3021486_lon_105.2723695_alt_20.189m,640,480,640,480,8435,0
DJI_DateTime_2024_06_04_09_30_0283_lat_10.3021011_lon_105.2724008_alt_20.217m,train,DJI_DateTime_2024_06_04_09_30_0283_lat_10.3021011_lon_105.2724008_alt_20.217m__p000,DJI_DateTime_2024_06_04_09_30_0283_lat_10.3021011_lon_105.2724008_alt_20.217m,0,0,640,480,13491,0
DJI_DateTime_2024_06_04_09_30_0283_lat_10.3021011_lon_105.2724008_alt_20.217m,train,DJI_DateTime_2024_06_04_09_30_0283_lat_10.3021011_lon_105.2724008_alt_20.217m__p001,DJI_DateTime_2024_06_04_09_30_0283_lat_10.3021011_lon_105.2724008_alt_20.217m,640,0,640,480,10023,0
DJI_DateTime_2024_06_04_09_30_0283_lat_10.3021011_lon_105.2724008_alt_20.217m,train,DJI_DateTime_2024_06_04_09_30_0283_lat_10.3021011_lon_105.2724008_alt_20.217m__p002,DJI_DateTime_2024_06_04_09_30_0283_lat_10.3021011_lon_105.2724008_alt_20.217m,0,480,640,480,11659,0
DJI_DateTime_2024_06_04_09_30_0283_lat_10.3021011_lon_105.2724008_alt_20.217m,train,DJI_DateTime_2024_06_04_09_30_0283_lat_10.3021011_lon_105.2724008_alt_20.217m__p003,DJI_DateTime_2024_06_04_09_30_0283_lat_10.3021011_lon_105.2724008_alt_20.217m,640,480,640,480,10227,0
DJI_DateTime_2024_06_04_09_31_0293_lat_10.3016248_lon_105.2727146_alt_20.203m,train,DJI_DateTime_2024_06_04_09_31_0293_lat_10.3016248_lon_105.2727146_alt_20.203m__p000,DJI_DateTime_2024_06_04_09_31_0293_lat_10.3016248_lon_105.2727146_alt_20.203m,0,0,640,480,0,1
DJI_DateTime_2024_06_04_09_31_0293_lat_10.3016248_lon_105.2727146_alt_20.203m,train,DJI_DateTime_2024_06_04_09_31_0293_lat_10.3016248_lon_105.2727146_alt_20.203m__p001,DJI_DateTime_2024_06_04_09_31_0293_lat_10.3016248_lon_105.2727146_alt_20.203m,640,0,640,480,38049,0
DJI_DateTime_2024_06_04_09_31_0293_lat_10.3016248_lon_105.2727146_alt_20.203m,train,DJI_DateTime_2024_06_04_09_31_0293_lat_10.3016248_lon_105.2727146_alt_20.203m__p002,DJI_DateTime_2024_06_04_09_31_0293_lat_10.3016248_lon_105.2727146_alt_20.203m,0,480,640,480,0,1
DJI_DateTime_2024_06_04_09_31_0293_lat_10.3016248_lon_105.2727146_alt_20.203m,train,DJI_DateTime_2024_06_04_09_31_0293_lat_10.3016248_lon_105.2727146_alt_20.203m__p003,DJI_DateTime_2024_06_04_09_31_0293_lat_10.3016248_lon_105.2727146_alt_20.203m,640,480,640,480,26249,0
DJI_DateTime_2024_06_04_09_31_0294_lat_10.3015776_lon_105.2727464_alt_20.214m,train,DJI_DateTime_2024_06_04_09_31_0294_lat_10.3015776_lon_105.2727464_alt_20.214m__p001,DJI_DateTime_2024_06_04_09_31_0294_lat_10.3015776_lon_105.2727464_alt_20.214m,640,0,640,480,95161,0
DJI_DateTime_2024_06_04_09_31_0294_lat_10.3015776_lon_105.2727464_alt_20.214m,train,DJI_DateTime_2024_06_04_09_31_0294_lat_10.3015776_lon_105.2727464_alt_20.214m__p002,DJI_DateTime_2024_06_04_09_31_0294_lat_10.3015776_lon_105.2727464_alt_20.214m,0,480,640,480,123,0
DJI_DateTime_2024_06_04_09_31_0294_lat_10.3015776_lon_105.2727464_alt_20.214m,train,DJI_DateTime_2024_06_04_09_31_0294_lat_10.3015776_lon_105.2727464_alt_20.214m__p003,DJI_DateTime_2024_06_04_09_31_0294_lat_10.3015776_lon_105.2727464_alt_20.214m,640,480,640,480,12224,0
DJI_DateTime_2024_06_04_09_31_0300_lat_10.3016456_lon_105.2728074_alt_20.232m,train,DJI_DateTime_2024_06_04_09_31_0300_lat_10.3016456_lon_105.2728074_alt_20.232m__p000,DJI_DateTime_2024_06_04_09_31_0300_lat_10.3016456_lon_105.2728074_alt_20.232m,0,0,640,480,2752,0
DJI_DateTime_2024_06_04_09_31_0300_lat_10.3016456_lon_105.2728074_alt_20.232m,train,DJI_DateTime_2024_06_04_09_31_0300_lat_10.3016456_lon_105.2728074_alt_20.232m__p001,DJI_DateTime_2024_06_04_09_31_0300_lat_10.3016456_lon_105.2728074_alt_20.232m,640,0,640,480,138,0
DJI_DateTime_2024_06_04_09_31_0300_lat_10.3016456_lon_105.2728074_alt_20.232m,train,DJI_DateTime_2024_06_04_09_31_0300_lat_10.3016456_lon_105.2728074_alt_20.232m__p002,DJI_DateTime_2024_06_04_09_31_0300_lat_10.3016456_lon_105.2728074_alt_20.232m,0,480,640,480,2213,0
DJI_DateTime_2024_06_04_09_31_0300_lat_10.3016456_lon_105.2728074_alt_20.232m,train,DJI_DateTime_2024_06_04_09_31_0300_lat_10.3016456_lon_105.2728074_alt_20.232m__p003,DJI_DateTime_2024_06_04_09_31_0300_lat_10.3016456_lon_105.2728074_alt_20.232m,640,480,640,480,840,0
DJI_DateTime_2024_06_04_09_32_0310_lat_10.3021220_lon_105.2724914_alt_20.149m,train,DJI_DateTime_2024_06_04_09_32_0310_lat_10.3021220_lon_105.2724914_alt_20.149m__p001,DJI_DateTime_2024_06_04_09_32_0310_lat_10.3021220_lon_105.2724914_alt_20.149m,640,0,640,480,23586,0
DJI_DateTime_2024_06_04_09_32_0310_lat_10.3021220_lon_105.2724914_alt_20.149m,train,DJI_DateTime_2024_06_04_09_32_0310_lat_10.3021220_lon_105.2724914_alt_20.149m__p002,DJI_DateTime_2024_06_04_09_32_0310_lat_10.3021220_lon_105.2724914_alt_20.149m,0,480,640,480,2028,0
DJI_DateTime_2024_06_04_09_32_0310_lat_10.3021220_lon_105.2724914_alt_20.149m,train,DJI_DateTime_2024_06_04_09_32_0310_lat_10.3021220_lon_105.2724914_alt_20.149m__p003,DJI_DateTime_2024_06_04_09_32_0310_lat_10.3021220_lon_105.2724914_alt_20.149m,640,480,640,480,1939,0
DJI_DateTime_2024_06_04_09_32_0311_lat_10.3021700_lon_105.2724599_alt_20.221m,train,DJI_DateTime_2024_06_04_09_32_0311_lat_10.3021700_lon_105.2724599_alt_20.221m__p001,DJI_DateTime_2024_06_04_09_32_0311_lat_10.3021700_lon_105.2724599_alt_20.221m,640,0,640,480,3657,0
DJI_DateTime_2024_06_04_09_32_0311_lat_10.3021700_lon_105.2724599_alt_20.221m,train,DJI_DateTime_2024_06_04_09_32_0311_lat_10.3021700_lon_105.2724599_alt_20.221m__p002,DJI_DateTime_2024_06_04_09_32_0311_lat_10.3021700_lon_105.2724599_alt_20.221m,0,480,640,480,448,0
DJI_DateTime_2024_06_04_09_32_0311_lat_10.3021700_lon_105.2724599_alt_20.221m,train,DJI_DateTime_2024_06_04_09_32_0311_lat_10.3021700_lon_105.2724599_alt_20.221m__p003,DJI_DateTime_2024_06_04_09_32_0311_lat_10.3021700_lon_105.2724599_alt_20.221m,640,480,640,480,15778,0
DJI_DateTime_2024_06_04_09_32_0312_lat_10.3022181_lon_105.2724278_alt_20.205m,train,DJI_DateTime_2024_06_04_09_32_0312_lat_10.3022181_lon_105.2724278_alt_20.205m__p000,DJI_DateTime_2024_06_04_09_32_0312_lat_10.3022181_lon_105.2724278_alt_20.205m,0,0,640,480,7111,0
DJI_DateTime_2024_06_04_09_32_0312_lat_10.3022181_lon_105.2724278_alt_20.205m,train,DJI_DateTime_2024_06_04_09_32_0312_lat_10.3022181_lon_105.2724278_alt_20.205m__p001,DJI_DateTime_2024_06_04_09_32_0312_lat_10.3022181_lon_105.2724278_alt_20.205m,640,0,640,480,48909,0
DJI_DateTime_2024_06_04_09_32_0312_lat_10.3022181_lon_105.2724278_alt_20.205m,train,DJI_DateTime_2024_06_04_09_32_0312_lat_10.3022181_lon_105.2724278_alt_20.205m__p003,DJI_DateTime_2024_06_04_09_32_0312_lat_10.3022181_lon_105.2724278_alt_20.205m,640,480,640,480,12122,0
DJI_DateTime_2024_06_04_09_32_0313_lat_10.3022652_lon_105.2723968_alt_20.232m,train,DJI_DateTime_2024_06_04_09_32_0313_lat_10.3022652_lon_105.2723968_alt_20.232m__p000,DJI_DateTime_2024_06_04_09_32_0313_lat_10.3022652_lon_105.2723968_alt_20.232m,0,0,640,480,5031,0
DJI_DateTime_2024_06_04_09_32_0313_lat_10.3022652_lon_105.2723968_alt_20.232m,train,DJI_DateTime_2024_06_04_09_32_0313_lat_10.3022652_lon_105.2723968_alt_20.232m__p001,DJI_DateTime_2024_06_04_09_32_0313_lat_10.3022652_lon_105.2723968_alt_20.232m,640,0,640,480,9920,0
DJI_DateTime_2024_06_04_09_32_0313_lat_10.3022652_lon_105.2723968_alt_20.232m,train,DJI_DateTime_2024_06_04_09_32_0313_lat_10.3022652_lon_105.2723968_alt_20.232m__p002,DJI_DateTime_2024_06_04_09_32_0313_lat_10.3022652_lon_105.2723968_alt_20.232m,0,480,640,480,15668,0
DJI_DateTime_2024_06_04_09_32_0313_lat_10.3022652_lon_105.2723968_alt_20.232m,train,DJI_DateTime_2024_06_04_09_32_0313_lat_10.3022652_lon_105.2723968_alt_20.232m__p003,DJI_DateTime_2024_06_04_09_32_0313_lat_10.3022652_lon_105.2723968_alt_20.232m,640,480,640,480,13436,0
DJI_DateTime_2024_06_04_09_32_0314_lat_10.3023123_lon_105.2723649_alt_20.248m,train,DJI_DateTime_2024_06_04_09_32_0314_lat_10.3023123_lon_105.2723649_alt_20.248m__p000,DJI_DateTime_2024_06_04_09_32_0314_lat_10.3023123_lon_105.2723649_alt_20.248m,0,0,640,480,3888,0
DJI_DateTime_2024_06_04_09_32_0314_lat_10.3023123_lon_105.2723649_alt_20.248m,train,DJI_DateTime_2024_06_04_09_32_0314_lat_10.3023123_lon_105.2723649_alt_20.248m__p002,DJI_DateTime_2024_06_04_09_32_0314_lat_10.3023123_lon_105.2723649_alt_20.248m,0,480,640,480,31697,0
DJI_DateTime_2024_06_04_09_32_0314_lat_10.3023123_lon_105.2723649_alt_20.248m,train,DJI_DateTime_2024_06_04_09_32_0314_lat_10.3023123_lon_105.2723649_alt_20.248m__p003,DJI_DateTime_2024_06_04_09_32_0314_lat_10.3023123_lon_105.2723649_alt_20.248m,640,480,640,480,30450,0
DJI_DateTime_2024_06_04_09_32_0317_lat_10.3024551_lon_105.2722706_alt_20.048m,train,DJI_DateTime_2024_06_04_09_32_0317_lat_10.3024551_lon_105.2722706_alt_20.048m__p001,DJI_DateTime_2024_06_04_09_32_0317_lat_10.3024551_lon_105.2722706_alt_20.048m,640,0,640,480,15101,0
DJI_DateTime_2024_06_04_09_32_0317_lat_10.3024551_lon_105.2722706_alt_20.048m,train,DJI_DateTime_2024_06_04_09_32_0317_lat_10.3024551_lon_105.2722706_alt_20.048m__p002,DJI_DateTime_2024_06_04_09_32_0317_lat_10.3024551_lon_105.2722706_alt_20.048m,0,480,640,480,0,1
DJI_DateTime_2024_06_04_09_32_0317_lat_10.3024551_lon_105.2722706_alt_20.048m,train,DJI_DateTime_2024_06_04_09_32_0317_lat_10.3024551_lon_105.2722706_alt_20.048m__p003,DJI_DateTime_2024_06_04_09_32_0317_lat_10.3024551_lon_105.2722706_alt_20.048m,640,480,640,480,0,1
DJI_DateTime_2024_06_04_09_32_0318_lat_10.3024965_lon_105.2722791_alt_20.322m,train,DJI_DateTime_2024_06_04_09_32_0318_lat_10.3024965_lon_105.2722791_alt_20.322m__p000,DJI_DateTime_2024_06_04_09_32_0318_lat_10.3024965_lon_105.2722791_alt_20.322m,0,0,640,480,36966,0
DJI_DateTime_2024_06_04_09_32_0318_lat_10.3024965_lon_105.2722791_alt_20.322m,train,DJI_DateTime_2024_06_04_09_32_0318_lat_10.3024965_lon_105.2722791_alt_20.322m__p002,DJI_DateTime_2024_06_04_09_32_0318_lat_10.3024965_lon_105.2722791_alt_20.322m,0,480,640,480,12486,0
DJI_DateTime_2024_06_04_09_32_0319_lat_10.3024618_lon_105.2723258_alt_20.255m,train,DJI_DateTime_2024_06_04_09_32_0319_lat_10.3024618_lon_105.2723258_alt_20.255m__p000,DJI_DateTime_2024_06_04_09_32_0319_lat_10.3024618_lon_105.2723258_alt_20.255m,0,0,640,480,6282,0
DJI_DateTime_2024_06_04_09_32_0319_lat_10.3024618_lon_105.2723258_alt_20.255m,train,DJI_DateTime_2024_06_04_09_32_0319_lat_10.3024618_lon_105.2723258_alt_20.255m__p002,DJI_DateTime_2024_06_04_09_32_0319_lat_10.3024618_lon_105.2723258_alt_20.255m,0,480,640,480,22230,0
DJI_DateTime_2024_06_04_09_32_0326_lat_10.3021523_lon_105.2725750_alt_20.203m,train,DJI_DateTime_2024_06_04_09_32_0326_lat_10.3021523_lon_105.2725750_alt_20.203m__p000,DJI_DateTime_2024_06_04_09_32_0326_lat_10.3021523_lon_105.2725750_alt_20.203m,0,0,640,480,44650,0
DJI_DateTime_2024_06_04_09_32_0326_lat_10.3021523_lon_105.2725750_alt_20.203m,train,DJI_DateTime_2024_06_04_09_32_0326_lat_10.3021523_lon_105.2725750_alt_20.203m__p002,DJI_DateTime_2024_06_04_09_32_0326_lat_10.3021523_lon_105.2725750_alt_20.203m,0,480,640,480,13777,0
DJI_DateTime_2024_06_04_09_32_0327_lat_10.3021045_lon_105.2726066_alt_20.214m,train,DJI_DateTime_2024_06_04_09_32_0327_lat_10.3021045_lon_105.2726066_alt_20.214m__p000,DJI_DateTime_2024_06_04_09_32_0327_lat_10.3021045_lon_105.2726066_alt_20.214m,0,0,640,480,15762,0
DJI_DateTime_2024_06_04_09_32_0327_lat_10.3021045_lon_105.2726066_alt_20.214m,train,DJI_DateTime_2024_06_04_09_32_0327_lat_10.3021045_lon_105.2726066_alt_20.214m__p002,DJI_DateTime_2024_06_04_09_32_0327_lat_10.3021045_lon_105.2726066_alt_20.214m,0,480,640,480,34360,0
DJI_DateTime_2024_06_04_09_33_0328_lat_10.3020564_lon_105.2726386_alt_20.201m,train,DJI_DateTime_2024_06_04_09_33_0328_lat_10.3020564_lon_105.2726386_alt_20.201m__p001,DJI_DateTime_2024_06_04_09_33_0328_lat_10.3020564_lon_105.2726386_alt_20.201m,640,0,640,480,3993,0
DJI_DateTime_2024_06_04_09_33_0328_lat_10.3020564_lon_105.2726386_alt_20.201m,train,DJI_DateTime_2024_06_04_09_33_0328_lat_10.3020564_lon_105.2726386_alt_20.201m__p002,DJI_DateTime_2024_06_04_09_33_0328_lat_10.3020564_lon_105.2726386_alt_20.201m,0,480,640,480,32005,0
DJI_DateTime_2024_06_04_09_33_0328_lat_10.3020564_lon_105.2726386_alt_20.201m,train,DJI_DateTime_2024_06_04_09_33_0328_lat_10.3020564_lon_105.2726386_alt_20.201m__p003,DJI_DateTime_2024_06_04_09_33_0328_lat_10.3020564_lon_105.2726386_alt_20.201m,640,480,640,480,2888,0
DJI_DateTime_2024_06_04_11_04_0010_lat_10.3007998_lon_105.2714125_alt_20.212m,train,DJI_DateTime_2024_06_04_11_04_0010_lat_10.3007998_lon_105.2714125_alt_20.212m__p000,DJI_DateTime_2024_06_04_11_04_0010_lat_10.3007998_lon_105.2714125_alt_20.212m,0,0,640,480,41289,0
DJI_DateTime_2024_06_04_11_04_0010_lat_10.3007998_lon_105.2714125_alt_20.212m,train,DJI_DateTime_2024_06_04_11_04_0010_lat_10.3007998_lon_105.2714125_alt_20.212m__p001,DJI_DateTime_2024_06_04_11_04_0010_lat_10.3007998_lon_105.2714125_alt_20.212m,640,0,640,480,68229,0
DJI_DateTime_2024_06_04_11_04_0010_lat_10.3007998_lon_105.2714125_alt_20.212m,train,DJI_DateTime_2024_06_04_11_04_0010_lat_10.3007998_lon_105.2714125_alt_20.212m__p003,DJI_DateTime_2024_06_04_11_04_0010_lat_10.3007998_lon_105.2714125_alt_20.212m,640,480,640,480,0,1
DJI_DateTime_2024_06_04_11_04_0011_lat_10.3007796_lon_105.2714577_alt_20.234m,train,DJI_DateTime_2024_06_04_11_04_0011_lat_10.3007796_lon_105.2714577_alt_20.234m__p000,DJI_DateTime_2024_06_04_11_04_0011_lat_10.3007796_lon_105.2714577_alt_20.234m,0,0,640,480,46909,0
DJI_DateTime_2024_06_04_11_04_0011_lat_10.3007796_lon_105.2714577_alt_20.234m,train,DJI_DateTime_2024_06_04_11_04_0011_lat_10.3007796_lon_105.2714577_alt_20.234m__p001,DJI_DateTime_2024_06_04_11_04_0011_lat_10.3007796_lon_105.2714577_alt_20.234m,640,0,640,480,50820,0
DJI_DateTime_2024_06_04_11_04_0011_lat_10.3007796_lon_105.2714577_alt_20.234m,train,DJI_DateTime_2024_06_04_11_04_0011_lat_10.3007796_lon_105.2714577_alt_20.234m__p002,DJI_DateTime_2024_06_04_11_04_0011_lat_10.3007796_lon_105.2714577_alt_20.234m,0,480,640,480,4950,0
DJI_DateTime_2024_06_04_11_04_0011_lat_10.3007796_lon_105.2714577_alt_20.234m,train,DJI_DateTime_2024_06_04_11_04_0011_lat_10.3007796_lon_105.2714577_alt_20.234m__p003,DJI_DateTime_2024_06_04_11_04_0011_lat_10.3007796_lon_105.2714577_alt_20.234m,640,480,640,480,7155,0
DJI_DateTime_2024_06_04_11_04_0012_lat_10.3007593_lon_105.2715027_alt_20.262m,train,DJI_DateTime_2024_06_04_11_04_0012_lat_10.3007593_lon_105.2715027_alt_20.262m__p000,DJI_DateTime_2024_06_04_11_04_0012_lat_10.3007593_lon_105.2715027_alt_20.262m,0,0,640,480,32275,0
DJI_DateTime_2024_06_04_11_04_0012_lat_10.3007593_lon_105.2715027_alt_20.262m,train,DJI_DateTime_2024_06_04_11_04_0012_lat_10.3007593_lon_105.2715027_alt_20.262m__p001,DJI_DateTime_2024_06_04_11_04_0012_lat_10.3007593_lon_105.2715027_alt_20.262m,640,0,640,480,58190,0
DJI_DateTime_2024_06_04_11_04_0012_lat_10.3007593_lon_105.2715027_alt_20.262m,train,DJI_DateTime_2024_06_04_11_04_0012_lat_10.3007593_lon_105.2715027_alt_20.262m__p002,DJI_DateTime_2024_06_04_11_04_0012_lat_10.3007593_lon_105.2715027_alt_20.262m,0,480,640,480,29864,0
DJI_DateTime_2024_06_04_11_04_0012_lat_10.3007593_lon_105.2715027_alt_20.262m,train,DJI_DateTime_2024_06_04_11_04_0012_lat_10.3007593_lon_105.2715027_alt_20.262m__p003,DJI_DateTime_2024_06_04_11_04_0012_lat_10.3007593_lon_105.2715027_alt_20.262m,640,480,640,480,19184,0
DJI_DateTime_2024_06_04_11_04_0013_lat_10.3007395_lon_105.2715476_alt_20.223m,train,DJI_DateTime_2024_06_04_11_04_0013_lat_10.3007395_lon_105.2715476_alt_20.223m__p000,DJI_DateTime_2024_06_04_11_04_0013_lat_10.3007395_lon_105.2715476_alt_20.223m,0,0,640,480,53104,0
DJI_DateTime_2024_06_04_11_04_0013_lat_10.3007395_lon_105.2715476_alt_20.223m,train,DJI_DateTime_2024_06_04_11_04_0013_lat_10.3007395_lon_105.2715476_alt_20.223m__p001,DJI_DateTime_2024_06_04_11_04_0013_lat_10.3007395_lon_105.2715476_alt_20.223m,640,0,640,480,91194,0
DJI_DateTime_2024_06_04_11_04_0013_lat_10.3007395_lon_105.2715476_alt_20.223m,train,DJI_DateTime_2024_06_04_11_04_0013_lat_10.3007395_lon_105.2715476_alt_20.223m__p002,DJI_DateTime_2024_06_04_11_04_0013_lat_10.3007395_lon_105.2715476_alt_20.223m,0,480,640,480,17914,0
DJI_DateTime_2024_06_04_11_04_0013_lat_10.3007395_lon_105.2715476_alt_20.223m,train,DJI_DateTime_2024_06_04_11_04_0013_lat_10.3007395_lon_105.2715476_alt_20.223m__p003,DJI_DateTime_2024_06_04_11_04_0013_lat_10.3007395_lon_105.2715476_alt_20.223m,640,480,640,480,21779,0
DJI_DateTime_2024_06_04_11_04_0014_lat_10.3007193_lon_105.2715932_alt_20.214m,train,DJI_DateTime_2024_06_04_11_04_0014_lat_10.3007193_lon_105.2715932_alt_20.214m__p000,DJI_DateTime_2024_06_04_11_04_0014_lat_10.3007193_lon_105.2715932_alt_20.214m,0,0,640,480,82748,0
DJI_DateTime_2024_06_04_11_04_0014_lat_10.3007193_lon_105.2715932_alt_20.214m,train,DJI_DateTime_2024_06_04_11_04_0014_lat_10.3007193_lon_105.2715932_alt_20.214m__p001,DJI_DateTime_2024_06_04_11_04_0014_lat_10.3007193_lon_105.2715932_alt_20.214m,640,0,640,480,127966,0
DJI_DateTime_2024_06_04_11_04_0014_lat_10.3007193_lon_105.2715932_alt_20.214m,train,DJI_DateTime_2024_06_04_11_04_0014_lat_10.3007193_lon_105.2715932_alt_20.214m__p002,DJI_DateTime_2024_06_04_11_04_0014_lat_10.3007193_lon_105.2715932_alt_20.214m,0,480,640,480,23871,0
DJI_DateTime_2024_06_04_11_04_0014_lat_10.3007193_lon_105.2715932_alt_20.214m,train,DJI_DateTime_2024_06_04_11_04_0014_lat_10.3007193_lon_105.2715932_alt_20.214m__p003,DJI_DateTime_2024_06_04_11_04_0014_lat_10.3007193_lon_105.2715932_alt_20.214m,640,480,640,480,59879,0
DJI_DateTime_2024_06_04_11_04_0015_lat_10.3006991_lon_105.2716387_alt_20.189m,train,DJI_DateTime_2024_06_04_11_04_0015_lat_10.3006991_lon_105.2716387_alt_20.189m__p000,DJI_DateTime_2024_06_04_11_04_0015_lat_10.3006991_lon_105.2716387_alt_20.189m,0,0,640,480,42544,0
DJI_DateTime_2024_06_04_11_04_0015_lat_10.3006991_lon_105.2716387_alt_20.189m,train,DJI_DateTime_2024_06_04_11_04_0015_lat_10.3006991_lon_105.2716387_alt_20.189m__p001,DJI_DateTime_2024_06_04_11_04_0015_lat_10.3006991_lon_105.2716387_alt_20.189m,640,0,640,480,208493,0
DJI_DateTime_2024_06_04_11_04_0015_lat_10.3006991_lon_105.2716387_alt_20.189m,train,DJI_DateTime_2024_06_04_11_04_0015_lat_10.3006991_lon_105.2716387_alt_20.189m__p002,DJI_DateTime_2024_06_04_11_04_0015_lat_10.3006991_lon_105.2716387_alt_20.189m,0,480,640,480,73968,0
DJI_DateTime_2024_06_04_11_04_0015_lat_10.3006991_lon_105.2716387_alt_20.189m,train,DJI_DateTime_2024_06_04_11_04_0015_lat_10.3006991_lon_105.2716387_alt_20.189m__p003,DJI_DateTime_2024_06_04_11_04_0015_lat_10.3006991_lon_105.2716387_alt_20.189m,640,480,640,480,82617,0
DJI_DateTime_2024_06_04_11_04_0016_lat_10.3006791_lon_105.2716841_alt_20.211m,train,DJI_DateTime_2024_06_04_11_04_0016_lat_10.3006791_lon_105.2716841_alt_20.211m__p000,DJI_DateTime_2024_06_04_11_04_0016_lat_10.3006791_lon_105.2716841_alt_20.211m,0,0,640,480,41088,0
DJI_DateTime_2024_06_04_11_04_0016_lat_10.3006791_lon_105.2716841_alt_20.211m,train,DJI_DateTime_2024_06_04_11_04_0016_lat_10.3006791_lon_105.2716841_alt_20.211m__p001,DJI_DateTime_2024_06_04_11_04_0016_lat_10.3006791_lon_105.2716841_alt_20.211m,640,0,640,480,136080,0
DJI_DateTime_2024_06_04_11_04_0016_lat_10.3006791_lon_105.2716841_alt_20.211m,train,DJI_DateTime_2024_06_04_11_04_0016_lat_10.3006791_lon_105.2716841_alt_20.211m__p002,DJI_DateTime_2024_06_04_11_04_0016_lat_10.3006791_lon_105.2716841_alt_20.211m,0,480,640,480,73283,0
DJI_DateTime_2024_06_04_11_04_0016_lat_10.3006791_lon_105.2716841_alt_20.211m,train,DJI_DateTime_2024_06_04_11_04_0016_lat_10.3006791_lon_105.2716841_alt_20.211m__p003,DJI_DateTime_2024_06_04_11_04_0016_lat_10.3006791_lon_105.2716841_alt_20.211m,640,480,640,480,94444,0
DJI_DateTime_2024_06_04_11_04_0017_lat_10.3006592_lon_105.2717285_alt_20.182m,train,DJI_DateTime_2024_06_04_11_04_0017_lat_10.3006592_lon_105.2717285_alt_20.182m__p000,DJI_DateTime_2024_06_04_11_04_0017_lat_10.3006592_lon_105.2717285_alt_20.182m,0,0,640,480,49015,0
DJI_DateTime_2024_06_04_11_04_0017_lat_10.3006592_lon_105.2717285_alt_20.182m,train,DJI_DateTime_2024_06_04_11_04_0017_lat_10.3006592_lon_105.2717285_alt_20.182m__p001,DJI_DateTime_2024_06_04_11_04_0017_lat_10.3006592_lon_105.2717285_alt_20.182m,640,0,640,480,50974,0
DJI_DateTime_2024_06_04_11_04_0017_lat_10.3006592_lon_105.2717285_alt_20.182m,train,DJI_DateTime_2024_06_04_11_04_0017_lat_10.3006592_lon_105.2717285_alt_20.182m__p002,DJI_DateTime_2024_06_04_11_04_0017_lat_10.3006592_lon_105.2717285_alt_20.182m,0,480,640,480,37441,0
DJI_DateTime_2024_06_04_11_04_0017_lat_10.3006592_lon_105.2717285_alt_20.182m,train,DJI_DateTime_2024_06_04_11_04_0017_lat_10.3006592_lon_105.2717285_alt_20.182m__p003,DJI_DateTime_2024_06_04_11_04_0017_lat_10.3006592_lon_105.2717285_alt_20.182m,640,480,640,480,136894,0
DJI_DateTime_2024_06_04_11_05_0018_lat_10.3006394_lon_105.2717733_alt_20.185m,train,DJI_DateTime_2024_06_04_11_05_0018_lat_10.3006394_lon_105.2717733_alt_20.185m__p000,DJI_DateTime_2024_06_04_11_05_0018_lat_10.3006394_lon_105.2717733_alt_20.185m,0,0,640,480,50330,0
DJI_DateTime_2024_06_04_11_05_0018_lat_10.3006394_lon_105.2717733_alt_20.185m,train,DJI_DateTime_2024_06_04_11_05_0018_lat_10.3006394_lon_105.2717733_alt_20.185m__p001,DJI_DateTime_2024_06_04_11_05_0018_lat_10.3006394_lon_105.2717733_alt_20.185m,640,0,640,480,26765,0
DJI_DateTime_2024_06_04_11_05_0018_lat_10.3006394_lon_105.2717733_alt_20.185m,train,DJI_DateTime_2024_06_04_11_05_0018_lat_10.3006394_lon_105.2717733_alt_20.185m__p002,DJI_DateTime_2024_06_04_11_05_0018_lat_10.3006394_lon_105.2717733_alt_20.185m,0,480,640,480,46630,0
DJI_DateTime_2024_06_04_11_05_0018_lat_10.3006394_lon_105.2717733_alt_20.185m,train,DJI_DateTime_2024_06_04_11_05_0018_lat_10.3006394_lon_105.2717733_alt_20.185m__p003,DJI_DateTime_2024_06_04_11_05_0018_lat_10.3006394_lon_105.2717733_alt_20.185m,640,480,640,480,60151,0
DJI_DateTime_2024_06_04_11_05_0019_lat_10.3006201_lon_105.2718183_alt_20.210m,train,DJI_DateTime_2024_06_04_11_05_0019_lat_10.3006201_lon_105.2718183_alt_20.210m__p000,DJI_DateTime_2024_06_04_11_05_0019_lat_10.3006201_lon_105.2718183_alt_20.210m,0,0,640,480,41253,0
DJI_DateTime_2024_06_04_11_05_0019_lat_10.3006201_lon_105.2718183_alt_20.210m,train,DJI_DateTime_2024_06_04_11_05_0019_lat_10.3006201_lon_105.2718183_alt_20.210m__p001,DJI_DateTime_2024_06_04_11_05_0019_lat_10.3006201_lon_105.2718183_alt_20.210m,640,0,640,480,27628,0
DJI_DateTime_2024_06_04_11_05_0019_lat_10.3006201_lon_105.2718183_alt_20.210m,train,DJI_DateTime_2024_06_04_11_05_0019_lat_10.3006201_lon_105.2718183_alt_20.210m__p002,DJI_DateTime_2024_06_04_11_05_0019_lat_10.3006201_lon_105.2718183_alt_20.210m,0,480,640,480,44675,0
DJI_DateTime_2024_06_04_11_05_0019_lat_10.3006201_lon_105.2718183_alt_20.210m,train,DJI_DateTime_2024_06_04_11_05_0019_lat_10.3006201_lon_105.2718183_alt_20.210m__p003,DJI_DateTime_2024_06_04_11_05_0019_lat_10.3006201_lon_105.2718183_alt_20.210m,640,480,640,480,6678,0
DJI_DateTime_2024_06_04_11_05_0020_lat_10.3006000_lon_105.2718634_alt_20.247m,train,DJI_DateTime_2024_06_04_11_05_0020_lat_10.3006000_lon_105.2718634_alt_20.247m__p000,DJI_DateTime_2024_06_04_11_05_0020_lat_10.3006000_lon_105.2718634_alt_20.247m,0,0,640,480,6381,0
DJI_DateTime_2024_06_04_11_05_0020_lat_10.3006000_lon_105.2718634_alt_20.247m,train,DJI_DateTime_2024_06_04_11_05_0020_lat_10.3006000_lon_105.2718634_alt_20.247m__p001,DJI_DateTime_2024_06_04_11_05_0020_lat_10.3006000_lon_105.2718634_alt_20.247m,640,0,640,480,36596,0
DJI_DateTime_2024_06_04_11_05_0020_lat_10.3006000_lon_105.2718634_alt_20.247m,train,DJI_DateTime_2024_06_04_11_05_0020_lat_10.3006000_lon_105.2718634_alt_20.247m__p002,DJI_DateTime_2024_06_04_11_05_0020_lat_10.3006000_lon_105.2718634_alt_20.247m,0,480,640,480,38252,0
DJI_DateTime_2024_06_04_11_05_0020_lat_10.3006000_lon_105.2718634_alt_20.247m,train,DJI_DateTime_2024_06_04_11_05_0020_lat_10.3006000_lon_105.2718634_alt_20.247m__p003,DJI_DateTime_2024_06_04_11_05_0020_lat_10.3006000_lon_105.2718634_alt_20.247m,640,480,640,480,11693,0
DJI_DateTime_2024_06_04_11_05_0021_lat_10.3005793_lon_105.2719091_alt_20.213m,train,DJI_DateTime_2024_06_04_11_05_0021_lat_10.3005793_lon_105.2719091_alt_20.213m__p001,DJI_DateTime_2024_06_04_11_05_0021_lat_10.3005793_lon_105.2719091_alt_20.213m,640,0,640,480,9597,0
DJI_DateTime_2024_06_04_11_05_0021_lat_10.3005793_lon_105.2719091_alt_20.213m,train,DJI_DateTime_2024_06_04_11_05_0021_lat_10.3005793_lon_105.2719091_alt_20.213m__p002,DJI_DateTime_2024_06_04_11_05_0021_lat_10.3005793_lon_105.2719091_alt_20.213m,0,480,640,480,18767,0
DJI_DateTime_2024_06_04_11_05_0021_lat_10.3005793_lon_105.2719091_alt_20.213m,train,DJI_DateTime_2024_06_04_11_05_0021_lat_10.3005793_lon_105.2719091_alt_20.213m__p003,DJI_DateTime_2024_06_04_11_05_0021_lat_10.3005793_lon_105.2719091_alt_20.213m,640,480,640,480,21077,0
DJI_DateTime_2024_06_04_11_05_0022_lat_10.3005594_lon_105.2719537_alt_20.208m,train,DJI_DateTime_2024_06_04_11_05_0022_lat_10.3005594_lon_105.2719537_alt_20.208m__p001,DJI_DateTime_2024_06_04_11_05_0022_lat_10.3005594_lon_105.2719537_alt_20.208m,640,0,640,480,13090,0
DJI_DateTime_2024_06_04_11_05_0022_lat_10.3005594_lon_105.2719537_alt_20.208m,train,DJI_DateTime_2024_06_04_11_05_0022_lat_10.3005594_lon_105.2719537_alt_20.208m__p002,DJI_DateTime_2024_06_04_11_05_0022_lat_10.3005594_lon_105.2719537_alt_20.208m,0,480,640,480,9025,0
DJI_DateTime_2024_06_04_11_05_0022_lat_10.3005594_lon_105.2719537_alt_20.208m,train,DJI_DateTime_2024_06_04_11_05_0022_lat_10.3005594_lon_105.2719537_alt_20.208m__p003,DJI_DateTime_2024_06_04_11_05_0022_lat_10.3005594_lon_105.2719537_alt_20.208m,640,480,640,480,16210,0
DJI_DateTime_2024_06_04_11_05_0023_lat_10.3005394_lon_105.2719989_alt_20.198m,train,DJI_DateTime_2024_06_04_11_05_0023_lat_10.3005394_lon_105.2719989_alt_20.198m__p001,DJI_DateTime_2024_06_04_11_05_0023_lat_10.3005394_lon_105.2719989_alt_20.198m,640,0,640,480,11838,0
DJI_DateTime_2024_06_04_11_05_0027_lat_10.3004513_lon_105.2720383_alt_20.164m,train,DJI_DateTime_2024_06_04_11_05_0027_lat_10.3004513_lon_105.2720383_alt_20.164m__p000,DJI_DateTime_2024_06_04_11_05_0027_lat_10.3004513_lon_105.2720383_alt_20.164m,0,0,640,480,21316,0
DJI_DateTime_2024_06_04_11_05_0027_lat_10.3004513_lon_105.2720383_alt_20.164m,train,DJI_DateTime_2024_06_04_11_05_0027_lat_10.3004513_lon_105.2720383_alt_20.164m__p002,DJI_DateTime_2024_06_04_11_05_0027_lat_10.3004513_lon_105.2720383_alt_20.164m,0,480,640,480,17804,0
DJI_DateTime_2024_06_04_11_05_0027_lat_10.3004513_lon_105.2720383_alt_20.164m,train,DJI_DateTime_2024_06_04_11_05_0027_lat_10.3004513_lon_105.2720383_alt_20.164m__p003,DJI_DateTime_2024_06_04_11_05_0027_lat_10.3004513_lon_105.2720383_alt_20.164m,640,480,640,480,3302,0
DJI_DateTime_2024_06_04_11_05_0028_lat_10.3004702_lon_105.2719928_alt_20.195m,train,DJI_DateTime_2024_06_04_11_05_0028_lat_10.3004702_lon_105.2719928_alt_20.195m__p000,DJI_DateTime_2024_06_04_11_05_0028_lat_10.3004702_lon_105.2719928_alt_20.195m,0,0,640,480,53821,0
DJI_DateTime_2024_06_04_11_05_0028_lat_10.3004702_lon_105.2719928_alt_20.195m,train,DJI_DateTime_2024_06_04_11_05_0028_lat_10.3004702_lon_105.2719928_alt_20.195m__p001,DJI_DateTime_2024_06_04_11_05_0028_lat_10.3004702_lon_105.2719928_alt_20.195m,640,0,640,480,4433,0
DJI_DateTime_2024_06_04_11_05_0028_lat_10.3004702_lon_105.2719928_alt_20.195m,train,DJI_DateTime_2024_06_04_11_05_0028_lat_10.3004702_lon_105.2719928_alt_20.195m__p002,DJI_DateTime_2024_06_04_11_05_0028_lat_10.3004702_lon_105.2719928_alt_20.195m,0,480,640,480,17602,0
DJI_DateTime_2024_06_04_11_05_0028_lat_10.3004702_lon_105.2719928_alt_20.195m,train,DJI_DateTime_2024_06_04_11_05_0028_lat_10.3004702_lon_105.2719928_alt_20.195m__p003,DJI_DateTime_2024_06_04_11_05_0028_lat_10.3004702_lon_105.2719928_alt_20.195m,640,480,640,480,1450,0
DJI_DateTime_2024_06_04_11_05_0029_lat_10.3004899_lon_105.2719473_alt_20.172m,train,DJI_DateTime_2024_06_04_11_05_0029_lat_10.3004899_lon_105.2719473_alt_20.172m__p000,DJI_DateTime_2024_06_04_11_05_0029_lat_10.3004899_lon_105.2719473_alt_20.172m,0,0,640,480,88945,0
DJI_DateTime_2024_06_04_11_05_0029_lat_10.3004899_lon_105.2719473_alt_20.172m,train,DJI_DateTime_2024_06_04_11_05_0029_lat_10.3004899_lon_105.2719473_alt_20.172m__p001,DJI_DateTime_2024_06_04_11_05_0029_lat_10.3004899_lon_105.2719473_alt_20.172m,640,0,640,480,7098,0
DJI_DateTime_2024_06_04_11_05_0029_lat_10.3004899_lon_105.2719473_alt_20.172m,train,DJI_DateTime_2024_06_04_11_05_0029_lat_10.3004899_lon_105.2719473_alt_20.172m__p002,DJI_DateTime_2024_06_04_11_05_0029_lat_10.3004899_lon_105.2719473_alt_20.172m,0,480,640,480,36663,0
DJI_DateTime_2024_06_04_11_05_0029_lat_10.3004899_lon_105.2719473_alt_20.172m,train,DJI_DateTime_2024_06_04_11_05_0029_lat_10.3004899_lon_105.2719473_alt_20.172m__p003,DJI_DateTime_2024_06_04_11_05_0029_lat_10.3004899_lon_105.2719473_alt_20.172m,640,480,640,480,4601,0
DJI_DateTime_2024_06_04_11_05_0030_lat_10.3005093_lon_105.2719015_alt_20.201m,train,DJI_DateTime_2024_06_04_11_05_0030_lat_10.3005093_lon_105.2719015_alt_20.201m__p000,DJI_DateTime_2024_06_04_11_05_0030_lat_10.3005093_lon_105.2719015_alt_20.201m,0,0,640,480,71729,0
DJI_DateTime_2024_06_04_11_05_0030_lat_10.3005093_lon_105.2719015_alt_20.201m,train,DJI_DateTime_2024_06_04_11_05_0030_lat_10.3005093_lon_105.2719015_alt_20.201m__p001,DJI_DateTime_2024_06_04_11_05_0030_lat_10.3005093_lon_105.2719015_alt_20.201m,640,0,640,480,9219,0
DJI_DateTime_2024_06_04_11_05_0030_lat_10.3005093_lon_105.2719015_alt_20.201m,train,DJI_DateTime_2024_06_04_11_05_0030_lat_10.3005093_lon_105.2719015_alt_20.201m__p002,DJI_DateTime_2024_06_04_11_05_0030_lat_10.3005093_lon_105.2719015_alt_20.201m,0,480,640,480,105688,0
DJI_DateTime_2024_06_04_11_05_0030_lat_10.3005093_lon_105.2719015_alt_20.201m,train,DJI_DateTime_2024_06_04_11_05_0030_lat_10.3005093_lon_105.2719015_alt_20.201m__p003,DJI_DateTime_2024_06_04_11_05_0030_lat_10.3005093_lon_105.2719015_alt_20.201m,640,480,640,480,7828,0
DJI_DateTime_2024_06_04_11_05_0031_lat_10.3005292_lon_105.2718553_alt_20.205m,train,DJI_DateTime_2024_06_04_11_05_0031_lat_10.3005292_lon_105.2718553_alt_20.205m__p000,DJI_DateTime_2024_06_04_11_05_0031_lat_10.3005292_lon_105.2718553_alt_20.205m,0,0,640,480,50842,0
DJI_DateTime_2024_06_04_11_05_0031_lat_10.3005292_lon_105.2718553_alt_20.205m,train,DJI_DateTime_2024_06_04_11_05_0031_lat_10.3005292_lon_105.2718553_alt_20.205m__p001,DJI_DateTime_2024_06_04_11_05_0031_lat_10.3005292_lon_105.2718553_alt_20.205m,640,0,640,480,28811,0
DJI_DateTime_2024_06_04_11_05_0031_lat_10.3005292_lon_105.2718553_alt_20.205m,train,DJI_DateTime_2024_06_04_11_05_0031_lat_10.3005292_lon_105.2718553_alt_20.205m__p002,DJI_DateTime_2024_06_04_11_05_0031_lat_10.3005292_lon_105.2718553_alt_20.205m,0,480,640,480,125812,0
DJI_DateTime_2024_06_04_11_05_0031_lat_10.3005292_lon_105.2718553_alt_20.205m,train,DJI_DateTime_2024_06_04_11_05_0031_lat_10.3005292_lon_105.2718553_alt_20.205m__p003,DJI_DateTime_2024_06_04_11_05_0031_lat_10.3005292_lon_105.2718553_alt_20.205m,640,480,640,480,2258,0
DJI_DateTime_2024_06_04_11_05_0032_lat_10.3005490_lon_105.2718103_alt_20.152m,train,DJI_DateTime_2024_06_04_11_05_0032_lat_10.3005490_lon_105.2718103_alt_20.152m__p000,DJI_DateTime_2024_06_04_11_05_0032_lat_10.3005490_lon_105.2718103_alt_20.152m,0,0,640,480,90222,0
DJI_DateTime_2024_06_04_11_05_0032_lat_10.3005490_lon_105.2718103_alt_20.152m,train,DJI_DateTime_2024_06_04_11_05_0032_lat_10.3005490_lon_105.2718103_alt_20.152m__p001,DJI_DateTime_2024_06_04_11_05_0032_lat_10.3005490_lon_105.2718103_alt_20.152m,640,0,640,480,48806,0
DJI_DateTime_2024_06_04_11_05_0032_lat_10.3005490_lon_105.2718103_alt_20.152m,train,DJI_DateTime_2024_06_04_11_05_0032_lat_10.3005490_lon_105.2718103_alt_20.152m__p002,DJI_DateTime_2024_06_04_11_05_0032_lat_10.3005490_lon_105.2718103_alt_20.152m,0,480,640,480,131997,0
DJI_DateTime_2024_06_04_11_05_0032_lat_10.3005490_lon_105.2718103_alt_20.152m,train,DJI_DateTime_2024_06_04_11_05_0032_lat_10.3005490_lon_105.2718103_alt_20.152m__p003,DJI_DateTime_2024_06_04_11_05_0032_lat_10.3005490_lon_105.2718103_alt_20.152m,640,480,640,480,29395,0
DJI_DateTime_2024_06_04_11_05_0033_lat_10.3005688_lon_105.2717652_alt_20.203m,train,DJI_DateTime_2024_06_04_11_05_0033_lat_10.3005688_lon_105.2717652_alt_20.203m__p000,DJI_DateTime_2024_06_04_11_05_0033_lat_10.3005688_lon_105.2717652_alt_20.203m,0,0,640,480,92404,0
DJI_DateTime_2024_06_04_11_05_0033_lat_10.3005688_lon_105.2717652_alt_20.203m,train,DJI_DateTime_2024_06_04_11_05_0033_lat_10.3005688_lon_105.2717652_alt_20.203m__p001,DJI_DateTime_2024_06_04_11_05_0033_lat_10.3005688_lon_105.2717652_alt_20.203m,640,0,640,480,76982,0
DJI_DateTime_2024_06_04_11_05_0033_lat_10.3005688_lon_105.2717652_alt_20.203m,train,DJI_DateTime_2024_06_04_11_05_0033_lat_10.3005688_lon_105.2717652_alt_20.203m__p002,DJI_DateTime_2024_06_04_11_05_0033_lat_10.3005688_lon_105.2717652_alt_20.203m,0,480,640,480,135428,0
DJI_DateTime_2024_06_04_11_05_0033_lat_10.3005688_lon_105.2717652_alt_20.203m,train,DJI_DateTime_2024_06_04_11_05_0033_lat_10.3005688_lon_105.2717652_alt_20.203m__p003,DJI_DateTime_2024_06_04_11_05_0033_lat_10.3005688_lon_105.2717652_alt_20.203m,640,480,640,480,61713,0
DJI_DateTime_2024_06_04_11_05_0034_lat_10.3005883_lon_105.2717202_alt_20.221m,train,DJI_DateTime_2024_06_04_11_05_0034_lat_10.3005883_lon_105.2717202_alt_20.221m__p000,DJI_DateTime_2024_06_04_11_05_0034_lat_10.3005883_lon_105.2717202_alt_20.221m,0,0,640,480,107512,0
DJI_DateTime_2024_06_04_11_05_0034_lat_10.3005883_lon_105.2717202_alt_20.221m,train,DJI_DateTime_2024_06_04_11_05_0034_lat_10.3005883_lon_105.2717202_alt_20.221m__p001,DJI_DateTime_2024_06_04_11_05_0034_lat_10.3005883_lon_105.2717202_alt_20.221m,640,0,640,480,131593,0
DJI_DateTime_2024_06_04_11_05_0034_lat_10.3005883_lon_105.2717202_alt_20.221m,train,DJI_DateTime_2024_06_04_11_05_0034_lat_10.3005883_lon_105.2717202_alt_20.221m__p002,DJI_DateTime_2024_06_04_11_05_0034_lat_10.3005883_lon_105.2717202_alt_20.221m,0,480,640,480,121890,0
DJI_DateTime_2024_06_04_11_05_0034_lat_10.3005883_lon_105.2717202_alt_20.221m,train,DJI_DateTime_2024_06_04_11_05_0034_lat_10.3005883_lon_105.2717202_alt_20.221m__p003,DJI_DateTime_2024_06_04_11_05_0034_lat_10.3005883_lon_105.2717202_alt_20.221m,640,480,640,480,59389,0
DJI_DateTime_2024_06_04_11_05_0035_lat_10.3006080_lon_105.2716746_alt_20.186m,train,DJI_DateTime_2024_06_04_11_05_0035_lat_10.3006080_lon_105.2716746_alt_20.186m__p000,DJI_DateTime_2024_06_04_11_05_0035_lat_10.3006080_lon_105.2716746_alt_20.186m,0,0,640,480,154069,0
DJI_DateTime_2024_06_04_11_05_0035_lat_10.3006080_lon_105.2716746_alt_20.186m,train,DJI_DateTime_2024_06_04_11_05_0035_lat_10.3006080_lon_105.2716746_alt_20.186m__p001,DJI_DateTime_2024_06_04_11_05_0035_lat_10.3006080_lon_105.2716746_alt_20.186m,640,0,640,480,116878,0
DJI_DateTime_2024_06_04_11_05_0035_lat_10.3006080_lon_105.2716746_alt_20.186m,train,DJI_DateTime_2024_06_04_11_05_0035_lat_10.3006080_lon_105.2716746_alt_20.186m__p002,DJI_DateTime_2024_06_04_11_05_0035_lat_10.3006080_lon_105.2716746_alt_20.186m,0,480,640,480,150638,0
DJI_DateTime_2024_06_04_11_05_0035_lat_10.3006080_lon_105.2716746_alt_20.186m,train,DJI_DateTime_2024_06_04_11_05_0035_lat_10.3006080_lon_105.2716746_alt_20.186m__p003,DJI_DateTime_2024_06_04_11_05_0035_lat_10.3006080_lon_105.2716746_alt_20.186m,640,480,640,480,111789,0
DJI_DateTime_2024_06_04_11_05_0036_lat_10.3006278_lon_105.2716288_alt_20.177m,train,DJI_DateTime_2024_06_04_11_05_0036_lat_10.3006278_lon_105.2716288_alt_20.177m__p000,DJI_DateTime_2024_06_04_11_05_0036_lat_10.3006278_lon_105.2716288_alt_20.177m,0,0,640,480,172433,0
DJI_DateTime_2024_06_04_11_05_0036_lat_10.3006278_lon_105.2716288_alt_20.177m,train,DJI_DateTime_2024_06_04_11_05_0036_lat_10.3006278_lon_105.2716288_alt_20.177m__p001,DJI_DateTime_2024_06_04_11_05_0036_lat_10.3006278_lon_105.2716288_alt_20.177m,640,0,640,480,69181,0
DJI_DateTime_2024_06_04_11_05_0036_lat_10.3006278_lon_105.2716288_alt_20.177m,train,DJI_DateTime_2024_06_04_11_05_0036_lat_10.3006278_lon_105.2716288_alt_20.177m__p002,DJI_DateTime_2024_06_04_11_05_0036_lat_10.3006278_lon_105.2716288_alt_20.177m,0,480,640,480,224750,0
DJI_DateTime_2024_06_04_11_05_0036_lat_10.3006278_lon_105.2716288_alt_20.177m,train,DJI_DateTime_2024_06_04_11_05_0036_lat_10.3006278_lon_105.2716288_alt_20.177m__p003,DJI_DateTime_2024_06_04_11_05_0036_lat_10.3006278_lon_105.2716288_alt_20.177m,640,480,640,480,168699,0
DJI_DateTime_2024_06_04_11_06_0037_lat_10.3006470_lon_105.2715836_alt_20.186m,train,DJI_DateTime_2024_06_04_11_06_0037_lat_10.3006470_lon_105.2715836_alt_20.186m__p000,DJI_DateTime_2024_06_04_11_06_0037_lat_10.3006470_lon_105.2715836_alt_20.186m,0,0,640,480,208891,0
DJI_DateTime_2024_06_04_11_06_0037_lat_10.3006470_lon_105.2715836_alt_20.186m,train,DJI_DateTime_2024_06_04_11_06_0037_lat_10.3006470_lon_105.2715836_alt_20.186m__p001,DJI_DateTime_2024_06_04_11_06_0037_lat_10.3006470_lon_105.2715836_alt_20.186m,640,0,640,480,20570,0
DJI_DateTime_2024_06_04_11_06_0037_lat_10.3006470_lon_105.2715836_alt_20.186m,train,DJI_DateTime_2024_06_04_11_06_0037_lat_10.3006470_lon_105.2715836_alt_20.186m__p002,DJI_DateTime_2024_06_04_11_06_0037_lat_10.3006470_lon_105.2715836_alt_20.186m,0,480,640,480,246367,0
DJI_DateTime_2024_06_04_11_06_0037_lat_10.3006470_lon_105.2715836_alt_20.186m,train,DJI_DateTime_2024_06_04_11_06_0037_lat_10.3006470_lon_105.2715836_alt_20.186m__p003,DJI_DateTime_2024_06_04_11_06_0037_lat_10.3006470_lon_105.2715836_alt_20.186m,640,480,640,480,127038,0
DJI_DateTime_2024_06_04_11_06_0038_lat_10.3006672_lon_105.2715379_alt_20.241m,train,DJI_DateTime_2024_06_04_11_06_0038_lat_10.3006672_lon_105.2715379_alt_20.241m__p000,DJI_DateTime_2024_06_04_11_06_0038_lat_10.3006672_lon_105.2715379_alt_20.241m,0,0,640,480,95849,0
DJI_DateTime_2024_06_04_11_06_0038_lat_10.3006672_lon_105.2715379_alt_20.241m,train,DJI_DateTime_2024_06_04_11_06_0038_lat_10.3006672_lon_105.2715379_alt_20.241m__p001,DJI_DateTime_2024_06_04_11_06_0038_lat_10.3006672_lon_105.2715379_alt_20.241m,640,0,640,480,18006,0
DJI_DateTime_2024_06_04_11_06_0038_lat_10.3006672_lon_105.2715379_alt_20.241m,train,DJI_DateTime_2024_06_04_11_06_0038_lat_10.3006672_lon_105.2715379_alt_20.241m__p002,DJI_DateTime_2024_06_04_11_06_0038_lat_10.3006672_lon_105.2715379_alt_20.241m,0,480,640,480,260635,0
DJI_DateTime_2024_06_04_11_06_0038_lat_10.3006672_lon_105.2715379_alt_20.241m,train,DJI_DateTime_2024_06_04_11_06_0038_lat_10.3006672_lon_105.2715379_alt_20.241m__p003,DJI_DateTime_2024_06_04_11_06_0038_lat_10.3006672_lon_105.2715379_alt_20.241m,640,480,640,480,63208,0
DJI_DateTime_2024_06_04_11_06_0039_lat_10.3006871_lon_105.2714925_alt_20.206m,train,DJI_DateTime_2024_06_04_11_06_0039_lat_10.3006871_lon_105.2714925_alt_20.206m__p000,DJI_DateTime_2024_06_04_11_06_0039_lat_10.3006871_lon_105.2714925_alt_20.206m,0,0,640,480,75251,0
DJI_DateTime_2024_06_04_11_06_0039_lat_10.3006871_lon_105.2714925_alt_20.206m,train,DJI_DateTime_2024_06_04_11_06_0039_lat_10.3006871_lon_105.2714925_alt_20.206m__p001,DJI_DateTime_2024_06_04_11_06_0039_lat_10.3006871_lon_105.2714925_alt_20.206m,640,0,640,480,15483,0
DJI_DateTime_2024_06_04_11_06_0039_lat_10.3006871_lon_105.2714925_alt_20.206m,train,DJI_DateTime_2024_06_04_11_06_0039_lat_10.3006871_lon_105.2714925_alt_20.206m__p002,DJI_DateTime_2024_06_04_11_06_0039_lat_10.3006871_lon_105.2714925_alt_20.206m,0,480,640,480,231159,0
DJI_DateTime_2024_06_04_11_06_0039_lat_10.3006871_lon_105.2714925_alt_20.206m,train,DJI_DateTime_2024_06_04_11_06_0039_lat_10.3006871_lon_105.2714925_alt_20.206m__p003,DJI_DateTime_2024_06_04_11_06_0039_lat_10.3006871_lon_105.2714925_alt_20.206m,640,480,640,480,35753,0
DJI_DateTime_2024_06_04_11_06_0040_lat_10.3007072_lon_105.2714476_alt_20.274m,train,DJI_DateTime_2024_06_04_11_06_0040_lat_10.3007072_lon_105.2714476_alt_20.274m__p000,DJI_DateTime_2024_06_04_11_06_0040_lat_10.3007072_lon_105.2714476_alt_20.274m,0,0,640,480,13289,0
DJI_DateTime_2024_06_04_11_06_0040_lat_10.3007072_lon_105.2714476_alt_20.274m,train,DJI_DateTime_2024_06_04_11_06_0040_lat_10.3007072_lon_105.2714476_alt_20.274m__p001,DJI_DateTime_2024_06_04_11_06_0040_lat_10.3007072_lon_105.2714476_alt_20.274m,640,0,640,480,26480,0
DJI_DateTime_2024_06_04_11_06_0040_lat_10.3007072_lon_105.2714476_alt_20.274m,train,DJI_DateTime_2024_06_04_11_06_0040_lat_10.3007072_lon_105.2714476_alt_20.274m__p002,DJI_DateTime_2024_06_04_11_06_0040_lat_10.3007072_lon_105.2714476_alt_20.274m,0,480,640,480,203089,0
DJI_DateTime_2024_06_04_11_06_0040_lat_10.3007072_lon_105.2714476_alt_20.274m,train,DJI_DateTime_2024_06_04_11_06_0040_lat_10.3007072_lon_105.2714476_alt_20.274m__p003,DJI_DateTime_2024_06_04_11_06_0040_lat_10.3007072_lon_105.2714476_alt_20.274m,640,480,640,480,12949,0
DJI_DateTime_2024_06_04_11_06_0041_lat_10.3007267_lon_105.2714017_alt_20.188m,train,DJI_DateTime_2024_06_04_11_06_0041_lat_10.3007267_lon_105.2714017_alt_20.188m__p002,DJI_DateTime_2024_06_04_11_06_0041_lat_10.3007267_lon_105.2714017_alt_20.188m,0,480,640,480,125932,0
DJI_DateTime_2024_06_04_11_06_0041_lat_10.3007267_lon_105.2714017_alt_20.188m,train,DJI_DateTime_2024_06_04_11_06_0041_lat_10.3007267_lon_105.2714017_alt_20.188m__p003,DJI_DateTime_2024_06_04_11_06_0041_lat_10.3007267_lon_105.2714017_alt_20.188m,640,480,640,480,39708,0
DJI_DateTime_2024_06_04_11_06_0042_lat_10.3007462_lon_105.2713576_alt_20.174m,train,DJI_DateTime_2024_06_04_11_06_0042_lat_10.3007462_lon_105.2713576_alt_20.174m__p000,DJI_DateTime_2024_06_04_11_06_0042_lat_10.3007462_lon_105.2713576_alt_20.174m,0,0,640,480,0,1
DJI_DateTime_2024_06_04_11_06_0042_lat_10.3007462_lon_105.2713576_alt_20.174m,train,DJI_DateTime_2024_06_04_11_06_0042_lat_10.3007462_lon_105.2713576_alt_20.174m__p002,DJI_DateTime_2024_06_04_11_06_0042_lat_10.3007462_lon_105.2713576_alt_20.174m,0,480,640,480,43648,0
DJI_DateTime_2024_06_04_11_06_0042_lat_10.3007462_lon_105.2713576_alt_20.174m,train,DJI_DateTime_2024_06_04_11_06_0042_lat_10.3007462_lon_105.2713576_alt_20.174m__p003,DJI_DateTime_2024_06_04_11_06_0042_lat_10.3007462_lon_105.2713576_alt_20.174m,640,480,640,480,26120,0
DJI_DateTime_2024_06_04_11_07_0060_lat_10.3006877_lon_105.2713276_alt_20.193m,train,DJI_DateTime_2024_06_04_11_07_0060_lat_10.3006877_lon_105.2713276_alt_20.193m__p000,DJI_DateTime_2024_06_04_11_07_0060_lat_10.3006877_lon_105.2713276_alt_20.193m,0,0,640,480,34473,0
DJI_DateTime_2024_06_04_11_07_0060_lat_10.3006877_lon_105.2713276_alt_20.193m,train,DJI_DateTime_2024_06_04_11_07_0060_lat_10.3006877_lon_105.2713276_alt_20.193m__p001,DJI_DateTime_2024_06_04_11_07_0060_lat_10.3006877_lon_105.2713276_alt_20.193m,640,0,640,480,3783,0
DJI_DateTime_2024_06_04_11_07_0061_lat_10.3006686_lon_105.2713718_alt_20.244m,train,DJI_DateTime_2024_06_04_11_07_0061_lat_10.3006686_lon_105.2713718_alt_20.244m__p000,DJI_DateTime_2024_06_04_11_07_0061_lat_10.3006686_lon_105.2713718_alt_20.244m,0,0,640,480,96440,0
DJI_DateTime_2024_06_04_11_07_0061_lat_10.3006686_lon_105.2713718_alt_20.244m,train,DJI_DateTime_2024_06_04_11_07_0061_lat_10.3006686_lon_105.2713718_alt_20.244m__p001,DJI_DateTime_2024_06_04_11_07_0061_lat_10.3006686_lon_105.2713718_alt_20.244m,640,0,640,480,72024,0
DJI_DateTime_2024_06_04_11_07_0061_lat_10.3006686_lon_105.2713718_alt_20.244m,train,DJI_DateTime_2024_06_04_11_07_0061_lat_10.3006686_lon_105.2713718_alt_20.244m__p002,DJI_DateTime_2024_06_04_11_07_0061_lat_10.3006686_lon_105.2713718_alt_20.244m,0,480,640,480,0,1
DJI_DateTime_2024_06_04_11_07_0062_lat_10.3006495_lon_105.2714165_alt_20.349m,train,DJI_DateTime_2024_06_04_11_07_0062_lat_10.3006495_lon_105.2714165_alt_20.349m__p000,DJI_DateTime_2024_06_04_11_07_0062_lat_10.3006495_lon_105.2714165_alt_20.349m,0,0,640,480,160119,0
DJI_DateTime_2024_06_04_11_07_0062_lat_10.3006495_lon_105.2714165_alt_20.349m,train,DJI_DateTime_2024_06_04_11_07_0062_lat_10.3006495_lon_105.2714165_alt_20.349m__p001,DJI_DateTime_2024_06_04_11_07_0062_lat_10.3006495_lon_105.2714165_alt_20.349m,640,0,640,480,150003,0
DJI_DateTime_2024_06_04_11_07_0062_lat_10.3006495_lon_105.2714165_alt_20.349m,train,DJI_DateTime_2024_06_04_11_07_0062_lat_10.3006495_lon_105.2714165_alt_20.349m__p002,DJI_DateTime_2024_06_04_11_07_0062_lat_10.3006495_lon_105.2714165_alt_20.349m,0,480,640,480,33485,0
DJI_DateTime_2024_06_04_11_07_0062_lat_10.3006495_lon_105.2714165_alt_20.349m,train,DJI_DateTime_2024_06_04_11_07_0062_lat_10.3006495_lon_105.2714165_alt_20.349m__p003,DJI_DateTime_2024_06_04_11_07_0062_lat_10.3006495_lon_105.2714165_alt_20.349m,640,480,640,480,17595,0
DJI_DateTime_2024_06_04_11_07_0063_lat_10.3006295_lon_105.2714615_alt_20.306m,train,DJI_DateTime_2024_06_04_11_07_0063_lat_10.3006295_lon_105.2714615_alt_20.306m__p000,DJI_DateTime_2024_06_04_11_07_0063_lat_10.3006295_lon_105.2714615_alt_20.306m,0,0,640,480,179768,0
DJI_DateTime_2024_06_04_11_07_0063_lat_10.3006295_lon_105.2714615_alt_20.306m,train,DJI_DateTime_2024_06_04_11_07_0063_lat_10.3006295_lon_105.2714615_alt_20.306m__p001,DJI_DateTime_2024_06_04_11_07_0063_lat_10.3006295_lon_105.2714615_alt_20.306m,640,0,640,480,122463,0
DJI_DateTime_2024_06_04_11_07_0063_lat_10.3006295_lon_105.2714615_alt_20.306m,train,DJI_DateTime_2024_06_04_11_07_0063_lat_10.3006295_lon_105.2714615_alt_20.306m__p002,DJI_DateTime_2024_06_04_11_07_0063_lat_10.3006295_lon_105.2714615_alt_20.306m,0,480,640,480,117218,0
DJI_DateTime_2024_06_04_11_07_0063_lat_10.3006295_lon_105.2714615_alt_20.306m,train,DJI_DateTime_2024_06_04_11_07_0063_lat_10.3006295_lon_105.2714615_alt_20.306m__p003,DJI_DateTime_2024_06_04_11_07_0063_lat_10.3006295_lon_105.2714615_alt_20.306m,640,480,640,480,35657,0
DJI_DateTime_2024_06_04_11_07_0064_lat_10.3006092_lon_105.2715067_alt_20.209m,train,DJI_DateTime_2024_06_04_11_07_0064_lat_10.3006092_lon_105.2715067_alt_20.209m__p000,DJI_DateTime_2024_06_04_11_07_0064_lat_10.3006092_lon_105.2715067_alt_20.209m,0,0,640,480,224841,0
DJI_DateTime_2024_06_04_11_07_0064_lat_10.3006092_lon_105.2715067_alt_20.209m,train,DJI_DateTime_2024_06_04_11_07_0064_lat_10.3006092_lon_105.2715067_alt_20.209m__p001,DJI_DateTime_2024_06_04_11_07_0064_lat_10.3006092_lon_105.2715067_alt_20.209m,640,0,640,480,200650,0
DJI_DateTime_2024_06_04_11_07_0064_lat_10.3006092_lon_105.2715067_alt_20.209m,train,DJI_DateTime_2024_06_04_11_07_0064_lat_10.3006092_lon_105.2715067_alt_20.209m__p002,DJI_DateTime_2024_06_04_11_07_0064_lat_10.3006092_lon_105.2715067_alt_20.209m,0,480,640,480,166976,0
DJI_DateTime_2024_06_04_11_07_0064_lat_10.3006092_lon_105.2715067_alt_20.209m,train,DJI_DateTime_2024_06_04_11_07_0064_lat_10.3006092_lon_105.2715067_alt_20.209m__p003,DJI_DateTime_2024_06_04_11_07_0064_lat_10.3006092_lon_105.2715067_alt_20.209m,640,480,640,480,58936,0
DJI_DateTime_2024_06_04_11_07_0065_lat_10.3005895_lon_105.2715524_alt_20.205m,train,DJI_DateTime_2024_06_04_11_07_0065_lat_10.3005895_lon_105.2715524_alt_20.205m__p000,DJI_DateTime_2024_06_04_11_07_0065_lat_10.3005895_lon_105.2715524_alt_20.205m,0,0,640,480,225700,0
DJI_DateTime_2024_06_04_11_07_0065_lat_10.3005895_lon_105.2715524_alt_20.205m,train,DJI_DateTime_2024_06_04_11_07_0065_lat_10.3005895_lon_105.2715524_alt_20.205m__p001,DJI_DateTime_2024_06_04_11_07_0065_lat_10.3005895_lon_105.2715524_alt_20.205m,640,0,640,480,106768,0
DJI_DateTime_2024_06_04_11_07_0065_lat_10.3005895_lon_105.2715524_alt_20.205m,train,DJI_DateTime_2024_06_04_11_07_0065_lat_10.3005895_lon_105.2715524_alt_20.205m__p002,DJI_DateTime_2024_06_04_11_07_0065_lat_10.3005895_lon_105.2715524_alt_20.205m,0,480,640,480,202348,0
DJI_DateTime_2024_06_04_11_07_0065_lat_10.3005895_lon_105.2715524_alt_20.205m,train,DJI_DateTime_2024_06_04_11_07_0065_lat_10.3005895_lon_105.2715524_alt_20.205m__p003,DJI_DateTime_2024_06_04_11_07_0065_lat_10.3005895_lon_105.2715524_alt_20.205m,640,480,640,480,142491,0
DJI_DateTime_2024_06_04_11_07_0066_lat_10.3005700_lon_105.2715969_alt_20.223m,train,DJI_DateTime_2024_06_04_11_07_0066_lat_10.3005700_lon_105.2715969_alt_20.223m__p000,DJI_DateTime_2024_06_04_11_07_0066_lat_10.3005700_lon_105.2715969_alt_20.223m,0,0,640,480,246640,0
DJI_DateTime_2024_06_04_11_07_0066_lat_10.3005700_lon_105.2715969_alt_20.223m,train,DJI_DateTime_2024_06_04_11_07_0066_lat_10.3005700_lon_105.2715969_alt_20.223m__p001,DJI_DateTime_2024_06_04_11_07_0066_lat_10.3005700_lon_105.2715969_alt_20.223m,640,0,640,480,97047,0
DJI_DateTime_2024_06_04_11_07_0066_lat_10.3005700_lon_105.2715969_alt_20.223m,train,DJI_DateTime_2024_06_04_11_07_0066_lat_10.3005700_lon_105.2715969_alt_20.223m__p002,DJI_DateTime_2024_06_04_11_07_0066_lat_10.3005700_lon_105.2715969_alt_20.223m,0,480,640,480,229424,0
DJI_DateTime_2024_06_04_11_07_0066_lat_10.3005700_lon_105.2715969_alt_20.223m,train,DJI_DateTime_2024_06_04_11_07_0066_lat_10.3005700_lon_105.2715969_alt_20.223m__p003,DJI_DateTime_2024_06_04_11_07_0066_lat_10.3005700_lon_105.2715969_alt_20.223m,640,480,640,480,125948,0
DJI_DateTime_2024_06_04_11_07_0067_lat_10.3005498_lon_105.2716425_alt_20.234m,train,DJI_DateTime_2024_06_04_11_07_0067_lat_10.3005498_lon_105.2716425_alt_20.234m__p000,DJI_DateTime_2024_06_04_11_07_0067_lat_10.3005498_lon_105.2716425_alt_20.234m,0,0,640,480,176853,0
DJI_DateTime_2024_06_04_11_07_0067_lat_10.3005498_lon_105.2716425_alt_20.234m,train,DJI_DateTime_2024_06_04_11_07_0067_lat_10.3005498_lon_105.2716425_alt_20.234m__p001,DJI_DateTime_2024_06_04_11_07_0067_lat_10.3005498_lon_105.2716425_alt_20.234m,640,0,640,480,122494,0
DJI_DateTime_2024_06_04_11_07_0067_lat_10.3005498_lon_105.2716425_alt_20.234m,train,DJI_DateTime_2024_06_04_11_07_0067_lat_10.3005498_lon_105.2716425_alt_20.234m__p002,DJI_DateTime_2024_06_04_11_07_0067_lat_10.3005498_lon_105.2716425_alt_20.234m,0,480,640,480,273841,0
DJI_DateTime_2024_06_04_11_07_0067_lat_10.3005498_lon_105.2716425_alt_20.234m,train,DJI_DateTime_2024_06_04_11_07_0067_lat_10.3005498_lon_105.2716425_alt_20.234m__p003,DJI_DateTime_2024_06_04_11_07_0067_lat_10.3005498_lon_105.2716425_alt_20.234m,640,480,640,480,53099,0
DJI_DateTime_2024_06_04_11_07_0068_lat_10.3005301_lon_105.2716881_alt_20.218m,train,DJI_DateTime_2024_06_04_11_07_0068_lat_10.3005301_lon_105.2716881_alt_20.218m__p000,DJI_DateTime_2024_06_04_11_07_0068_lat_10.3005301_lon_105.2716881_alt_20.218m,0,0,640,480,150313,0
DJI_DateTime_2024_06_04_11_07_0068_lat_10.3005301_lon_105.2716881_alt_20.218m,train,DJI_DateTime_2024_06_04_11_07_0068_lat_10.3005301_lon_105.2716881_alt_20.218m__p001,DJI_DateTime_2024_06_04_11_07_0068_lat_10.3005301_lon_105.2716881_alt_20.218m,640,0,640,480,143962,0
DJI_DateTime_2024_06_04_11_07_0068_lat_10.3005301_lon_105.2716881_alt_20.218m,train,DJI_DateTime_2024_06_04_11_07_0068_lat_10.3005301_lon_105.2716881_alt_20.218m__p002,DJI_DateTime_2024_06_04_11_07_0068_lat_10.3005301_lon_105.2716881_alt_20.218m,0,480,640,480,255025,0
DJI_DateTime_2024_06_04_11_07_0068_lat_10.3005301_lon_105.2716881_alt_20.218m,train,DJI_DateTime_2024_06_04_11_07_0068_lat_10.3005301_lon_105.2716881_alt_20.218m__p003,DJI_DateTime_2024_06_04_11_07_0068_lat_10.3005301_lon_105.2716881_alt_20.218m,640,480,640,480,58868,0
DJI_DateTime_2024_06_04_11_07_0069_lat_10.3005105_lon_105.2717330_alt_20.180m,train,DJI_DateTime_2024_06_04_11_07_0069_lat_10.3005105_lon_105.2717330_alt_20.180m__p000,DJI_DateTime_2024_06_04_11_07_0069_lat_10.3005105_lon_105.2717330_alt_20.180m,0,0,640,480,98210,0
DJI_DateTime_2024_06_04_11_07_0069_lat_10.3005105_lon_105.2717330_alt_20.180m,train,DJI_DateTime_2024_06_04_11_07_0069_lat_10.3005105_lon_105.2717330_alt_20.180m__p001,DJI_DateTime_2024_06_04_11_07_0069_lat_10.3005105_lon_105.2717330_alt_20.180m,640,0,640,480,157394,0
DJI_DateTime_2024_06_04_11_07_0069_lat_10.3005105_lon_105.2717330_alt_20.180m,train,DJI_DateTime_2024_06_04_11_07_0069_lat_10.3005105_lon_105.2717330_alt_20.180m__p002,DJI_DateTime_2024_06_04_11_07_0069_lat_10.3005105_lon_105.2717330_alt_20.180m,0,480,640,480,160841,0
DJI_DateTime_2024_06_04_11_07_0069_lat_10.3005105_lon_105.2717330_alt_20.180m,train,DJI_DateTime_2024_06_04_11_07_0069_lat_10.3005105_lon_105.2717330_alt_20.180m__p003,DJI_DateTime_2024_06_04_11_07_0069_lat_10.3005105_lon_105.2717330_alt_20.180m,640,480,640,480,48661,0
DJI_DateTime_2024_06_04_11_07_0070_lat_10.3004911_lon_105.2717775_alt_20.199m,train,DJI_DateTime_2024_06_04_11_07_0070_lat_10.3004911_lon_105.2717775_alt_20.199m__p000,DJI_DateTime_2024_06_04_11_07_0070_lat_10.3004911_lon_105.2717775_alt_20.199m,0,0,640,480,118448,0
DJI_DateTime_2024_06_04_11_07_0070_lat_10.3004911_lon_105.2717775_alt_20.199m,train,DJI_DateTime_2024_06_04_11_07_0070_lat_10.3004911_lon_105.2717775_alt_20.199m__p001,DJI_DateTime_2024_06_04_11_07_0070_lat_10.3004911_lon_105.2717775_alt_20.199m,640,0,640,480,213544,0
DJI_DateTime_2024_06_04_11_07_0070_lat_10.3004911_lon_105.2717775_alt_20.199m,train,DJI_DateTime_2024_06_04_11_07_0070_lat_10.3004911_lon_105.2717775_alt_20.199m__p002,DJI_DateTime_2024_06_04_11_07_0070_lat_10.3004911_lon_105.2717775_alt_20.199m,0,480,640,480,153532,0
DJI_DateTime_2024_06_04_11_07_0070_lat_10.3004911_lon_105.2717775_alt_20.199m,train,DJI_DateTime_2024_06_04_11_07_0070_lat_10.3004911_lon_105.2717775_alt_20.199m__p003,DJI_DateTime_2024_06_04_11_07_0070_lat_10.3004911_lon_105.2717775_alt_20.199m,640,480,640,480,71942,0
DJI_DateTime_2024_06_04_11_07_0071_lat_10.3004709_lon_105.2718235_alt_20.190m,train,DJI_DateTime_2024_06_04_11_07_0071_lat_10.3004709_lon_105.2718235_alt_20.190m__p000,DJI_DateTime_2024_06_04_11_07_0071_lat_10.3004709_lon_105.2718235_alt_20.190m,0,0,640,480,106382,0
DJI_DateTime_2024_06_04_11_07_0071_lat_10.3004709_lon_105.2718235_alt_20.190m,train,DJI_DateTime_2024_06_04_11_07_0071_lat_10.3004709_lon_105.2718235_alt_20.190m__p001,DJI_DateTime_2024_06_04_11_07_0071_lat_10.3004709_lon_105.2718235_alt_20.190m,640,0,640,480,138484,0
DJI_DateTime_2024_06_04_11_07_0071_lat_10.3004709_lon_105.2718235_alt_20.190m,train,DJI_DateTime_2024_06_04_11_07_0071_lat_10.3004709_lon_105.2718235_alt_20.190m__p002,DJI_DateTime_2024_06_04_11_07_0071_lat_10.3004709_lon_105.2718235_alt_20.190m,0,480,640,480,99806,0
DJI_DateTime_2024_06_04_11_07_0071_lat_10.3004709_lon_105.2718235_alt_20.190m,train,DJI_DateTime_2024_06_04_11_07_0071_lat_10.3004709_lon_105.2718235_alt_20.190m__p003,DJI_DateTime_2024_06_04_11_07_0071_lat_10.3004709_lon_105.2718235_alt_20.190m,640,480,640,480,154271,0
DJI_DateTime_2024_06_04_11_07_0072_lat_10.3004509_lon_105.2718686_alt_20.232m,train,DJI_DateTime_2024_06_04_11_07_0072_lat_10.3004509_lon_105.2718686_alt_20.232m__p000,DJI_DateTime_2024_06_04_11_07_0072_lat_10.3004509_lon_105.2718686_alt_20.232m,0,0,640,480,81330,0
DJI_DateTime_2024_06_04_11_07_0072_lat_10.3004509_lon_105.2718686_alt_20.232m,train,DJI_DateTime_2024_06_04_11_07_0072_lat_10.3004509_lon_105.2718686_alt_20.232m__p001,DJI_DateTime_2024_06_04_11_07_0072_lat_10.3004509_lon_105.2718686_alt_20.232m,640,0,640,480,94743,0
DJI_DateTime_2024_06_04_11_07_0072_lat_10.3004509_lon_105.2718686_alt_20.232m,train,DJI_DateTime_2024_06_04_11_07_0072_lat_10.3004509_lon_105.2718686_alt_20.232m__p002,DJI_DateTime_2024_06_04_11_07_0072_lat_10.3004509_lon_105.2718686_alt_20.232m,0,480,640,480,115245,0
DJI_DateTime_2024_06_04_11_07_0072_lat_10.3004509_lon_105.2718686_alt_20.232m,train,DJI_DateTime_2024_06_04_11_07_0072_lat_10.3004509_lon_105.2718686_alt_20.232m__p003,DJI_DateTime_2024_06_04_11_07_0072_lat_10.3004509_lon_105.2718686_alt_20.232m,640,480,640,480,111483,0
DJI_DateTime_2024_06_04_11_07_0073_lat_10.3004313_lon_105.2719142_alt_20.230m,train,DJI_DateTime_2024_06_04_11_07_0073_lat_10.3004313_lon_105.2719142_alt_20.230m__p000,DJI_DateTime_2024_06_04_11_07_0073_lat_10.3004313_lon_105.2719142_alt_20.230m,0,0,640,480,46839,0
DJI_DateTime_2024_06_04_11_07_0073_lat_10.3004313_lon_105.2719142_alt_20.230m,train,DJI_DateTime_2024_06_04_11_07_0073_lat_10.3004313_lon_105.2719142_alt_20.230m__p001,DJI_DateTime_2024_06_04_11_07_0073_lat_10.3004313_lon_105.2719142_alt_20.230m,640,0,640,480,61740,0
DJI_DateTime_2024_06_04_11_07_0073_lat_10.3004313_lon_105.2719142_alt_20.230m,train,DJI_DateTime_2024_06_04_11_07_0073_lat_10.3004313_lon_105.2719142_alt_20.230m__p002,DJI_DateTime_2024_06_04_11_07_0073_lat_10.3004313_lon_105.2719142_alt_20.230m,0,480,640,480,92447,0
DJI_DateTime_2024_06_04_11_07_0073_lat_10.3004313_lon_105.2719142_alt_20.230m,train,DJI_DateTime_2024_06_04_11_07_0073_lat_10.3004313_lon_105.2719142_alt_20.230m__p003,DJI_DateTime_2024_06_04_11_07_0073_lat_10.3004313_lon_105.2719142_alt_20.230m,640,480,640,480,100722,0
DJI_DateTime_2024_06_04_11_07_0074_lat_10.3004121_lon_105.2719597_alt_20.253m,train,DJI_DateTime_2024_06_04_11_07_0074_lat_10.3004121_lon_105.2719597_alt_20.253m__p000,DJI_DateTime_2024_06_04_11_07_0074_lat_10.3004121_lon_105.2719597_alt_20.253m,0,0,640,480,8422,0
DJI_DateTime_2024_06_04_11_07_0074_lat_10.3004121_lon_105.2719597_alt_20.253m,train,DJI_DateTime_2024_06_04_11_07_0074_lat_10.3004121_lon_105.2719597_alt_20.253m__p001,DJI_DateTime_2024_06_04_11_07_0074_lat_10.3004121_lon_105.2719597_alt_20.253m,640,0,640,480,32660,0
DJI_DateTime_2024_06_04_11_07_0074_lat_10.3004121_lon_105.2719597_alt_20.253m,train,DJI_DateTime_2024_06_04_11_07_0074_lat_10.3004121_lon_105.2719597_alt_20.253m__p002,DJI_DateTime_2024_06_04_11_07_0074_lat_10.3004121_lon_105.2719597_alt_20.253m,0,480,640,480,70054,0
DJI_DateTime_2024_06_04_11_07_0074_lat_10.3004121_lon_105.2719597_alt_20.253m,train,DJI_DateTime_2024_06_04_11_07_0074_lat_10.3004121_lon_105.2719597_alt_20.253m__p003,DJI_DateTime_2024_06_04_11_07_0074_lat_10.3004121_lon_105.2719597_alt_20.253m,640,480,640,480,49015,0
DJI_DateTime_2024_06_04_11_08_0075_lat_10.3003920_lon_105.2720048_alt_20.253m,train,DJI_DateTime_2024_06_04_11_08_0075_lat_10.3003920_lon_105.2720048_alt_20.253m__p000,DJI_DateTime_2024_06_04_11_08_0075_lat_10.3003920_lon_105.2720048_alt_20.253m,0,0,640,480,8908,0
DJI_DateTime_2024_06_04_11_08_0075_lat_10.3003920_lon_105.2720048_alt_20.253m,train,DJI_DateTime_2024_06_04_11_08_0075_lat_10.3003920_lon_105.2720048_alt_20.253m__p001,DJI_DateTime_2024_06_04_11_08_0075_lat_10.3003920_lon_105.2720048_alt_20.253m,640,0,640,480,28538,0
DJI_DateTime_2024_06_04_11_08_0075_lat_10.3003920_lon_105.2720048_alt_20.253m,train,DJI_DateTime_2024_06_04_11_08_0075_lat_10.3003920_lon_105.2720048_alt_20.253m__p003,DJI_DateTime_2024_06_04_11_08_0075_lat_10.3003920_lon_105.2720048_alt_20.253m,640,480,640,480,57522,0
DJI_DateTime_2024_06_04_11_08_0076_lat_10.3003600_lon_105.2720315_alt_20.120m,train,DJI_DateTime_2024_06_04_11_08_0076_lat_10.3003600_lon_105.2720315_alt_20.120m__p000,DJI_DateTime_2024_06_04_11_08_0076_lat_10.3003600_lon_105.2720315_alt_20.120m,0,0,640,480,16367,0
DJI_DateTime_2024_06_04_11_08_0076_lat_10.3003600_lon_105.2720315_alt_20.120m,train,DJI_DateTime_2024_06_04_11_08_0076_lat_10.3003600_lon_105.2720315_alt_20.120m__p001,DJI_DateTime_2024_06_04_11_08_0076_lat_10.3003600_lon_105.2720315_alt_20.120m,640,0,640,480,13701,0
DJI_DateTime_2024_06_04_11_08_0076_lat_10.3003600_lon_105.2720315_alt_20.120m,train,DJI_DateTime_2024_06_04_11_08_0076_lat_10.3003600_lon_105.2720315_alt_20.120m__p002,DJI_DateTime_2024_06_04_11_08_0076_lat_10.3003600_lon_105.2720315_alt_20.120m,0,480,640,480,7606,0
DJI_DateTime_2024_06_04_11_08_0076_lat_10.3003600_lon_105.2720315_alt_20.120m,train,DJI_DateTime_2024_06_04_11_08_0076_lat_10.3003600_lon_105.2720315_alt_20.120m__p003,DJI_DateTime_2024_06_04_11_08_0076_lat_10.3003600_lon_105.2720315_alt_20.120m,640,480,640,480,86569,0
DJI_DateTime_2024_06_04_11_08_0077_lat_10.3003264_lon_105.2720048_alt_20.066m,train,DJI_DateTime_2024_06_04_11_08_0077_lat_10.3003264_lon_105.2720048_alt_20.066m__p000,DJI_DateTime_2024_06_04_11_08_0077_lat_10.3003264_lon_105.2720048_alt_20.066m,0,0,640,480,2471,0
DJI_DateTime_2024_06_04_11_08_0077_lat_10.3003264_lon_105.2720048_alt_20.066m,train,DJI_DateTime_2024_06_04_11_08_0077_lat_10.3003264_lon_105.2720048_alt_20.066m__p001,DJI_DateTime_2024_06_04_11_08_0077_lat_10.3003264_lon_105.2720048_alt_20.066m,640,0,640,480,74469,0
DJI_DateTime_2024_06_04_11_08_0077_lat_10.3003264_lon_105.2720048_alt_20.066m,train,DJI_DateTime_2024_06_04_11_08_0077_lat_10.3003264_lon_105.2720048_alt_20.066m__p002,DJI_DateTime_2024_06_04_11_08_0077_lat_10.3003264_lon_105.2720048_alt_20.066m,0,480,640,480,56544,0
DJI_DateTime_2024_06_04_11_08_0077_lat_10.3003264_lon_105.2720048_alt_20.066m,train,DJI_DateTime_2024_06_04_11_08_0077_lat_10.3003264_lon_105.2720048_alt_20.066m__p003,DJI_DateTime_2024_06_04_11_08_0077_lat_10.3003264_lon_105.2720048_alt_20.066m,640,480,640,480,50839,0
DJI_DateTime_2024_06_04_11_08_0078_lat_10.3003411_lon_105.2719602_alt_20.150m,train,DJI_DateTime_2024_06_04_11_08_0078_lat_10.3003411_lon_105.2719602_alt_20.150m__p000,DJI_DateTime_2024_06_04_11_08_0078_lat_10.3003411_lon_105.2719602_alt_20.150m,0,0,640,480,3313,0
DJI_DateTime_2024_06_04_11_08_0078_lat_10.3003411_lon_105.2719602_alt_20.150m,train,DJI_DateTime_2024_06_04_11_08_0078_lat_10.3003411_lon_105.2719602_alt_20.150m__p001,DJI_DateTime_2024_06_04_11_08_0078_lat_10.3003411_lon_105.2719602_alt_20.150m,640,0,640,480,128727,0
DJI_DateTime_2024_06_04_11_08_0078_lat_10.3003411_lon_105.2719602_alt_20.150m,train,DJI_DateTime_2024_06_04_11_08_0078_lat_10.3003411_lon_105.2719602_alt_20.150m__p002,DJI_DateTime_2024_06_04_11_08_0078_lat_10.3003411_lon_105.2719602_alt_20.150m,0,480,640,480,11486,0
DJI_DateTime_2024_06_04_11_08_0078_lat_10.3003411_lon_105.2719602_alt_20.150m,train,DJI_DateTime_2024_06_04_11_08_0078_lat_10.3003411_lon_105.2719602_alt_20.150m__p003,DJI_DateTime_2024_06_04_11_08_0078_lat_10.3003411_lon_105.2719602_alt_20.150m,640,480,640,480,58448,0
DJI_DateTime_2024_06_04_11_08_0079_lat_10.3003599_lon_105.2719149_alt_20.186m,train,DJI_DateTime_2024_06_04_11_08_0079_lat_10.3003599_lon_105.2719149_alt_20.186m__p001,DJI_DateTime_2024_06_04_11_08_0079_lat_10.3003599_lon_105.2719149_alt_20.186m,640,0,640,480,160355,0
DJI_DateTime_2024_06_04_11_08_0079_lat_10.3003599_lon_105.2719149_alt_20.186m,train,DJI_DateTime_2024_06_04_11_08_0079_lat_10.3003599_lon_105.2719149_alt_20.186m__p002,DJI_DateTime_2024_06_04_11_08_0079_lat_10.3003599_lon_105.2719149_alt_20.186m,0,480,640,480,6857,0
DJI_DateTime_2024_06_04_11_08_0079_lat_10.3003599_lon_105.2719149_alt_20.186m,train,DJI_DateTime_2024_06_04_11_08_0079_lat_10.3003599_lon_105.2719149_alt_20.186m__p003,DJI_DateTime_2024_06_04_11_08_0079_lat_10.3003599_lon_105.2719149_alt_20.186m,640,480,640,480,64855,0
DJI_DateTime_2024_06_04_11_08_0080_lat_10.3003798_lon_105.2718697_alt_20.123m,train,DJI_DateTime_2024_06_04_11_08_0080_lat_10.3003798_lon_105.2718697_alt_20.123m__p000,DJI_DateTime_2024_06_04_11_08_0080_lat_10.3003798_lon_105.2718697_alt_20.123m,0,0,640,480,10590,0
DJI_DateTime_2024_06_04_11_08_0080_lat_10.3003798_lon_105.2718697_alt_20.123m,train,DJI_DateTime_2024_06_04_11_08_0080_lat_10.3003798_lon_105.2718697_alt_20.123m__p001,DJI_DateTime_2024_06_04_11_08_0080_lat_10.3003798_lon_105.2718697_alt_20.123m,640,0,640,480,199968,0
DJI_DateTime_2024_06_04_11_08_0080_lat_10.3003798_lon_105.2718697_alt_20.123m,train,DJI_DateTime_2024_06_04_11_08_0080_lat_10.3003798_lon_105.2718697_alt_20.123m__p003,DJI_DateTime_2024_06_04_11_08_0080_lat_10.3003798_lon_105.2718697_alt_20.123m,640,480,640,480,181636,0
DJI_DateTime_2024_06_04_11_08_0081_lat_10.3003999_lon_105.2718246_alt_20.181m,train,DJI_DateTime_2024_06_04_11_08_0081_lat_10.3003999_lon_105.2718246_alt_20.181m__p000,DJI_DateTime_2024_06_04_11_08_0081_lat_10.3003999_lon_105.2718246_alt_20.181m,0,0,640,480,69454,0
DJI_DateTime_2024_06_04_11_08_0081_lat_10.3003999_lon_105.2718246_alt_20.181m,train,DJI_DateTime_2024_06_04_11_08_0081_lat_10.3003999_lon_105.2718246_alt_20.181m__p001,DJI_DateTime_2024_06_04_11_08_0081_lat_10.3003999_lon_105.2718246_alt_20.181m,640,0,640,480,205316,0
DJI_DateTime_2024_06_04_11_08_0081_lat_10.3003999_lon_105.2718246_alt_20.181m,train,DJI_DateTime_2024_06_04_11_08_0081_lat_10.3003999_lon_105.2718246_alt_20.181m__p002,DJI_DateTime_2024_06_04_11_08_0081_lat_10.3003999_lon_105.2718246_alt_20.181m,0,480,640,480,14668,0
DJI_DateTime_2024_06_04_11_08_0081_lat_10.3003999_lon_105.2718246_alt_20.181m,train,DJI_DateTime_2024_06_04_11_08_0081_lat_10.3003999_lon_105.2718246_alt_20.181m__p003,DJI_DateTime_2024_06_04_11_08_0081_lat_10.3003999_lon_105.2718246_alt_20.181m,640,480,640,480,189664,0
DJI_DateTime_2024_06_04_11_08_0082_lat_10.3004191_lon_105.2717789_alt_20.174m,train,DJI_DateTime_2024_06_04_11_08_0082_lat_10.3004191_lon_105.2717789_alt_20.174m__p000,DJI_DateTime_2024_06_04_11_08_0082_lat_10.3004191_lon_105.2717789_alt_20.174m,0,0,640,480,59282,0
DJI_DateTime_2024_06_04_11_08_0082_lat_10.3004191_lon_105.2717789_alt_20.174m,train,DJI_DateTime_2024_06_04_11_08_0082_lat_10.3004191_lon_105.2717789_alt_20.174m__p001,DJI_DateTime_2024_06_04_11_08_0082_lat_10.3004191_lon_105.2717789_alt_20.174m,640,0,640,480,217704,0
DJI_DateTime_2024_06_04_11_08_0082_lat_10.3004191_lon_105.2717789_alt_20.174m,train,DJI_DateTime_2024_06_04_11_08_0082_lat_10.3004191_lon_105.2717789_alt_20.174m__p002,DJI_DateTime_2024_06_04_11_08_0082_lat_10.3004191_lon_105.2717789_alt_20.174m,0,480,640,480,61467,0
DJI_DateTime_2024_06_04_11_08_0082_lat_10.3004191_lon_105.2717789_alt_20.174m,train,DJI_DateTime_2024_06_04_11_08_0082_lat_10.3004191_lon_105.2717789_alt_20.174m__p003,DJI_DateTime_2024_06_04_11_08_0082_lat_10.3004191_lon_105.2717789_alt_20.174m,640,480,640,480,229575,0
DJI_DateTime_2024_06_04_11_08_0083_lat_10.3004388_lon_105.2717336_alt_20.190m,train,DJI_DateTime_2024_06_04_11_08_0083_lat_10.3004388_lon_105.2717336_alt_20.190m__p000,DJI_DateTime_2024_06_04_11_08_0083_lat_10.3004388_lon_105.2717336_alt_20.190m,0,0,640,480,32455,0
DJI_DateTime_2024_06_04_11_08_0083_lat_10.3004388_lon_105.2717336_alt_20.190m,train,DJI_DateTime_2024_06_04_11_08_0083_lat_10.3004388_lon_105.2717336_alt_20.190m__p001,DJI_DateTime_2024_06_04_11_08_0083_lat_10.3004388_lon_105.2717336_alt_20.190m,640,0,640,480,206836,0
DJI_DateTime_2024_06_04_11_08_0083_lat_10.3004388_lon_105.2717336_alt_20.190m,train,DJI_DateTime_2024_06_04_11_08_0083_lat_10.3004388_lon_105.2717336_alt_20.190m__p002,DJI_DateTime_2024_06_04_11_08_0083_lat_10.3004388_lon_105.2717336_alt_20.190m,0,480,640,480,147453,0
DJI_DateTime_2024_06_04_11_08_0083_lat_10.3004388_lon_105.2717336_alt_20.190m,train,DJI_DateTime_2024_06_04_11_08_0083_lat_10.3004388_lon_105.2717336_alt_20.190m__p003,DJI_DateTime_2024_06_04_11_08_0083_lat_10.3004388_lon_105.2717336_alt_20.190m,640,480,640,480,241566,0
DJI_DateTime_2024_06_04_11_08_0084_lat_10.3004583_lon_105.2716883_alt_20.218m,train,DJI_DateTime_2024_06_04_11_08_0084_lat_10.3004583_lon_105.2716883_alt_20.218m__p000,DJI_DateTime_2024_06_04_11_08_0084_lat_10.3004583_lon_105.2716883_alt_20.218m,0,0,640,480,25647,0
DJI_DateTime_2024_06_04_11_08_0084_lat_10.3004583_lon_105.2716883_alt_20.218m,train,DJI_DateTime_2024_06_04_11_08_0084_lat_10.3004583_lon_105.2716883_alt_20.218m__p001,DJI_DateTime_2024_06_04_11_08_0084_lat_10.3004583_lon_105.2716883_alt_20.218m,640,0,640,480,175299,0
DJI_DateTime_2024_06_04_11_08_0084_lat_10.3004583_lon_105.2716883_alt_20.218m,train,DJI_DateTime_2024_06_04_11_08_0084_lat_10.3004583_lon_105.2716883_alt_20.218m__p002,DJI_DateTime_2024_06_04_11_08_0084_lat_10.3004583_lon_105.2716883_alt_20.218m,0,480,640,480,99058,0
DJI_DateTime_2024_06_04_11_08_0084_lat_10.3004583_lon_105.2716883_alt_20.218m,train,DJI_DateTime_2024_06_04_11_08_0084_lat_10.3004583_lon_105.2716883_alt_20.218m__p003,DJI_DateTime_2024_06_04_11_08_0084_lat_10.3004583_lon_105.2716883_alt_20.218m,640,480,640,480,251104,0
DJI_DateTime_2024_06_04_11_08_0085_lat_10.3004784_lon_105.2716427_alt_20.194m,train,DJI_DateTime_2024_06_04_11_08_0085_lat_10.3004784_lon_105.2716427_alt_20.194m__p000,DJI_DateTime_2024_06_04_11_08_0085_lat_10.3004784_lon_105.2716427_alt_20.194m,0,0,640,480,31999,0
DJI_DateTime_2024_06_04_11_08_0085_lat_10.3004784_lon_105.2716427_alt_20.194m,train,DJI_DateTime_2024_06_04_11_08_0085_lat_10.3004784_lon_105.2716427_alt_20.194m__p001,DJI_DateTime_2024_06_04_11_08_0085_lat_10.3004784_lon_105.2716427_alt_20.194m,640,0,640,480,192521,0
DJI_DateTime_2024_06_04_11_08_0085_lat_10.3004784_lon_105.2716427_alt_20.194m,train,DJI_DateTime_2024_06_04_11_08_0085_lat_10.3004784_lon_105.2716427_alt_20.194m__p002,DJI_DateTime_2024_06_04_11_08_0085_lat_10.3004784_lon_105.2716427_alt_20.194m,0,480,640,480,88307,0
DJI_DateTime_2024_06_04_11_08_0085_lat_10.3004784_lon_105.2716427_alt_20.194m,train,DJI_DateTime_2024_06_04_11_08_0085_lat_10.3004784_lon_105.2716427_alt_20.194m__p003,DJI_DateTime_2024_06_04_11_08_0085_lat_10.3004784_lon_105.2716427_alt_20.194m,640,480,640,480,237212,0
DJI_DateTime_2024_06_04_11_08_0086_lat_10.3004984_lon_105.2715972_alt_20.192m,train,DJI_DateTime_2024_06_04_11_08_0086_lat_10.3004984_lon_105.2715972_alt_20.192m__p000,DJI_DateTime_2024_06_04_11_08_0086_lat_10.3004984_lon_105.2715972_alt_20.192m,0,0,640,480,27663,0
DJI_DateTime_2024_06_04_11_08_0086_lat_10.3004984_lon_105.2715972_alt_20.192m,train,DJI_DateTime_2024_06_04_11_08_0086_lat_10.3004984_lon_105.2715972_alt_20.192m__p001,DJI_DateTime_2024_06_04_11_08_0086_lat_10.3004984_lon_105.2715972_alt_20.192m,640,0,640,480,192940,0
DJI_DateTime_2024_06_04_11_08_0086_lat_10.3004984_lon_105.2715972_alt_20.192m,train,DJI_DateTime_2024_06_04_11_08_0086_lat_10.3004984_lon_105.2715972_alt_20.192m__p002,DJI_DateTime_2024_06_04_11_08_0086_lat_10.3004984_lon_105.2715972_alt_20.192m,0,480,640,480,65582,0
DJI_DateTime_2024_06_04_11_08_0086_lat_10.3004984_lon_105.2715972_alt_20.192m,train,DJI_DateTime_2024_06_04_11_08_0086_lat_10.3004984_lon_105.2715972_alt_20.192m__p003,DJI_DateTime_2024_06_04_11_08_0086_lat_10.3004984_lon_105.2715972_alt_20.192m,640,480,640,480,213612,0
DJI_DateTime_2024_06_04_11_08_0087_lat_10.3005181_lon_105.2715517_alt_20.255m,train,DJI_DateTime_2024_06_04_11_08_0087_lat_10.3005181_lon_105.2715517_alt_20.255m__p000,DJI_DateTime_2024_06_04_11_08_0087_lat_10.3005181_lon_105.2715517_alt_20.255m,0,0,640,480,108821,0
DJI_DateTime_2024_06_04_11_08_0087_lat_10.3005181_lon_105.2715517_alt_20.255m,train,DJI_DateTime_2024_06_04_11_08_0087_lat_10.3005181_lon_105.2715517_alt_20.255m__p001,DJI_DateTime_2024_06_04_11_08_0087_lat_10.3005181_lon_105.2715517_alt_20.255m,640,0,640,480,218993,0
DJI_DateTime_2024_06_04_11_08_0087_lat_10.3005181_lon_105.2715517_alt_20.255m,train,DJI_DateTime_2024_06_04_11_08_0087_lat_10.3005181_lon_105.2715517_alt_20.255m__p002,DJI_DateTime_2024_06_04_11_08_0087_lat_10.3005181_lon_105.2715517_alt_20.255m,0,480,640,480,60214,0
DJI_DateTime_2024_06_04_11_08_0087_lat_10.3005181_lon_105.2715517_alt_20.255m,train,DJI_DateTime_2024_06_04_11_08_0087_lat_10.3005181_lon_105.2715517_alt_20.255m__p003,DJI_DateTime_2024_06_04_11_08_0087_lat_10.3005181_lon_105.2715517_alt_20.255m,640,480,640,480,199559,0
DJI_DateTime_2024_06_04_11_08_0088_lat_10.3005383_lon_105.2715066_alt_20.182m,train,DJI_DateTime_2024_06_04_11_08_0088_lat_10.3005383_lon_105.2715066_alt_20.182m__p000,DJI_DateTime_2024_06_04_11_08_0088_lat_10.3005383_lon_105.2715066_alt_20.182m,0,0,640,480,80199,0
DJI_DateTime_2024_06_04_11_08_0088_lat_10.3005383_lon_105.2715066_alt_20.182m,train,DJI_DateTime_2024_06_04_11_08_0088_lat_10.3005383_lon_105.2715066_alt_20.182m__p001,DJI_DateTime_2024_06_04_11_08_0088_lat_10.3005383_lon_105.2715066_alt_20.182m,640,0,640,480,207001,0
DJI_DateTime_2024_06_04_11_08_0088_lat_10.3005383_lon_105.2715066_alt_20.182m,train,DJI_DateTime_2024_06_04_11_08_0088_lat_10.3005383_lon_105.2715066_alt_20.182m__p002,DJI_DateTime_2024_06_04_11_08_0088_lat_10.3005383_lon_105.2715066_alt_20.182m,0,480,640,480,138618,0
DJI_DateTime_2024_06_04_11_08_0088_lat_10.3005383_lon_105.2715066_alt_20.182m,train,DJI_DateTime_2024_06_04_11_08_0088_lat_10.3005383_lon_105.2715066_alt_20.182m__p003,DJI_DateTime_2024_06_04_11_08_0088_lat_10.3005383_lon_105.2715066_alt_20.182m,640,480,640,480,240445,0
DJI_DateTime_2024_06_04_11_08_0089_lat_10.3005576_lon_105.2714620_alt_20.133m,train,DJI_DateTime_2024_06_04_11_08_0089_lat_10.3005576_lon_105.2714620_alt_20.133m__p000,DJI_DateTime_2024_06_04_11_08_0089_lat_10.3005576_lon_105.2714620_alt_20.133m,0,0,640,480,60073,0
DJI_DateTime_2024_06_04_11_08_0089_lat_10.3005576_lon_105.2714620_alt_20.133m,train,DJI_DateTime_2024_06_04_11_08_0089_lat_10.3005576_lon_105.2714620_alt_20.133m__p001,DJI_DateTime_2024_06_04_11_08_0089_lat_10.3005576_lon_105.2714620_alt_20.133m,640,0,640,480,204547,0
DJI_DateTime_2024_06_04_11_08_0089_lat_10.3005576_lon_105.2714620_alt_20.133m,train,DJI_DateTime_2024_06_04_11_08_0089_lat_10.3005576_lon_105.2714620_alt_20.133m__p002,DJI_DateTime_2024_06_04_11_08_0089_lat_10.3005576_lon_105.2714620_alt_20.133m,0,480,640,480,156470,0
DJI_DateTime_2024_06_04_11_08_0089_lat_10.3005576_lon_105.2714620_alt_20.133m,train,DJI_DateTime_2024_06_04_11_08_0089_lat_10.3005576_lon_105.2714620_alt_20.133m__p003,DJI_DateTime_2024_06_04_11_08_0089_lat_10.3005576_lon_105.2714620_alt_20.133m,640,480,640,480,245162,0
DJI_DateTime_2024_06_04_11_08_0090_lat_10.3005779_lon_105.2714156_alt_20.184m,train,DJI_DateTime_2024_06_04_11_08_0090_lat_10.3005779_lon_105.2714156_alt_20.184m__p000,DJI_DateTime_2024_06_04_11_08_0090_lat_10.3005779_lon_105.2714156_alt_20.184m,0,0,640,480,22586,0
DJI_DateTime_2024_06_04_11_08_0090_lat_10.3005779_lon_105.2714156_alt_20.184m,train,DJI_DateTime_2024_06_04_11_08_0090_lat_10.3005779_lon_105.2714156_alt_20.184m__p001,DJI_DateTime_2024_06_04_11_08_0090_lat_10.3005779_lon_105.2714156_alt_20.184m,640,0,640,480,129999,0
DJI_DateTime_2024_06_04_11_08_0090_lat_10.3005779_lon_105.2714156_alt_20.184m,train,DJI_DateTime_2024_06_04_11_08_0090_lat_10.3005779_lon_105.2714156_alt_20.184m__p002,DJI_DateTime_2024_06_04_11_08_0090_lat_10.3005779_lon_105.2714156_alt_20.184m,0,480,640,480,142843,0
DJI_DateTime_2024_06_04_11_08_0090_lat_10.3005779_lon_105.2714156_alt_20.184m,train,DJI_DateTime_2024_06_04_11_08_0090_lat_10.3005779_lon_105.2714156_alt_20.184m__p003,DJI_DateTime_2024_06_04_11_08_0090_lat_10.3005779_lon_105.2714156_alt_20.184m,640,480,640,480,252679,0
DJI_DateTime_2024_06_04_11_08_0091_lat_10.3005974_lon_105.2713709_alt_20.150m,train,DJI_DateTime_2024_06_04_11_08_0091_lat_10.3005974_lon_105.2713709_alt_20.150m__p001,DJI_DateTime_2024_06_04_11_08_0091_lat_10.3005974_lon_105.2713709_alt_20.150m,640,0,640,480,28810,0
DJI_DateTime_2024_06_04_11_08_0091_lat_10.3005974_lon_105.2713709_alt_20.150m,train,DJI_DateTime_2024_06_04_11_08_0091_lat_10.3005974_lon_105.2713709_alt_20.150m__p002,DJI_DateTime_2024_06_04_11_08_0091_lat_10.3005974_lon_105.2713709_alt_20.150m,0,480,640,480,123800,0
DJI_DateTime_2024_06_04_11_08_0091_lat_10.3005974_lon_105.2713709_alt_20.150m,train,DJI_DateTime_2024_06_04_11_08_0091_lat_10.3005974_lon_105.2713709_alt_20.150m__p003,DJI_DateTime_2024_06_04_11_08_0091_lat_10.3005974_lon_105.2713709_alt_20.150m,640,480,640,480,203196,0
DJI_DateTime_2024_06_04_11_08_0092_lat_10.3006174_lon_105.2713269_alt_20.198m,train,DJI_DateTime_2024_06_04_11_08_0092_lat_10.3006174_lon_105.2713269_alt_20.198m__p002,DJI_DateTime_2024_06_04_11_08_0092_lat_10.3006174_lon_105.2713269_alt_20.198m,0,480,640,480,33000,0
DJI_DateTime_2024_06_04_11_08_0092_lat_10.3006174_lon_105.2713269_alt_20.198m,train,DJI_DateTime_2024_06_04_11_08_0092_lat_10.3006174_lon_105.2713269_alt_20.198m__p003,DJI_DateTime_2024_06_04_11_08_0092_lat_10.3006174_lon_105.2713269_alt_20.198m,640,480,640,480,90786,0
DJI_DateTime_2024_06_04_11_09_0093_lat_10.3006372_lon_105.2712811_alt_20.224m,train,DJI_DateTime_2024_06_04_11_09_0093_lat_10.3006372_lon_105.2712811_alt_20.224m__p003,DJI_DateTime_2024_06_04_11_09_0093_lat_10.3006372_lon_105.2712811_alt_20.224m,640,480,640,480,9308,0
DJI_DateTime_2024_06_04_11_09_0111_lat_10.3005641_lon_105.2712811_alt_20.159m,train,DJI_DateTime_2024_06_04_11_09_0111_lat_10.3005641_lon_105.2712811_alt_20.159m__p000,DJI_DateTime_2024_06_04_11_09_0111_lat_10.3005641_lon_105.2712811_alt_20.159m,0,0,640,480,13571,0
DJI_DateTime_2024_06_04_11_09_0111_lat_10.3005641_lon_105.2712811_alt_20.159m,train,DJI_DateTime_2024_06_04_11_09_0111_lat_10.3005641_lon_105.2712811_alt_20.159m__p001,DJI_DateTime_2024_06_04_11_09_0111_lat_10.3005641_lon_105.2712811_alt_20.159m,640,0,640,480,10182,0
DJI_DateTime_2024_06_04_11_10_0112_lat_10.3005441_lon_105.2713268_alt_20.226m,train,DJI_DateTime_2024_06_04_11_10_0112_lat_10.3005441_lon_105.2713268_alt_20.226m__p000,DJI_DateTime_2024_06_04_11_10_0112_lat_10.3005441_lon_105.2713268_alt_20.226m,0,0,640,480,71126,0
DJI_DateTime_2024_06_04_11_10_0112_lat_10.3005441_lon_105.2713268_alt_20.226m,train,DJI_DateTime_2024_06_04_11_10_0112_lat_10.3005441_lon_105.2713268_alt_20.226m__p001,DJI_DateTime_2024_06_04_11_10_0112_lat_10.3005441_lon_105.2713268_alt_20.226m,640,0,640,480,118840,0
DJI_DateTime_2024_06_04_11_10_0112_lat_10.3005441_lon_105.2713268_alt_20.226m,train,DJI_DateTime_2024_06_04_11_10_0112_lat_10.3005441_lon_105.2713268_alt_20.226m__p002,DJI_DateTime_2024_06_04_11_10_0112_lat_10.3005441_lon_105.2713268_alt_20.226m,0,480,640,480,0,1
DJI_DateTime_2024_06_04_11_10_0113_lat_10.3005235_lon_105.2713722_alt_20.217m,train,DJI_DateTime_2024_06_04_11_10_0113_lat_10.3005235_lon_105.2713722_alt_20.217m__p000,DJI_DateTime_2024_06_04_11_10_0113_lat_10.3005235_lon_105.2713722_alt_20.217m,0,0,640,480,180420,0
DJI_DateTime_2024_06_04_11_10_0113_lat_10.3005235_lon_105.2713722_alt_20.217m,train,DJI_DateTime_2024_06_04_11_10_0113_lat_10.3005235_lon_105.2713722_alt_20.217m__p001,DJI_DateTime_2024_06_04_11_10_0113_lat_10.3005235_lon_105.2713722_alt_20.217m,640,0,640,480,176685,0
DJI_DateTime_2024_06_04_11_10_0113_lat_10.3005235_lon_105.2713722_alt_20.217m,train,DJI_DateTime_2024_06_04_11_10_0113_lat_10.3005235_lon_105.2713722_alt_20.217m__p002,DJI_DateTime_2024_06_04_11_10_0113_lat_10.3005235_lon_105.2713722_alt_20.217m,0,480,640,480,20526,0
DJI_DateTime_2024_06_04_11_10_0113_lat_10.3005235_lon_105.2713722_alt_20.217m,train,DJI_DateTime_2024_06_04_11_10_0113_lat_10.3005235_lon_105.2713722_alt_20.217m__p003,DJI_DateTime_2024_06_04_11_10_0113_lat_10.3005235_lon_105.2713722_alt_20.217m,640,480,640,480,17504,0
DJI_DateTime_2024_06_04_11_10_0114_lat_10.3005041_lon_105.2714172_alt_20.200m,train,DJI_DateTime_2024_06_04_11_10_0114_lat_10.3005041_lon_105.2714172_alt_20.200m__p000,DJI_DateTime_2024_06_04_11_10_0114_lat_10.3005041_lon_105.2714172_alt_20.200m,0,0,640,480,157985,0
DJI_DateTime_2024_06_04_11_10_0114_lat_10.3005041_lon_105.2714172_alt_20.200m,train,DJI_DateTime_2024_06_04_11_10_0114_lat_10.3005041_lon_105.2714172_alt_20.200m__p001,DJI_DateTime_2024_06_04_11_10_0114_lat_10.3005041_lon_105.2714172_alt_20.200m,640,0,640,480,74268,0
DJI_DateTime_2024_06_04_11_10_0114_lat_10.3005041_lon_105.2714172_alt_20.200m,train,DJI_DateTime_2024_06_04_11_10_0114_lat_10.3005041_lon_105.2714172_alt_20.200m__p002,DJI_DateTime_2024_06_04_11_10_0114_lat_10.3005041_lon_105.2714172_alt_20.200m,0,480,640,480,103110,0
DJI_DateTime_2024_06_04_11_10_0114_lat_10.3005041_lon_105.2714172_alt_20.200m,train,DJI_DateTime_2024_06_04_11_10_0114_lat_10.3005041_lon_105.2714172_alt_20.200m__p003,DJI_DateTime_2024_06_04_11_10_0114_lat_10.3005041_lon_105.2714172_alt_20.200m,640,480,640,480,98587,0
DJI_DateTime_2024_06_04_11_10_0115_lat_10.3004839_lon_105.2714630_alt_20.320m,train,DJI_DateTime_2024_06_04_11_10_0115_lat_10.3004839_lon_105.2714630_alt_20.320m__p000,DJI_DateTime_2024_06_04_11_10_0115_lat_10.3004839_lon_105.2714630_alt_20.320m,0,0,640,480,190562,0
DJI_DateTime_2024_06_04_11_10_0115_lat_10.3004839_lon_105.2714630_alt_20.320m,train,DJI_DateTime_2024_06_04_11_10_0115_lat_10.3004839_lon_105.2714630_alt_20.320m__p001,DJI_DateTime_2024_06_04_11_10_0115_lat_10.3004839_lon_105.2714630_alt_20.320m,640,0,640,480,64687,0
DJI_DateTime_2024_06_04_11_10_0115_lat_10.3004839_lon_105.2714630_alt_20.320m,train,DJI_DateTime_2024_06_04_11_10_0115_lat_10.3004839_lon_105.2714630_alt_20.320m__p002,DJI_DateTime_2024_06_04_11_10_0115_lat_10.3004839_lon_105.2714630_alt_20.320m,0,480,640,480,187139,0
DJI_DateTime_2024_06_04_11_10_0115_lat_10.3004839_lon_105.2714630_alt_20.320m,train,DJI_DateTime_2024_06_04_11_10_0115_lat_10.3004839_lon_105.2714630_alt_20.320m__p003,DJI_DateTime_2024_06_04_11_10_0115_lat_10.3004839_lon_105.2714630_alt_20.320m,640,480,640,480,71867,0
DJI_DateTime_2024_06_04_11_10_0116_lat_10.3004642_lon_105.2715076_alt_20.236m,train,DJI_DateTime_2024_06_04_11_10_0116_lat_10.3004642_lon_105.2715076_alt_20.236m__p000,DJI_DateTime_2024_06_04_11_10_0116_lat_10.3004642_lon_105.2715076_alt_20.236m,0,0,640,480,146228,0
DJI_DateTime_2024_06_04_11_10_0116_lat_10.3004642_lon_105.2715076_alt_20.236m,train,DJI_DateTime_2024_06_04_11_10_0116_lat_10.3004642_lon_105.2715076_alt_20.236m__p001,DJI_DateTime_2024_06_04_11_10_0116_lat_10.3004642_lon_105.2715076_alt_20.236m,640,0,640,480,46875,0
DJI_DateTime_2024_06_04_11_10_0116_lat_10.3004642_lon_105.2715076_alt_20.236m,train,DJI_DateTime_2024_06_04_11_10_0116_lat_10.3004642_lon_105.2715076_alt_20.236m__p002,DJI_DateTime_2024_06_04_11_10_0116_lat_10.3004642_lon_105.2715076_alt_20.236m,0,480,640,480,195805,0
DJI_DateTime_2024_06_04_11_10_0116_lat_10.3004642_lon_105.2715076_alt_20.236m,train,DJI_DateTime_2024_06_04_11_10_0116_lat_10.3004642_lon_105.2715076_alt_20.236m__p003,DJI_DateTime_2024_06_04_11_10_0116_lat_10.3004642_lon_105.2715076_alt_20.236m,640,480,640,480,20575,0
DJI_DateTime_2024_06_04_11_10_0117_lat_10.3004436_lon_105.2715544_alt_20.238m,train,DJI_DateTime_2024_06_04_11_10_0117_lat_10.3004436_lon_105.2715544_alt_20.238m__p000,DJI_DateTime_2024_06_04_11_10_0117_lat_10.3004436_lon_105.2715544_alt_20.238m,0,0,640,480,114580,0
DJI_DateTime_2024_06_04_11_10_0117_lat_10.3004436_lon_105.2715544_alt_20.238m,train,DJI_DateTime_2024_06_04_11_10_0117_lat_10.3004436_lon_105.2715544_alt_20.238m__p001,DJI_DateTime_2024_06_04_11_10_0117_lat_10.3004436_lon_105.2715544_alt_20.238m,640,0,640,480,124393,0
DJI_DateTime_2024_06_04_11_10_0117_lat_10.3004436_lon_105.2715544_alt_20.238m,train,DJI_DateTime_2024_06_04_11_10_0117_lat_10.3004436_lon_105.2715544_alt_20.238m__p002,DJI_DateTime_2024_06_04_11_10_0117_lat_10.3004436_lon_105.2715544_alt_20.238m,0,480,640,480,209777,0
DJI_DateTime_2024_06_04_11_10_0117_lat_10.3004436_lon_105.2715544_alt_20.238m,train,DJI_DateTime_2024_06_04_11_10_0117_lat_10.3004436_lon_105.2715544_alt_20.238m__p003,DJI_DateTime_2024_06_04_11_10_0117_lat_10.3004436_lon_105.2715544_alt_20.238m,640,480,640,480,27670,0
DJI_DateTime_2024_06_04_11_10_0118_lat_10.3004243_lon_105.2715983_alt_20.173m,train,DJI_DateTime_2024_06_04_11_10_0118_lat_10.3004243_lon_105.2715983_alt_20.173m__p000,DJI_DateTime_2024_06_04_11_10_0118_lat_10.3004243_lon_105.2715983_alt_20.173m,0,0,640,480,121574,0
DJI_DateTime_2024_06_04_11_10_0118_lat_10.3004243_lon_105.2715983_alt_20.173m,train,DJI_DateTime_2024_06_04_11_10_0118_lat_10.3004243_lon_105.2715983_alt_20.173m__p001,DJI_DateTime_2024_06_04_11_10_0118_lat_10.3004243_lon_105.2715983_alt_20.173m,640,0,640,480,122171,0
DJI_DateTime_2024_06_04_11_10_0118_lat_10.3004243_lon_105.2715983_alt_20.173m,train,DJI_DateTime_2024_06_04_11_10_0118_lat_10.3004243_lon_105.2715983_alt_20.173m__p002,DJI_DateTime_2024_06_04_11_10_0118_lat_10.3004243_lon_105.2715983_alt_20.173m,0,480,640,480,113697,0
DJI_DateTime_2024_06_04_11_10_0118_lat_10.3004243_lon_105.2715983_alt_20.173m,train,DJI_DateTime_2024_06_04_11_10_0118_lat_10.3004243_lon_105.2715983_alt_20.173m__p003,DJI_DateTime_2024_06_04_11_10_0118_lat_10.3004243_lon_105.2715983_alt_20.173m,640,480,640,480,53396,0
DJI_DateTime_2024_06_04_11_10_0119_lat_10.3004038_lon_105.2716442_alt_20.186m,train,DJI_DateTime_2024_06_04_11_10_0119_lat_10.3004038_lon_105.2716442_alt_20.186m__p000,DJI_DateTime_2024_06_04_11_10_0119_lat_10.3004038_lon_105.2716442_alt_20.186m,0,0,640,480,149963,0
DJI_DateTime_2024_06_04_11_10_0119_lat_10.3004038_lon_105.2716442_alt_20.186m,train,DJI_DateTime_2024_06_04_11_10_0119_lat_10.3004038_lon_105.2716442_alt_20.186m__p001,DJI_DateTime_2024_06_04_11_10_0119_lat_10.3004038_lon_105.2716442_alt_20.186m,640,0,640,480,67770,0
DJI_DateTime_2024_06_04_11_10_0119_lat_10.3004038_lon_105.2716442_alt_20.186m,train,DJI_DateTime_2024_06_04_11_10_0119_lat_10.3004038_lon_105.2716442_alt_20.186m__p002,DJI_DateTime_2024_06_04_11_10_0119_lat_10.3004038_lon_105.2716442_alt_20.186m,0,480,640,480,113353,0
DJI_DateTime_2024_06_04_11_10_0119_lat_10.3004038_lon_105.2716442_alt_20.186m,train,DJI_DateTime_2024_06_04_11_10_0119_lat_10.3004038_lon_105.2716442_alt_20.186m__p003,DJI_DateTime_2024_06_04_11_10_0119_lat_10.3004038_lon_105.2716442_alt_20.186m,640,480,640,480,76000,0
DJI_DateTime_2024_06_04_11_10_0120_lat_10.3003840_lon_105.2716886_alt_20.201m,train,DJI_DateTime_2024_06_04_11_10_0120_lat_10.3003840_lon_105.2716886_alt_20.201m__p000,DJI_DateTime_2024_06_04_11_10_0120_lat_10.3003840_lon_105.2716886_alt_20.201m,0,0,640,480,156332,0
DJI_DateTime_2024_06_04_11_10_0120_lat_10.3003840_lon_105.2716886_alt_20.201m,train,DJI_DateTime_2024_06_04_11_10_0120_lat_10.3003840_lon_105.2716886_alt_20.201m__p001,DJI_DateTime_2024_06_04_11_10_0120_lat_10.3003840_lon_105.2716886_alt_20.201m,640,0,640,480,84656,0
DJI_DateTime_2024_06_04_11_10_0120_lat_10.3003840_lon_105.2716886_alt_20.201m,train,DJI_DateTime_2024_06_04_11_10_0120_lat_10.3003840_lon_105.2716886_alt_20.201m__p002,DJI_DateTime_2024_06_04_11_10_0120_lat_10.3003840_lon_105.2716886_alt_20.201m,0,480,640,480,142071,0
DJI_DateTime_2024_06_04_11_10_0120_lat_10.3003840_lon_105.2716886_alt_20.201m,train,DJI_DateTime_2024_06_04_11_10_0120_lat_10.3003840_lon_105.2716886_alt_20.201m__p003,DJI_DateTime_2024_06_04_11_10_0120_lat_10.3003840_lon_105.2716886_alt_20.201m,640,480,640,480,35981,0
DJI_DateTime_2024_06_04_11_10_0121_lat_10.3003641_lon_105.2717343_alt_20.211m,train,DJI_DateTime_2024_06_04_11_10_0121_lat_10.3003641_lon_105.2717343_alt_20.211m__p000,DJI_DateTime_2024_06_04_11_10_0121_lat_10.3003641_lon_105.2717343_alt_20.211m,0,0,640,480,171472,0
DJI_DateTime_2024_06_04_11_10_0121_lat_10.3003641_lon_105.2717343_alt_20.211m,train,DJI_DateTime_2024_06_04_11_10_0121_lat_10.3003641_lon_105.2717343_alt_20.211m__p001,DJI_DateTime_2024_06_04_11_10_0121_lat_10.3003641_lon_105.2717343_alt_20.211m,640,0,640,480,87560,0
DJI_DateTime_2024_06_04_11_10_0121_lat_10.3003641_lon_105.2717343_alt_20.211m,train,DJI_DateTime_2024_06_04_11_10_0121_lat_10.3003641_lon_105.2717343_alt_20.211m__p002,DJI_DateTime_2024_06_04_11_10_0121_lat_10.3003641_lon_105.2717343_alt_20.211m,0,480,640,480,151328,0
DJI_DateTime_2024_06_04_11_10_0121_lat_10.3003641_lon_105.2717343_alt_20.211m,train,DJI_DateTime_2024_06_04_11_10_0121_lat_10.3003641_lon_105.2717343_alt_20.211m__p003,DJI_DateTime_2024_06_04_11_10_0121_lat_10.3003641_lon_105.2717343_alt_20.211m,640,480,640,480,33171,0
DJI_DateTime_2024_06_04_11_10_0122_lat_10.3003442_lon_105.2717796_alt_20.224m,train,DJI_DateTime_2024_06_04_11_10_0122_lat_10.3003442_lon_105.2717796_alt_20.224m__p000,DJI_DateTime_2024_06_04_11_10_0122_lat_10.3003442_lon_105.2717796_alt_20.224m,0,0,640,480,52637,0
DJI_DateTime_2024_06_04_11_10_0122_lat_10.3003442_lon_105.2717796_alt_20.224m,train,DJI_DateTime_2024_06_04_11_10_0122_lat_10.3003442_lon_105.2717796_alt_20.224m__p001,DJI_DateTime_2024_06_04_11_10_0122_lat_10.3003442_lon_105.2717796_alt_20.224m,640,0,640,480,5973,0
DJI_DateTime_2024_06_04_11_10_0122_lat_10.3003442_lon_105.2717796_alt_20.224m,train,DJI_DateTime_2024_06_04_11_10_0122_lat_10.3003442_lon_105.2717796_alt_20.224m__p002,DJI_DateTime_2024_06_04_11_10_0122_lat_10.3003442_lon_105.2717796_alt_20.224m,0,480,640,480,188226,0
DJI_DateTime_2024_06_04_11_10_0122_lat_10.3003442_lon_105.2717796_alt_20.224m,train,DJI_DateTime_2024_06_04_11_10_0122_lat_10.3003442_lon_105.2717796_alt_20.224m__p003,DJI_DateTime_2024_06_04_11_10_0122_lat_10.3003442_lon_105.2717796_alt_20.224m,640,480,640,480,106412,0
DJI_DateTime_2024_06_04_11_10_0123_lat_10.3003244_lon_105.2718251_alt_20.207m,train,DJI_DateTime_2024_06_04_11_10_0123_lat_10.3003244_lon_105.2718251_alt_20.207m__p000,DJI_DateTime_2024_06_04_11_10_0123_lat_10.3003244_lon_105.2718251_alt_20.207m,0,0,640,480,37031,0
DJI_DateTime_2024_06_04_11_10_0123_lat_10.3003244_lon_105.2718251_alt_20.207m,train,DJI_DateTime_2024_06_04_11_10_0123_lat_10.3003244_lon_105.2718251_alt_20.207m__p001,DJI_DateTime_2024_06_04_11_10_0123_lat_10.3003244_lon_105.2718251_alt_20.207m,640,0,640,480,32288,0
DJI_DateTime_2024_06_04_11_10_0123_lat_10.3003244_lon_105.2718251_alt_20.207m,train,DJI_DateTime_2024_06_04_11_10_0123_lat_10.3003244_lon_105.2718251_alt_20.207m__p002,DJI_DateTime_2024_06_04_11_10_0123_lat_10.3003244_lon_105.2718251_alt_20.207m,0,480,640,480,114065,0
DJI_DateTime_2024_06_04_11_10_0123_lat_10.3003244_lon_105.2718251_alt_20.207m,train,DJI_DateTime_2024_06_04_11_10_0123_lat_10.3003244_lon_105.2718251_alt_20.207m__p003,DJI_DateTime_2024_06_04_11_10_0123_lat_10.3003244_lon_105.2718251_alt_20.207m,640,480,640,480,37106,0
DJI_DateTime_2024_06_04_11_10_0124_lat_10.3003052_lon_105.2718704_alt_20.334m,train,DJI_DateTime_2024_06_04_11_10_0124_lat_10.3003052_lon_105.2718704_alt_20.334m__p000,DJI_DateTime_2024_06_04_11_10_0124_lat_10.3003052_lon_105.2718704_alt_20.334m,0,0,640,480,11533,0
DJI_DateTime_2024_06_04_11_10_0124_lat_10.3003052_lon_105.2718704_alt_20.334m,train,DJI_DateTime_2024_06_04_11_10_0124_lat_10.3003052_lon_105.2718704_alt_20.334m__p001,DJI_DateTime_2024_06_04_11_10_0124_lat_10.3003052_lon_105.2718704_alt_20.334m,640,0,640,480,44170,0
DJI_DateTime_2024_06_04_11_10_0124_lat_10.3003052_lon_105.2718704_alt_20.334m,train,DJI_DateTime_2024_06_04_11_10_0124_lat_10.3003052_lon_105.2718704_alt_20.334m__p002,DJI_DateTime_2024_06_04_11_10_0124_lat_10.3003052_lon_105.2718704_alt_20.334m,0,480,640,480,55377,0
DJI_DateTime_2024_06_04_11_10_0124_lat_10.3003052_lon_105.2718704_alt_20.334m,train,DJI_DateTime_2024_06_04_11_10_0124_lat_10.3003052_lon_105.2718704_alt_20.334m__p003,DJI_DateTime_2024_06_04_11_10_0124_lat_10.3003052_lon_105.2718704_alt_20.334m,640,480,640,480,14190,0
DJI_DateTime_2024_06_04_11_10_0125_lat_10.3002852_lon_105.2719144_alt_20.273m,train,DJI_DateTime_2024_06_04_11_10_0125_lat_10.3002852_lon_105.2719144_alt_20.273m__p000,DJI_DateTime_2024_06_04_11_10_0125_lat_10.3002852_lon_105.2719144_alt_20.273m,0,0,640,480,10779,0
DJI_DateTime_2024_06_04_11_10_0125_lat_10.3002852_lon_105.2719144_alt_20.273m,train,DJI_DateTime_2024_06_04_11_10_0125_lat_10.3002852_lon_105.2719144_alt_20.273m__p001,DJI_DateTime_2024_06_04_11_10_0125_lat_10.3002852_lon_105.2719144_alt_20.273m,640,0,640,480,6305,0
DJI_DateTime_2024_06_04_11_10_0125_lat_10.3002852_lon_105.2719144_alt_20.273m,train,DJI_DateTime_2024_06_04_11_10_0125_lat_10.3002852_lon_105.2719144_alt_20.273m__p002,DJI_DateTime_2024_06_04_11_10_0125_lat_10.3002852_lon_105.2719144_alt_20.273m,0,480,640,480,25975,0
DJI_DateTime_2024_06_04_11_10_0125_lat_10.3002852_lon_105.2719144_alt_20.273m,train,DJI_DateTime_2024_06_04_11_10_0125_lat_10.3002852_lon_105.2719144_alt_20.273m__p003,DJI_DateTime_2024_06_04_11_10_0125_lat_10.3002852_lon_105.2719144_alt_20.273m,640,480,640,480,45942,0
DJI_DateTime_2024_06_04_11_10_0126_lat_10.3002650_lon_105.2719594_alt_20.176m,train,DJI_DateTime_2024_06_04_11_10_0126_lat_10.3002650_lon_105.2719594_alt_20.176m__p000,DJI_DateTime_2024_06_04_11_10_0126_lat_10.3002650_lon_105.2719594_alt_20.176m,0,0,640,480,26525,0
DJI_DateTime_2024_06_04_11_10_0126_lat_10.3002650_lon_105.2719594_alt_20.176m,train,DJI_DateTime_2024_06_04_11_10_0126_lat_10.3002650_lon_105.2719594_alt_20.176m__p001,DJI_DateTime_2024_06_04_11_10_0126_lat_10.3002650_lon_105.2719594_alt_20.176m,640,0,640,480,8351,0
DJI_DateTime_2024_06_04_11_10_0126_lat_10.3002650_lon_105.2719594_alt_20.176m,train,DJI_DateTime_2024_06_04_11_10_0126_lat_10.3002650_lon_105.2719594_alt_20.176m__p002,DJI_DateTime_2024_06_04_11_10_0126_lat_10.3002650_lon_105.2719594_alt_20.176m,0,480,640,480,21291,0
DJI_DateTime_2024_06_04_11_10_0126_lat_10.3002650_lon_105.2719594_alt_20.176m,train,DJI_DateTime_2024_06_04_11_10_0126_lat_10.3002650_lon_105.2719594_alt_20.176m__p003,DJI_DateTime_2024_06_04_11_10_0126_lat_10.3002650_lon_105.2719594_alt_20.176m,640,480,640,480,37380,0
DJI_DateTime_2024_06_04_11_10_0129_lat_10.3002224_lon_105.2718953_alt_20.166m,train,DJI_DateTime_2024_06_04_11_10_0129_lat_10.3002224_lon_105.2718953_alt_20.166m__p000,DJI_DateTime_2024_06_04_11_10_0129_lat_10.3002224_lon_105.2718953_alt_20.166m,0,0,640,480,54315,0
DJI_DateTime_2024_06_04_11_10_0129_lat_10.3002224_lon_105.2718953_alt_20.166m,train,DJI_DateTime_2024_06_04_11_10_0129_lat_10.3002224_lon_105.2718953_alt_20.166m__p001,DJI_DateTime_2024_06_04_11_10_0129_lat_10.3002224_lon_105.2718953_alt_20.166m,640,0,640,480,11791,0
DJI_DateTime_2024_06_04_11_10_0129_lat_10.3002224_lon_105.2718953_alt_20.166m,train,DJI_DateTime_2024_06_04_11_10_0129_lat_10.3002224_lon_105.2718953_alt_20.166m__p002,DJI_DateTime_2024_06_04_11_10_0129_lat_10.3002224_lon_105.2718953_alt_20.166m,0,480,640,480,5241,0
DJI_DateTime_2024_06_04_11_10_0129_lat_10.3002224_lon_105.2718953_alt_20.166m,train,DJI_DateTime_2024_06_04_11_10_0129_lat_10.3002224_lon_105.2718953_alt_20.166m__p003,DJI_DateTime_2024_06_04_11_10_0129_lat_10.3002224_lon_105.2718953_alt_20.166m,640,480,640,480,5617,0
DJI_DateTime_2024_06_04_11_10_0130_lat_10.3002426_lon_105.2718497_alt_20.213m,train,DJI_DateTime_2024_06_04_11_10_0130_lat_10.3002426_lon_105.2718497_alt_20.213m__p000,DJI_DateTime_2024_06_04_11_10_0130_lat_10.3002426_lon_105.2718497_alt_20.213m,0,0,640,480,18502,0
DJI_DateTime_2024_06_04_11_10_0130_lat_10.3002426_lon_105.2718497_alt_20.213m,train,DJI_DateTime_2024_06_04_11_10_0130_lat_10.3002426_lon_105.2718497_alt_20.213m__p001,DJI_DateTime_2024_06_04_11_10_0130_lat_10.3002426_lon_105.2718497_alt_20.213m,640,0,640,480,0,1
DJI_DateTime_2024_06_04_11_10_0130_lat_10.3002426_lon_105.2718497_alt_20.213m,train,DJI_DateTime_2024_06_04_11_10_0130_lat_10.3002426_lon_105.2718497_alt_20.213m__p002,DJI_DateTime_2024_06_04_11_10_0130_lat_10.3002426_lon_105.2718497_alt_20.213m,0,480,640,480,41132,0
DJI_DateTime_2024_06_04_11_10_0130_lat_10.3002426_lon_105.2718497_alt_20.213m,train,DJI_DateTime_2024_06_04_11_10_0130_lat_10.3002426_lon_105.2718497_alt_20.213m__p003,DJI_DateTime_2024_06_04_11_10_0130_lat_10.3002426_lon_105.2718497_alt_20.213m,640,480,640,480,7525,0
DJI_DateTime_2024_06_04_11_11_0131_lat_10.3002624_lon_105.2718033_alt_20.232m,train,DJI_DateTime_2024_06_04_11_11_0131_lat_10.3002624_lon_105.2718033_alt_20.232m__p000,DJI_DateTime_2024_06_04_11_11_0131_lat_10.3002624_lon_105.2718033_alt_20.232m,0,0,640,480,14641,0
DJI_DateTime_2024_06_04_11_11_0131_lat_10.3002624_lon_105.2718033_alt_20.232m,train,DJI_DateTime_2024_06_04_11_11_0131_lat_10.3002624_lon_105.2718033_alt_20.232m__p001,DJI_DateTime_2024_06_04_11_11_0131_lat_10.3002624_lon_105.2718033_alt_20.232m,640,0,640,480,16693,0
DJI_DateTime_2024_06_04_11_11_0131_lat_10.3002624_lon_105.2718033_alt_20.232m,train,DJI_DateTime_2024_06_04_11_11_0131_lat_10.3002624_lon_105.2718033_alt_20.232m__p002,DJI_DateTime_2024_06_04_11_11_0131_lat_10.3002624_lon_105.2718033_alt_20.232m,0,480,640,480,61401,0
DJI_DateTime_2024_06_04_11_11_0132_lat_10.3002823_lon_105.2717576_alt_20.255m,train,DJI_DateTime_2024_06_04_11_11_0132_lat_10.3002823_lon_105.2717576_alt_20.255m__p000,DJI_DateTime_2024_06_04_11_11_0132_lat_10.3002823_lon_105.2717576_alt_20.255m,0,0,640,480,59784,0
DJI_DateTime_2024_06_04_11_11_0132_lat_10.3002823_lon_105.2717576_alt_20.255m,train,DJI_DateTime_2024_06_04_11_11_0132_lat_10.3002823_lon_105.2717576_alt_20.255m__p001,DJI_DateTime_2024_06_04_11_11_0132_lat_10.3002823_lon_105.2717576_alt_20.255m,640,0,640,480,89825,0
DJI_DateTime_2024_06_04_11_11_0132_lat_10.3002823_lon_105.2717576_alt_20.255m,train,DJI_DateTime_2024_06_04_11_11_0132_lat_10.3002823_lon_105.2717576_alt_20.255m__p002,DJI_DateTime_2024_06_04_11_11_0132_lat_10.3002823_lon_105.2717576_alt_20.255m,0,480,640,480,13318,0
DJI_DateTime_2024_06_04_11_11_0132_lat_10.3002823_lon_105.2717576_alt_20.255m,train,DJI_DateTime_2024_06_04_11_11_0132_lat_10.3002823_lon_105.2717576_alt_20.255m__p003,DJI_DateTime_2024_06_04_11_11_0132_lat_10.3002823_lon_105.2717576_alt_20.255m,640,480,640,480,14562,0
DJI_DateTime_2024_06_04_11_11_0133_lat_10.3003019_lon_105.2717128_alt_20.136m,train,DJI_DateTime_2024_06_04_11_11_0133_lat_10.3003019_lon_105.2717128_alt_20.136m__p000,DJI_DateTime_2024_06_04_11_11_0133_lat_10.3003019_lon_105.2717128_alt_20.136m,0,0,640,480,40191,0
DJI_DateTime_2024_06_04_11_11_0133_lat_10.3003019_lon_105.2717128_alt_20.136m,train,DJI_DateTime_2024_06_04_11_11_0133_lat_10.3003019_lon_105.2717128_alt_20.136m__p001,DJI_DateTime_2024_06_04_11_11_0133_lat_10.3003019_lon_105.2717128_alt_20.136m,640,0,640,480,96743,0
DJI_DateTime_2024_06_04_11_11_0133_lat_10.3003019_lon_105.2717128_alt_20.136m,train,DJI_DateTime_2024_06_04_11_11_0133_lat_10.3003019_lon_105.2717128_alt_20.136m__p002,DJI_DateTime_2024_06_04_11_11_0133_lat_10.3003019_lon_105.2717128_alt_20.136m,0,480,640,480,56086,0
DJI_DateTime_2024_06_04_11_11_0133_lat_10.3003019_lon_105.2717128_alt_20.136m,train,DJI_DateTime_2024_06_04_11_11_0133_lat_10.3003019_lon_105.2717128_alt_20.136m__p003,DJI_DateTime_2024_06_04_11_11_0133_lat_10.3003019_lon_105.2717128_alt_20.136m,640,480,640,480,72608,0
DJI_DateTime_2024_06_04_11_11_0134_lat_10.3003219_lon_105.2716677_alt_20.182m,train,DJI_DateTime_2024_06_04_11_11_0134_lat_10.3003219_lon_105.2716677_alt_20.182m__p000,DJI_DateTime_2024_06_04_11_11_0134_lat_10.3003219_lon_105.2716677_alt_20.182m,0,0,640,480,55679,0
DJI_DateTime_2024_06_04_11_11_0134_lat_10.3003219_lon_105.2716677_alt_20.182m,train,DJI_DateTime_2024_06_04_11_11_0134_lat_10.3003219_lon_105.2716677_alt_20.182m__p001,DJI_DateTime_2024_06_04_11_11_0134_lat_10.3003219_lon_105.2716677_alt_20.182m,640,0,640,480,44873,0
DJI_DateTime_2024_06_04_11_11_0134_lat_10.3003219_lon_105.2716677_alt_20.182m,train,DJI_DateTime_2024_06_04_11_11_0134_lat_10.3003219_lon_105.2716677_alt_20.182m__p002,DJI_DateTime_2024_06_04_11_11_0134_lat_10.3003219_lon_105.2716677_alt_20.182m,0,480,640,480,81438,0
DJI_DateTime_2024_06_04_11_11_0134_lat_10.3003219_lon_105.2716677_alt_20.182m,train,DJI_DateTime_2024_06_04_11_11_0134_lat_10.3003219_lon_105.2716677_alt_20.182m__p003,DJI_DateTime_2024_06_04_11_11_0134_lat_10.3003219_lon_105.2716677_alt_20.182m,640,480,640,480,126599,0
DJI_DateTime_2024_06_04_11_11_0135_lat_10.3003416_lon_105.2716226_alt_20.146m,train,DJI_DateTime_2024_06_04_11_11_0135_lat_10.3003416_lon_105.2716226_alt_20.146m__p000,DJI_DateTime_2024_06_04_11_11_0135_lat_10.3003416_lon_105.2716226_alt_20.146m,0,0,640,480,99329,0
DJI_DateTime_2024_06_04_11_11_0135_lat_10.3003416_lon_105.2716226_alt_20.146m,train,DJI_DateTime_2024_06_04_11_11_0135_lat_10.3003416_lon_105.2716226_alt_20.146m__p001,DJI_DateTime_2024_06_04_11_11_0135_lat_10.3003416_lon_105.2716226_alt_20.146m,640,0,640,480,86245,0
DJI_DateTime_2024_06_04_11_11_0135_lat_10.3003416_lon_105.2716226_alt_20.146m,train,DJI_DateTime_2024_06_04_11_11_0135_lat_10.3003416_lon_105.2716226_alt_20.146m__p002,DJI_DateTime_2024_06_04_11_11_0135_lat_10.3003416_lon_105.2716226_alt_20.146m,0,480,640,480,61949,0
DJI_DateTime_2024_06_04_11_11_0135_lat_10.3003416_lon_105.2716226_alt_20.146m,train,DJI_DateTime_2024_06_04_11_11_0135_lat_10.3003416_lon_105.2716226_alt_20.146m__p003,DJI_DateTime_2024_06_04_11_11_0135_lat_10.3003416_lon_105.2716226_alt_20.146m,640,480,640,480,79581,0
DJI_DateTime_2024_06_04_11_11_0136_lat_10.3003615_lon_105.2715774_alt_20.167m,train,DJI_DateTime_2024_06_04_11_11_0136_lat_10.3003615_lon_105.2715774_alt_20.167m__p000,DJI_DateTime_2024_06_04_11_11_0136_lat_10.3003615_lon_105.2715774_alt_20.167m,0,0,640,480,86661,0
DJI_DateTime_2024_06_04_11_11_0136_lat_10.3003615_lon_105.2715774_alt_20.167m,train,DJI_DateTime_2024_06_04_11_11_0136_lat_10.3003615_lon_105.2715774_alt_20.167m__p001,DJI_DateTime_2024_06_04_11_11_0136_lat_10.3003615_lon_105.2715774_alt_20.167m,640,0,640,480,84308,0
DJI_DateTime_2024_06_04_11_11_0136_lat_10.3003615_lon_105.2715774_alt_20.167m,train,DJI_DateTime_2024_06_04_11_11_0136_lat_10.3003615_lon_105.2715774_alt_20.167m__p002,DJI_DateTime_2024_06_04_11_11_0136_lat_10.3003615_lon_105.2715774_alt_20.167m,0,480,640,480,110079,0
DJI_DateTime_2024_06_04_11_11_0136_lat_10.3003615_lon_105.2715774_alt_20.167m,train,DJI_DateTime_2024_06_04_11_11_0136_lat_10.3003615_lon_105.2715774_alt_20.167m__p003,DJI_DateTime_2024_06_04_11_11_0136_lat_10.3003615_lon_105.2715774_alt_20.167m,640,480,640,480,129191,0
DJI_DateTime_2024_06_04_11_11_0137_lat_10.3003819_lon_105.2715323_alt_20.154m,train,DJI_DateTime_2024_06_04_11_11_0137_lat_10.3003819_lon_105.2715323_alt_20.154m__p000,DJI_DateTime_2024_06_04_11_11_0137_lat_10.3003819_lon_105.2715323_alt_20.154m,0,0,640,480,23333,0
DJI_DateTime_2024_06_04_11_11_0137_lat_10.3003819_lon_105.2715323_alt_20.154m,train,DJI_DateTime_2024_06_04_11_11_0137_lat_10.3003819_lon_105.2715323_alt_20.154m__p001,DJI_DateTime_2024_06_04_11_11_0137_lat_10.3003819_lon_105.2715323_alt_20.154m,640,0,640,480,124362,0
DJI_DateTime_2024_06_04_11_11_0137_lat_10.3003819_lon_105.2715323_alt_20.154m,train,DJI_DateTime_2024_06_04_11_11_0137_lat_10.3003819_lon_105.2715323_alt_20.154m__p002,DJI_DateTime_2024_06_04_11_11_0137_lat_10.3003819_lon_105.2715323_alt_20.154m,0,480,640,480,120859,0
DJI_DateTime_2024_06_04_11_11_0137_lat_10.3003819_lon_105.2715323_alt_20.154m,train,DJI_DateTime_2024_06_04_11_11_0137_lat_10.3003819_lon_105.2715323_alt_20.154m__p003,DJI_DateTime_2024_06_04_11_11_0137_lat_10.3003819_lon_105.2715323_alt_20.154m,640,480,640,480,137397,0
DJI_DateTime_2024_06_04_11_11_0138_lat_10.3004013_lon_105.2714867_alt_20.183m,train,DJI_DateTime_2024_06_04_11_11_0138_lat_10.3004013_lon_105.2714867_alt_20.183m__p000,DJI_DateTime_2024_06_04_11_11_0138_lat_10.3004013_lon_105.2714867_alt_20.183m,0,0,640,480,21882,0
DJI_DateTime_2024_06_04_11_11_0138_lat_10.3004013_lon_105.2714867_alt_20.183m,train,DJI_DateTime_2024_06_04_11_11_0138_lat_10.3004013_lon_105.2714867_alt_20.183m__p001,DJI_DateTime_2024_06_04_11_11_0138_lat_10.3004013_lon_105.2714867_alt_20.183m,640,0,640,480,174199,0
DJI_DateTime_2024_06_04_11_11_0138_lat_10.3004013_lon_105.2714867_alt_20.183m,train,DJI_DateTime_2024_06_04_11_11_0138_lat_10.3004013_lon_105.2714867_alt_20.183m__p002,DJI_DateTime_2024_06_04_11_11_0138_lat_10.3004013_lon_105.2714867_alt_20.183m,0,480,640,480,68898,0
DJI_DateTime_2024_06_04_11_11_0138_lat_10.3004013_lon_105.2714867_alt_20.183m,train,DJI_DateTime_2024_06_04_11_11_0138_lat_10.3004013_lon_105.2714867_alt_20.183m__p003,DJI_DateTime_2024_06_04_11_11_0138_lat_10.3004013_lon_105.2714867_alt_20.183m,640,480,640,480,138845,0
DJI_DateTime_2024_06_04_11_11_0139_lat_10.3004209_lon_105.2714416_alt_20.183m,train,DJI_DateTime_2024_06_04_11_11_0139_lat_10.3004209_lon_105.2714416_alt_20.183m__p000,DJI_DateTime_2024_06_04_11_11_0139_lat_10.3004209_lon_105.2714416_alt_20.183m,0,0,640,480,49086,0
DJI_DateTime_2024_06_04_11_11_0139_lat_10.3004209_lon_105.2714416_alt_20.183m,train,DJI_DateTime_2024_06_04_11_11_0139_lat_10.3004209_lon_105.2714416_alt_20.183m__p001,DJI_DateTime_2024_06_04_11_11_0139_lat_10.3004209_lon_105.2714416_alt_20.183m,640,0,640,480,144191,0
DJI_DateTime_2024_06_04_11_11_0139_lat_10.3004209_lon_105.2714416_alt_20.183m,train,DJI_DateTime_2024_06_04_11_11_0139_lat_10.3004209_lon_105.2714416_alt_20.183m__p002,DJI_DateTime_2024_06_04_11_11_0139_lat_10.3004209_lon_105.2714416_alt_20.183m,0,480,640,480,45677,0
DJI_DateTime_2024_06_04_11_11_0139_lat_10.3004209_lon_105.2714416_alt_20.183m,train,DJI_DateTime_2024_06_04_11_11_0139_lat_10.3004209_lon_105.2714416_alt_20.183m__p003,DJI_DateTime_2024_06_04_11_11_0139_lat_10.3004209_lon_105.2714416_alt_20.183m,640,480,640,480,156076,0
DJI_DateTime_2024_06_04_11_11_0140_lat_10.3004410_lon_105.2713961_alt_20.195m,train,DJI_DateTime_2024_06_04_11_11_0140_lat_10.3004410_lon_105.2713961_alt_20.195m__p000,DJI_DateTime_2024_06_04_11_11_0140_lat_10.3004410_lon_105.2713961_alt_20.195m,0,0,640,480,66106,0
DJI_DateTime_2024_06_04_11_11_0140_lat_10.3004410_lon_105.2713961_alt_20.195m,train,DJI_DateTime_2024_06_04_11_11_0140_lat_10.3004410_lon_105.2713961_alt_20.195m__p001,DJI_DateTime_2024_06_04_11_11_0140_lat_10.3004410_lon_105.2713961_alt_20.195m,640,0,640,480,185865,0
DJI_DateTime_2024_06_04_11_11_0140_lat_10.3004410_lon_105.2713961_alt_20.195m,train,DJI_DateTime_2024_06_04_11_11_0140_lat_10.3004410_lon_105.2713961_alt_20.195m__p002,DJI_DateTime_2024_06_04_11_11_0140_lat_10.3004410_lon_105.2713961_alt_20.195m,0,480,640,480,70489,0
DJI_DateTime_2024_06_04_11_11_0140_lat_10.3004410_lon_105.2713961_alt_20.195m,train,DJI_DateTime_2024_06_04_11_11_0140_lat_10.3004410_lon_105.2713961_alt_20.195m__p003,DJI_DateTime_2024_06_04_11_11_0140_lat_10.3004410_lon_105.2713961_alt_20.195m,640,480,640,480,227175,0
DJI_DateTime_2024_06_04_11_11_0141_lat_10.3004610_lon_105.2713509_alt_20.192m,train,DJI_DateTime_2024_06_04_11_11_0141_lat_10.3004610_lon_105.2713509_alt_20.192m__p000,DJI_DateTime_2024_06_04_11_11_0141_lat_10.3004610_lon_105.2713509_alt_20.192m,0,0,640,480,22538,0
DJI_DateTime_2024_06_04_11_11_0141_lat_10.3004610_lon_105.2713509_alt_20.192m,train,DJI_DateTime_2024_06_04_11_11_0141_lat_10.3004610_lon_105.2713509_alt_20.192m__p001,DJI_DateTime_2024_06_04_11_11_0141_lat_10.3004610_lon_105.2713509_alt_20.192m,640,0,640,480,66114,0
DJI_DateTime_2024_06_04_11_11_0141_lat_10.3004610_lon_105.2713509_alt_20.192m,train,DJI_DateTime_2024_06_04_11_11_0141_lat_10.3004610_lon_105.2713509_alt_20.192m__p002,DJI_DateTime_2024_06_04_11_11_0141_lat_10.3004610_lon_105.2713509_alt_20.192m,0,480,640,480,103892,0
DJI_DateTime_2024_06_04_11_11_0141_lat_10.3004610_lon_105.2713509_alt_20.192m,train,DJI_DateTime_2024_06_04_11_11_0141_lat_10.3004610_lon_105.2713509_alt_20.192m__p003,DJI_DateTime_2024_06_04_11_11_0141_lat_10.3004610_lon_105.2713509_alt_20.192m,640,480,640,480,240431,0
DJI_DateTime_2024_06_04_11_11_0142_lat_10.3004808_lon_105.2713056_alt_20.200m,train,DJI_DateTime_2024_06_04_11_11_0142_lat_10.3004808_lon_105.2713056_alt_20.200m__p002,DJI_DateTime_2024_06_04_11_11_0142_lat_10.3004808_lon_105.2713056_alt_20.200m,0,480,640,480,71796,0
DJI_DateTime_2024_06_04_11_11_0142_lat_10.3004808_lon_105.2713056_alt_20.200m,train,DJI_DateTime_2024_06_04_11_11_0142_lat_10.3004808_lon_105.2713056_alt_20.200m__p003,DJI_DateTime_2024_06_04_11_11_0142_lat_10.3004808_lon_105.2713056_alt_20.200m,640,480,640,480,148351,0
DJI_DateTime_2024_06_04_11_11_0143_lat_10.3005004_lon_105.2712606_alt_20.197m,train,DJI_DateTime_2024_06_04_11_11_0143_lat_10.3005004_lon_105.2712606_alt_20.197m__p000,DJI_DateTime_2024_06_04_11_11_0143_lat_10.3005004_lon_105.2712606_alt_20.197m,0,0,640,480,0,1
DJI_DateTime_2024_06_04_11_11_0143_lat_10.3005004_lon_105.2712606_alt_20.197m,train,DJI_DateTime_2024_06_04_11_11_0143_lat_10.3005004_lon_105.2712606_alt_20.197m__p002,DJI_DateTime_2024_06_04_11_11_0143_lat_10.3005004_lon_105.2712606_alt_20.197m,0,480,640,480,27103,0
DJI_DateTime_2024_06_04_11_11_0143_lat_10.3005004_lon_105.2712606_alt_20.197m,train,DJI_DateTime_2024_06_04_11_11_0143_lat_10.3005004_lon_105.2712606_alt_20.197m__p003,DJI_DateTime_2024_06_04_11_11_0143_lat_10.3005004_lon_105.2712606_alt_20.197m,640,480,640,480,38587,0
DJI_DateTime_2024_06_04_11_12_0151_lat_10.3006596_lon_105.2708980_alt_20.171m,train,DJI_DateTime_2024_06_04_11_12_0151_lat_10.3006596_lon_105.2708980_alt_20.171m__p001,DJI_DateTime_2024_06_04_11_12_0151_lat_10.3006596_lon_105.2708980_alt_20.171m,640,0,640,480,729,0
DJI_DateTime_2024_06_04_11_12_0151_lat_10.3006596_lon_105.2708980_alt_20.171m,train,DJI_DateTime_2024_06_04_11_12_0151_lat_10.3006596_lon_105.2708980_alt_20.171m__p002,DJI_DateTime_2024_06_04_11_12_0151_lat_10.3006596_lon_105.2708980_alt_20.171m,0,480,640,480,2624,0
DJI_DateTime_2024_06_04_11_12_0152_lat_10.3006732_lon_105.2708531_alt_20.180m,train,DJI_DateTime_2024_06_04_11_12_0152_lat_10.3006732_lon_105.2708531_alt_20.180m__p001,DJI_DateTime_2024_06_04_11_12_0152_lat_10.3006732_lon_105.2708531_alt_20.180m,640,0,640,480,5048,0
DJI_DateTime_2024_06_04_11_12_0162_lat_10.3004465_lon_105.2712200_alt_20.286m,train,DJI_DateTime_2024_06_04_11_12_0162_lat_10.3004465_lon_105.2712200_alt_20.286m__p000,DJI_DateTime_2024_06_04_11_12_0162_lat_10.3004465_lon_105.2712200_alt_20.286m,0,0,640,480,2095,0
DJI_DateTime_2024_06_04_11_12_0162_lat_10.3004465_lon_105.2712200_alt_20.286m,train,DJI_DateTime_2024_06_04_11_12_0162_lat_10.3004465_lon_105.2712200_alt_20.286m__p001,DJI_DateTime_2024_06_04_11_12_0162_lat_10.3004465_lon_105.2712200_alt_20.286m,640,0,640,480,1930,0
DJI_DateTime_2024_06_04_11_12_0162_lat_10.3004465_lon_105.2712200_alt_20.286m,train,DJI_DateTime_2024_06_04_11_12_0162_lat_10.3004465_lon_105.2712200_alt_20.286m__p002,DJI_DateTime_2024_06_04_11_12_0162_lat_10.3004465_lon_105.2712200_alt_20.286m,0,480,640,480,0,1
DJI_DateTime_2024_06_04_11_12_0163_lat_10.3004266_lon_105.2712654_alt_20.231m,train,DJI_DateTime_2024_06_04_11_12_0163_lat_10.3004266_lon_105.2712654_alt_20.231m__p000,DJI_DateTime_2024_06_04_11_12_0163_lat_10.3004266_lon_105.2712654_alt_20.231m,0,0,640,480,82315,0
DJI_DateTime_2024_06_04_11_12_0163_lat_10.3004266_lon_105.2712654_alt_20.231m,train,DJI_DateTime_2024_06_04_11_12_0163_lat_10.3004266_lon_105.2712654_alt_20.231m__p001,DJI_DateTime_2024_06_04_11_12_0163_lat_10.3004266_lon_105.2712654_alt_20.231m,640,0,640,480,0,1
DJI_DateTime_2024_06_04_11_12_0164_lat_10.3004063_lon_105.2713111_alt_20.199m,train,DJI_DateTime_2024_06_04_11_12_0164_lat_10.3004063_lon_105.2713111_alt_20.199m__p000,DJI_DateTime_2024_06_04_11_12_0164_lat_10.3004063_lon_105.2713111_alt_20.199m,0,0,640,480,176900,0
DJI_DateTime_2024_06_04_11_12_0164_lat_10.3004063_lon_105.2713111_alt_20.199m,train,DJI_DateTime_2024_06_04_11_12_0164_lat_10.3004063_lon_105.2713111_alt_20.199m__p001,DJI_DateTime_2024_06_04_11_12_0164_lat_10.3004063_lon_105.2713111_alt_20.199m,640,0,640,480,0,1
DJI_DateTime_2024_06_04_11_12_0164_lat_10.3004063_lon_105.2713111_alt_20.199m,train,DJI_DateTime_2024_06_04_11_12_0164_lat_10.3004063_lon_105.2713111_alt_20.199m__p002,DJI_DateTime_2024_06_04_11_12_0164_lat_10.3004063_lon_105.2713111_alt_20.199m,0,480,640,480,23012,0
DJI_DateTime_2024_06_04_11_12_0165_lat_10.3003867_lon_105.2713556_alt_20.207m,train,DJI_DateTime_2024_06_04_11_12_0165_lat_10.3003867_lon_105.2713556_alt_20.207m__p000,DJI_DateTime_2024_06_04_11_12_0165_lat_10.3003867_lon_105.2713556_alt_20.207m,0,0,640,480,155930,0
DJI_DateTime_2024_06_04_11_12_0165_lat_10.3003867_lon_105.2713556_alt_20.207m,train,DJI_DateTime_2024_06_04_11_12_0165_lat_10.3003867_lon_105.2713556_alt_20.207m__p001,DJI_DateTime_2024_06_04_11_12_0165_lat_10.3003867_lon_105.2713556_alt_20.207m,640,0,640,480,0,1
DJI_DateTime_2024_06_04_11_12_0165_lat_10.3003867_lon_105.2713556_alt_20.207m,train,DJI_DateTime_2024_06_04_11_12_0165_lat_10.3003867_lon_105.2713556_alt_20.207m__p002,DJI_DateTime_2024_06_04_11_12_0165_lat_10.3003867_lon_105.2713556_alt_20.207m,0,480,640,480,135120,0
DJI_DateTime_2024_06_04_11_12_0166_lat_10.3003669_lon_105.2714021_alt_20.204m,train,DJI_DateTime_2024_06_04_11_12_0166_lat_10.3003669_lon_105.2714021_alt_20.204m__p000,DJI_DateTime_2024_06_04_11_12_0166_lat_10.3003669_lon_105.2714021_alt_20.204m,0,0,640,480,145525,0
DJI_DateTime_2024_06_04_11_12_0166_lat_10.3003669_lon_105.2714021_alt_20.204m,train,DJI_DateTime_2024_06_04_11_12_0166_lat_10.3003669_lon_105.2714021_alt_20.204m__p001,DJI_DateTime_2024_06_04_11_12_0166_lat_10.3003669_lon_105.2714021_alt_20.204m,640,0,640,480,0,1
DJI_DateTime_2024_06_04_11_12_0166_lat_10.3003669_lon_105.2714021_alt_20.204m,train,DJI_DateTime_2024_06_04_11_12_0166_lat_10.3003669_lon_105.2714021_alt_20.204m__p002,DJI_DateTime_2024_06_04_11_12_0166_lat_10.3003669_lon_105.2714021_alt_20.204m,0,480,640,480,187609,0
DJI_DateTime_2024_06_04_11_12_0167_lat_10.3003475_lon_105.2714474_alt_20.206m,train,DJI_DateTime_2024_06_04_11_12_0167_lat_10.3003475_lon_105.2714474_alt_20.206m__p000,DJI_DateTime_2024_06_04_11_12_0167_lat_10.3003475_lon_105.2714474_alt_20.206m,0,0,640,480,106534,0
DJI_DateTime_2024_06_04_11_12_0167_lat_10.3003475_lon_105.2714474_alt_20.206m,train,DJI_DateTime_2024_06_04_11_12_0167_lat_10.3003475_lon_105.2714474_alt_20.206m__p002,DJI_DateTime_2024_06_04_11_12_0167_lat_10.3003475_lon_105.2714474_alt_20.206m,0,480,640,480,123995,0
DJI_DateTime_2024_06_04_11_12_0167_lat_10.3003475_lon_105.2714474_alt_20.206m,train,DJI_DateTime_2024_06_04_11_12_0167_lat_10.3003475_lon_105.2714474_alt_20.206m__p003,DJI_DateTime_2024_06_04_11_12_0167_lat_10.3003475_lon_105.2714474_alt_20.206m,640,480,640,480,0,1
DJI_DateTime_2024_06_04_11_12_0168_lat_10.3003279_lon_105.2714922_alt_20.195m,train,DJI_DateTime_2024_06_04_11_12_0168_lat_10.3003279_lon_105.2714922_alt_20.195m__p000,DJI_DateTime_2024_06_04_11_12_0168_lat_10.3003279_lon_105.2714922_alt_20.195m,0,0,640,480,159681,0
DJI_DateTime_2024_06_04_11_12_0168_lat_10.3003279_lon_105.2714922_alt_20.195m,train,DJI_DateTime_2024_06_04_11_12_0168_lat_10.3003279_lon_105.2714922_alt_20.195m__p002,DJI_DateTime_2024_06_04_11_12_0168_lat_10.3003279_lon_105.2714922_alt_20.195m,0,480,640,480,101460,0
DJI_DateTime_2024_06_04_11_13_0169_lat_10.3003076_lon_105.2715379_alt_20.186m,train,DJI_DateTime_2024_06_04_11_13_0169_lat_10.3003076_lon_105.2715379_alt_20.186m__p000,DJI_DateTime_2024_06_04_11_13_0169_lat_10.3003076_lon_105.2715379_alt_20.186m,0,0,640,480,169268,0
DJI_DateTime_2024_06_04_11_13_0169_lat_10.3003076_lon_105.2715379_alt_20.186m,train,DJI_DateTime_2024_06_04_11_13_0169_lat_10.3003076_lon_105.2715379_alt_20.186m__p001,DJI_DateTime_2024_06_04_11_13_0169_lat_10.3003076_lon_105.2715379_alt_20.186m,640,0,640,480,0,1
DJI_DateTime_2024_06_04_11_13_0169_lat_10.3003076_lon_105.2715379_alt_20.186m,train,DJI_DateTime_2024_06_04_11_13_0169_lat_10.3003076_lon_105.2715379_alt_20.186m__p002,DJI_DateTime_2024_06_04_11_13_0169_lat_10.3003076_lon_105.2715379_alt_20.186m,0,480,640,480,137860,0
DJI_DateTime_2024_06_04_11_13_0170_lat_10.3002877_lon_105.2715837_alt_20.167m,train,DJI_DateTime_2024_06_04_11_13_0170_lat_10.3002877_lon_105.2715837_alt_20.167m__p000,DJI_DateTime_2024_06_04_11_13_0170_lat_10.3002877_lon_105.2715837_alt_20.167m,0,0,640,480,113411,0
DJI_DateTime_2024_06_04_11_13_0170_lat_10.3002877_lon_105.2715837_alt_20.167m,train,DJI_DateTime_2024_06_04_11_13_0170_lat_10.3002877_lon_105.2715837_alt_20.167m__p001,DJI_DateTime_2024_06_04_11_13_0170_lat_10.3002877_lon_105.2715837_alt_20.167m,640,0,640,480,0,1
DJI_DateTime_2024_06_04_11_13_0170_lat_10.3002877_lon_105.2715837_alt_20.167m,train,DJI_DateTime_2024_06_04_11_13_0170_lat_10.3002877_lon_105.2715837_alt_20.167m__p002,DJI_DateTime_2024_06_04_11_13_0170_lat_10.3002877_lon_105.2715837_alt_20.167m,0,480,640,480,201103,0
DJI_DateTime_2024_06_04_11_13_0171_lat_10.3002676_lon_105.2716301_alt_20.271m,train,DJI_DateTime_2024_06_04_11_13_0171_lat_10.3002676_lon_105.2716301_alt_20.271m__p000,DJI_DateTime_2024_06_04_11_13_0171_lat_10.3002676_lon_105.2716301_alt_20.271m,0,0,640,480,90857,0
DJI_DateTime_2024_06_04_11_13_0171_lat_10.3002676_lon_105.2716301_alt_20.271m,train,DJI_DateTime_2024_06_04_11_13_0171_lat_10.3002676_lon_105.2716301_alt_20.271m__p002,DJI_DateTime_2024_06_04_11_13_0171_lat_10.3002676_lon_105.2716301_alt_20.271m,0,480,640,480,145229,0
DJI_DateTime_2024_06_04_11_13_0171_lat_10.3002676_lon_105.2716301_alt_20.271m,train,DJI_DateTime_2024_06_04_11_13_0171_lat_10.3002676_lon_105.2716301_alt_20.271m__p003,DJI_DateTime_2024_06_04_11_13_0171_lat_10.3002676_lon_105.2716301_alt_20.271m,640,480,640,480,0,1
DJI_DateTime_2024_06_04_11_13_0172_lat_10.3002478_lon_105.2716748_alt_20.241m,train,DJI_DateTime_2024_06_04_11_13_0172_lat_10.3002478_lon_105.2716748_alt_20.241m__p000,DJI_DateTime_2024_06_04_11_13_0172_lat_10.3002478_lon_105.2716748_alt_20.241m,0,0,640,480,126295,0
DJI_DateTime_2024_06_04_11_13_0172_lat_10.3002478_lon_105.2716748_alt_20.241m,train,DJI_DateTime_2024_06_04_11_13_0172_lat_10.3002478_lon_105.2716748_alt_20.241m__p002,DJI_DateTime_2024_06_04_11_13_0172_lat_10.3002478_lon_105.2716748_alt_20.241m,0,480,640,480,132379,0
DJI_DateTime_2024_06_04_11_13_0172_lat_10.3002478_lon_105.2716748_alt_20.241m,train,DJI_DateTime_2024_06_04_11_13_0172_lat_10.3002478_lon_105.2716748_alt_20.241m__p003,DJI_DateTime_2024_06_04_11_13_0172_lat_10.3002478_lon_105.2716748_alt_20.241m,640,480,640,480,0,1
DJI_DateTime_2024_06_04_11_13_0173_lat_10.3002275_lon_105.2717209_alt_20.232m,train,DJI_DateTime_2024_06_04_11_13_0173_lat_10.3002275_lon_105.2717209_alt_20.232m__p000,DJI_DateTime_2024_06_04_11_13_0173_lat_10.3002275_lon_105.2717209_alt_20.232m,0,0,640,480,31630,0
DJI_DateTime_2024_06_04_11_13_0173_lat_10.3002275_lon_105.2717209_alt_20.232m,train,DJI_DateTime_2024_06_04_11_13_0173_lat_10.3002275_lon_105.2717209_alt_20.232m__p002,DJI_DateTime_2024_06_04_11_13_0173_lat_10.3002275_lon_105.2717209_alt_20.232m,0,480,640,480,156901,0
DJI_DateTime_2024_06_04_11_13_0174_lat_10.3002075_lon_105.2717665_alt_20.252m,train,DJI_DateTime_2024_06_04_11_13_0174_lat_10.3002075_lon_105.2717665_alt_20.252m__p000,DJI_DateTime_2024_06_04_11_13_0174_lat_10.3002075_lon_105.2717665_alt_20.252m,0,0,640,480,61760,0
DJI_DateTime_2024_06_04_11_13_0174_lat_10.3002075_lon_105.2717665_alt_20.252m,train,DJI_DateTime_2024_06_04_11_13_0174_lat_10.3002075_lon_105.2717665_alt_20.252m__p002,DJI_DateTime_2024_06_04_11_13_0174_lat_10.3002075_lon_105.2717665_alt_20.252m,0,480,640,480,109932,0
DJI_DateTime_2024_06_04_11_13_0175_lat_10.3001877_lon_105.2718126_alt_20.201m,train,DJI_DateTime_2024_06_04_11_13_0175_lat_10.3001877_lon_105.2718126_alt_20.201m__p000,DJI_DateTime_2024_06_04_11_13_0175_lat_10.3001877_lon_105.2718126_alt_20.201m,0,0,640,480,83153,0
DJI_DateTime_2024_06_04_11_13_0175_lat_10.3001877_lon_105.2718126_alt_20.201m,train,DJI_DateTime_2024_06_04_11_13_0175_lat_10.3001877_lon_105.2718126_alt_20.201m__p002,DJI_DateTime_2024_06_04_11_13_0175_lat_10.3001877_lon_105.2718126_alt_20.201m,0,480,640,480,54970,0
DJI_DateTime_2024_06_04_11_13_0176_lat_10.3001680_lon_105.2718577_alt_20.205m,train,DJI_DateTime_2024_06_04_11_13_0176_lat_10.3001680_lon_105.2718577_alt_20.205m__p000,DJI_DateTime_2024_06_04_11_13_0176_lat_10.3001680_lon_105.2718577_alt_20.205m,0,0,640,480,46020,0
DJI_DateTime_2024_06_04_11_13_0176_lat_10.3001680_lon_105.2718577_alt_20.205m,train,DJI_DateTime_2024_06_04_11_13_0176_lat_10.3001680_lon_105.2718577_alt_20.205m__p002,DJI_DateTime_2024_06_04_11_13_0176_lat_10.3001680_lon_105.2718577_alt_20.205m,0,480,640,480,100895,0
DJI_DateTime_2024_06_04_11_13_0177_lat_10.3001481_lon_105.2719034_alt_20.207m,train,DJI_DateTime_2024_06_04_11_13_0177_lat_10.3001481_lon_105.2719034_alt_20.207m__p000,DJI_DateTime_2024_06_04_11_13_0177_lat_10.3001481_lon_105.2719034_alt_20.207m,0,0,640,480,28352,0
DJI_DateTime_2024_06_04_11_13_0177_lat_10.3001481_lon_105.2719034_alt_20.207m,train,DJI_DateTime_2024_06_04_11_13_0177_lat_10.3001481_lon_105.2719034_alt_20.207m__p001,DJI_DateTime_2024_06_04_11_13_0177_lat_10.3001481_lon_105.2719034_alt_20.207m,640,0,640,480,700,0
DJI_DateTime_2024_06_04_11_13_0177_lat_10.3001481_lon_105.2719034_alt_20.207m,train,DJI_DateTime_2024_06_04_11_13_0177_lat_10.3001481_lon_105.2719034_alt_20.207m__p002,DJI_DateTime_2024_06_04_11_13_0177_lat_10.3001481_lon_105.2719034_alt_20.207m,0,480,640,480,94334,0
DJI_DateTime_2024_06_04_11_13_0180_lat_10.3001032_lon_105.2718452_alt_20.105m,train,DJI_DateTime_2024_06_04_11_13_0180_lat_10.3001032_lon_105.2718452_alt_20.105m__p001,DJI_DateTime_2024_06_04_11_13_0180_lat_10.3001032_lon_105.2718452_alt_20.105m,640,0,640,480,44838,0
DJI_DateTime_2024_06_04_11_13_0180_lat_10.3001032_lon_105.2718452_alt_20.105m,train,DJI_DateTime_2024_06_04_11_13_0180_lat_10.3001032_lon_105.2718452_alt_20.105m__p003,DJI_DateTime_2024_06_04_11_13_0180_lat_10.3001032_lon_105.2718452_alt_20.105m,640,480,640,480,11741,0
DJI_DateTime_2024_06_04_11_13_0181_lat_10.3001226_lon_105.2717996_alt_20.162m,train,DJI_DateTime_2024_06_04_11_13_0181_lat_10.3001226_lon_105.2717996_alt_20.162m__p001,DJI_DateTime_2024_06_04_11_13_0181_lat_10.3001226_lon_105.2717996_alt_20.162m,640,0,640,480,21855,0
DJI_DateTime_2024_06_04_11_13_0181_lat_10.3001226_lon_105.2717996_alt_20.162m,train,DJI_DateTime_2024_06_04_11_13_0181_lat_10.3001226_lon_105.2717996_alt_20.162m__p002,DJI_DateTime_2024_06_04_11_13_0181_lat_10.3001226_lon_105.2717996_alt_20.162m,0,480,640,480,0,1
DJI_DateTime_2024_06_04_11_13_0181_lat_10.3001226_lon_105.2717996_alt_20.162m,train,DJI_DateTime_2024_06_04_11_13_0181_lat_10.3001226_lon_105.2717996_alt_20.162m__p003,DJI_DateTime_2024_06_04_11_13_0181_lat_10.3001226_lon_105.2717996_alt_20.162m,640,480,640,480,53901,0
DJI_DateTime_2024_06_04_11_13_0182_lat_10.3001427_lon_105.2717547_alt_20.221m,train,DJI_DateTime_2024_06_04_11_13_0182_lat_10.3001427_lon_105.2717547_alt_20.221m__p000,DJI_DateTime_2024_06_04_11_13_0182_lat_10.3001427_lon_105.2717547_alt_20.221m,0,0,640,480,0,1
DJI_DateTime_2024_06_04_11_13_0182_lat_10.3001427_lon_105.2717547_alt_20.221m,train,DJI_DateTime_2024_06_04_11_13_0182_lat_10.3001427_lon_105.2717547_alt_20.221m__p001,DJI_DateTime_2024_06_04_11_13_0182_lat_10.3001427_lon_105.2717547_alt_20.221m,640,0,640,480,3334,0
DJI_DateTime_2024_06_04_11_13_0182_lat_10.3001427_lon_105.2717547_alt_20.221m,train,DJI_DateTime_2024_06_04_11_13_0182_lat_10.3001427_lon_105.2717547_alt_20.221m__p003,DJI_DateTime_2024_06_04_11_13_0182_lat_10.3001427_lon_105.2717547_alt_20.221m,640,480,640,480,84372,0
DJI_DateTime_2024_06_04_11_13_0183_lat_10.3001629_lon_105.2717094_alt_20.143m,train,DJI_DateTime_2024_06_04_11_13_0183_lat_10.3001629_lon_105.2717094_alt_20.143m__p000,DJI_DateTime_2024_06_04_11_13_0183_lat_10.3001629_lon_105.2717094_alt_20.143m,0,0,640,480,0,1
DJI_DateTime_2024_06_04_11_13_0183_lat_10.3001629_lon_105.2717094_alt_20.143m,train,DJI_DateTime_2024_06_04_11_13_0183_lat_10.3001629_lon_105.2717094_alt_20.143m__p001,DJI_DateTime_2024_06_04_11_13_0183_lat_10.3001629_lon_105.2717094_alt_20.143m,640,0,640,480,18396,0
DJI_DateTime_2024_06_04_11_13_0183_lat_10.3001629_lon_105.2717094_alt_20.143m,train,DJI_DateTime_2024_06_04_11_13_0183_lat_10.3001629_lon_105.2717094_alt_20.143m__p002,DJI_DateTime_2024_06_04_11_13_0183_lat_10.3001629_lon_105.2717094_alt_20.143m,0,480,640,480,0,1
DJI_DateTime_2024_06_04_11_13_0183_lat_10.3001629_lon_105.2717094_alt_20.143m,train,DJI_DateTime_2024_06_04_11_13_0183_lat_10.3001629_lon_105.2717094_alt_20.143m__p003,DJI_DateTime_2024_06_04_11_13_0183_lat_10.3001629_lon_105.2717094_alt_20.143m,640,480,640,480,32248,0
DJI_DateTime_2024_06_04_11_13_0184_lat_10.3001823_lon_105.2716651_alt_20.178m,train,DJI_DateTime_2024_06_04_11_13_0184_lat_10.3001823_lon_105.2716651_alt_20.178m__p000,DJI_DateTime_2024_06_04_11_13_0184_lat_10.3001823_lon_105.2716651_alt_20.178m,0,0,640,480,0,1
DJI_DateTime_2024_06_04_11_13_0184_lat_10.3001823_lon_105.2716651_alt_20.178m,train,DJI_DateTime_2024_06_04_11_13_0184_lat_10.3001823_lon_105.2716651_alt_20.178m__p001,DJI_DateTime_2024_06_04_11_13_0184_lat_10.3001823_lon_105.2716651_alt_20.178m,640,0,640,480,19102,0
DJI_DateTime_2024_06_04_11_13_0184_lat_10.3001823_lon_105.2716651_alt_20.178m,train,DJI_DateTime_2024_06_04_11_13_0184_lat_10.3001823_lon_105.2716651_alt_20.178m__p003,DJI_DateTime_2024_06_04_11_13_0184_lat_10.3001823_lon_105.2716651_alt_20.178m,640,480,640,480,25139,0
DJI_DateTime_2024_06_04_11_13_0185_lat_10.3002030_lon_105.2716197_alt_20.178m,train,DJI_DateTime_2024_06_04_11_13_0185_lat_10.3002030_lon_105.2716197_alt_20.178m__p001,DJI_DateTime_2024_06_04_11_13_0185_lat_10.3002030_lon_105.2716197_alt_20.178m,640,0,640,480,19555,0
DJI_DateTime_2024_06_04_11_13_0185_lat_10.3002030_lon_105.2716197_alt_20.178m,train,DJI_DateTime_2024_06_04_11_13_0185_lat_10.3002030_lon_105.2716197_alt_20.178m__p003,DJI_DateTime_2024_06_04_11_13_0185_lat_10.3002030_lon_105.2716197_alt_20.178m,640,480,640,480,35778,0
DJI_DateTime_2024_06_04_11_13_0186_lat_10.3002229_lon_105.2715749_alt_20.200m,train,DJI_DateTime_2024_06_04_11_13_0186_lat_10.3002229_lon_105.2715749_alt_20.200m__p000,DJI_DateTime_2024_06_04_11_13_0186_lat_10.3002229_lon_105.2715749_alt_20.200m,0,0,640,480,0,1
DJI_DateTime_2024_06_04_11_13_0186_lat_10.3002229_lon_105.2715749_alt_20.200m,train,DJI_DateTime_2024_06_04_11_13_0186_lat_10.3002229_lon_105.2715749_alt_20.200m__p001,DJI_DateTime_2024_06_04_11_13_0186_lat_10.3002229_lon_105.2715749_alt_20.200m,640,0,640,480,43094,0
DJI_DateTime_2024_06_04_11_13_0186_lat_10.3002229_lon_105.2715749_alt_20.200m,train,DJI_DateTime_2024_06_04_11_13_0186_lat_10.3002229_lon_105.2715749_alt_20.200m__p003,DJI_DateTime_2024_06_04_11_13_0186_lat_10.3002229_lon_105.2715749_alt_20.200m,640,480,640,480,43487,0
DJI_DateTime_2024_06_04_11_14_0187_lat_10.3002434_lon_105.2715297_alt_20.192m,train,DJI_DateTime_2024_06_04_11_14_0187_lat_10.3002434_lon_105.2715297_alt_20.192m__p001,DJI_DateTime_2024_06_04_11_14_0187_lat_10.3002434_lon_105.2715297_alt_20.192m,640,0,640,480,47556,0
DJI_DateTime_2024_06_04_11_14_0187_lat_10.3002434_lon_105.2715297_alt_20.192m,train,DJI_DateTime_2024_06_04_11_14_0187_lat_10.3002434_lon_105.2715297_alt_20.192m__p002,DJI_DateTime_2024_06_04_11_14_0187_lat_10.3002434_lon_105.2715297_alt_20.192m,0,480,640,480,0,1
DJI_DateTime_2024_06_04_11_14_0187_lat_10.3002434_lon_105.2715297_alt_20.192m,train,DJI_DateTime_2024_06_04_11_14_0187_lat_10.3002434_lon_105.2715297_alt_20.192m__p003,DJI_DateTime_2024_06_04_11_14_0187_lat_10.3002434_lon_105.2715297_alt_20.192m,640,480,640,480,56144,0
DJI_DateTime_2024_06_04_11_14_0188_lat_10.3002636_lon_105.2714844_alt_20.210m,train,DJI_DateTime_2024_06_04_11_14_0188_lat_10.3002636_lon_105.2714844_alt_20.210m__p000,DJI_DateTime_2024_06_04_11_14_0188_lat_10.3002636_lon_105.2714844_alt_20.210m,0,0,640,480,0,1
DJI_DateTime_2024_06_04_11_14_0188_lat_10.3002636_lon_105.2714844_alt_20.210m,train,DJI_DateTime_2024_06_04_11_14_0188_lat_10.3002636_lon_105.2714844_alt_20.210m__p001,DJI_DateTime_2024_06_04_11_14_0188_lat_10.3002636_lon_105.2714844_alt_20.210m,640,0,640,480,32078,0
DJI_DateTime_2024_06_04_11_14_0188_lat_10.3002636_lon_105.2714844_alt_20.210m,train,DJI_DateTime_2024_06_04_11_14_0188_lat_10.3002636_lon_105.2714844_alt_20.210m__p003,DJI_DateTime_2024_06_04_11_14_0188_lat_10.3002636_lon_105.2714844_alt_20.210m,640,480,640,480,69735,0
DJI_DateTime_2024_06_04_11_14_0189_lat_10.3002840_lon_105.2714384_alt_20.212m,train,DJI_DateTime_2024_06_04_11_14_0189_lat_10.3002840_lon_105.2714384_alt_20.212m__p001,DJI_DateTime_2024_06_04_11_14_0189_lat_10.3002840_lon_105.2714384_alt_20.212m,640,0,640,480,39062,0
DJI_DateTime_2024_06_04_11_14_0189_lat_10.3002840_lon_105.2714384_alt_20.212m,train,DJI_DateTime_2024_06_04_11_14_0189_lat_10.3002840_lon_105.2714384_alt_20.212m__p003,DJI_DateTime_2024_06_04_11_14_0189_lat_10.3002840_lon_105.2714384_alt_20.212m,640,480,640,480,54874,0
DJI_DateTime_2024_06_04_11_14_0190_lat_10.3003038_lon_105.2713931_alt_20.167m,train,DJI_DateTime_2024_06_04_11_14_0190_lat_10.3003038_lon_105.2713931_alt_20.167m__p001,DJI_DateTime_2024_06_04_11_14_0190_lat_10.3003038_lon_105.2713931_alt_20.167m,640,0,640,480,42002,0
DJI_DateTime_2024_06_04_11_14_0190_lat_10.3003038_lon_105.2713931_alt_20.167m,train,DJI_DateTime_2024_06_04_11_14_0190_lat_10.3003038_lon_105.2713931_alt_20.167m__p002,DJI_DateTime_2024_06_04_11_14_0190_lat_10.3003038_lon_105.2713931_alt_20.167m,0,480,640,480,0,1
DJI_DateTime_2024_06_04_11_14_0190_lat_10.3003038_lon_105.2713931_alt_20.167m,train,DJI_DateTime_2024_06_04_11_14_0190_lat_10.3003038_lon_105.2713931_alt_20.167m__p003,DJI_DateTime_2024_06_04_11_14_0190_lat_10.3003038_lon_105.2713931_alt_20.167m,640,480,640,480,49773,0
DJI_DateTime_2024_06_04_11_14_0191_lat_10.3003238_lon_105.2713480_alt_20.206m,train,DJI_DateTime_2024_06_04_11_14_0191_lat_10.3003238_lon_105.2713480_alt_20.206m__p001,DJI_DateTime_2024_06_04_11_14_0191_lat_10.3003238_lon_105.2713480_alt_20.206m,640,0,640,480,26493,0
DJI_DateTime_2024_06_04_11_14_0191_lat_10.3003238_lon_105.2713480_alt_20.206m,train,DJI_DateTime_2024_06_04_11_14_0191_lat_10.3003238_lon_105.2713480_alt_20.206m__p003,DJI_DateTime_2024_06_04_11_14_0191_lat_10.3003238_lon_105.2713480_alt_20.206m,640,480,640,480,52447,0
DJI_DateTime_2024_06_04_11_14_0192_lat_10.3003435_lon_105.2713038_alt_20.233m,train,DJI_DateTime_2024_06_04_11_14_0192_lat_10.3003435_lon_105.2713038_alt_20.233m__p001,DJI_DateTime_2024_06_04_11_14_0192_lat_10.3003435_lon_105.2713038_alt_20.233m,640,0,640,480,18445,0
DJI_DateTime_2024_06_04_11_14_0192_lat_10.3003435_lon_105.2713038_alt_20.233m,train,DJI_DateTime_2024_06_04_11_14_0192_lat_10.3003435_lon_105.2713038_alt_20.233m__p003,DJI_DateTime_2024_06_04_11_14_0192_lat_10.3003435_lon_105.2713038_alt_20.233m,640,480,640,480,50949,0
DJI_DateTime_2024_06_04_11_14_0193_lat_10.3003639_lon_105.2712572_alt_20.233m,train,DJI_DateTime_2024_06_04_11_14_0193_lat_10.3003639_lon_105.2712572_alt_20.233m__p001,DJI_DateTime_2024_06_04_11_14_0193_lat_10.3003639_lon_105.2712572_alt_20.233m,640,0,640,480,0,1
DJI_DateTime_2024_06_04_11_14_0193_lat_10.3003639_lon_105.2712572_alt_20.233m,train,DJI_DateTime_2024_06_04_11_14_0193_lat_10.3003639_lon_105.2712572_alt_20.233m__p003,DJI_DateTime_2024_06_04_11_14_0193_lat_10.3003639_lon_105.2712572_alt_20.233m,640,480,640,480,35224,0
DJI_DateTime_2024_06_04_11_14_0194_lat_10.3003836_lon_105.2712130_alt_20.193m,train,DJI_DateTime_2024_06_04_11_14_0194_lat_10.3003836_lon_105.2712130_alt_20.193m__p003,DJI_DateTime_2024_06_04_11_14_0194_lat_10.3003836_lon_105.2712130_alt_20.193m,640,480,640,480,11112,0
DJI_DateTime_2024_06_04_11_17_0244_lat_10.3002423_lon_105.2712148_alt_20.170m,train,DJI_DateTime_2024_06_04_11_17_0244_lat_10.3002423_lon_105.2712148_alt_20.170m__p000,DJI_DateTime_2024_06_04_11_17_0244_lat_10.3002423_lon_105.2712148_alt_20.170m,0,0,640,480,15543,0
DJI_DateTime_2024_06_04_11_17_0244_lat_10.3002423_lon_105.2712148_alt_20.170m,train,DJI_DateTime_2024_06_04_11_17_0244_lat_10.3002423_lon_105.2712148_alt_20.170m__p001,DJI_DateTime_2024_06_04_11_17_0244_lat_10.3002423_lon_105.2712148_alt_20.170m,640,0,640,480,7418,0
DJI_DateTime_2024_06_04_11_17_0244_lat_10.3002423_lon_105.2712148_alt_20.170m,train,DJI_DateTime_2024_06_04_11_17_0244_lat_10.3002423_lon_105.2712148_alt_20.170m__p002,DJI_DateTime_2024_06_04_11_17_0244_lat_10.3002423_lon_105.2712148_alt_20.170m,0,480,640,480,71941,0
DJI_DateTime_2024_06_04_11_17_0244_lat_10.3002423_lon_105.2712148_alt_20.170m,train,DJI_DateTime_2024_06_04_11_17_0244_lat_10.3002423_lon_105.2712148_alt_20.170m__p003,DJI_DateTime_2024_06_04_11_17_0244_lat_10.3002423_lon_105.2712148_alt_20.170m,640,480,640,480,18179,0
DJI_DateTime_2024_06_04_11_17_0245_lat_10.3002623_lon_105.2711688_alt_20.178m,train,DJI_DateTime_2024_06_04_11_17_0245_lat_10.3002623_lon_105.2711688_alt_20.178m__p000,DJI_DateTime_2024_06_04_11_17_0245_lat_10.3002623_lon_105.2711688_alt_20.178m,0,0,640,480,1606,0
DJI_DateTime_2024_06_04_11_17_0245_lat_10.3002623_lon_105.2711688_alt_20.178m,train,DJI_DateTime_2024_06_04_11_17_0245_lat_10.3002623_lon_105.2711688_alt_20.178m__p001,DJI_DateTime_2024_06_04_11_17_0245_lat_10.3002623_lon_105.2711688_alt_20.178m,640,0,640,480,4812,0
DJI_DateTime_2024_06_04_11_17_0245_lat_10.3002623_lon_105.2711688_alt_20.178m,train,DJI_DateTime_2024_06_04_11_17_0245_lat_10.3002623_lon_105.2711688_alt_20.178m__p002,DJI_DateTime_2024_06_04_11_17_0245_lat_10.3002623_lon_105.2711688_alt_20.178m,0,480,640,480,52602,0
DJI_DateTime_2024_06_04_11_17_0245_lat_10.3002623_lon_105.2711688_alt_20.178m,train,DJI_DateTime_2024_06_04_11_17_0245_lat_10.3002623_lon_105.2711688_alt_20.178m__p003,DJI_DateTime_2024_06_04_11_17_0245_lat_10.3002623_lon_105.2711688_alt_20.178m,640,480,640,480,0,1
DJI_DateTime_2024_06_04_11_17_0246_lat_10.3002833_lon_105.2711218_alt_20.250m,train,DJI_DateTime_2024_06_04_11_17_0246_lat_10.3002833_lon_105.2711218_alt_20.250m__p002,DJI_DateTime_2024_06_04_11_17_0246_lat_10.3002833_lon_105.2711218_alt_20.250m,0,480,640,480,46340,0
DJI_DateTime_2024_06_04_11_17_0246_lat_10.3002833_lon_105.2711218_alt_20.250m,train,DJI_DateTime_2024_06_04_11_17_0246_lat_10.3002833_lon_105.2711218_alt_20.250m__p003,DJI_DateTime_2024_06_04_11_17_0246_lat_10.3002833_lon_105.2711218_alt_20.250m,640,480,640,480,4896,0
DJI_DateTime_2024_06_04_11_17_0252_lat_10.3004013_lon_105.2708506_alt_20.225m,train,DJI_DateTime_2024_06_04_11_17_0252_lat_10.3004013_lon_105.2708506_alt_20.225m__p001,DJI_DateTime_2024_06_04_11_17_0252_lat_10.3004013_lon_105.2708506_alt_20.225m,640,0,640,480,20595,0
DJI_DateTime_2024_06_04_11_17_0252_lat_10.3004013_lon_105.2708506_alt_20.225m,train,DJI_DateTime_2024_06_04_11_17_0252_lat_10.3004013_lon_105.2708506_alt_20.225m__p003,DJI_DateTime_2024_06_04_11_17_0252_lat_10.3004013_lon_105.2708506_alt_20.225m,640,480,640,480,11570,0
DJI_DateTime_2024_06_04_11_17_0253_lat_10.3004217_lon_105.2708043_alt_20.174m,train,DJI_DateTime_2024_06_04_11_17_0253_lat_10.3004217_lon_105.2708043_alt_20.174m__p000,DJI_DateTime_2024_06_04_11_17_0253_lat_10.3004217_lon_105.2708043_alt_20.174m,0,0,640,480,0,1
DJI_DateTime_2024_06_04_11_17_0253_lat_10.3004217_lon_105.2708043_alt_20.174m,train,DJI_DateTime_2024_06_04_11_17_0253_lat_10.3004217_lon_105.2708043_alt_20.174m__p001,DJI_DateTime_2024_06_04_11_17_0253_lat_10.3004217_lon_105.2708043_alt_20.174m,640,0,640,480,38824,0
DJI_DateTime_2024_06_04_11_17_0253_lat_10.3004217_lon_105.2708043_alt_20.174m,train,DJI_DateTime_2024_06_04_11_17_0253_lat_10.3004217_lon_105.2708043_alt_20.174m__p003,DJI_DateTime_2024_06_04_11_17_0253_lat_10.3004217_lon_105.2708043_alt_20.174m,640,480,640,480,33121,0
DJI_DateTime_2024_06_04_11_17_0254_lat_10.3004408_lon_105.2707596_alt_20.147m,train,DJI_DateTime_2024_06_04_11_17_0254_lat_10.3004408_lon_105.2707596_alt_20.147m__p001,DJI_DateTime_2024_06_04_11_17_0254_lat_10.3004408_lon_105.2707596_alt_20.147m,640,0,640,480,3629,0
DJI_DateTime_2024_06_04_11_17_0254_lat_10.3004408_lon_105.2707596_alt_20.147m,train,DJI_DateTime_2024_06_04_11_17_0254_lat_10.3004408_lon_105.2707596_alt_20.147m__p003,DJI_DateTime_2024_06_04_11_17_0254_lat_10.3004408_lon_105.2707596_alt_20.147m,640,480,640,480,79040,0
DJI_DateTime_2024_06_04_11_17_0255_lat_10.3004558_lon_105.2707276_alt_20.183m,train,DJI_DateTime_2024_06_04_11_17_0255_lat_10.3004558_lon_105.2707276_alt_20.183m__p000,DJI_DateTime_2024_06_04_11_17_0255_lat_10.3004558_lon_105.2707276_alt_20.183m,0,0,640,480,0,1
DJI_DateTime_2024_06_04_11_17_0255_lat_10.3004558_lon_105.2707276_alt_20.183m,train,DJI_DateTime_2024_06_04_11_17_0255_lat_10.3004558_lon_105.2707276_alt_20.183m__p003,DJI_DateTime_2024_06_04_11_17_0255_lat_10.3004558_lon_105.2707276_alt_20.183m,640,480,640,480,67661,0
DJI_DateTime_2024_09_30_10_33_0031_lat_10.3015970_lon_105.2727122_alt_20.309m,train,DJI_DateTime_2024_09_30_10_33_0031_lat_10.3015970_lon_105.2727122_alt_20.309m__p000,DJI_DateTime_2024_09_30_10_33_0031_lat_10.3015970_lon_105.2727122_alt_20.309m,0,0,640,480,9329,0
DJI_DateTime_2024_09_30_10_33_0031_lat_10.3015970_lon_105.2727122_alt_20.309m,train,DJI_DateTime_2024_09_30_10_33_0031_lat_10.3015970_lon_105.2727122_alt_20.309m__p001,DJI_DateTime_2024_09_30_10_33_0031_lat_10.3015970_lon_105.2727122_alt_20.309m,640,0,640,480,0,1
DJI_DateTime_2024_09_30_10_33_0031_lat_10.3015970_lon_105.2727122_alt_20.309m,train,DJI_DateTime_2024_09_30_10_33_0031_lat_10.3015970_lon_105.2727122_alt_20.309m__p002,DJI_DateTime_2024_09_30_10_33_0031_lat_10.3015970_lon_105.2727122_alt_20.309m,0,480,640,480,31715,0
DJI_DateTime_2024_09_30_10_33_0032_lat_10.3016293_lon_105.2726206_alt_20.337m,train,DJI_DateTime_2024_09_30_10_33_0032_lat_10.3016293_lon_105.2726206_alt_20.337m__p000,DJI_DateTime_2024_09_30_10_33_0032_lat_10.3016293_lon_105.2726206_alt_20.337m,0,0,640,480,14790,0
DJI_DateTime_2024_09_30_10_33_0032_lat_10.3016293_lon_105.2726206_alt_20.337m,train,DJI_DateTime_2024_09_30_10_33_0032_lat_10.3016293_lon_105.2726206_alt_20.337m__p002,DJI_DateTime_2024_09_30_10_33_0032_lat_10.3016293_lon_105.2726206_alt_20.337m,0,480,640,480,20938,0
DJI_DateTime_2024_09_30_10_33_0033_lat_10.3016724_lon_105.2725306_alt_20.373m,train,DJI_DateTime_2024_09_30_10_33_0033_lat_10.3016724_lon_105.2725306_alt_20.373m__p000,DJI_DateTime_2024_09_30_10_33_0033_lat_10.3016724_lon_105.2725306_alt_20.373m,0,0,640,480,30629,0
DJI_DateTime_2024_09_30_10_33_0033_lat_10.3016724_lon_105.2725306_alt_20.373m,train,DJI_DateTime_2024_09_30_10_33_0033_lat_10.3016724_lon_105.2725306_alt_20.373m__p001,DJI_DateTime_2024_09_30_10_33_0033_lat_10.3016724_lon_105.2725306_alt_20.373m,640,0,640,480,0,1
DJI_DateTime_2024_09_30_10_33_0033_lat_10.3016724_lon_105.2725306_alt_20.373m,train,DJI_DateTime_2024_09_30_10_33_0033_lat_10.3016724_lon_105.2725306_alt_20.373m__p002,DJI_DateTime_2024_09_30_10_33_0033_lat_10.3016724_lon_105.2725306_alt_20.373m,0,480,640,480,52049,0
DJI_DateTime_2024_09_30_10_33_0033_lat_10.3016724_lon_105.2725306_alt_20.373m,train,DJI_DateTime_2024_09_30_10_33_0033_lat_10.3016724_lon_105.2725306_alt_20.373m__p003,DJI_DateTime_2024_09_30_10_33_0033_lat_10.3016724_lon_105.2725306_alt_20.373m,640,480,640,480,0,1
DJI_DateTime_2024_09_30_10_33_0034_lat_10.3017159_lon_105.2724406_alt_20.418m,train,DJI_DateTime_2024_09_30_10_33_0034_lat_10.3017159_lon_105.2724406_alt_20.418m__p000,DJI_DateTime_2024_09_30_10_33_0034_lat_10.3017159_lon_105.2724406_alt_20.418m,0,0,640,480,18316,0
DJI_DateTime_2024_09_30_10_33_0034_lat_10.3017159_lon_105.2724406_alt_20.418m,train,DJI_DateTime_2024_09_30_10_33_0034_lat_10.3017159_lon_105.2724406_alt_20.418m__p002,DJI_DateTime_2024_09_30_10_33_0034_lat_10.3017159_lon_105.2724406_alt_20.418m,0,480,640,480,77864,0
DJI_DateTime_2024_09_30_10_33_0035_lat_10.3017589_lon_105.2723505_alt_20.422m,train,DJI_DateTime_2024_09_30_10_33_0035_lat_10.3017589_lon_105.2723505_alt_20.422m__p000,DJI_DateTime_2024_09_30_10_33_0035_lat_10.3017589_lon_105.2723505_alt_20.422m,0,0,640,480,44137,0
DJI_DateTime_2024_09_30_10_33_0035_lat_10.3017589_lon_105.2723505_alt_20.422m,train,DJI_DateTime_2024_09_30_10_33_0035_lat_10.3017589_lon_105.2723505_alt_20.422m__p001,DJI_DateTime_2024_09_30_10_33_0035_lat_10.3017589_lon_105.2723505_alt_20.422m,640,0,640,480,0,1
DJI_DateTime_2024_09_30_10_33_0035_lat_10.3017589_lon_105.2723505_alt_20.422m,train,DJI_DateTime_2024_09_30_10_33_0035_lat_10.3017589_lon_105.2723505_alt_20.422m__p002,DJI_DateTime_2024_09_30_10_33_0035_lat_10.3017589_lon_105.2723505_alt_20.422m,0,480,640,480,121312,0
DJI_DateTime_2024_09_30_10_33_0035_lat_10.3017589_lon_105.2723505_alt_20.422m,train,DJI_DateTime_2024_09_30_10_33_0035_lat_10.3017589_lon_105.2723505_alt_20.422m__p003,DJI_DateTime_2024_09_30_10_33_0035_lat_10.3017589_lon_105.2723505_alt_20.422m,640,480,640,480,0,1
DJI_DateTime_2024_09_30_10_34_0036_lat_10.3018023_lon_105.2722610_alt_20.344m,train,DJI_DateTime_2024_09_30_10_34_0036_lat_10.3018023_lon_105.2722610_alt_20.344m__p000,DJI_DateTime_2024_09_30_10_34_0036_lat_10.3018023_lon_105.2722610_alt_20.344m,0,0,640,480,74349,0
DJI_DateTime_2024_09_30_10_34_0036_lat_10.3018023_lon_105.2722610_alt_20.344m,train,DJI_DateTime_2024_09_30_10_34_0036_lat_10.3018023_lon_105.2722610_alt_20.344m__p001,DJI_DateTime_2024_09_30_10_34_0036_lat_10.3018023_lon_105.2722610_alt_20.344m,640,0,640,480,5388,0
DJI_DateTime_2024_09_30_10_34_0036_lat_10.3018023_lon_105.2722610_alt_20.344m,train,DJI_DateTime_2024_09_30_10_34_0036_lat_10.3018023_lon_105.2722610_alt_20.344m__p002,DJI_DateTime_2024_09_30_10_34_0036_lat_10.3018023_lon_105.2722610_alt_20.344m,0,480,640,480,82137,0
DJI_DateTime_2024_09_30_10_34_0036_lat_10.3018023_lon_105.2722610_alt_20.344m,train,DJI_DateTime_2024_09_30_10_34_0036_lat_10.3018023_lon_105.2722610_alt_20.344m__p003,DJI_DateTime_2024_09_30_10_34_0036_lat_10.3018023_lon_105.2722610_alt_20.344m,640,480,640,480,6080,0
DJI_DateTime_2024_09_30_10_34_0037_lat_10.3018456_lon_105.2721710_alt_20.405m,train,DJI_DateTime_2024_09_30_10_34_0037_lat_10.3018456_lon_105.2721710_alt_20.405m__p000,DJI_DateTime_2024_09_30_10_34_0037_lat_10.3018456_lon_105.2721710_alt_20.405m,0,0,640,480,139176,0
DJI_DateTime_2024_09_30_10_34_0037_lat_10.3018456_lon_105.2721710_alt_20.405m,train,DJI_DateTime_2024_09_30_10_34_0037_lat_10.3018456_lon_105.2721710_alt_20.405m__p001,DJI_DateTime_2024_09_30_10_34_0037_lat_10.3018456_lon_105.2721710_alt_20.405m,640,0,640,480,0,1
DJI_DateTime_2024_09_30_10_34_0037_lat_10.3018456_lon_105.2721710_alt_20.405m,train,DJI_DateTime_2024_09_30_10_34_0037_lat_10.3018456_lon_105.2721710_alt_20.405m__p002,DJI_DateTime_2024_09_30_10_34_0037_lat_10.3018456_lon_105.2721710_alt_20.405m,0,480,640,480,201755,0
DJI_DateTime_2024_09_30_10_34_0038_lat_10.3018884_lon_105.2720811_alt_20.403m,train,DJI_DateTime_2024_09_30_10_34_0038_lat_10.3018884_lon_105.2720811_alt_20.403m__p000,DJI_DateTime_2024_09_30_10_34_0038_lat_10.3018884_lon_105.2720811_alt_20.403m,0,0,640,480,38632,0
DJI_DateTime_2024_09_30_10_34_0038_lat_10.3018884_lon_105.2720811_alt_20.403m,train,DJI_DateTime_2024_09_30_10_34_0038_lat_10.3018884_lon_105.2720811_alt_20.403m__p002,DJI_DateTime_2024_09_30_10_34_0038_lat_10.3018884_lon_105.2720811_alt_20.403m,0,480,640,480,143750,0
DJI_DateTime_2024_09_30_10_34_0039_lat_10.3019316_lon_105.2719909_alt_20.412m,train,DJI_DateTime_2024_09_30_10_34_0039_lat_10.3019316_lon_105.2719909_alt_20.412m__p000,DJI_DateTime_2024_09_30_10_34_0039_lat_10.3019316_lon_105.2719909_alt_20.412m,0,0,640,480,106591,0
DJI_DateTime_2024_09_30_10_34_0039_lat_10.3019316_lon_105.2719909_alt_20.412m,train,DJI_DateTime_2024_09_30_10_34_0039_lat_10.3019316_lon_105.2719909_alt_20.412m__p001,DJI_DateTime_2024_09_30_10_34_0039_lat_10.3019316_lon_105.2719909_alt_20.412m,640,0,640,480,1434,0
DJI_DateTime_2024_09_30_10_34_0039_lat_10.3019316_lon_105.2719909_alt_20.412m,train,DJI_DateTime_2024_09_30_10_34_0039_lat_10.3019316_lon_105.2719909_alt_20.412m__p002,DJI_DateTime_2024_09_30_10_34_0039_lat_10.3019316_lon_105.2719909_alt_20.412m,0,480,640,480,114944,0
DJI_DateTime_2024_09_30_10_34_0039_lat_10.3019316_lon_105.2719909_alt_20.412m,train,DJI_DateTime_2024_09_30_10_34_0039_lat_10.3019316_lon_105.2719909_alt_20.412m__p003,DJI_DateTime_2024_09_30_10_34_0039_lat_10.3019316_lon_105.2719909_alt_20.412m,640,480,640,480,11260,0
DJI_DateTime_2024_09_30_10_34_0040_lat_10.3019751_lon_105.2719014_alt_20.400m,train,DJI_DateTime_2024_09_30_10_34_0040_lat_10.3019751_lon_105.2719014_alt_20.400m__p000,DJI_DateTime_2024_09_30_10_34_0040_lat_10.3019751_lon_105.2719014_alt_20.400m,0,0,640,480,2899,0
DJI_DateTime_2024_09_30_10_34_0040_lat_10.3019751_lon_105.2719014_alt_20.400m,train,DJI_DateTime_2024_09_30_10_34_0040_lat_10.3019751_lon_105.2719014_alt_20.400m__p001,DJI_DateTime_2024_09_30_10_34_0040_lat_10.3019751_lon_105.2719014_alt_20.400m,640,0,640,480,0,1
DJI_DateTime_2024_09_30_10_34_0040_lat_10.3019751_lon_105.2719014_alt_20.400m,train,DJI_DateTime_2024_09_30_10_34_0040_lat_10.3019751_lon_105.2719014_alt_20.400m__p002,DJI_DateTime_2024_09_30_10_34_0040_lat_10.3019751_lon_105.2719014_alt_20.400m,0,480,640,480,141307,0
DJI_DateTime_2024_09_30_10_34_0040_lat_10.3019751_lon_105.2719014_alt_20.400m,train,DJI_DateTime_2024_09_30_10_34_0040_lat_10.3019751_lon_105.2719014_alt_20.400m__p003,DJI_DateTime_2024_09_30_10_34_0040_lat_10.3019751_lon_105.2719014_alt_20.400m,640,480,640,480,16163,0
DJI_DateTime_2024_09_30_10_34_0041_lat_10.3020190_lon_105.2718108_alt_20.425m,train,DJI_DateTime_2024_09_30_10_34_0041_lat_10.3020190_lon_105.2718108_alt_20.425m__p000,DJI_DateTime_2024_09_30_10_34_0041_lat_10.3020190_lon_105.2718108_alt_20.425m,0,0,640,480,6239,0
DJI_DateTime_2024_09_30_10_34_0041_lat_10.3020190_lon_105.2718108_alt_20.425m,train,DJI_DateTime_2024_09_30_10_34_0041_lat_10.3020190_lon_105.2718108_alt_20.425m__p001,DJI_DateTime_2024_09_30_10_34_0041_lat_10.3020190_lon_105.2718108_alt_20.425m,640,0,640,480,1578,0
DJI_DateTime_2024_09_30_10_34_0041_lat_10.3020190_lon_105.2718108_alt_20.425m,train,DJI_DateTime_2024_09_30_10_34_0041_lat_10.3020190_lon_105.2718108_alt_20.425m__p003,DJI_DateTime_2024_09_30_10_34_0041_lat_10.3020190_lon_105.2718108_alt_20.425m,640,480,640,480,7324,0
DJI_DateTime_2024_09_30_10_34_0042_lat_10.3020618_lon_105.2717213_alt_20.363m,train,DJI_DateTime_2024_09_30_10_34_0042_lat_10.3020618_lon_105.2717213_alt_20.363m__p002,DJI_DateTime_2024_09_30_10_34_0042_lat_10.3020618_lon_105.2717213_alt_20.363m,0,480,640,480,2177,0
DJI_DateTime_2024_09_30_10_34_0042_lat_10.3020618_lon_105.2717213_alt_20.363m,train,DJI_DateTime_2024_09_30_10_34_0042_lat_10.3020618_lon_105.2717213_alt_20.363m__p003,DJI_DateTime_2024_09_30_10_34_0042_lat_10.3020618_lon_105.2717213_alt_20.363m,640,480,640,480,31797,0
DJI_DateTime_2024_09_30_10_34_0043_lat_10.3021053_lon_105.2716308_alt_20.370m,train,DJI_DateTime_2024_09_30_10_34_0043_lat_10.3021053_lon_105.2716308_alt_20.370m__p001,DJI_DateTime_2024_09_30_10_34_0043_lat_10.3021053_lon_105.2716308_alt_20.370m,640,0,640,480,11410,0
DJI_DateTime_2024_09_30_10_34_0043_lat_10.3021053_lon_105.2716308_alt_20.370m,train,DJI_DateTime_2024_09_30_10_34_0043_lat_10.3021053_lon_105.2716308_alt_20.370m__p003,DJI_DateTime_2024_09_30_10_34_0043_lat_10.3021053_lon_105.2716308_alt_20.370m,640,480,640,480,13605,0
DJI_DateTime_2024_09_30_10_35_0047_lat_10.3019564_lon_105.2716374_alt_20.400m,train,DJI_DateTime_2024_09_30_10_35_0047_lat_10.3019564_lon_105.2716374_alt_20.400m__p000,DJI_DateTime_2024_09_30_10_35_0047_lat_10.3019564_lon_105.2716374_alt_20.400m,0,0,640,480,25187,0
DJI_DateTime_2024_09_30_10_35_0047_lat_10.3019564_lon_105.2716374_alt_20.400m,train,DJI_DateTime_2024_09_30_10_35_0047_lat_10.3019564_lon_105.2716374_alt_20.400m__p001,DJI_DateTime_2024_09_30_10_35_0047_lat_10.3019564_lon_105.2716374_alt_20.400m,640,0,640,480,157121,0
DJI_DateTime_2024_09_30_10_35_0047_lat_10.3019564_lon_105.2716374_alt_20.400m,train,DJI_DateTime_2024_09_30_10_35_0047_lat_10.3019564_lon_105.2716374_alt_20.400m__p002,DJI_DateTime_2024_09_30_10_35_0047_lat_10.3019564_lon_105.2716374_alt_20.400m,0,480,640,480,17937,0
DJI_DateTime_2024_09_30_10_35_0047_lat_10.3019564_lon_105.2716374_alt_20.400m,train,DJI_DateTime_2024_09_30_10_35_0047_lat_10.3019564_lon_105.2716374_alt_20.400m__p003,DJI_DateTime_2024_09_30_10_35_0047_lat_10.3019564_lon_105.2716374_alt_20.400m,640,480,640,480,55675,0
DJI_DateTime_2024_09_30_10_35_0048_lat_10.3019130_lon_105.2717265_alt_20.396m,train,DJI_DateTime_2024_09_30_10_35_0048_lat_10.3019130_lon_105.2717265_alt_20.396m__p000,DJI_DateTime_2024_09_30_10_35_0048_lat_10.3019130_lon_105.2717265_alt_20.396m,0,0,640,480,347,0
DJI_DateTime_2024_09_30_10_35_0048_lat_10.3019130_lon_105.2717265_alt_20.396m,train,DJI_DateTime_2024_09_30_10_35_0048_lat_10.3019130_lon_105.2717265_alt_20.396m__p001,DJI_DateTime_2024_09_30_10_35_0048_lat_10.3019130_lon_105.2717265_alt_20.396m,640,0,640,480,186421,0
DJI_DateTime_2024_09_30_10_35_0048_lat_10.3019130_lon_105.2717265_alt_20.396m,train,DJI_DateTime_2024_09_30_10_35_0048_lat_10.3019130_lon_105.2717265_alt_20.396m__p002,DJI_DateTime_2024_09_30_10_35_0048_lat_10.3019130_lon_105.2717265_alt_20.396m,0,480,640,480,14546,0
DJI_DateTime_2024_09_30_10_35_0048_lat_10.3019130_lon_105.2717265_alt_20.396m,train,DJI_DateTime_2024_09_30_10_35_0048_lat_10.3019130_lon_105.2717265_alt_20.396m__p003,DJI_DateTime_2024_09_30_10_35_0048_lat_10.3019130_lon_105.2717265_alt_20.396m,640,480,640,480,62392,0
DJI_DateTime_2024_09_30_10_35_0049_lat_10.3018697_lon_105.2718166_alt_20.388m,train,DJI_DateTime_2024_09_30_10_35_0049_lat_10.3018697_lon_105.2718166_alt_20.388m__p000,DJI_DateTime_2024_09_30_10_35_0049_lat_10.3018697_lon_105.2718166_alt_20.388m,0,0,640,480,109701,0
DJI_DateTime_2024_09_30_10_35_0049_lat_10.3018697_lon_105.2718166_alt_20.388m,train,DJI_DateTime_2024_09_30_10_35_0049_lat_10.3018697_lon_105.2718166_alt_20.388m__p001,DJI_DateTime_2024_09_30_10_35_0049_lat_10.3018697_lon_105.2718166_alt_20.388m,640,0,640,480,156207,0
DJI_DateTime_2024_09_30_10_35_0049_lat_10.3018697_lon_105.2718166_alt_20.388m,train,DJI_DateTime_2024_09_30_10_35_0049_lat_10.3018697_lon_105.2718166_alt_20.388m__p002,DJI_DateTime_2024_09_30_10_35_0049_lat_10.3018697_lon_105.2718166_alt_20.388m,0,480,640,480,3231,0
DJI_DateTime_2024_09_30_10_35_0049_lat_10.3018697_lon_105.2718166_alt_20.388m,train,DJI_DateTime_2024_09_30_10_35_0049_lat_10.3018697_lon_105.2718166_alt_20.388m__p003,DJI_DateTime_2024_09_30_10_35_0049_lat_10.3018697_lon_105.2718166_alt_20.388m,640,480,640,480,60591,0
DJI_DateTime_2024_09_30_10_35_0050_lat_10.3018263_lon_105.2719070_alt_20.468m,train,DJI_DateTime_2024_09_30_10_35_0050_lat_10.3018263_lon_105.2719070_alt_20.468m__p000,DJI_DateTime_2024_09_30_10_35_0050_lat_10.3018263_lon_105.2719070_alt_20.468m,0,0,640,480,151293,0
DJI_DateTime_2024_09_30_10_35_0050_lat_10.3018263_lon_105.2719070_alt_20.468m,train,DJI_DateTime_2024_09_30_10_35_0050_lat_10.3018263_lon_105.2719070_alt_20.468m__p001,DJI_DateTime_2024_09_30_10_35_0050_lat_10.3018263_lon_105.2719070_alt_20.468m,640,0,640,480,179109,0
DJI_DateTime_2024_09_30_10_35_0050_lat_10.3018263_lon_105.2719070_alt_20.468m,train,DJI_DateTime_2024_09_30_10_35_0050_lat_10.3018263_lon_105.2719070_alt_20.468m__p002,DJI_DateTime_2024_09_30_10_35_0050_lat_10.3018263_lon_105.2719070_alt_20.468m,0,480,640,480,94311,0
DJI_DateTime_2024_09_30_10_35_0050_lat_10.3018263_lon_105.2719070_alt_20.468m,train,DJI_DateTime_2024_09_30_10_35_0050_lat_10.3018263_lon_105.2719070_alt_20.468m__p003,DJI_DateTime_2024_09_30_10_35_0050_lat_10.3018263_lon_105.2719070_alt_20.468m,640,480,640,480,63354,0
DJI_DateTime_2024_09_30_10_35_0051_lat_10.3017832_lon_105.2719963_alt_20.409m,train,DJI_DateTime_2024_09_30_10_35_0051_lat_10.3017832_lon_105.2719963_alt_20.409m__p000,DJI_DateTime_2024_09_30_10_35_0051_lat_10.3017832_lon_105.2719963_alt_20.409m,0,0,640,480,127735,0
DJI_DateTime_2024_09_30_10_35_0051_lat_10.3017832_lon_105.2719963_alt_20.409m,train,DJI_DateTime_2024_09_30_10_35_0051_lat_10.3017832_lon_105.2719963_alt_20.409m__p001,DJI_DateTime_2024_09_30_10_35_0051_lat_10.3017832_lon_105.2719963_alt_20.409m,640,0,640,480,72444,0
DJI_DateTime_2024_09_30_10_35_0051_lat_10.3017832_lon_105.2719963_alt_20.409m,train,DJI_DateTime_2024_09_30_10_35_0051_lat_10.3017832_lon_105.2719963_alt_20.409m__p002,DJI_DateTime_2024_09_30_10_35_0051_lat_10.3017832_lon_105.2719963_alt_20.409m,0,480,640,480,85239,0
DJI_DateTime_2024_09_30_10_35_0051_lat_10.3017832_lon_105.2719963_alt_20.409m,train,DJI_DateTime_2024_09_30_10_35_0051_lat_10.3017832_lon_105.2719963_alt_20.409m__p003,DJI_DateTime_2024_09_30_10_35_0051_lat_10.3017832_lon_105.2719963_alt_20.409m,640,480,640,480,108358,0
DJI_DateTime_2024_09_30_10_35_0052_lat_10.3017402_lon_105.2720861_alt_20.397m,train,DJI_DateTime_2024_09_30_10_35_0052_lat_10.3017402_lon_105.2720861_alt_20.397m__p000,DJI_DateTime_2024_09_30_10_35_0052_lat_10.3017402_lon_105.2720861_alt_20.397m,0,0,640,480,196548,0
DJI_DateTime_2024_09_30_10_35_0052_lat_10.3017402_lon_105.2720861_alt_20.397m,train,DJI_DateTime_2024_09_30_10_35_0052_lat_10.3017402_lon_105.2720861_alt_20.397m__p001,DJI_DateTime_2024_09_30_10_35_0052_lat_10.3017402_lon_105.2720861_alt_20.397m,640,0,640,480,51186,0
DJI_DateTime_2024_09_30_10_35_0052_lat_10.3017402_lon_105.2720861_alt_20.397m,train,DJI_DateTime_2024_09_30_10_35_0052_lat_10.3017402_lon_105.2720861_alt_20.397m__p002,DJI_DateTime_2024_09_30_10_35_0052_lat_10.3017402_lon_105.2720861_alt_20.397m,0,480,640,480,99999,0
DJI_DateTime_2024_09_30_10_35_0052_lat_10.3017402_lon_105.2720861_alt_20.397m,train,DJI_DateTime_2024_09_30_10_35_0052_lat_10.3017402_lon_105.2720861_alt_20.397m__p003,DJI_DateTime_2024_09_30_10_35_0052_lat_10.3017402_lon_105.2720861_alt_20.397m,640,480,640,480,38942,0
DJI_DateTime_2024_09_30_10_35_0053_lat_10.3016969_lon_105.2721757_alt_20.445m,train,DJI_DateTime_2024_09_30_10_35_0053_lat_10.3016969_lon_105.2721757_alt_20.445m__p000,DJI_DateTime_2024_09_30_10_35_0053_lat_10.3016969_lon_105.2721757_alt_20.445m,0,0,640,480,160484,0
DJI_DateTime_2024_09_30_10_35_0053_lat_10.3016969_lon_105.2721757_alt_20.445m,train,DJI_DateTime_2024_09_30_10_35_0053_lat_10.3016969_lon_105.2721757_alt_20.445m__p001,DJI_DateTime_2024_09_30_10_35_0053_lat_10.3016969_lon_105.2721757_alt_20.445m,640,0,640,480,56020,0
DJI_DateTime_2024_09_30_10_35_0053_lat_10.3016969_lon_105.2721757_alt_20.445m,train,DJI_DateTime_2024_09_30_10_35_0053_lat_10.3016969_lon_105.2721757_alt_20.445m__p002,DJI_DateTime_2024_09_30_10_35_0053_lat_10.3016969_lon_105.2721757_alt_20.445m,0,480,640,480,161703,0
DJI_DateTime_2024_09_30_10_35_0053_lat_10.3016969_lon_105.2721757_alt_20.445m,train,DJI_DateTime_2024_09_30_10_35_0053_lat_10.3016969_lon_105.2721757_alt_20.445m__p003,DJI_DateTime_2024_09_30_10_35_0053_lat_10.3016969_lon_105.2721757_alt_20.445m,640,480,640,480,52874,0
DJI_DateTime_2024_09_30_10_36_0054_lat_10.3016535_lon_105.2722654_alt_20.405m,train,DJI_DateTime_2024_09_30_10_36_0054_lat_10.3016535_lon_105.2722654_alt_20.405m__p000,DJI_DateTime_2024_09_30_10_36_0054_lat_10.3016535_lon_105.2722654_alt_20.405m,0,0,640,480,119579,0
DJI_DateTime_2024_09_30_10_36_0054_lat_10.3016535_lon_105.2722654_alt_20.405m,train,DJI_DateTime_2024_09_30_10_36_0054_lat_10.3016535_lon_105.2722654_alt_20.405m__p001,DJI_DateTime_2024_09_30_10_36_0054_lat_10.3016535_lon_105.2722654_alt_20.405m,640,0,640,480,41969,0
DJI_DateTime_2024_09_30_10_36_0054_lat_10.3016535_lon_105.2722654_alt_20.405m,train,DJI_DateTime_2024_09_30_10_36_0054_lat_10.3016535_lon_105.2722654_alt_20.405m__p002,DJI_DateTime_2024_09_30_10_36_0054_lat_10.3016535_lon_105.2722654_alt_20.405m,0,480,640,480,162576,0
DJI_DateTime_2024_09_30_10_36_0054_lat_10.3016535_lon_105.2722654_alt_20.405m,train,DJI_DateTime_2024_09_30_10_36_0054_lat_10.3016535_lon_105.2722654_alt_20.405m__p003,DJI_DateTime_2024_09_30_10_36_0054_lat_10.3016535_lon_105.2722654_alt_20.405m,640,480,640,480,30891,0
DJI_DateTime_2024_09_30_10_36_0055_lat_10.3016107_lon_105.2723549_alt_20.436m,train,DJI_DateTime_2024_09_30_10_36_0055_lat_10.3016107_lon_105.2723549_alt_20.436m__p000,DJI_DateTime_2024_09_30_10_36_0055_lat_10.3016107_lon_105.2723549_alt_20.436m,0,0,640,480,138950,0
DJI_DateTime_2024_09_30_10_36_0055_lat_10.3016107_lon_105.2723549_alt_20.436m,train,DJI_DateTime_2024_09_30_10_36_0055_lat_10.3016107_lon_105.2723549_alt_20.436m__p001,DJI_DateTime_2024_09_30_10_36_0055_lat_10.3016107_lon_105.2723549_alt_20.436m,640,0,640,480,18311,0
DJI_DateTime_2024_09_30_10_36_0055_lat_10.3016107_lon_105.2723549_alt_20.436m,train,DJI_DateTime_2024_09_30_10_36_0055_lat_10.3016107_lon_105.2723549_alt_20.436m__p002,DJI_DateTime_2024_09_30_10_36_0055_lat_10.3016107_lon_105.2723549_alt_20.436m,0,480,640,480,155552,0
DJI_DateTime_2024_09_30_10_36_0055_lat_10.3016107_lon_105.2723549_alt_20.436m,train,DJI_DateTime_2024_09_30_10_36_0055_lat_10.3016107_lon_105.2723549_alt_20.436m__p003,DJI_DateTime_2024_09_30_10_36_0055_lat_10.3016107_lon_105.2723549_alt_20.436m,640,480,640,480,20201,0
DJI_DateTime_2024_09_30_10_36_0056_lat_10.3015671_lon_105.2724455_alt_20.401m,train,DJI_DateTime_2024_09_30_10_36_0056_lat_10.3015671_lon_105.2724455_alt_20.401m__p000,DJI_DateTime_2024_09_30_10_36_0056_lat_10.3015671_lon_105.2724455_alt_20.401m,0,0,640,480,18387,0
DJI_DateTime_2024_09_30_10_36_0056_lat_10.3015671_lon_105.2724455_alt_20.401m,train,DJI_DateTime_2024_09_30_10_36_0056_lat_10.3015671_lon_105.2724455_alt_20.401m__p001,DJI_DateTime_2024_09_30_10_36_0056_lat_10.3015671_lon_105.2724455_alt_20.401m,640,0,640,480,51839,0
DJI_DateTime_2024_09_30_10_36_0056_lat_10.3015671_lon_105.2724455_alt_20.401m,train,DJI_DateTime_2024_09_30_10_36_0056_lat_10.3015671_lon_105.2724455_alt_20.401m__p002,DJI_DateTime_2024_09_30_10_36_0056_lat_10.3015671_lon_105.2724455_alt_20.401m,0,480,640,480,54159,0
DJI_DateTime_2024_09_30_10_36_0056_lat_10.3015671_lon_105.2724455_alt_20.401m,train,DJI_DateTime_2024_09_30_10_36_0056_lat_10.3015671_lon_105.2724455_alt_20.401m__p003,DJI_DateTime_2024_09_30_10_36_0056_lat_10.3015671_lon_105.2724455_alt_20.401m,640,480,640,480,27533,0
DJI_DateTime_2024_09_30_10_36_0057_lat_10.3015241_lon_105.2725357_alt_20.443m,train,DJI_DateTime_2024_09_30_10_36_0057_lat_10.3015241_lon_105.2725357_alt_20.443m__p000,DJI_DateTime_2024_09_30_10_36_0057_lat_10.3015241_lon_105.2725357_alt_20.443m,0,0,640,480,73961,0
DJI_DateTime_2024_09_30_10_36_0057_lat_10.3015241_lon_105.2725357_alt_20.443m,train,DJI_DateTime_2024_09_30_10_36_0057_lat_10.3015241_lon_105.2725357_alt_20.443m__p001,DJI_DateTime_2024_09_30_10_36_0057_lat_10.3015241_lon_105.2725357_alt_20.443m,640,0,640,480,11788,0
DJI_DateTime_2024_09_30_10_36_0057_lat_10.3015241_lon_105.2725357_alt_20.443m,train,DJI_DateTime_2024_09_30_10_36_0057_lat_10.3015241_lon_105.2725357_alt_20.443m__p002,DJI_DateTime_2024_09_30_10_36_0057_lat_10.3015241_lon_105.2725357_alt_20.443m,0,480,640,480,28972,0
DJI_DateTime_2024_09_30_10_36_0057_lat_10.3015241_lon_105.2725357_alt_20.443m,train,DJI_DateTime_2024_09_30_10_36_0057_lat_10.3015241_lon_105.2725357_alt_20.443m__p003,DJI_DateTime_2024_09_30_10_36_0057_lat_10.3015241_lon_105.2725357_alt_20.443m,640,480,640,480,19100,0
DJI_DateTime_2024_09_30_10_36_0058_lat_10.3014802_lon_105.2726253_alt_20.384m,train,DJI_DateTime_2024_09_30_10_36_0058_lat_10.3014802_lon_105.2726253_alt_20.384m__p000,DJI_DateTime_2024_09_30_10_36_0058_lat_10.3014802_lon_105.2726253_alt_20.384m,0,0,640,480,29651,0
DJI_DateTime_2024_09_30_10_36_0058_lat_10.3014802_lon_105.2726253_alt_20.384m,train,DJI_DateTime_2024_09_30_10_36_0058_lat_10.3014802_lon_105.2726253_alt_20.384m__p001,DJI_DateTime_2024_09_30_10_36_0058_lat_10.3014802_lon_105.2726253_alt_20.384m,640,0,640,480,102834,0
DJI_DateTime_2024_09_30_10_36_0058_lat_10.3014802_lon_105.2726253_alt_20.384m,train,DJI_DateTime_2024_09_30_10_36_0058_lat_10.3014802_lon_105.2726253_alt_20.384m__p002,DJI_DateTime_2024_09_30_10_36_0058_lat_10.3014802_lon_105.2726253_alt_20.384m,0,480,640,480,42929,0
DJI_DateTime_2024_09_30_10_36_0058_lat_10.3014802_lon_105.2726253_alt_20.384m,train,DJI_DateTime_2024_09_30_10_36_0058_lat_10.3014802_lon_105.2726253_alt_20.384m__p003,DJI_DateTime_2024_09_30_10_36_0058_lat_10.3014802_lon_105.2726253_alt_20.384m,640,480,640,480,28101,0
DJI_DateTime_2024_09_30_10_36_0059_lat_10.3013945_lon_105.2726201_alt_20.288m,train,DJI_DateTime_2024_09_30_10_36_0059_lat_10.3013945_lon_105.2726201_alt_20.288m__p000,DJI_DateTime_2024_09_30_10_36_0059_lat_10.3013945_lon_105.2726201_alt_20.288m,0,0,640,480,47625,0
DJI_DateTime_2024_09_30_10_36_0059_lat_10.3013945_lon_105.2726201_alt_20.288m,train,DJI_DateTime_2024_09_30_10_36_0059_lat_10.3013945_lon_105.2726201_alt_20.288m__p001,DJI_DateTime_2024_09_30_10_36_0059_lat_10.3013945_lon_105.2726201_alt_20.288m,640,0,640,480,5071,0
DJI_DateTime_2024_09_30_10_36_0059_lat_10.3013945_lon_105.2726201_alt_20.288m,train,DJI_DateTime_2024_09_30_10_36_0059_lat_10.3013945_lon_105.2726201_alt_20.288m__p002,DJI_DateTime_2024_09_30_10_36_0059_lat_10.3013945_lon_105.2726201_alt_20.288m,0,480,640,480,97383,0
DJI_DateTime_2024_09_30_10_36_0059_lat_10.3013945_lon_105.2726201_alt_20.288m,train,DJI_DateTime_2024_09_30_10_36_0059_lat_10.3013945_lon_105.2726201_alt_20.288m__p003,DJI_DateTime_2024_09_30_10_36_0059_lat_10.3013945_lon_105.2726201_alt_20.288m,640,480,640,480,79132,0
DJI_DateTime_2024_09_30_10_36_0060_lat_10.3013797_lon_105.2725354_alt_20.423m,train,DJI_DateTime_2024_09_30_10_36_0060_lat_10.3013797_lon_105.2725354_alt_20.423m__p000,DJI_DateTime_2024_09_30_10_36_0060_lat_10.3013797_lon_105.2725354_alt_20.423m,0,0,640,480,0,1
DJI_DateTime_2024_09_30_10_36_0060_lat_10.3013797_lon_105.2725354_alt_20.423m,train,DJI_DateTime_2024_09_30_10_36_0060_lat_10.3013797_lon_105.2725354_alt_20.423m__p001,DJI_DateTime_2024_09_30_10_36_0060_lat_10.3013797_lon_105.2725354_alt_20.423m,640,0,640,480,13044,0
DJI_DateTime_2024_09_30_10_36_0060_lat_10.3013797_lon_105.2725354_alt_20.423m,train,DJI_DateTime_2024_09_30_10_36_0060_lat_10.3013797_lon_105.2725354_alt_20.423m__p002,DJI_DateTime_2024_09_30_10_36_0060_lat_10.3013797_lon_105.2725354_alt_20.423m,0,480,640,480,12107,0
DJI_DateTime_2024_09_30_10_36_0060_lat_10.3013797_lon_105.2725354_alt_20.423m,train,DJI_DateTime_2024_09_30_10_36_0060_lat_10.3013797_lon_105.2725354_alt_20.423m__p003,DJI_DateTime_2024_09_30_10_36_0060_lat_10.3013797_lon_105.2725354_alt_20.423m,640,480,640,480,145122,0
DJI_DateTime_2024_09_30_10_36_0061_lat_10.3014214_lon_105.2724459_alt_20.419m,train,DJI_DateTime_2024_09_30_10_36_0061_lat_10.3014214_lon_105.2724459_alt_20.419m__p001,DJI_DateTime_2024_09_30_10_36_0061_lat_10.3014214_lon_105.2724459_alt_20.419m,640,0,640,480,63860,0
DJI_DateTime_2024_09_30_10_36_0061_lat_10.3014214_lon_105.2724459_alt_20.419m,train,DJI_DateTime_2024_09_30_10_36_0061_lat_10.3014214_lon_105.2724459_alt_20.419m__p002,DJI_DateTime_2024_09_30_10_36_0061_lat_10.3014214_lon_105.2724459_alt_20.419m,0,480,640,480,14454,0
DJI_DateTime_2024_09_30_10_36_0061_lat_10.3014214_lon_105.2724459_alt_20.419m,train,DJI_DateTime_2024_09_30_10_36_0061_lat_10.3014214_lon_105.2724459_alt_20.419m__p003,DJI_DateTime_2024_09_30_10_36_0061_lat_10.3014214_lon_105.2724459_alt_20.419m,640,480,640,480,64345,0
DJI_DateTime_2024_09_30_10_36_0062_lat_10.3014649_lon_105.2723554_alt_20.396m,train,DJI_DateTime_2024_09_30_10_36_0062_lat_10.3014649_lon_105.2723554_alt_20.396m__p001,DJI_DateTime_2024_09_30_10_36_0062_lat_10.3014649_lon_105.2723554_alt_20.396m,640,0,640,480,10534,0
DJI_DateTime_2024_09_30_10_36_0062_lat_10.3014649_lon_105.2723554_alt_20.396m,train,DJI_DateTime_2024_09_30_10_36_0062_lat_10.3014649_lon_105.2723554_alt_20.396m__p002,DJI_DateTime_2024_09_30_10_36_0062_lat_10.3014649_lon_105.2723554_alt_20.396m,0,480,640,480,27950,0
DJI_DateTime_2024_09_30_10_36_0062_lat_10.3014649_lon_105.2723554_alt_20.396m,train,DJI_DateTime_2024_09_30_10_36_0062_lat_10.3014649_lon_105.2723554_alt_20.396m__p003,DJI_DateTime_2024_09_30_10_36_0062_lat_10.3014649_lon_105.2723554_alt_20.396m,640,480,640,480,104564,0
DJI_DateTime_2024_09_30_10_37_0063_lat_10.3015081_lon_105.2722663_alt_20.415m,train,DJI_DateTime_2024_09_30_10_37_0063_lat_10.3015081_lon_105.2722663_alt_20.415m__p000,DJI_DateTime_2024_09_30_10_37_0063_lat_10.3015081_lon_105.2722663_alt_20.415m,0,0,640,480,15289,0
DJI_DateTime_2024_09_30_10_37_0063_lat_10.3015081_lon_105.2722663_alt_20.415m,train,DJI_DateTime_2024_09_30_10_37_0063_lat_10.3015081_lon_105.2722663_alt_20.415m__p001,DJI_DateTime_2024_09_30_10_37_0063_lat_10.3015081_lon_105.2722663_alt_20.415m,640,0,640,480,74933,0
DJI_DateTime_2024_09_30_10_37_0063_lat_10.3015081_lon_105.2722663_alt_20.415m,train,DJI_DateTime_2024_09_30_10_37_0063_lat_10.3015081_lon_105.2722663_alt_20.415m__p002,DJI_DateTime_2024_09_30_10_37_0063_lat_10.3015081_lon_105.2722663_alt_20.415m,0,480,640,480,47996,0
DJI_DateTime_2024_09_30_10_37_0063_lat_10.3015081_lon_105.2722663_alt_20.415m,train,DJI_DateTime_2024_09_30_10_37_0063_lat_10.3015081_lon_105.2722663_alt_20.415m__p003,DJI_DateTime_2024_09_30_10_37_0063_lat_10.3015081_lon_105.2722663_alt_20.415m,640,480,640,480,31370,0
DJI_DateTime_2024_09_30_10_37_0064_lat_10.3015511_lon_105.2721760_alt_20.415m,train,DJI_DateTime_2024_09_30_10_37_0064_lat_10.3015511_lon_105.2721760_alt_20.415m__p000,DJI_DateTime_2024_09_30_10_37_0064_lat_10.3015511_lon_105.2721760_alt_20.415m,0,0,640,480,48985,0
DJI_DateTime_2024_09_30_10_37_0064_lat_10.3015511_lon_105.2721760_alt_20.415m,train,DJI_DateTime_2024_09_30_10_37_0064_lat_10.3015511_lon_105.2721760_alt_20.415m__p001,DJI_DateTime_2024_09_30_10_37_0064_lat_10.3015511_lon_105.2721760_alt_20.415m,640,0,640,480,54323,0
DJI_DateTime_2024_09_30_10_37_0064_lat_10.3015511_lon_105.2721760_alt_20.415m,train,DJI_DateTime_2024_09_30_10_37_0064_lat_10.3015511_lon_105.2721760_alt_20.415m__p002,DJI_DateTime_2024_09_30_10_37_0064_lat_10.3015511_lon_105.2721760_alt_20.415m,0,480,640,480,65000,0
DJI_DateTime_2024_09_30_10_37_0064_lat_10.3015511_lon_105.2721760_alt_20.415m,train,DJI_DateTime_2024_09_30_10_37_0064_lat_10.3015511_lon_105.2721760_alt_20.415m__p003,DJI_DateTime_2024_09_30_10_37_0064_lat_10.3015511_lon_105.2721760_alt_20.415m,640,480,640,480,75701,0
DJI_DateTime_2024_09_30_10_37_0065_lat_10.3015941_lon_105.2720864_alt_20.383m,train,DJI_DateTime_2024_09_30_10_37_0065_lat_10.3015941_lon_105.2720864_alt_20.383m__p000,DJI_DateTime_2024_09_30_10_37_0065_lat_10.3015941_lon_105.2720864_alt_20.383m,0,0,640,480,143697,0
DJI_DateTime_2024_09_30_10_37_0065_lat_10.3015941_lon_105.2720864_alt_20.383m,train,DJI_DateTime_2024_09_30_10_37_0065_lat_10.3015941_lon_105.2720864_alt_20.383m__p001,DJI_DateTime_2024_09_30_10_37_0065_lat_10.3015941_lon_105.2720864_alt_20.383m,640,0,640,480,88307,0
DJI_DateTime_2024_09_30_10_37_0065_lat_10.3015941_lon_105.2720864_alt_20.383m,train,DJI_DateTime_2024_09_30_10_37_0065_lat_10.3015941_lon_105.2720864_alt_20.383m__p002,DJI_DateTime_2024_09_30_10_37_0065_lat_10.3015941_lon_105.2720864_alt_20.383m,0,480,640,480,110331,0
DJI_DateTime_2024_09_30_10_37_0065_lat_10.3015941_lon_105.2720864_alt_20.383m,train,DJI_DateTime_2024_09_30_10_37_0065_lat_10.3015941_lon_105.2720864_alt_20.383m__p003,DJI_DateTime_2024_09_30_10_37_0065_lat_10.3015941_lon_105.2720864_alt_20.383m,640,480,640,480,113356,0
DJI_DateTime_2024_09_30_10_37_0066_lat_10.3016373_lon_105.2719965_alt_20.394m,train,DJI_DateTime_2024_09_30_10_37_0066_lat_10.3016373_lon_105.2719965_alt_20.394m__p000,DJI_DateTime_2024_09_30_10_37_0066_lat_10.3016373_lon_105.2719965_alt_20.394m,0,0,640,480,47640,0
DJI_DateTime_2024_09_30_10_37_0066_lat_10.3016373_lon_105.2719965_alt_20.394m,train,DJI_DateTime_2024_09_30_10_37_0066_lat_10.3016373_lon_105.2719965_alt_20.394m__p001,DJI_DateTime_2024_09_30_10_37_0066_lat_10.3016373_lon_105.2719965_alt_20.394m,640,0,640,480,95471,0
DJI_DateTime_2024_09_30_10_37_0066_lat_10.3016373_lon_105.2719965_alt_20.394m,train,DJI_DateTime_2024_09_30_10_37_0066_lat_10.3016373_lon_105.2719965_alt_20.394m__p002,DJI_DateTime_2024_09_30_10_37_0066_lat_10.3016373_lon_105.2719965_alt_20.394m,0,480,640,480,230930,0
DJI_DateTime_2024_09_30_10_37_0066_lat_10.3016373_lon_105.2719965_alt_20.394m,train,DJI_DateTime_2024_09_30_10_37_0066_lat_10.3016373_lon_105.2719965_alt_20.394m__p003,DJI_DateTime_2024_09_30_10_37_0066_lat_10.3016373_lon_105.2719965_alt_20.394m,640,480,640,480,129296,0
DJI_DateTime_2024_09_30_10_37_0067_lat_10.3016802_lon_105.2719067_alt_20.411m,train,DJI_DateTime_2024_09_30_10_37_0067_lat_10.3016802_lon_105.2719067_alt_20.411m__p000,DJI_DateTime_2024_09_30_10_37_0067_lat_10.3016802_lon_105.2719067_alt_20.411m,0,0,640,480,5860,0
DJI_DateTime_2024_09_30_10_37_0067_lat_10.3016802_lon_105.2719067_alt_20.411m,train,DJI_DateTime_2024_09_30_10_37_0067_lat_10.3016802_lon_105.2719067_alt_20.411m__p001,DJI_DateTime_2024_09_30_10_37_0067_lat_10.3016802_lon_105.2719067_alt_20.411m,640,0,640,480,108754,0
DJI_DateTime_2024_09_30_10_37_0067_lat_10.3016802_lon_105.2719067_alt_20.411m,train,DJI_DateTime_2024_09_30_10_37_0067_lat_10.3016802_lon_105.2719067_alt_20.411m__p002,DJI_DateTime_2024_09_30_10_37_0067_lat_10.3016802_lon_105.2719067_alt_20.411m,0,480,640,480,71450,0
DJI_DateTime_2024_09_30_10_37_0067_lat_10.3016802_lon_105.2719067_alt_20.411m,train,DJI_DateTime_2024_09_30_10_37_0067_lat_10.3016802_lon_105.2719067_alt_20.411m__p003,DJI_DateTime_2024_09_30_10_37_0067_lat_10.3016802_lon_105.2719067_alt_20.411m,640,480,640,480,223708,0
DJI_DateTime_2024_09_30_10_37_0068_lat_10.3017233_lon_105.2718166_alt_20.391m,train,DJI_DateTime_2024_09_30_10_37_0068_lat_10.3017233_lon_105.2718166_alt_20.391m__p000,DJI_DateTime_2024_09_30_10_37_0068_lat_10.3017233_lon_105.2718166_alt_20.391m,0,0,640,480,5545,0
DJI_DateTime_2024_09_30_10_37_0068_lat_10.3017233_lon_105.2718166_alt_20.391m,train,DJI_DateTime_2024_09_30_10_37_0068_lat_10.3017233_lon_105.2718166_alt_20.391m__p001,DJI_DateTime_2024_09_30_10_37_0068_lat_10.3017233_lon_105.2718166_alt_20.391m,640,0,640,480,70921,0
DJI_DateTime_2024_09_30_10_37_0068_lat_10.3017233_lon_105.2718166_alt_20.391m,train,DJI_DateTime_2024_09_30_10_37_0068_lat_10.3017233_lon_105.2718166_alt_20.391m__p002,DJI_DateTime_2024_09_30_10_37_0068_lat_10.3017233_lon_105.2718166_alt_20.391m,0,480,640,480,65513,0
DJI_DateTime_2024_09_30_10_37_0068_lat_10.3017233_lon_105.2718166_alt_20.391m,train,DJI_DateTime_2024_09_30_10_37_0068_lat_10.3017233_lon_105.2718166_alt_20.391m__p003,DJI_DateTime_2024_09_30_10_37_0068_lat_10.3017233_lon_105.2718166_alt_20.391m,640,480,640,480,267036,0
DJI_DateTime_2024_09_30_10_37_0069_lat_10.3017671_lon_105.2717262_alt_20.414m,train,DJI_DateTime_2024_09_30_10_37_0069_lat_10.3017671_lon_105.2717262_alt_20.414m__p000,DJI_DateTime_2024_09_30_10_37_0069_lat_10.3017671_lon_105.2717262_alt_20.414m,0,0,640,480,2768,0
DJI_DateTime_2024_09_30_10_37_0069_lat_10.3017671_lon_105.2717262_alt_20.414m,train,DJI_DateTime_2024_09_30_10_37_0069_lat_10.3017671_lon_105.2717262_alt_20.414m__p001,DJI_DateTime_2024_09_30_10_37_0069_lat_10.3017671_lon_105.2717262_alt_20.414m,640,0,640,480,117541,0
DJI_DateTime_2024_09_30_10_37_0069_lat_10.3017671_lon_105.2717262_alt_20.414m,train,DJI_DateTime_2024_09_30_10_37_0069_lat_10.3017671_lon_105.2717262_alt_20.414m__p002,DJI_DateTime_2024_09_30_10_37_0069_lat_10.3017671_lon_105.2717262_alt_20.414m,0,480,640,480,32398,0
DJI_DateTime_2024_09_30_10_37_0069_lat_10.3017671_lon_105.2717262_alt_20.414m,train,DJI_DateTime_2024_09_30_10_37_0069_lat_10.3017671_lon_105.2717262_alt_20.414m__p003,DJI_DateTime_2024_09_30_10_37_0069_lat_10.3017671_lon_105.2717262_alt_20.414m,640,480,640,480,279419,0
DJI_DateTime_2024_09_30_10_38_0074_lat_10.3015439_lon_105.2718842_alt_20.380m,train,DJI_DateTime_2024_09_30_10_38_0074_lat_10.3015439_lon_105.2718842_alt_20.380m__p000,DJI_DateTime_2024_09_30_10_38_0074_lat_10.3015439_lon_105.2718842_alt_20.380m,0,0,640,480,228954,0
DJI_DateTime_2024_09_30_10_38_0074_lat_10.3015439_lon_105.2718842_alt_20.380m,train,DJI_DateTime_2024_09_30_10_38_0074_lat_10.3015439_lon_105.2718842_alt_20.380m__p001,DJI_DateTime_2024_09_30_10_38_0074_lat_10.3015439_lon_105.2718842_alt_20.380m,640,0,640,480,105523,0
DJI_DateTime_2024_09_30_10_38_0074_lat_10.3015439_lon_105.2718842_alt_20.380m,train,DJI_DateTime_2024_09_30_10_38_0074_lat_10.3015439_lon_105.2718842_alt_20.380m__p002,DJI_DateTime_2024_09_30_10_38_0074_lat_10.3015439_lon_105.2718842_alt_20.380m,0,480,640,480,141352,0
DJI_DateTime_2024_09_30_10_38_0074_lat_10.3015439_lon_105.2718842_alt_20.380m,train,DJI_DateTime_2024_09_30_10_38_0074_lat_10.3015439_lon_105.2718842_alt_20.380m__p003,DJI_DateTime_2024_09_30_10_38_0074_lat_10.3015439_lon_105.2718842_alt_20.380m,640,480,640,480,11607,0
DJI_DateTime_2024_09_30_10_38_0075_lat_10.3015002_lon_105.2719740_alt_20.415m,train,DJI_DateTime_2024_09_30_10_38_0075_lat_10.3015002_lon_105.2719740_alt_20.415m__p000,DJI_DateTime_2024_09_30_10_38_0075_lat_10.3015002_lon_105.2719740_alt_20.415m,0,0,640,480,195016,0
DJI_DateTime_2024_09_30_10_38_0075_lat_10.3015002_lon_105.2719740_alt_20.415m,train,DJI_DateTime_2024_09_30_10_38_0075_lat_10.3015002_lon_105.2719740_alt_20.415m__p001,DJI_DateTime_2024_09_30_10_38_0075_lat_10.3015002_lon_105.2719740_alt_20.415m,640,0,640,480,85530,0
DJI_DateTime_2024_09_30_10_38_0075_lat_10.3015002_lon_105.2719740_alt_20.415m,train,DJI_DateTime_2024_09_30_10_38_0075_lat_10.3015002_lon_105.2719740_alt_20.415m__p002,DJI_DateTime_2024_09_30_10_38_0075_lat_10.3015002_lon_105.2719740_alt_20.415m,0,480,640,480,104076,0
DJI_DateTime_2024_09_30_10_38_0075_lat_10.3015002_lon_105.2719740_alt_20.415m,train,DJI_DateTime_2024_09_30_10_38_0075_lat_10.3015002_lon_105.2719740_alt_20.415m__p003,DJI_DateTime_2024_09_30_10_38_0075_lat_10.3015002_lon_105.2719740_alt_20.415m,640,480,640,480,6833,0
DJI_DateTime_2024_09_30_10_38_0076_lat_10.3014573_lon_105.2720645_alt_20.432m,train,DJI_DateTime_2024_09_30_10_38_0076_lat_10.3014573_lon_105.2720645_alt_20.432m__p000,DJI_DateTime_2024_09_30_10_38_0076_lat_10.3014573_lon_105.2720645_alt_20.432m,0,0,640,480,120265,0
DJI_DateTime_2024_09_30_10_38_0076_lat_10.3014573_lon_105.2720645_alt_20.432m,train,DJI_DateTime_2024_09_30_10_38_0076_lat_10.3014573_lon_105.2720645_alt_20.432m__p001,DJI_DateTime_2024_09_30_10_38_0076_lat_10.3014573_lon_105.2720645_alt_20.432m,640,0,640,480,48186,0
DJI_DateTime_2024_09_30_10_38_0076_lat_10.3014573_lon_105.2720645_alt_20.432m,train,DJI_DateTime_2024_09_30_10_38_0076_lat_10.3014573_lon_105.2720645_alt_20.432m__p002,DJI_DateTime_2024_09_30_10_38_0076_lat_10.3014573_lon_105.2720645_alt_20.432m,0,480,640,480,133688,0
DJI_DateTime_2024_09_30_10_38_0076_lat_10.3014573_lon_105.2720645_alt_20.432m,train,DJI_DateTime_2024_09_30_10_38_0076_lat_10.3014573_lon_105.2720645_alt_20.432m__p003,DJI_DateTime_2024_09_30_10_38_0076_lat_10.3014573_lon_105.2720645_alt_20.432m,640,480,640,480,26418,0
DJI_DateTime_2024_09_30_10_38_0077_lat_10.3014144_lon_105.2721554_alt_20.430m,train,DJI_DateTime_2024_09_30_10_38_0077_lat_10.3014144_lon_105.2721554_alt_20.430m__p000,DJI_DateTime_2024_09_30_10_38_0077_lat_10.3014144_lon_105.2721554_alt_20.430m,0,0,640,480,30168,0
DJI_DateTime_2024_09_30_10_38_0077_lat_10.3014144_lon_105.2721554_alt_20.430m,train,DJI_DateTime_2024_09_30_10_38_0077_lat_10.3014144_lon_105.2721554_alt_20.430m__p001,DJI_DateTime_2024_09_30_10_38_0077_lat_10.3014144_lon_105.2721554_alt_20.430m,640,0,640,480,66074,0
DJI_DateTime_2024_09_30_10_38_0077_lat_10.3014144_lon_105.2721554_alt_20.430m,train,DJI_DateTime_2024_09_30_10_38_0077_lat_10.3014144_lon_105.2721554_alt_20.430m__p002,DJI_DateTime_2024_09_30_10_38_0077_lat_10.3014144_lon_105.2721554_alt_20.430m,0,480,640,480,65988,0
DJI_DateTime_2024_09_30_10_38_0077_lat_10.3014144_lon_105.2721554_alt_20.430m,train,DJI_DateTime_2024_09_30_10_38_0077_lat_10.3014144_lon_105.2721554_alt_20.430m__p003,DJI_DateTime_2024_09_30_10_38_0077_lat_10.3014144_lon_105.2721554_alt_20.430m,640,480,640,480,5377,0
DJI_DateTime_2024_09_30_10_38_0078_lat_10.3013714_lon_105.2722471_alt_20.381m,train,DJI_DateTime_2024_09_30_10_38_0078_lat_10.3013714_lon_105.2722471_alt_20.381m__p000,DJI_DateTime_2024_09_30_10_38_0078_lat_10.3013714_lon_105.2722471_alt_20.381m,0,0,640,480,69458,0
DJI_DateTime_2024_09_30_10_38_0078_lat_10.3013714_lon_105.2722471_alt_20.381m,train,DJI_DateTime_2024_09_30_10_38_0078_lat_10.3013714_lon_105.2722471_alt_20.381m__p001,DJI_DateTime_2024_09_30_10_38_0078_lat_10.3013714_lon_105.2722471_alt_20.381m,640,0,640,480,27107,0
DJI_DateTime_2024_09_30_10_38_0078_lat_10.3013714_lon_105.2722471_alt_20.381m,train,DJI_DateTime_2024_09_30_10_38_0078_lat_10.3013714_lon_105.2722471_alt_20.381m__p002,DJI_DateTime_2024_09_30_10_38_0078_lat_10.3013714_lon_105.2722471_alt_20.381m,0,480,640,480,18302,0
DJI_DateTime_2024_09_30_10_38_0078_lat_10.3013714_lon_105.2722471_alt_20.381m,train,DJI_DateTime_2024_09_30_10_38_0078_lat_10.3013714_lon_105.2722471_alt_20.381m__p003,DJI_DateTime_2024_09_30_10_38_0078_lat_10.3013714_lon_105.2722471_alt_20.381m,640,480,640,480,6203,0
DJI_DateTime_2025_01_15_14_49_0005_lat_10.3617756_lon_105.4227198_alt_11.955m,train,DJI_DateTime_2025_01_15_14_49_0005_lat_10.3617756_lon_105.4227198_alt_11.955m__p000,DJI_DateTime_2025_01_15_14_49_0005_lat_10.3617756_lon_105.4227198_alt_11.955m,0,0,640,480,253643,0
DJI_DateTime_2025_01_15_14_49_0005_lat_10.3617756_lon_105.4227198_alt_11.955m,train,DJI_DateTime_2025_01_15_14_49_0005_lat_10.3617756_lon_105.4227198_alt_11.955m__p001,DJI_DateTime_2025_01_15_14_49_0005_lat_10.3617756_lon_105.4227198_alt_11.955m,640,0,640,480,290918,0
DJI_DateTime_2025_01_15_14_49_0005_lat_10.3617756_lon_105.4227198_alt_11.955m,train,DJI_DateTime_2025_01_15_14_49_0005_lat_10.3617756_lon_105.4227198_alt_11.955m__p002,DJI_DateTime_2025_01_15_14_49_0005_lat_10.3617756_lon_105.4227198_alt_11.955m,0,480,640,480,262275,0
DJI_DateTime_2025_01_15_14_49_0005_lat_10.3617756_lon_105.4227198_alt_11.955m,train,DJI_DateTime_2025_01_15_14_49_0005_lat_10.3617756_lon_105.4227198_alt_11.955m__p003,DJI_DateTime_2025_01_15_14_49_0005_lat_10.3617756_lon_105.4227198_alt_11.955m,640,480,640,480,275300,0
DJI_DateTime_2025_01_15_14_49_0006_lat_10.3617946_lon_105.4227407_alt_11.899m,train,DJI_DateTime_2025_01_15_14_49_0006_lat_10.3617946_lon_105.4227407_alt_11.899m__p000,DJI_DateTime_2025_01_15_14_49_0006_lat_10.3617946_lon_105.4227407_alt_11.899m,0,0,640,480,204942,0
DJI_DateTime_2025_01_15_14_49_0006_lat_10.3617946_lon_105.4227407_alt_11.899m,train,DJI_DateTime_2025_01_15_14_49_0006_lat_10.3617946_lon_105.4227407_alt_11.899m__p001,DJI_DateTime_2025_01_15_14_49_0006_lat_10.3617946_lon_105.4227407_alt_11.899m,640,0,640,480,296364,0
DJI_DateTime_2025_01_15_14_49_0006_lat_10.3617946_lon_105.4227407_alt_11.899m,train,DJI_DateTime_2025_01_15_14_49_0006_lat_10.3617946_lon_105.4227407_alt_11.899m__p002,DJI_DateTime_2025_01_15_14_49_0006_lat_10.3617946_lon_105.4227407_alt_11.899m,0,480,640,480,250289,0
DJI_DateTime_2025_01_15_14_49_0006_lat_10.3617946_lon_105.4227407_alt_11.899m,train,DJI_DateTime_2025_01_15_14_49_0006_lat_10.3617946_lon_105.4227407_alt_11.899m__p003,DJI_DateTime_2025_01_15_14_49_0006_lat_10.3617946_lon_105.4227407_alt_11.899m,640,480,640,480,294060,0
DJI_DateTime_2025_01_15_14_49_0007_lat_10.3618137_lon_105.4227618_alt_11.971m,train,DJI_DateTime_2025_01_15_14_49_0007_lat_10.3618137_lon_105.4227618_alt_11.971m__p000,DJI_DateTime_2025_01_15_14_49_0007_lat_10.3618137_lon_105.4227618_alt_11.971m,0,0,640,480,215068,0
DJI_DateTime_2025_01_15_14_49_0007_lat_10.3618137_lon_105.4227618_alt_11.971m,train,DJI_DateTime_2025_01_15_14_49_0007_lat_10.3618137_lon_105.4227618_alt_11.971m__p001,DJI_DateTime_2025_01_15_14_49_0007_lat_10.3618137_lon_105.4227618_alt_11.971m,640,0,640,480,295086,0
DJI_DateTime_2025_01_15_14_49_0007_lat_10.3618137_lon_105.4227618_alt_11.971m,train,DJI_DateTime_2025_01_15_14_49_0007_lat_10.3618137_lon_105.4227618_alt_11.971m__p002,DJI_DateTime_2025_01_15_14_49_0007_lat_10.3618137_lon_105.4227618_alt_11.971m,0,480,640,480,188139,0
DJI_DateTime_2025_01_15_14_49_0007_lat_10.3618137_lon_105.4227618_alt_11.971m,train,DJI_DateTime_2025_01_15_14_49_0007_lat_10.3618137_lon_105.4227618_alt_11.971m__p003,DJI_DateTime_2025_01_15_14_49_0007_lat_10.3618137_lon_105.4227618_alt_11.971m,640,480,640,480,297801,0
DJI_DateTime_2025_01_15_14_49_0008_lat_10.3618342_lon_105.4227848_alt_12.074m,train,DJI_DateTime_2025_01_15_14_49_0008_lat_10.3618342_lon_105.4227848_alt_12.074m__p000,DJI_DateTime_2025_01_15_14_49_0008_lat_10.3618342_lon_105.4227848_alt_12.074m,0,0,640,480,171588,0
DJI_DateTime_2025_01_15_14_49_0008_lat_10.3618342_lon_105.4227848_alt_12.074m,train,DJI_DateTime_2025_01_15_14_49_0008_lat_10.3618342_lon_105.4227848_alt_12.074m__p001,DJI_DateTime_2025_01_15_14_49_0008_lat_10.3618342_lon_105.4227848_alt_12.074m,640,0,640,480,285771,0
DJI_DateTime_2025_01_15_14_49_0008_lat_10.3618342_lon_105.4227848_alt_12.074m,train,DJI_DateTime_2025_01_15_14_49_0008_lat_10.3618342_lon_105.4227848_alt_12.074m__p002,DJI_DateTime_2025_01_15_14_49_0008_lat_10.3618342_lon_105.4227848_alt_12.074m,0,480,640,480,195531,0
DJI_DateTime_2025_01_15_14_49_0008_lat_10.3618342_lon_105.4227848_alt_12.074m,train,DJI_DateTime_2025_01_15_14_49_0008_lat_10.3618342_lon_105.4227848_alt_12.074m__p003,DJI_DateTime_2025_01_15_14_49_0008_lat_10.3618342_lon_105.4227848_alt_12.074m,640,480,640,480,273957,0
DJI_DateTime_2025_01_15_14_49_0009_lat_10.3618529_lon_105.4228068_alt_12.055m,train,DJI_DateTime_2025_01_15_14_49_0009_lat_10.3618529_lon_105.4228068_alt_12.055m__p000,DJI_DateTime_2025_01_15_14_49_0009_lat_10.3618529_lon_105.4228068_alt_12.055m,0,0,640,480,198140,0
DJI_DateTime_2025_01_15_14_49_0009_lat_10.3618529_lon_105.4228068_alt_12.055m,train,DJI_DateTime_2025_01_15_14_49_0009_lat_10.3618529_lon_105.4228068_alt_12.055m__p001,DJI_DateTime_2025_01_15_14_49_0009_lat_10.3618529_lon_105.4228068_alt_12.055m,640,0,640,480,276363,0
DJI_DateTime_2025_01_15_14_49_0009_lat_10.3618529_lon_105.4228068_alt_12.055m,train,DJI_DateTime_2025_01_15_14_49_0009_lat_10.3618529_lon_105.4228068_alt_12.055m__p002,DJI_DateTime_2025_01_15_14_49_0009_lat_10.3618529_lon_105.4228068_alt_12.055m,0,480,640,480,183593,0
DJI_DateTime_2025_01_15_14_49_0009_lat_10.3618529_lon_105.4228068_alt_12.055m,train,DJI_DateTime_2025_01_15_14_49_0009_lat_10.3618529_lon_105.4228068_alt_12.055m__p003,DJI_DateTime_2025_01_15_14_49_0009_lat_10.3618529_lon_105.4228068_alt_12.055m,640,480,640,480,288555,0
DJI_DateTime_2025_01_15_14_49_0010_lat_10.3618715_lon_105.4228290_alt_12.006m,train,DJI_DateTime_2025_01_15_14_49_0010_lat_10.3618715_lon_105.4228290_alt_12.006m__p000,DJI_DateTime_2025_01_15_14_49_0010_lat_10.3618715_lon_105.4228290_alt_12.006m,0,0,640,480,172522,0
DJI_DateTime_2025_01_15_14_49_0010_lat_10.3618715_lon_105.4228290_alt_12.006m,train,DJI_DateTime_2025_01_15_14_49_0010_lat_10.3618715_lon_105.4228290_alt_12.006m__p001,DJI_DateTime_2025_01_15_14_49_0010_lat_10.3618715_lon_105.4228290_alt_12.006m,640,0,640,480,295600,0
DJI_DateTime_2025_01_15_14_49_0010_lat_10.3618715_lon_105.4228290_alt_12.006m,train,DJI_DateTime_2025_01_15_14_49_0010_lat_10.3618715_lon_105.4228290_alt_12.006m__p002,DJI_DateTime_2025_01_15_14_49_0010_lat_10.3618715_lon_105.4228290_alt_12.006m,0,480,640,480,133351,0
DJI_DateTime_2025_01_15_14_49_0010_lat_10.3618715_lon_105.4228290_alt_12.006m,train,DJI_DateTime_2025_01_15_14_49_0010_lat_10.3618715_lon_105.4228290_alt_12.006m__p003,DJI_DateTime_2025_01_15_14_49_0010_lat_10.3618715_lon_105.4228290_alt_12.006m,640,480,640,480,243692,0
DJI_DateTime_2025_01_15_14_49_0011_lat_10.3618906_lon_105.4228502_alt_11.989m,train,DJI_DateTime_2025_01_15_14_49_0011_lat_10.3618906_lon_105.4228502_alt_11.989m__p000,DJI_DateTime_2025_01_15_14_49_0011_lat_10.3618906_lon_105.4228502_alt_11.989m,0,0,640,480,249998,0
DJI_DateTime_2025_01_15_14_49_0011_lat_10.3618906_lon_105.4228502_alt_11.989m,train,DJI_DateTime_2025_01_15_14_49_0011_lat_10.3618906_lon_105.4228502_alt_11.989m__p001,DJI_DateTime_2025_01_15_14_49_0011_lat_10.3618906_lon_105.4228502_alt_11.989m,640,0,640,480,306687,0
DJI_DateTime_2025_01_15_14_49_0011_lat_10.3618906_lon_105.4228502_alt_11.989m,train,DJI_DateTime_2025_01_15_14_49_0011_lat_10.3618906_lon_105.4228502_alt_11.989m__p002,DJI_DateTime_2025_01_15_14_49_0011_lat_10.3618906_lon_105.4228502_alt_11.989m,0,480,640,480,180906,0
DJI_DateTime_2025_01_15_14_49_0011_lat_10.3618906_lon_105.4228502_alt_11.989m,train,DJI_DateTime_2025_01_15_14_49_0011_lat_10.3618906_lon_105.4228502_alt_11.989m__p003,DJI_DateTime_2025_01_15_14_49_0011_lat_10.3618906_lon_105.4228502_alt_11.989m,640,480,640,480,292660,0
DJI_DateTime_2025_01_15_14_49_0012_lat_10.3619099_lon_105.4228718_alt_11.979m,train,DJI_DateTime_2025_01_15_14_49_0012_lat_10.3619099_lon_105.4228718_alt_11.979m__p000,DJI_DateTime_2025_01_15_14_49_0012_lat_10.3619099_lon_105.4228718_alt_11.979m,0,0,640,480,225058,0
DJI_DateTime_2025_01_15_14_49_0012_lat_10.3619099_lon_105.4228718_alt_11.979m,train,DJI_DateTime_2025_01_15_14_49_0012_lat_10.3619099_lon_105.4228718_alt_11.979m__p001,DJI_DateTime_2025_01_15_14_49_0012_lat_10.3619099_lon_105.4228718_alt_11.979m,640,0,640,480,303675,0
DJI_DateTime_2025_01_15_14_49_0012_lat_10.3619099_lon_105.4228718_alt_11.979m,train,DJI_DateTime_2025_01_15_14_49_0012_lat_10.3619099_lon_105.4228718_alt_11.979m__p002,DJI_DateTime_2025_01_15_14_49_0012_lat_10.3619099_lon_105.4228718_alt_11.979m,0,480,640,480,207162,0
DJI_DateTime_2025_01_15_14_49_0012_lat_10.3619099_lon_105.4228718_alt_11.979m,train,DJI_DateTime_2025_01_15_14_49_0012_lat_10.3619099_lon_105.4228718_alt_11.979m__p003,DJI_DateTime_2025_01_15_14_49_0012_lat_10.3619099_lon_105.4228718_alt_11.979m,640,480,640,480,271909,0
DJI_DateTime_2025_01_15_14_53_0002_lat_10.3618652_lon_105.4226609_alt_11.928m,train,DJI_DateTime_2025_01_15_14_53_0002_lat_10.3618652_lon_105.4226609_alt_11.928m__p000,DJI_DateTime_2025_01_15_14_53_0002_lat_10.3618652_lon_105.4226609_alt_11.928m,0,0,640,480,306559,0
DJI_DateTime_2025_01_15_14_53_0002_lat_10.3618652_lon_105.4226609_alt_11.928m,train,DJI_DateTime_2025_01_15_14_53_0002_lat_10.3618652_lon_105.4226609_alt_11.928m__p001,DJI_DateTime_2025_01_15_14_53_0002_lat_10.3618652_lon_105.4226609_alt_11.928m,640,0,640,480,191458,0
DJI_DateTime_2025_01_15_14_53_0002_lat_10.3618652_lon_105.4226609_alt_11.928m,train,DJI_DateTime_2025_01_15_14_53_0002_lat_10.3618652_lon_105.4226609_alt_11.928m__p002,DJI_DateTime_2025_01_15_14_53_0002_lat_10.3618652_lon_105.4226609_alt_11.928m,0,480,640,480,307130,0
DJI_DateTime_2025_01_15_14_53_0002_lat_10.3618652_lon_105.4226609_alt_11.928m,train,DJI_DateTime_2025_01_15_14_53_0002_lat_10.3618652_lon_105.4226609_alt_11.928m__p003,DJI_DateTime_2025_01_15_14_53_0002_lat_10.3618652_lon_105.4226609_alt_11.928m,640,480,640,480,274628,0
DJI_DateTime_2025_01_15_14_53_0003_lat_10.3618825_lon_105.4226831_alt_11.974m,train,DJI_DateTime_2025_01_15_14_53_0003_lat_10.3618825_lon_105.4226831_alt_11.974m__p000,DJI_DateTime_2025_01_15_14_53_0003_lat_10.3618825_lon_105.4226831_alt_11.974m,0,0,640,480,306758,0
DJI_DateTime_2025_01_15_14_53_0003_lat_10.3618825_lon_105.4226831_alt_11.974m,train,DJI_DateTime_2025_01_15_14_53_0003_lat_10.3618825_lon_105.4226831_alt_11.974m__p001,DJI_DateTime_2025_01_15_14_53_0003_lat_10.3618825_lon_105.4226831_alt_11.974m,640,0,640,480,219286,0
DJI_DateTime_2025_01_15_14_53_0003_lat_10.3618825_lon_105.4226831_alt_11.974m,train,DJI_DateTime_2025_01_15_14_53_0003_lat_10.3618825_lon_105.4226831_alt_11.974m__p002,DJI_DateTime_2025_01_15_14_53_0003_lat_10.3618825_lon_105.4226831_alt_11.974m,0,480,640,480,307200,0
DJI_DateTime_2025_01_15_14_53_0003_lat_10.3618825_lon_105.4226831_alt_11.974m,train,DJI_DateTime_2025_01_15_14_53_0003_lat_10.3618825_lon_105.4226831_alt_11.974m__p003,DJI_DateTime_2025_01_15_14_53_0003_lat_10.3618825_lon_105.4226831_alt_11.974m,640,480,640,480,195893,0
DJI_DateTime_2025_01_15_14_53_0004_lat_10.3618999_lon_105.4227059_alt_11.974m,train,DJI_DateTime_2025_01_15_14_53_0004_lat_10.3618999_lon_105.4227059_alt_11.974m__p000,DJI_DateTime_2025_01_15_14_53_0004_lat_10.3618999_lon_105.4227059_alt_11.974m,0,0,640,480,299120,0
DJI_DateTime_2025_01_15_14_53_0004_lat_10.3618999_lon_105.4227059_alt_11.974m,train,DJI_DateTime_2025_01_15_14_53_0004_lat_10.3618999_lon_105.4227059_alt_11.974m__p001,DJI_DateTime_2025_01_15_14_53_0004_lat_10.3618999_lon_105.4227059_alt_11.974m,640,0,640,480,202865,0
DJI_DateTime_2025_01_15_14_53_0004_lat_10.3618999_lon_105.4227059_alt_11.974m,train,DJI_DateTime_2025_01_15_14_53_0004_lat_10.3618999_lon_105.4227059_alt_11.974m__p002,DJI_DateTime_2025_01_15_14_53_0004_lat_10.3618999_lon_105.4227059_alt_11.974m,0,480,640,480,307200,0
DJI_DateTime_2025_01_15_14_53_0004_lat_10.3618999_lon_105.4227059_alt_11.974m,train,DJI_DateTime_2025_01_15_14_53_0004_lat_10.3618999_lon_105.4227059_alt_11.974m__p003,DJI_DateTime_2025_01_15_14_53_0004_lat_10.3618999_lon_105.4227059_alt_11.974m,640,480,640,480,219667,0
DJI_DateTime_2025_01_15_14_53_0005_lat_10.3619181_lon_105.4227288_alt_11.988m,train,DJI_DateTime_2025_01_15_14_53_0005_lat_10.3619181_lon_105.4227288_alt_11.988m__p000,DJI_DateTime_2025_01_15_14_53_0005_lat_10.3619181_lon_105.4227288_alt_11.988m,0,0,640,480,295718,0
DJI_DateTime_2025_01_15_14_53_0005_lat_10.3619181_lon_105.4227288_alt_11.988m,train,DJI_DateTime_2025_01_15_14_53_0005_lat_10.3619181_lon_105.4227288_alt_11.988m__p001,DJI_DateTime_2025_01_15_14_53_0005_lat_10.3619181_lon_105.4227288_alt_11.988m,640,0,640,480,221030,0
DJI_DateTime_2025_01_15_14_53_0005_lat_10.3619181_lon_105.4227288_alt_11.988m,train,DJI_DateTime_2025_01_15_14_53_0005_lat_10.3619181_lon_105.4227288_alt_11.988m__p002,DJI_DateTime_2025_01_15_14_53_0005_lat_10.3619181_lon_105.4227288_alt_11.988m,0,480,640,480,306720,0
DJI_DateTime_2025_01_15_14_53_0005_lat_10.3619181_lon_105.4227288_alt_11.988m,train,DJI_DateTime_2025_01_15_14_53_0005_lat_10.3619181_lon_105.4227288_alt_11.988m__p003,DJI_DateTime_2025_01_15_14_53_0005_lat_10.3619181_lon_105.4227288_alt_11.988m,640,480,640,480,243163,0
DJI_DateTime_2025_01_15_14_53_0006_lat_10.3619367_lon_105.4227520_alt_11.997m,train,DJI_DateTime_2025_01_15_14_53_0006_lat_10.3619367_lon_105.4227520_alt_11.997m__p000,DJI_DateTime_2025_01_15_14_53_0006_lat_10.3619367_lon_105.4227520_alt_11.997m,0,0,640,480,301863,0
DJI_DateTime_2025_01_15_14_53_0006_lat_10.3619367_lon_105.4227520_alt_11.997m,train,DJI_DateTime_2025_01_15_14_53_0006_lat_10.3619367_lon_105.4227520_alt_11.997m__p001,DJI_DateTime_2025_01_15_14_53_0006_lat_10.3619367_lon_105.4227520_alt_11.997m,640,0,640,480,221049,0
DJI_DateTime_2025_01_15_14_53_0006_lat_10.3619367_lon_105.4227520_alt_11.997m,train,DJI_DateTime_2025_01_15_14_53_0006_lat_10.3619367_lon_105.4227520_alt_11.997m__p002,DJI_DateTime_2025_01_15_14_53_0006_lat_10.3619367_lon_105.4227520_alt_11.997m,0,480,640,480,301692,0
DJI_DateTime_2025_01_15_14_53_0006_lat_10.3619367_lon_105.4227520_alt_11.997m,train,DJI_DateTime_2025_01_15_14_53_0006_lat_10.3619367_lon_105.4227520_alt_11.997m__p003,DJI_DateTime_2025_01_15_14_53_0006_lat_10.3619367_lon_105.4227520_alt_11.997m,640,480,640,480,211145,0
DJI_DateTime_2025_01_15_14_53_0008_lat_10.3619734_lon_105.4227992_alt_11.976m,train,DJI_DateTime_2025_01_15_14_53_0008_lat_10.3619734_lon_105.4227992_alt_11.976m__p000,DJI_DateTime_2025_01_15_14_53_0008_lat_10.3619734_lon_105.4227992_alt_11.976m,0,0,640,480,300125,0
DJI_DateTime_2025_01_15_14_53_0008_lat_10.3619734_lon_105.4227992_alt_11.976m,train,DJI_DateTime_2025_01_15_14_53_0008_lat_10.3619734_lon_105.4227992_alt_11.976m__p001,DJI_DateTime_2025_01_15_14_53_0008_lat_10.3619734_lon_105.4227992_alt_11.976m,640,0,640,480,211486,0
DJI_DateTime_2025_01_15_14_53_0008_lat_10.3619734_lon_105.4227992_alt_11.976m,train,DJI_DateTime_2025_01_15_14_53_0008_lat_10.3619734_lon_105.4227992_alt_11.976m__p002,DJI_DateTime_2025_01_15_14_53_0008_lat_10.3619734_lon_105.4227992_alt_11.976m,0,480,640,480,301533,0
DJI_DateTime_2025_01_15_14_53_0008_lat_10.3619734_lon_105.4227992_alt_11.976m,train,DJI_DateTime_2025_01_15_14_53_0008_lat_10.3619734_lon_105.4227992_alt_11.976m__p003,DJI_DateTime_2025_01_15_14_53_0008_lat_10.3619734_lon_105.4227992_alt_11.976m,640,480,640,480,262088,0
DJI_DateTime_2025_01_15_14_53_0009_lat_10.3619911_lon_105.4228226_alt_12.002m,train,DJI_DateTime_2025_01_15_14_53_0009_lat_10.3619911_lon_105.4228226_alt_12.002m__p000,DJI_DateTime_2025_01_15_14_53_0009_lat_10.3619911_lon_105.4228226_alt_12.002m,0,0,640,480,298261,0
DJI_DateTime_2025_01_15_14_53_0009_lat_10.3619911_lon_105.4228226_alt_12.002m,train,DJI_DateTime_2025_01_15_14_53_0009_lat_10.3619911_lon_105.4228226_alt_12.002m__p001,DJI_DateTime_2025_01_15_14_53_0009_lat_10.3619911_lon_105.4228226_alt_12.002m,640,0,640,480,180818,0
DJI_DateTime_2025_01_15_14_53_0009_lat_10.3619911_lon_105.4228226_alt_12.002m,train,DJI_DateTime_2025_01_15_14_53_0009_lat_10.3619911_lon_105.4228226_alt_12.002m__p002,DJI_DateTime_2025_01_15_14_53_0009_lat_10.3619911_lon_105.4228226_alt_12.002m,0,480,640,480,306303,0
DJI_DateTime_2025_01_15_14_53_0009_lat_10.3619911_lon_105.4228226_alt_12.002m,train,DJI_DateTime_2025_01_15_14_53_0009_lat_10.3619911_lon_105.4228226_alt_12.002m__p003,DJI_DateTime_2025_01_15_14_53_0009_lat_10.3619911_lon_105.4228226_alt_12.002m,640,480,640,480,192694,0
DJI_DateTime_2025_01_15_14_53_0010_lat_10.3620085_lon_105.4228455_alt_12.022m,train,DJI_DateTime_2025_01_15_14_53_0010_lat_10.3620085_lon_105.4228455_alt_12.022m__p000,DJI_DateTime_2025_01_15_14_53_0010_lat_10.3620085_lon_105.4228455_alt_12.022m,0,0,640,480,273119,0
DJI_DateTime_2025_01_15_14_53_0010_lat_10.3620085_lon_105.4228455_alt_12.022m,train,DJI_DateTime_2025_01_15_14_53_0010_lat_10.3620085_lon_105.4228455_alt_12.022m__p001,DJI_DateTime_2025_01_15_14_53_0010_lat_10.3620085_lon_105.4228455_alt_12.022m,640,0,640,480,213534,0
DJI_DateTime_2025_01_15_14_53_0010_lat_10.3620085_lon_105.4228455_alt_12.022m,train,DJI_DateTime_2025_01_15_14_53_0010_lat_10.3620085_lon_105.4228455_alt_12.022m__p002,DJI_DateTime_2025_01_15_14_53_0010_lat_10.3620085_lon_105.4228455_alt_12.022m,0,480,640,480,286990,0
DJI_DateTime_2025_01_15_14_53_0010_lat_10.3620085_lon_105.4228455_alt_12.022m,train,DJI_DateTime_2025_01_15_14_53_0010_lat_10.3620085_lon_105.4228455_alt_12.022m__p003,DJI_DateTime_2025_01_15_14_53_0010_lat_10.3620085_lon_105.4228455_alt_12.022m,640,480,640,480,118920,0
DJI_DateTime_2025_01_15_14_53_0011_lat_10.3620263_lon_105.4228687_alt_12.009m,train,DJI_DateTime_2025_01_15_14_53_0011_lat_10.3620263_lon_105.4228687_alt_12.009m__p000,DJI_DateTime_2025_01_15_14_53_0011_lat_10.3620263_lon_105.4228687_alt_12.009m,0,0,640,480,242662,0
DJI_DateTime_2025_01_15_14_53_0011_lat_10.3620263_lon_105.4228687_alt_12.009m,train,DJI_DateTime_2025_01_15_14_53_0011_lat_10.3620263_lon_105.4228687_alt_12.009m__p001,DJI_DateTime_2025_01_15_14_53_0011_lat_10.3620263_lon_105.4228687_alt_12.009m,640,0,640,480,306356,0
DJI_DateTime_2025_01_15_14_53_0011_lat_10.3620263_lon_105.4228687_alt_12.009m,train,DJI_DateTime_2025_01_15_14_53_0011_lat_10.3620263_lon_105.4228687_alt_12.009m__p002,DJI_DateTime_2025_01_15_14_53_0011_lat_10.3620263_lon_105.4228687_alt_12.009m,0,480,640,480,236990,0
DJI_DateTime_2025_01_15_14_53_0011_lat_10.3620263_lon_105.4228687_alt_12.009m,train,DJI_DateTime_2025_01_15_14_53_0011_lat_10.3620263_lon_105.4228687_alt_12.009m__p003,DJI_DateTime_2025_01_15_14_53_0011_lat_10.3620263_lon_105.4228687_alt_12.009m,640,480,640,480,132903,0
DJI_DateTime_2025_01_15_14_53_0012_lat_10.3620448_lon_105.4228922_alt_11.992m,train,DJI_DateTime_2025_01_15_14_53_0012_lat_10.3620448_lon_105.4228922_alt_11.992m__p000,DJI_DateTime_2025_01_15_14_53_0012_lat_10.3620448_lon_105.4228922_alt_11.992m,0,0,640,480,226197,0
DJI_DateTime_2025_01_15_14_53_0012_lat_10.3620448_lon_105.4228922_alt_11.992m,train,DJI_DateTime_2025_01_15_14_53_0012_lat_10.3620448_lon_105.4228922_alt_11.992m__p001,DJI_DateTime_2025_01_15_14_53_0012_lat_10.3620448_lon_105.4228922_alt_11.992m,640,0,640,480,306560,0
DJI_DateTime_2025_01_15_14_53_0012_lat_10.3620448_lon_105.4228922_alt_11.992m,train,DJI_DateTime_2025_01_15_14_53_0012_lat_10.3620448_lon_105.4228922_alt_11.992m__p002,DJI_DateTime_2025_01_15_14_53_0012_lat_10.3620448_lon_105.4228922_alt_11.992m,0,480,640,480,263516,0
DJI_DateTime_2025_01_15_14_53_0012_lat_10.3620448_lon_105.4228922_alt_11.992m,train,DJI_DateTime_2025_01_15_14_53_0012_lat_10.3620448_lon_105.4228922_alt_11.992m__p003,DJI_DateTime_2025_01_15_14_53_0012_lat_10.3620448_lon_105.4228922_alt_11.992m,640,480,640,480,271793,0
DJI_DateTime_2025_01_15_14_53_0013_lat_10.3620627_lon_105.4229155_alt_12.002m,train,DJI_DateTime_2025_01_15_14_53_0013_lat_10.3620627_lon_105.4229155_alt_12.002m__p000,DJI_DateTime_2025_01_15_14_53_0013_lat_10.3620627_lon_105.4229155_alt_12.002m,0,0,640,480,205804,0
DJI_DateTime_2025_01_15_14_53_0013_lat_10.3620627_lon_105.4229155_alt_12.002m,train,DJI_DateTime_2025_01_15_14_53_0013_lat_10.3620627_lon_105.4229155_alt_12.002m__p001,DJI_DateTime_2025_01_15_14_53_0013_lat_10.3620627_lon_105.4229155_alt_12.002m,640,0,640,480,306030,0
DJI_DateTime_2025_01_15_14_53_0013_lat_10.3620627_lon_105.4229155_alt_12.002m,train,DJI_DateTime_2025_01_15_14_53_0013_lat_10.3620627_lon_105.4229155_alt_12.002m__p002,DJI_DateTime_2025_01_15_14_53_0013_lat_10.3620627_lon_105.4229155_alt_12.002m,0,480,640,480,241718,0
DJI_DateTime_2025_01_15_14_53_0013_lat_10.3620627_lon_105.4229155_alt_12.002m,train,DJI_DateTime_2025_01_15_14_53_0013_lat_10.3620627_lon_105.4229155_alt_12.002m__p003,DJI_DateTime_2025_01_15_14_53_0013_lat_10.3620627_lon_105.4229155_alt_12.002m,640,480,640,480,307200,0
DJI_DateTime_2025_01_15_14_53_0014_lat_10.3620808_lon_105.4229384_alt_11.999m,train,DJI_DateTime_2025_01_15_14_53_0014_lat_10.3620808_lon_105.4229384_alt_11.999m__p000,DJI_DateTime_2025_01_15_14_53_0014_lat_10.3620808_lon_105.4229384_alt_11.999m,0,0,640,480,212700,0
DJI_DateTime_2025_01_15_14_53_0014_lat_10.3620808_lon_105.4229384_alt_11.999m,train,DJI_DateTime_2025_01_15_14_53_0014_lat_10.3620808_lon_105.4229384_alt_11.999m__p001,DJI_DateTime_2025_01_15_14_53_0014_lat_10.3620808_lon_105.4229384_alt_11.999m,640,0,640,480,304534,0
DJI_DateTime_2025_01_15_14_53_0014_lat_10.3620808_lon_105.4229384_alt_11.999m,train,DJI_DateTime_2025_01_15_14_53_0014_lat_10.3620808_lon_105.4229384_alt_11.999m__p002,DJI_DateTime_2025_01_15_14_53_0014_lat_10.3620808_lon_105.4229384_alt_11.999m,0,480,640,480,244716,0
DJI_DateTime_2025_01_15_14_53_0014_lat_10.3620808_lon_105.4229384_alt_11.999m,train,DJI_DateTime_2025_01_15_14_53_0014_lat_10.3620808_lon_105.4229384_alt_11.999m__p003,DJI_DateTime_2025_01_15_14_53_0014_lat_10.3620808_lon_105.4229384_alt_11.999m,640,480,640,480,306028,0
DJI_DateTime_2025_01_15_14_53_0021_lat_10.3622053_lon_105.4231016_alt_11.971m,train,DJI_DateTime_2025_01_15_14_53_0021_lat_10.3622053_lon_105.4231016_alt_11.971m__p000,DJI_DateTime_2025_01_15_14_53_0021_lat_10.3622053_lon_105.4231016_alt_11.971m,0,0,640,480,221816,0
DJI_DateTime_2025_01_15_14_53_0021_lat_10.3622053_lon_105.4231016_alt_11.971m,train,DJI_DateTime_2025_01_15_14_53_0021_lat_10.3622053_lon_105.4231016_alt_11.971m__p001,DJI_DateTime_2025_01_15_14_53_0021_lat_10.3622053_lon_105.4231016_alt_11.971m,640,0,640,480,304827,0
DJI_DateTime_2025_01_15_14_53_0021_lat_10.3622053_lon_105.4231016_alt_11.971m,train,DJI_DateTime_2025_01_15_14_53_0021_lat_10.3622053_lon_105.4231016_alt_11.971m__p002,DJI_DateTime_2025_01_15_14_53_0021_lat_10.3622053_lon_105.4231016_alt_11.971m,0,480,640,480,267100,0
DJI_DateTime_2025_01_15_14_53_0021_lat_10.3622053_lon_105.4231016_alt_11.971m,train,DJI_DateTime_2025_01_15_14_53_0021_lat_10.3622053_lon_105.4231016_alt_11.971m__p003,DJI_DateTime_2025_01_15_14_53_0021_lat_10.3622053_lon_105.4231016_alt_11.971m,640,480,640,480,305414,0
DJI_DateTime_2025_01_15_14_53_0022_lat_10.3622227_lon_105.4231242_alt_11.954m,train,DJI_DateTime_2025_01_15_14_53_0022_lat_10.3622227_lon_105.4231242_alt_11.954m__p000,DJI_DateTime_2025_01_15_14_53_0022_lat_10.3622227_lon_105.4231242_alt_11.954m,0,0,640,480,219925,0
DJI_DateTime_2025_01_15_14_53_0022_lat_10.3622227_lon_105.4231242_alt_11.954m,train,DJI_DateTime_2025_01_15_14_53_0022_lat_10.3622227_lon_105.4231242_alt_11.954m__p001,DJI_DateTime_2025_01_15_14_53_0022_lat_10.3622227_lon_105.4231242_alt_11.954m,640,0,640,480,306132,0
DJI_DateTime_2025_01_15_14_53_0022_lat_10.3622227_lon_105.4231242_alt_11.954m,train,DJI_DateTime_2025_01_15_14_53_0022_lat_10.3622227_lon_105.4231242_alt_11.954m__p002,DJI_DateTime_2025_01_15_14_53_0022_lat_10.3622227_lon_105.4231242_alt_11.954m,0,480,640,480,201031,0
DJI_DateTime_2025_01_15_14_53_0022_lat_10.3622227_lon_105.4231242_alt_11.954m,train,DJI_DateTime_2025_01_15_14_53_0022_lat_10.3622227_lon_105.4231242_alt_11.954m__p003,DJI_DateTime_2025_01_15_14_53_0022_lat_10.3622227_lon_105.4231242_alt_11.954m,640,480,640,480,307200,0
DJI_DateTime_2025_01_15_14_53_0024_lat_10.3622098_lon_105.4231634_alt_12.048m,train,DJI_DateTime_2025_01_15_14_53_0024_lat_10.3622098_lon_105.4231634_alt_12.048m__p000,DJI_DateTime_2025_01_15_14_53_0024_lat_10.3622098_lon_105.4231634_alt_12.048m,0,0,640,480,286138,0
DJI_DateTime_2025_01_15_14_53_0024_lat_10.3622098_lon_105.4231634_alt_12.048m,train,DJI_DateTime_2025_01_15_14_53_0024_lat_10.3622098_lon_105.4231634_alt_12.048m__p001,DJI_DateTime_2025_01_15_14_53_0024_lat_10.3622098_lon_105.4231634_alt_12.048m,640,0,640,480,303970,0
DJI_DateTime_2025_01_15_14_53_0024_lat_10.3622098_lon_105.4231634_alt_12.048m,train,DJI_DateTime_2025_01_15_14_53_0024_lat_10.3622098_lon_105.4231634_alt_12.048m__p002,DJI_DateTime_2025_01_15_14_53_0024_lat_10.3622098_lon_105.4231634_alt_12.048m,0,480,640,480,151564,0
DJI_DateTime_2025_01_15_14_53_0024_lat_10.3622098_lon_105.4231634_alt_12.048m,train,DJI_DateTime_2025_01_15_14_53_0024_lat_10.3622098_lon_105.4231634_alt_12.048m__p003,DJI_DateTime_2025_01_15_14_53_0024_lat_10.3622098_lon_105.4231634_alt_12.048m,640,480,640,480,305113,0
DJI_DateTime_2025_01_15_14_54_0036_lat_10.3619928_lon_105.4228909_alt_11.993m,train,DJI_DateTime_2025_01_15_14_54_0036_lat_10.3619928_lon_105.4228909_alt_11.993m__p000,DJI_DateTime_2025_01_15_14_54_0036_lat_10.3619928_lon_105.4228909_alt_11.993m,0,0,640,480,277337,0
DJI_DateTime_2025_01_15_14_54_0036_lat_10.3619928_lon_105.4228909_alt_11.993m,train,DJI_DateTime_2025_01_15_14_54_0036_lat_10.3619928_lon_105.4228909_alt_11.993m__p001,DJI_DateTime_2025_01_15_14_54_0036_lat_10.3619928_lon_105.4228909_alt_11.993m,640,0,640,480,72086,0
DJI_DateTime_2025_01_15_14_54_0036_lat_10.3619928_lon_105.4228909_alt_11.993m,train,DJI_DateTime_2025_01_15_14_54_0036_lat_10.3619928_lon_105.4228909_alt_11.993m__p002,DJI_DateTime_2025_01_15_14_54_0036_lat_10.3619928_lon_105.4228909_alt_11.993m,0,480,640,480,307200,0
DJI_DateTime_2025_01_15_14_54_0036_lat_10.3619928_lon_105.4228909_alt_11.993m,train,DJI_DateTime_2025_01_15_14_54_0036_lat_10.3619928_lon_105.4228909_alt_11.993m__p003,DJI_DateTime_2025_01_15_14_54_0036_lat_10.3619928_lon_105.4228909_alt_11.993m,640,480,640,480,289693,0
DJI_DateTime_2025_01_15_14_54_0037_lat_10.3619747_lon_105.4228676_alt_11.984m,train,DJI_DateTime_2025_01_15_14_54_0037_lat_10.3619747_lon_105.4228676_alt_11.984m__p000,DJI_DateTime_2025_01_15_14_54_0037_lat_10.3619747_lon_105.4228676_alt_11.984m,0,0,640,480,259922,0
DJI_DateTime_2025_01_15_14_54_0037_lat_10.3619747_lon_105.4228676_alt_11.984m,train,DJI_DateTime_2025_01_15_14_54_0037_lat_10.3619747_lon_105.4228676_alt_11.984m__p001,DJI_DateTime_2025_01_15_14_54_0037_lat_10.3619747_lon_105.4228676_alt_11.984m,640,0,640,480,98291,0
DJI_DateTime_2025_01_15_14_54_0037_lat_10.3619747_lon_105.4228676_alt_11.984m,train,DJI_DateTime_2025_01_15_14_54_0037_lat_10.3619747_lon_105.4228676_alt_11.984m__p002,DJI_DateTime_2025_01_15_14_54_0037_lat_10.3619747_lon_105.4228676_alt_11.984m,0,480,640,480,306576,0
DJI_DateTime_2025_01_15_14_54_0037_lat_10.3619747_lon_105.4228676_alt_11.984m,train,DJI_DateTime_2025_01_15_14_54_0037_lat_10.3619747_lon_105.4228676_alt_11.984m__p003,DJI_DateTime_2025_01_15_14_54_0037_lat_10.3619747_lon_105.4228676_alt_11.984m,640,480,640,480,159675,0
DJI_DateTime_2025_01_15_14_54_0038_lat_10.3619572_lon_105.4228444_alt_11.987m,train,DJI_DateTime_2025_01_15_14_54_0038_lat_10.3619572_lon_105.4228444_alt_11.987m__p000,DJI_DateTime_2025_01_15_14_54_0038_lat_10.3619572_lon_105.4228444_alt_11.987m,0,0,640,480,260248,0
DJI_DateTime_2025_01_15_14_54_0038_lat_10.3619572_lon_105.4228444_alt_11.987m,train,DJI_DateTime_2025_01_15_14_54_0038_lat_10.3619572_lon_105.4228444_alt_11.987m__p001,DJI_DateTime_2025_01_15_14_54_0038_lat_10.3619572_lon_105.4228444_alt_11.987m,640,0,640,480,153402,0
DJI_DateTime_2025_01_15_14_54_0038_lat_10.3619572_lon_105.4228444_alt_11.987m,train,DJI_DateTime_2025_01_15_14_54_0038_lat_10.3619572_lon_105.4228444_alt_11.987m__p002,DJI_DateTime_2025_01_15_14_54_0038_lat_10.3619572_lon_105.4228444_alt_11.987m,0,480,640,480,300462,0
DJI_DateTime_2025_01_15_14_54_0038_lat_10.3619572_lon_105.4228444_alt_11.987m,train,DJI_DateTime_2025_01_15_14_54_0038_lat_10.3619572_lon_105.4228444_alt_11.987m__p003,DJI_DateTime_2025_01_15_14_54_0038_lat_10.3619572_lon_105.4228444_alt_11.987m,640,480,640,480,157156,0
DJI_DateTime_2025_01_15_14_54_0039_lat_10.3619394_lon_105.4228217_alt_12.016m,train,DJI_DateTime_2025_01_15_14_54_0039_lat_10.3619394_lon_105.4228217_alt_12.016m__p000,DJI_DateTime_2025_01_15_14_54_0039_lat_10.3619394_lon_105.4228217_alt_12.016m,0,0,640,480,227287,0
DJI_DateTime_2025_01_15_14_54_0039_lat_10.3619394_lon_105.4228217_alt_12.016m,train,DJI_DateTime_2025_01_15_14_54_0039_lat_10.3619394_lon_105.4228217_alt_12.016m__p001,DJI_DateTime_2025_01_15_14_54_0039_lat_10.3619394_lon_105.4228217_alt_12.016m,640,0,640,480,132957,0
DJI_DateTime_2025_01_15_14_54_0039_lat_10.3619394_lon_105.4228217_alt_12.016m,train,DJI_DateTime_2025_01_15_14_54_0039_lat_10.3619394_lon_105.4228217_alt_12.016m__p002,DJI_DateTime_2025_01_15_14_54_0039_lat_10.3619394_lon_105.4228217_alt_12.016m,0,480,640,480,297928,0
DJI_DateTime_2025_01_15_14_54_0039_lat_10.3619394_lon_105.4228217_alt_12.016m,train,DJI_DateTime_2025_01_15_14_54_0039_lat_10.3619394_lon_105.4228217_alt_12.016m__p003,DJI_DateTime_2025_01_15_14_54_0039_lat_10.3619394_lon_105.4228217_alt_12.016m,640,480,640,480,130498,0
DJI_DateTime_2025_01_15_14_54_0040_lat_10.3619206_lon_105.4227979_alt_12.021m,train,DJI_DateTime_2025_01_15_14_54_0040_lat_10.3619206_lon_105.4227979_alt_12.021m__p000,DJI_DateTime_2025_01_15_14_54_0040_lat_10.3619206_lon_105.4227979_alt_12.021m,0,0,640,480,236659,0
DJI_DateTime_2025_01_15_14_54_0040_lat_10.3619206_lon_105.4227979_alt_12.021m,train,DJI_DateTime_2025_01_15_14_54_0040_lat_10.3619206_lon_105.4227979_alt_12.021m__p001,DJI_DateTime_2025_01_15_14_54_0040_lat_10.3619206_lon_105.4227979_alt_12.021m,640,0,640,480,175075,0
DJI_DateTime_2025_01_15_14_54_0040_lat_10.3619206_lon_105.4227979_alt_12.021m,train,DJI_DateTime_2025_01_15_14_54_0040_lat_10.3619206_lon_105.4227979_alt_12.021m__p002,DJI_DateTime_2025_01_15_14_54_0040_lat_10.3619206_lon_105.4227979_alt_12.021m,0,480,640,480,289215,0
DJI_DateTime_2025_01_15_14_54_0040_lat_10.3619206_lon_105.4227979_alt_12.021m,train,DJI_DateTime_2025_01_15_14_54_0040_lat_10.3619206_lon_105.4227979_alt_12.021m__p003,DJI_DateTime_2025_01_15_14_54_0040_lat_10.3619206_lon_105.4227979_alt_12.021m,640,480,640,480,210966,0
DJI_DateTime_2025_01_15_14_54_0041_lat_10.3619028_lon_105.4227748_alt_11.998m,train,DJI_DateTime_2025_01_15_14_54_0041_lat_10.3619028_lon_105.4227748_alt_11.998m__p000,DJI_DateTime_2025_01_15_14_54_0041_lat_10.3619028_lon_105.4227748_alt_11.998m,0,0,640,480,198078,0
DJI_DateTime_2025_01_15_14_54_0041_lat_10.3619028_lon_105.4227748_alt_11.998m,train,DJI_DateTime_2025_01_15_14_54_0041_lat_10.3619028_lon_105.4227748_alt_11.998m__p001,DJI_DateTime_2025_01_15_14_54_0041_lat_10.3619028_lon_105.4227748_alt_11.998m,640,0,640,480,170542,0
DJI_DateTime_2025_01_15_14_54_0041_lat_10.3619028_lon_105.4227748_alt_11.998m,train,DJI_DateTime_2025_01_15_14_54_0041_lat_10.3619028_lon_105.4227748_alt_11.998m__p002,DJI_DateTime_2025_01_15_14_54_0041_lat_10.3619028_lon_105.4227748_alt_11.998m,0,480,640,480,286523,0
DJI_DateTime_2025_01_15_14_54_0041_lat_10.3619028_lon_105.4227748_alt_11.998m,train,DJI_DateTime_2025_01_15_14_54_0041_lat_10.3619028_lon_105.4227748_alt_11.998m__p003,DJI_DateTime_2025_01_15_14_54_0041_lat_10.3619028_lon_105.4227748_alt_11.998m,640,480,640,480,236738,0
DJI_DateTime_2025_01_15_14_54_0042_lat_10.3618850_lon_105.4227517_alt_11.992m,train,DJI_DateTime_2025_01_15_14_54_0042_lat_10.3618850_lon_105.4227517_alt_11.992m__p000,DJI_DateTime_2025_01_15_14_54_0042_lat_10.3618850_lon_105.4227517_alt_11.992m,0,0,640,480,227881,0
DJI_DateTime_2025_01_15_14_54_0042_lat_10.3618850_lon_105.4227517_alt_11.992m,train,DJI_DateTime_2025_01_15_14_54_0042_lat_10.3618850_lon_105.4227517_alt_11.992m__p001,DJI_DateTime_2025_01_15_14_54_0042_lat_10.3618850_lon_105.4227517_alt_11.992m,640,0,640,480,198615,0
DJI_DateTime_2025_01_15_14_54_0042_lat_10.3618850_lon_105.4227517_alt_11.992m,train,DJI_DateTime_2025_01_15_14_54_0042_lat_10.3618850_lon_105.4227517_alt_11.992m__p002,DJI_DateTime_2025_01_15_14_54_0042_lat_10.3618850_lon_105.4227517_alt_11.992m,0,480,640,480,258688,0
DJI_DateTime_2025_01_15_14_54_0042_lat_10.3618850_lon_105.4227517_alt_11.992m,train,DJI_DateTime_2025_01_15_14_54_0042_lat_10.3618850_lon_105.4227517_alt_11.992m__p003,DJI_DateTime_2025_01_15_14_54_0042_lat_10.3618850_lon_105.4227517_alt_11.992m,640,480,640,480,223111,0
DJI_DateTime_2025_01_15_14_54_0043_lat_10.3618674_lon_105.4227288_alt_11.986m,train,DJI_DateTime_2025_01_15_14_54_0043_lat_10.3618674_lon_105.4227288_alt_11.986m__p000,DJI_DateTime_2025_01_15_14_54_0043_lat_10.3618674_lon_105.4227288_alt_11.986m,0,0,640,480,234366,0
DJI_DateTime_2025_01_15_14_54_0043_lat_10.3618674_lon_105.4227288_alt_11.986m,train,DJI_DateTime_2025_01_15_14_54_0043_lat_10.3618674_lon_105.4227288_alt_11.986m__p001,DJI_DateTime_2025_01_15_14_54_0043_lat_10.3618674_lon_105.4227288_alt_11.986m,640,0,640,480,215202,0
DJI_DateTime_2025_01_15_14_54_0043_lat_10.3618674_lon_105.4227288_alt_11.986m,train,DJI_DateTime_2025_01_15_14_54_0043_lat_10.3618674_lon_105.4227288_alt_11.986m__p002,DJI_DateTime_2025_01_15_14_54_0043_lat_10.3618674_lon_105.4227288_alt_11.986m,0,480,640,480,280877,0
DJI_DateTime_2025_01_15_14_54_0043_lat_10.3618674_lon_105.4227288_alt_11.986m,train,DJI_DateTime_2025_01_15_14_54_0043_lat_10.3618674_lon_105.4227288_alt_11.986m__p003,DJI_DateTime_2025_01_15_14_54_0043_lat_10.3618674_lon_105.4227288_alt_11.986m,640,480,640,480,242309,0
DJI_DateTime_2025_01_15_14_54_0044_lat_10.3618499_lon_105.4227049_alt_11.996m,train,DJI_DateTime_2025_01_15_14_54_0044_lat_10.3618499_lon_105.4227049_alt_11.996m__p000,DJI_DateTime_2025_01_15_14_54_0044_lat_10.3618499_lon_105.4227049_alt_11.996m,0,0,640,480,232925,0
DJI_DateTime_2025_01_15_14_54_0044_lat_10.3618499_lon_105.4227049_alt_11.996m,train,DJI_DateTime_2025_01_15_14_54_0044_lat_10.3618499_lon_105.4227049_alt_11.996m__p001,DJI_DateTime_2025_01_15_14_54_0044_lat_10.3618499_lon_105.4227049_alt_11.996m,640,0,640,480,223200,0
DJI_DateTime_2025_01_15_14_54_0044_lat_10.3618499_lon_105.4227049_alt_11.996m,train,DJI_DateTime_2025_01_15_14_54_0044_lat_10.3618499_lon_105.4227049_alt_11.996m__p002,DJI_DateTime_2025_01_15_14_54_0044_lat_10.3618499_lon_105.4227049_alt_11.996m,0,480,640,480,277167,0
DJI_DateTime_2025_01_15_14_54_0044_lat_10.3618499_lon_105.4227049_alt_11.996m,train,DJI_DateTime_2025_01_15_14_54_0044_lat_10.3618499_lon_105.4227049_alt_11.996m__p003,DJI_DateTime_2025_01_15_14_54_0044_lat_10.3618499_lon_105.4227049_alt_11.996m,640,480,640,480,232751,0
DJI_DateTime_2025_01_15_14_54_0045_lat_10.3618318_lon_105.4226824_alt_12.001m,train,DJI_DateTime_2025_01_15_14_54_0045_lat_10.3618318_lon_105.4226824_alt_12.001m__p000,DJI_DateTime_2025_01_15_14_54_0045_lat_10.3618318_lon_105.4226824_alt_12.001m,0,0,640,480,208613,0
DJI_DateTime_2025_01_15_14_54_0045_lat_10.3618318_lon_105.4226824_alt_12.001m,train,DJI_DateTime_2025_01_15_14_54_0045_lat_10.3618318_lon_105.4226824_alt_12.001m__p001,DJI_DateTime_2025_01_15_14_54_0045_lat_10.3618318_lon_105.4226824_alt_12.001m,640,0,640,480,286299,0
DJI_DateTime_2025_01_15_14_54_0045_lat_10.3618318_lon_105.4226824_alt_12.001m,train,DJI_DateTime_2025_01_15_14_54_0045_lat_10.3618318_lon_105.4226824_alt_12.001m__p002,DJI_DateTime_2025_01_15_14_54_0045_lat_10.3618318_lon_105.4226824_alt_12.001m,0,480,640,480,228205,0
DJI_DateTime_2025_01_15_14_54_0045_lat_10.3618318_lon_105.4226824_alt_12.001m,train,DJI_DateTime_2025_01_15_14_54_0045_lat_10.3618318_lon_105.4226824_alt_12.001m__p003,DJI_DateTime_2025_01_15_14_54_0045_lat_10.3618318_lon_105.4226824_alt_12.001m,640,480,640,480,218907,0
DJI_DateTime_2025_01_15_14_54_0046_lat_10.3618079_lon_105.4226807_alt_12.009m,train,DJI_DateTime_2025_01_15_14_54_0046_lat_10.3618079_lon_105.4226807_alt_12.009m__p000,DJI_DateTime_2025_01_15_14_54_0046_lat_10.3618079_lon_105.4226807_alt_12.009m,0,0,640,480,299656,0
DJI_DateTime_2025_01_15_14_54_0046_lat_10.3618079_lon_105.4226807_alt_12.009m,train,DJI_DateTime_2025_01_15_14_54_0046_lat_10.3618079_lon_105.4226807_alt_12.009m__p001,DJI_DateTime_2025_01_15_14_54_0046_lat_10.3618079_lon_105.4226807_alt_12.009m,640,0,640,480,262498,0
DJI_DateTime_2025_01_15_14_54_0046_lat_10.3618079_lon_105.4226807_alt_12.009m,train,DJI_DateTime_2025_01_15_14_54_0046_lat_10.3618079_lon_105.4226807_alt_12.009m__p002,DJI_DateTime_2025_01_15_14_54_0046_lat_10.3618079_lon_105.4226807_alt_12.009m,0,480,640,480,225336,0
DJI_DateTime_2025_01_15_14_54_0046_lat_10.3618079_lon_105.4226807_alt_12.009m,train,DJI_DateTime_2025_01_15_14_54_0046_lat_10.3618079_lon_105.4226807_alt_12.009m__p003,DJI_DateTime_2025_01_15_14_54_0046_lat_10.3618079_lon_105.4226807_alt_12.009m,640,480,640,480,290884,0
DJI_DateTime_2025_01_15_14_54_0047_lat_10.3618019_lon_105.4227026_alt_12.020m,train,DJI_DateTime_2025_01_15_14_54_0047_lat_10.3618019_lon_105.4227026_alt_12.020m__p000,DJI_DateTime_2025_01_15_14_54_0047_lat_10.3618019_lon_105.4227026_alt_12.020m,0,0,640,480,147733,0
DJI_DateTime_2025_01_15_14_54_0047_lat_10.3618019_lon_105.4227026_alt_12.020m,train,DJI_DateTime_2025_01_15_14_54_0047_lat_10.3618019_lon_105.4227026_alt_12.020m__p001,DJI_DateTime_2025_01_15_14_54_0047_lat_10.3618019_lon_105.4227026_alt_12.020m,640,0,640,480,281913,0
DJI_DateTime_2025_01_15_14_54_0047_lat_10.3618019_lon_105.4227026_alt_12.020m,train,DJI_DateTime_2025_01_15_14_54_0047_lat_10.3618019_lon_105.4227026_alt_12.020m__p002,DJI_DateTime_2025_01_15_14_54_0047_lat_10.3618019_lon_105.4227026_alt_12.020m,0,480,640,480,190229,0
DJI_DateTime_2025_01_15_14_54_0047_lat_10.3618019_lon_105.4227026_alt_12.020m,train,DJI_DateTime_2025_01_15_14_54_0047_lat_10.3618019_lon_105.4227026_alt_12.020m__p003,DJI_DateTime_2025_01_15_14_54_0047_lat_10.3618019_lon_105.4227026_alt_12.020m,640,480,640,480,269411,0
DJI_DateTime_2025_01_15_14_54_0048_lat_10.3618185_lon_105.4227258_alt_12.029m,train,DJI_DateTime_2025_01_15_14_54_0048_lat_10.3618185_lon_105.4227258_alt_12.029m__p000,DJI_DateTime_2025_01_15_14_54_0048_lat_10.3618185_lon_105.4227258_alt_12.029m,0,0,640,480,20394,0
DJI_DateTime_2025_01_15_14_54_0048_lat_10.3618185_lon_105.4227258_alt_12.029m,train,DJI_DateTime_2025_01_15_14_54_0048_lat_10.3618185_lon_105.4227258_alt_12.029m__p001,DJI_DateTime_2025_01_15_14_54_0048_lat_10.3618185_lon_105.4227258_alt_12.029m,640,0,640,480,288559,0
DJI_DateTime_2025_01_15_14_54_0048_lat_10.3618185_lon_105.4227258_alt_12.029m,train,DJI_DateTime_2025_01_15_14_54_0048_lat_10.3618185_lon_105.4227258_alt_12.029m__p002,DJI_DateTime_2025_01_15_14_54_0048_lat_10.3618185_lon_105.4227258_alt_12.029m,0,480,640,480,74456,0
DJI_DateTime_2025_01_15_14_54_0048_lat_10.3618185_lon_105.4227258_alt_12.029m,train,DJI_DateTime_2025_01_15_14_54_0048_lat_10.3618185_lon_105.4227258_alt_12.029m__p003,DJI_DateTime_2025_01_15_14_54_0048_lat_10.3618185_lon_105.4227258_alt_12.029m,640,480,640,480,279443,0
DJI_DateTime_2025_01_15_14_54_0049_lat_10.3618356_lon_105.4227484_alt_12.009m,train,DJI_DateTime_2025_01_15_14_54_0049_lat_10.3618356_lon_105.4227484_alt_12.009m__p000,DJI_DateTime_2025_01_15_14_54_0049_lat_10.3618356_lon_105.4227484_alt_12.009m,0,0,640,480,35907,0
DJI_DateTime_2025_01_15_14_54_0049_lat_10.3618356_lon_105.4227484_alt_12.009m,train,DJI_DateTime_2025_01_15_14_54_0049_lat_10.3618356_lon_105.4227484_alt_12.009m__p001,DJI_DateTime_2025_01_15_14_54_0049_lat_10.3618356_lon_105.4227484_alt_12.009m,640,0,640,480,296983,0
DJI_DateTime_2025_01_15_14_54_0049_lat_10.3618356_lon_105.4227484_alt_12.009m,train,DJI_DateTime_2025_01_15_14_54_0049_lat_10.3618356_lon_105.4227484_alt_12.009m__p002,DJI_DateTime_2025_01_15_14_54_0049_lat_10.3618356_lon_105.4227484_alt_12.009m,0,480,640,480,42171,0
DJI_DateTime_2025_01_15_14_54_0049_lat_10.3618356_lon_105.4227484_alt_12.009m,train,DJI_DateTime_2025_01_15_14_54_0049_lat_10.3618356_lon_105.4227484_alt_12.009m__p003,DJI_DateTime_2025_01_15_14_54_0049_lat_10.3618356_lon_105.4227484_alt_12.009m,640,480,640,480,305039,0
DJI_DateTime_2025_01_15_14_54_0050_lat_10.3618533_lon_105.4227716_alt_11.985m,train,DJI_DateTime_2025_01_15_14_54_0050_lat_10.3618533_lon_105.4227716_alt_11.985m__p000,DJI_DateTime_2025_01_15_14_54_0050_lat_10.3618533_lon_105.4227716_alt_11.985m,0,0,640,480,154165,0
DJI_DateTime_2025_01_15_14_54_0050_lat_10.3618533_lon_105.4227716_alt_11.985m,train,DJI_DateTime_2025_01_15_14_54_0050_lat_10.3618533_lon_105.4227716_alt_11.985m__p001,DJI_DateTime_2025_01_15_14_54_0050_lat_10.3618533_lon_105.4227716_alt_11.985m,640,0,640,480,304831,0
DJI_DateTime_2025_01_15_14_54_0050_lat_10.3618533_lon_105.4227716_alt_11.985m,train,DJI_DateTime_2025_01_15_14_54_0050_lat_10.3618533_lon_105.4227716_alt_11.985m__p002,DJI_DateTime_2025_01_15_14_54_0050_lat_10.3618533_lon_105.4227716_alt_11.985m,0,480,640,480,227459,0
DJI_DateTime_2025_01_15_14_54_0050_lat_10.3618533_lon_105.4227716_alt_11.985m,train,DJI_DateTime_2025_01_15_14_54_0050_lat_10.3618533_lon_105.4227716_alt_11.985m__p003,DJI_DateTime_2025_01_15_14_54_0050_lat_10.3618533_lon_105.4227716_alt_11.985m,640,480,640,480,294522,0
DJI_DateTime_2025_01_15_14_54_0051_lat_10.3618711_lon_105.4227952_alt_11.942m,train,DJI_DateTime_2025_01_15_14_54_0051_lat_10.3618711_lon_105.4227952_alt_11.942m__p000,DJI_DateTime_2025_01_15_14_54_0051_lat_10.3618711_lon_105.4227952_alt_11.942m,0,0,640,480,175489,0
DJI_DateTime_2025_01_15_14_54_0051_lat_10.3618711_lon_105.4227952_alt_11.942m,train,DJI_DateTime_2025_01_15_14_54_0051_lat_10.3618711_lon_105.4227952_alt_11.942m__p001,DJI_DateTime_2025_01_15_14_54_0051_lat_10.3618711_lon_105.4227952_alt_11.942m,640,0,640,480,304262,0
DJI_DateTime_2025_01_15_14_54_0051_lat_10.3618711_lon_105.4227952_alt_11.942m,train,DJI_DateTime_2025_01_15_14_54_0051_lat_10.3618711_lon_105.4227952_alt_11.942m__p002,DJI_DateTime_2025_01_15_14_54_0051_lat_10.3618711_lon_105.4227952_alt_11.942m,0,480,640,480,156756,0
DJI_DateTime_2025_01_15_14_54_0051_lat_10.3618711_lon_105.4227952_alt_11.942m,train,DJI_DateTime_2025_01_15_14_54_0051_lat_10.3618711_lon_105.4227952_alt_11.942m__p003,DJI_DateTime_2025_01_15_14_54_0051_lat_10.3618711_lon_105.4227952_alt_11.942m,640,480,640,480,298580,0
DJI_DateTime_2025_01_15_14_54_0052_lat_10.3618889_lon_105.4228192_alt_11.969m,train,DJI_DateTime_2025_01_15_14_54_0052_lat_10.3618889_lon_105.4228192_alt_11.969m__p000,DJI_DateTime_2025_01_15_14_54_0052_lat_10.3618889_lon_105.4228192_alt_11.969m,0,0,640,480,205099,0
DJI_DateTime_2025_01_15_14_54_0052_lat_10.3618889_lon_105.4228192_alt_11.969m,train,DJI_DateTime_2025_01_15_14_54_0052_lat_10.3618889_lon_105.4228192_alt_11.969m__p001,DJI_DateTime_2025_01_15_14_54_0052_lat_10.3618889_lon_105.4228192_alt_11.969m,640,0,640,480,302876,0
DJI_DateTime_2025_01_15_14_54_0052_lat_10.3618889_lon_105.4228192_alt_11.969m,train,DJI_DateTime_2025_01_15_14_54_0052_lat_10.3618889_lon_105.4228192_alt_11.969m__p002,DJI_DateTime_2025_01_15_14_54_0052_lat_10.3618889_lon_105.4228192_alt_11.969m,0,480,640,480,226975,0
DJI_DateTime_2025_01_15_14_54_0052_lat_10.3618889_lon_105.4228192_alt_11.969m,train,DJI_DateTime_2025_01_15_14_54_0052_lat_10.3618889_lon_105.4228192_alt_11.969m__p003,DJI_DateTime_2025_01_15_14_54_0052_lat_10.3618889_lon_105.4228192_alt_11.969m,640,480,640,480,280272,0
DJI_DateTime_2025_01_15_14_54_0053_lat_10.3619064_lon_105.4228419_alt_11.991m,train,DJI_DateTime_2025_01_15_14_54_0053_lat_10.3619064_lon_105.4228419_alt_11.991m__p000,DJI_DateTime_2025_01_15_14_54_0053_lat_10.3619064_lon_105.4228419_alt_11.991m,0,0,640,480,241036,0
DJI_DateTime_2025_01_15_14_54_0053_lat_10.3619064_lon_105.4228419_alt_11.991m,train,DJI_DateTime_2025_01_15_14_54_0053_lat_10.3619064_lon_105.4228419_alt_11.991m__p001,DJI_DateTime_2025_01_15_14_54_0053_lat_10.3619064_lon_105.4228419_alt_11.991m,640,0,640,480,301162,0
DJI_DateTime_2025_01_15_14_54_0053_lat_10.3619064_lon_105.4228419_alt_11.991m,train,DJI_DateTime_2025_01_15_14_54_0053_lat_10.3619064_lon_105.4228419_alt_11.991m__p002,DJI_DateTime_2025_01_15_14_54_0053_lat_10.3619064_lon_105.4228419_alt_11.991m,0,480,640,480,167066,0
DJI_DateTime_2025_01_15_14_54_0053_lat_10.3619064_lon_105.4228419_alt_11.991m,train,DJI_DateTime_2025_01_15_14_54_0053_lat_10.3619064_lon_105.4228419_alt_11.991m__p003,DJI_DateTime_2025_01_15_14_54_0053_lat_10.3619064_lon_105.4228419_alt_11.991m,640,480,640,480,265086,0
DJI_DateTime_2025_01_15_14_54_0054_lat_10.3619250_lon_105.4228649_alt_11.961m,train,DJI_DateTime_2025_01_15_14_54_0054_lat_10.3619250_lon_105.4228649_alt_11.961m__p000,DJI_DateTime_2025_01_15_14_54_0054_lat_10.3619250_lon_105.4228649_alt_11.961m,0,0,640,480,211836,0
DJI_DateTime_2025_01_15_14_54_0054_lat_10.3619250_lon_105.4228649_alt_11.961m,train,DJI_DateTime_2025_01_15_14_54_0054_lat_10.3619250_lon_105.4228649_alt_11.961m__p001,DJI_DateTime_2025_01_15_14_54_0054_lat_10.3619250_lon_105.4228649_alt_11.961m,640,0,640,480,304902,0
DJI_DateTime_2025_01_15_14_54_0054_lat_10.3619250_lon_105.4228649_alt_11.961m,train,DJI_DateTime_2025_01_15_14_54_0054_lat_10.3619250_lon_105.4228649_alt_11.961m__p002,DJI_DateTime_2025_01_15_14_54_0054_lat_10.3619250_lon_105.4228649_alt_11.961m,0,480,640,480,206240,0
DJI_DateTime_2025_01_15_14_54_0054_lat_10.3619250_lon_105.4228649_alt_11.961m,train,DJI_DateTime_2025_01_15_14_54_0054_lat_10.3619250_lon_105.4228649_alt_11.961m__p003,DJI_DateTime_2025_01_15_14_54_0054_lat_10.3619250_lon_105.4228649_alt_11.961m,640,480,640,480,289609,0
DJI_DateTime_2025_01_15_14_55_0055_lat_10.3619424_lon_105.4228878_alt_12.011m,train,DJI_DateTime_2025_01_15_14_55_0055_lat_10.3619424_lon_105.4228878_alt_12.011m__p000,DJI_DateTime_2025_01_15_14_55_0055_lat_10.3619424_lon_105.4228878_alt_12.011m,0,0,640,480,251640,0
DJI_DateTime_2025_01_15_14_55_0055_lat_10.3619424_lon_105.4228878_alt_12.011m,train,DJI_DateTime_2025_01_15_14_55_0055_lat_10.3619424_lon_105.4228878_alt_12.011m__p001,DJI_DateTime_2025_01_15_14_55_0055_lat_10.3619424_lon_105.4228878_alt_12.011m,640,0,640,480,301250,0
DJI_DateTime_2025_01_15_14_55_0055_lat_10.3619424_lon_105.4228878_alt_12.011m,train,DJI_DateTime_2025_01_15_14_55_0055_lat_10.3619424_lon_105.4228878_alt_12.011m__p002,DJI_DateTime_2025_01_15_14_55_0055_lat_10.3619424_lon_105.4228878_alt_12.011m,0,480,640,480,229435,0
DJI_DateTime_2025_01_15_14_55_0055_lat_10.3619424_lon_105.4228878_alt_12.011m,train,DJI_DateTime_2025_01_15_14_55_0055_lat_10.3619424_lon_105.4228878_alt_12.011m__p003,DJI_DateTime_2025_01_15_14_55_0055_lat_10.3619424_lon_105.4228878_alt_12.011m,640,480,640,480,292025,0
DJI_DateTime_2025_01_15_14_56_0086_lat_10.3618515_lon_105.4228345_alt_12.000m,train,DJI_DateTime_2025_01_15_14_56_0086_lat_10.3618515_lon_105.4228345_alt_12.000m__p000,DJI_DateTime_2025_01_15_14_56_0086_lat_10.3618515_lon_105.4228345_alt_12.000m,0,0,640,480,277996,0
DJI_DateTime_2025_01_15_14_56_0086_lat_10.3618515_lon_105.4228345_alt_12.000m,train,DJI_DateTime_2025_01_15_14_56_0086_lat_10.3618515_lon_105.4228345_alt_12.000m__p001,DJI_DateTime_2025_01_15_14_56_0086_lat_10.3618515_lon_105.4228345_alt_12.000m,640,0,640,480,235782,0
DJI_DateTime_2025_01_15_14_56_0086_lat_10.3618515_lon_105.4228345_alt_12.000m,train,DJI_DateTime_2025_01_15_14_56_0086_lat_10.3618515_lon_105.4228345_alt_12.000m__p002,DJI_DateTime_2025_01_15_14_56_0086_lat_10.3618515_lon_105.4228345_alt_12.000m,0,480,640,480,302966,0
DJI_DateTime_2025_01_15_14_56_0086_lat_10.3618515_lon_105.4228345_alt_12.000m,train,DJI_DateTime_2025_01_15_14_56_0086_lat_10.3618515_lon_105.4228345_alt_12.000m__p003,DJI_DateTime_2025_01_15_14_56_0086_lat_10.3618515_lon_105.4228345_alt_12.000m,640,480,640,480,264823,0
DJI_DateTime_2025_01_15_14_56_0087_lat_10.3618340_lon_105.4228118_alt_12.002m,train,DJI_DateTime_2025_01_15_14_56_0087_lat_10.3618340_lon_105.4228118_alt_12.002m__p000,DJI_DateTime_2025_01_15_14_56_0087_lat_10.3618340_lon_105.4228118_alt_12.002m,0,0,640,480,288043,0
DJI_DateTime_2025_01_15_14_56_0087_lat_10.3618340_lon_105.4228118_alt_12.002m,train,DJI_DateTime_2025_01_15_14_56_0087_lat_10.3618340_lon_105.4228118_alt_12.002m__p001,DJI_DateTime_2025_01_15_14_56_0087_lat_10.3618340_lon_105.4228118_alt_12.002m,640,0,640,480,227150,0
DJI_DateTime_2025_01_15_14_56_0087_lat_10.3618340_lon_105.4228118_alt_12.002m,train,DJI_DateTime_2025_01_15_14_56_0087_lat_10.3618340_lon_105.4228118_alt_12.002m__p002,DJI_DateTime_2025_01_15_14_56_0087_lat_10.3618340_lon_105.4228118_alt_12.002m,0,480,640,480,302475,0
DJI_DateTime_2025_01_15_14_56_0087_lat_10.3618340_lon_105.4228118_alt_12.002m,train,DJI_DateTime_2025_01_15_14_56_0087_lat_10.3618340_lon_105.4228118_alt_12.002m__p003,DJI_DateTime_2025_01_15_14_56_0087_lat_10.3618340_lon_105.4228118_alt_12.002m,640,480,640,480,241319,0
DJI_DateTime_2025_01_15_14_56_0088_lat_10.3618167_lon_105.4227889_alt_12.000m,train,DJI_DateTime_2025_01_15_14_56_0088_lat_10.3618167_lon_105.4227889_alt_12.000m__p000,DJI_DateTime_2025_01_15_14_56_0088_lat_10.3618167_lon_105.4227889_alt_12.000m,0,0,640,480,218028,0
DJI_DateTime_2025_01_15_14_56_0088_lat_10.3618167_lon_105.4227889_alt_12.000m,train,DJI_DateTime_2025_01_15_14_56_0088_lat_10.3618167_lon_105.4227889_alt_12.000m__p001,DJI_DateTime_2025_01_15_14_56_0088_lat_10.3618167_lon_105.4227889_alt_12.000m,640,0,640,480,225348,0
DJI_DateTime_2025_01_15_14_56_0088_lat_10.3618167_lon_105.4227889_alt_12.000m,train,DJI_DateTime_2025_01_15_14_56_0088_lat_10.3618167_lon_105.4227889_alt_12.000m__p002,DJI_DateTime_2025_01_15_14_56_0088_lat_10.3618167_lon_105.4227889_alt_12.000m,0,480,640,480,303258,0
DJI_DateTime_2025_01_15_14_56_0088_lat_10.3618167_lon_105.4227889_alt_12.000m,train,DJI_DateTime_2025_01_15_14_56_0088_lat_10.3618167_lon_105.4227889_alt_12.000m__p003,DJI_DateTime_2025_01_15_14_56_0088_lat_10.3618167_lon_105.4227889_alt_12.000m,640,480,640,480,262043,0
DJI_DateTime_2025_01_15_14_56_0089_lat_10.3617993_lon_105.4227655_alt_12.001m,train,DJI_DateTime_2025_01_15_14_56_0089_lat_10.3617993_lon_105.4227655_alt_12.001m__p000,DJI_DateTime_2025_01_15_14_56_0089_lat_10.3617993_lon_105.4227655_alt_12.001m,0,0,640,480,270921,0
DJI_DateTime_2025_01_15_14_56_0089_lat_10.3617993_lon_105.4227655_alt_12.001m,train,DJI_DateTime_2025_01_15_14_56_0089_lat_10.3617993_lon_105.4227655_alt_12.001m__p001,DJI_DateTime_2025_01_15_14_56_0089_lat_10.3617993_lon_105.4227655_alt_12.001m,640,0,640,480,217744,0
DJI_DateTime_2025_01_15_14_56_0089_lat_10.3617993_lon_105.4227655_alt_12.001m,train,DJI_DateTime_2025_01_15_14_56_0089_lat_10.3617993_lon_105.4227655_alt_12.001m__p002,DJI_DateTime_2025_01_15_14_56_0089_lat_10.3617993_lon_105.4227655_alt_12.001m,0,480,640,480,299355,0
DJI_DateTime_2025_01_15_14_56_0089_lat_10.3617993_lon_105.4227655_alt_12.001m,train,DJI_DateTime_2025_01_15_14_56_0089_lat_10.3617993_lon_105.4227655_alt_12.001m__p003,DJI_DateTime_2025_01_15_14_56_0089_lat_10.3617993_lon_105.4227655_alt_12.001m,640,480,640,480,275656,0
DJI_DateTime_2025_01_15_14_56_0092_lat_10.3617436_lon_105.4227439_alt_12.002m,train,DJI_DateTime_2025_01_15_14_56_0092_lat_10.3617436_lon_105.4227439_alt_12.002m__p000,DJI_DateTime_2025_01_15_14_56_0092_lat_10.3617436_lon_105.4227439_alt_12.002m,0,0,640,480,303605,0
DJI_DateTime_2025_01_15_14_56_0092_lat_10.3617436_lon_105.4227439_alt_12.002m,train,DJI_DateTime_2025_01_15_14_56_0092_lat_10.3617436_lon_105.4227439_alt_12.002m__p001,DJI_DateTime_2025_01_15_14_56_0092_lat_10.3617436_lon_105.4227439_alt_12.002m,640,0,640,480,213417,0
DJI_DateTime_2025_01_15_14_56_0092_lat_10.3617436_lon_105.4227439_alt_12.002m,train,DJI_DateTime_2025_01_15_14_56_0092_lat_10.3617436_lon_105.4227439_alt_12.002m__p002,DJI_DateTime_2025_01_15_14_56_0092_lat_10.3617436_lon_105.4227439_alt_12.002m,0,480,640,480,290446,0
DJI_DateTime_2025_01_15_14_56_0092_lat_10.3617436_lon_105.4227439_alt_12.002m,train,DJI_DateTime_2025_01_15_14_56_0092_lat_10.3617436_lon_105.4227439_alt_12.002m__p003,DJI_DateTime_2025_01_15_14_56_0092_lat_10.3617436_lon_105.4227439_alt_12.002m,640,480,640,480,267277,0
DJI_DateTime_2025_01_15_14_56_0093_lat_10.3617554_lon_105.4227679_alt_11.901m,train,DJI_DateTime_2025_01_15_14_56_0093_lat_10.3617554_lon_105.4227679_alt_11.901m__p000,DJI_DateTime_2025_01_15_14_56_0093_lat_10.3617554_lon_105.4227679_alt_11.901m,0,0,640,480,145300,0
DJI_DateTime_2025_01_15_14_56_0093_lat_10.3617554_lon_105.4227679_alt_11.901m,train,DJI_DateTime_2025_01_15_14_56_0093_lat_10.3617554_lon_105.4227679_alt_11.901m__p001,DJI_DateTime_2025_01_15_14_56_0093_lat_10.3617554_lon_105.4227679_alt_11.901m,640,0,640,480,226346,0
DJI_DateTime_2025_01_15_14_56_0093_lat_10.3617554_lon_105.4227679_alt_11.901m,train,DJI_DateTime_2025_01_15_14_56_0093_lat_10.3617554_lon_105.4227679_alt_11.901m__p002,DJI_DateTime_2025_01_15_14_56_0093_lat_10.3617554_lon_105.4227679_alt_11.901m,0,480,640,480,245089,0
DJI_DateTime_2025_01_15_14_56_0093_lat_10.3617554_lon_105.4227679_alt_11.901m,train,DJI_DateTime_2025_01_15_14_56_0093_lat_10.3617554_lon_105.4227679_alt_11.901m__p003,DJI_DateTime_2025_01_15_14_56_0093_lat_10.3617554_lon_105.4227679_alt_11.901m,640,480,640,480,190730,0
DJI_DateTime_2025_01_15_14_56_0094_lat_10.3617724_lon_105.4227914_alt_11.969m,train,DJI_DateTime_2025_01_15_14_56_0094_lat_10.3617724_lon_105.4227914_alt_11.969m__p000,DJI_DateTime_2025_01_15_14_56_0094_lat_10.3617724_lon_105.4227914_alt_11.969m,0,0,640,480,196388,0
DJI_DateTime_2025_01_15_14_56_0094_lat_10.3617724_lon_105.4227914_alt_11.969m,train,DJI_DateTime_2025_01_15_14_56_0094_lat_10.3617724_lon_105.4227914_alt_11.969m__p001,DJI_DateTime_2025_01_15_14_56_0094_lat_10.3617724_lon_105.4227914_alt_11.969m,640,0,640,480,269725,0
DJI_DateTime_2025_01_15_14_56_0094_lat_10.3617724_lon_105.4227914_alt_11.969m,train,DJI_DateTime_2025_01_15_14_56_0094_lat_10.3617724_lon_105.4227914_alt_11.969m__p002,DJI_DateTime_2025_01_15_14_56_0094_lat_10.3617724_lon_105.4227914_alt_11.969m,0,480,640,480,204844,0
DJI_DateTime_2025_01_15_14_56_0094_lat_10.3617724_lon_105.4227914_alt_11.969m,train,DJI_DateTime_2025_01_15_14_56_0094_lat_10.3617724_lon_105.4227914_alt_11.969m__p003,DJI_DateTime_2025_01_15_14_56_0094_lat_10.3617724_lon_105.4227914_alt_11.969m,640,480,640,480,161731,0
DJI_DateTime_2025_01_15_14_56_0095_lat_10.3617893_lon_105.4228138_alt_11.995m,train,DJI_DateTime_2025_01_15_14_56_0095_lat_10.3617893_lon_105.4228138_alt_11.995m__p000,DJI_DateTime_2025_01_15_14_56_0095_lat_10.3617893_lon_105.4228138_alt_11.995m,0,0,640,480,203271,0
DJI_DateTime_2025_01_15_14_56_0095_lat_10.3617893_lon_105.4228138_alt_11.995m,train,DJI_DateTime_2025_01_15_14_56_0095_lat_10.3617893_lon_105.4228138_alt_11.995m__p001,DJI_DateTime_2025_01_15_14_56_0095_lat_10.3617893_lon_105.4228138_alt_11.995m,640,0,640,480,306419,0
DJI_DateTime_2025_01_15_14_56_0095_lat_10.3617893_lon_105.4228138_alt_11.995m,train,DJI_DateTime_2025_01_15_14_56_0095_lat_10.3617893_lon_105.4228138_alt_11.995m__p002,DJI_DateTime_2025_01_15_14_56_0095_lat_10.3617893_lon_105.4228138_alt_11.995m,0,480,640,480,200568,0
DJI_DateTime_2025_01_15_14_56_0095_lat_10.3617893_lon_105.4228138_alt_11.995m,train,DJI_DateTime_2025_01_15_14_56_0095_lat_10.3617893_lon_105.4228138_alt_11.995m__p003,DJI_DateTime_2025_01_15_14_56_0095_lat_10.3617893_lon_105.4228138_alt_11.995m,640,480,640,480,215033,0
DJI_DateTime_2025_01_15_14_56_0096_lat_10.3618077_lon_105.4228373_alt_11.974m,train,DJI_DateTime_2025_01_15_14_56_0096_lat_10.3618077_lon_105.4228373_alt_11.974m__p000,DJI_DateTime_2025_01_15_14_56_0096_lat_10.3618077_lon_105.4228373_alt_11.974m,0,0,640,480,256579,0
DJI_DateTime_2025_01_15_14_56_0096_lat_10.3618077_lon_105.4228373_alt_11.974m,train,DJI_DateTime_2025_01_15_14_56_0096_lat_10.3618077_lon_105.4228373_alt_11.974m__p001,DJI_DateTime_2025_01_15_14_56_0096_lat_10.3618077_lon_105.4228373_alt_11.974m,640,0,640,480,305566,0
DJI_DateTime_2025_01_15_14_56_0096_lat_10.3618077_lon_105.4228373_alt_11.974m,train,DJI_DateTime_2025_01_15_14_56_0096_lat_10.3618077_lon_105.4228373_alt_11.974m__p002,DJI_DateTime_2025_01_15_14_56_0096_lat_10.3618077_lon_105.4228373_alt_11.974m,0,480,640,480,242852,0
DJI_DateTime_2025_01_15_14_56_0096_lat_10.3618077_lon_105.4228373_alt_11.974m,train,DJI_DateTime_2025_01_15_14_56_0096_lat_10.3618077_lon_105.4228373_alt_11.974m__p003,DJI_DateTime_2025_01_15_14_56_0096_lat_10.3618077_lon_105.4228373_alt_11.974m,640,480,640,480,282296,0
DJI_DateTime_2025_01_15_14_56_0097_lat_10.3618254_lon_105.4228606_alt_12.006m,train,DJI_DateTime_2025_01_15_14_56_0097_lat_10.3618254_lon_105.4228606_alt_12.006m__p000,DJI_DateTime_2025_01_15_14_56_0097_lat_10.3618254_lon_105.4228606_alt_12.006m,0,0,640,480,222374,0
DJI_DateTime_2025_01_15_14_56_0097_lat_10.3618254_lon_105.4228606_alt_12.006m,train,DJI_DateTime_2025_01_15_14_56_0097_lat_10.3618254_lon_105.4228606_alt_12.006m__p001,DJI_DateTime_2025_01_15_14_56_0097_lat_10.3618254_lon_105.4228606_alt_12.006m,640,0,640,480,306837,0
DJI_DateTime_2025_01_15_14_56_0097_lat_10.3618254_lon_105.4228606_alt_12.006m,train,DJI_DateTime_2025_01_15_14_56_0097_lat_10.3618254_lon_105.4228606_alt_12.006m__p002,DJI_DateTime_2025_01_15_14_56_0097_lat_10.3618254_lon_105.4228606_alt_12.006m,0,480,640,480,226324,0
DJI_DateTime_2025_01_15_14_56_0097_lat_10.3618254_lon_105.4228606_alt_12.006m,train,DJI_DateTime_2025_01_15_14_56_0097_lat_10.3618254_lon_105.4228606_alt_12.006m__p003,DJI_DateTime_2025_01_15_14_56_0097_lat_10.3618254_lon_105.4228606_alt_12.006m,640,480,640,480,307200,0
DJI_DateTime_2025_01_15_14_57_0133_lat_10.3617623_lon_105.4228497_alt_11.997m,train,DJI_DateTime_2025_01_15_14_57_0133_lat_10.3617623_lon_105.4228497_alt_11.997m__p000,DJI_DateTime_2025_01_15_14_57_0133_lat_10.3617623_lon_105.4228497_alt_11.997m,0,0,640,480,268792,0
DJI_DateTime_2025_01_15_14_57_0133_lat_10.3617623_lon_105.4228497_alt_11.997m,train,DJI_DateTime_2025_01_15_14_57_0133_lat_10.3617623_lon_105.4228497_alt_11.997m__p001,DJI_DateTime_2025_01_15_14_57_0133_lat_10.3617623_lon_105.4228497_alt_11.997m,640,0,640,480,207820,0
DJI_DateTime_2025_01_15_14_57_0133_lat_10.3617623_lon_105.4228497_alt_11.997m,train,DJI_DateTime_2025_01_15_14_57_0133_lat_10.3617623_lon_105.4228497_alt_11.997m__p002,DJI_DateTime_2025_01_15_14_57_0133_lat_10.3617623_lon_105.4228497_alt_11.997m,0,480,640,480,307200,0
DJI_DateTime_2025_01_15_14_57_0133_lat_10.3617623_lon_105.4228497_alt_11.997m,train,DJI_DateTime_2025_01_15_14_57_0133_lat_10.3617623_lon_105.4228497_alt_11.997m__p003,DJI_DateTime_2025_01_15_14_57_0133_lat_10.3617623_lon_105.4228497_alt_11.997m,640,480,640,480,304245,0
DJI_DateTime_2025_01_15_14_57_0134_lat_10.3617448_lon_105.4228262_alt_11.978m,train,DJI_DateTime_2025_01_15_14_57_0134_lat_10.3617448_lon_105.4228262_alt_11.978m__p000,DJI_DateTime_2025_01_15_14_57_0134_lat_10.3617448_lon_105.4228262_alt_11.978m,0,0,640,480,225590,0
DJI_DateTime_2025_01_15_14_57_0134_lat_10.3617448_lon_105.4228262_alt_11.978m,train,DJI_DateTime_2025_01_15_14_57_0134_lat_10.3617448_lon_105.4228262_alt_11.978m__p001,DJI_DateTime_2025_01_15_14_57_0134_lat_10.3617448_lon_105.4228262_alt_11.978m,640,0,640,480,230695,0
DJI_DateTime_2025_01_15_14_57_0134_lat_10.3617448_lon_105.4228262_alt_11.978m,train,DJI_DateTime_2025_01_15_14_57_0134_lat_10.3617448_lon_105.4228262_alt_11.978m__p002,DJI_DateTime_2025_01_15_14_57_0134_lat_10.3617448_lon_105.4228262_alt_11.978m,0,480,640,480,290063,0
DJI_DateTime_2025_01_15_14_57_0134_lat_10.3617448_lon_105.4228262_alt_11.978m,train,DJI_DateTime_2025_01_15_14_57_0134_lat_10.3617448_lon_105.4228262_alt_11.978m__p003,DJI_DateTime_2025_01_15_14_57_0134_lat_10.3617448_lon_105.4228262_alt_11.978m,640,480,640,480,267821,0
DJI_DateTime_2025_01_15_14_57_0135_lat_10.3617272_lon_105.4228033_alt_11.987m,train,DJI_DateTime_2025_01_15_14_57_0135_lat_10.3617272_lon_105.4228033_alt_11.987m__p000,DJI_DateTime_2025_01_15_14_57_0135_lat_10.3617272_lon_105.4228033_alt_11.987m,0,0,640,480,214103,0
DJI_DateTime_2025_01_15_14_57_0135_lat_10.3617272_lon_105.4228033_alt_11.987m,train,DJI_DateTime_2025_01_15_14_57_0135_lat_10.3617272_lon_105.4228033_alt_11.987m__p001,DJI_DateTime_2025_01_15_14_57_0135_lat_10.3617272_lon_105.4228033_alt_11.987m,640,0,640,480,181423,0
DJI_DateTime_2025_01_15_14_57_0135_lat_10.3617272_lon_105.4228033_alt_11.987m,train,DJI_DateTime_2025_01_15_14_57_0135_lat_10.3617272_lon_105.4228033_alt_11.987m__p002,DJI_DateTime_2025_01_15_14_57_0135_lat_10.3617272_lon_105.4228033_alt_11.987m,0,480,640,480,248957,0
DJI_DateTime_2025_01_15_14_57_0135_lat_10.3617272_lon_105.4228033_alt_11.987m,train,DJI_DateTime_2025_01_15_14_57_0135_lat_10.3617272_lon_105.4228033_alt_11.987m__p003,DJI_DateTime_2025_01_15_14_57_0135_lat_10.3617272_lon_105.4228033_alt_11.987m,640,480,640,480,260345,0
DJI_DateTime_2025_01_15_14_57_0136_lat_10.3617084_lon_105.4227812_alt_11.986m,train,DJI_DateTime_2025_01_15_14_57_0136_lat_10.3617084_lon_105.4227812_alt_11.986m__p000,DJI_DateTime_2025_01_15_14_57_0136_lat_10.3617084_lon_105.4227812_alt_11.986m,0,0,640,480,262387,0
DJI_DateTime_2025_01_15_14_57_0136_lat_10.3617084_lon_105.4227812_alt_11.986m,train,DJI_DateTime_2025_01_15_14_57_0136_lat_10.3617084_lon_105.4227812_alt_11.986m__p001,DJI_DateTime_2025_01_15_14_57_0136_lat_10.3617084_lon_105.4227812_alt_11.986m,640,0,640,480,148504,0
DJI_DateTime_2025_01_15_14_57_0136_lat_10.3617084_lon_105.4227812_alt_11.986m,train,DJI_DateTime_2025_01_15_14_57_0136_lat_10.3617084_lon_105.4227812_alt_11.986m__p002,DJI_DateTime_2025_01_15_14_57_0136_lat_10.3617084_lon_105.4227812_alt_11.986m,0,480,640,480,255949,0
DJI_DateTime_2025_01_15_14_57_0136_lat_10.3617084_lon_105.4227812_alt_11.986m,train,DJI_DateTime_2025_01_15_14_57_0136_lat_10.3617084_lon_105.4227812_alt_11.986m__p003,DJI_DateTime_2025_01_15_14_57_0136_lat_10.3617084_lon_105.4227812_alt_11.986m,640,480,640,480,206042,0
DJI_DateTime_2025_01_15_14_57_0137_lat_10.3616838_lon_105.4227866_alt_12.033m,train,DJI_DateTime_2025_01_15_14_57_0137_lat_10.3616838_lon_105.4227866_alt_12.033m__p000,DJI_DateTime_2025_01_15_14_57_0137_lat_10.3616838_lon_105.4227866_alt_12.033m,0,0,640,480,306715,0
DJI_DateTime_2025_01_15_14_57_0137_lat_10.3616838_lon_105.4227866_alt_12.033m,train,DJI_DateTime_2025_01_15_14_57_0137_lat_10.3616838_lon_105.4227866_alt_12.033m__p001,DJI_DateTime_2025_01_15_14_57_0137_lat_10.3616838_lon_105.4227866_alt_12.033m,640,0,640,480,198192,0
DJI_DateTime_2025_01_15_14_57_0137_lat_10.3616838_lon_105.4227866_alt_12.033m,train,DJI_DateTime_2025_01_15_14_57_0137_lat_10.3616838_lon_105.4227866_alt_12.033m__p002,DJI_DateTime_2025_01_15_14_57_0137_lat_10.3616838_lon_105.4227866_alt_12.033m,0,480,640,480,112092,0
DJI_DateTime_2025_01_15_14_57_0137_lat_10.3616838_lon_105.4227866_alt_12.033m,train,DJI_DateTime_2025_01_15_14_57_0137_lat_10.3616838_lon_105.4227866_alt_12.033m__p003,DJI_DateTime_2025_01_15_14_57_0137_lat_10.3616838_lon_105.4227866_alt_12.033m,640,480,640,480,99471,0
DJI_DateTime_2025_01_15_14_57_0138_lat_10.3616839_lon_105.4228095_alt_11.926m,train,DJI_DateTime_2025_01_15_14_57_0138_lat_10.3616839_lon_105.4228095_alt_11.926m__p000,DJI_DateTime_2025_01_15_14_57_0138_lat_10.3616839_lon_105.4228095_alt_11.926m,0,0,640,480,190407,0
DJI_DateTime_2025_01_15_14_57_0138_lat_10.3616839_lon_105.4228095_alt_11.926m,train,DJI_DateTime_2025_01_15_14_57_0138_lat_10.3616839_lon_105.4228095_alt_11.926m__p001,DJI_DateTime_2025_01_15_14_57_0138_lat_10.3616839_lon_105.4228095_alt_11.926m,640,0,640,480,306904,0
DJI_DateTime_2025_01_15_14_57_0138_lat_10.3616839_lon_105.4228095_alt_11.926m,train,DJI_DateTime_2025_01_15_14_57_0138_lat_10.3616839_lon_105.4228095_alt_11.926m__p002,DJI_DateTime_2025_01_15_14_57_0138_lat_10.3616839_lon_105.4228095_alt_11.926m,0,480,640,480,179489,0
DJI_DateTime_2025_01_15_14_57_0138_lat_10.3616839_lon_105.4228095_alt_11.926m,train,DJI_DateTime_2025_01_15_14_57_0138_lat_10.3616839_lon_105.4228095_alt_11.926m__p003,DJI_DateTime_2025_01_15_14_57_0138_lat_10.3616839_lon_105.4228095_alt_11.926m,640,480,640,480,305454,0
DJI_DateTime_2025_01_15_14_57_0139_lat_10.3617006_lon_105.4228325_alt_11.945m,train,DJI_DateTime_2025_01_15_14_57_0139_lat_10.3617006_lon_105.4228325_alt_11.945m__p000,DJI_DateTime_2025_01_15_14_57_0139_lat_10.3617006_lon_105.4228325_alt_11.945m,0,0,640,480,204775,0
DJI_DateTime_2025_01_15_14_57_0139_lat_10.3617006_lon_105.4228325_alt_11.945m,train,DJI_DateTime_2025_01_15_14_57_0139_lat_10.3617006_lon_105.4228325_alt_11.945m__p001,DJI_DateTime_2025_01_15_14_57_0139_lat_10.3617006_lon_105.4228325_alt_11.945m,640,0,640,480,307072,0
DJI_DateTime_2025_01_15_14_57_0139_lat_10.3617006_lon_105.4228325_alt_11.945m,train,DJI_DateTime_2025_01_15_14_57_0139_lat_10.3617006_lon_105.4228325_alt_11.945m__p002,DJI_DateTime_2025_01_15_14_57_0139_lat_10.3617006_lon_105.4228325_alt_11.945m,0,480,640,480,162818,0
DJI_DateTime_2025_01_15_14_57_0139_lat_10.3617006_lon_105.4228325_alt_11.945m,train,DJI_DateTime_2025_01_15_14_57_0139_lat_10.3617006_lon_105.4228325_alt_11.945m__p003,DJI_DateTime_2025_01_15_14_57_0139_lat_10.3617006_lon_105.4228325_alt_11.945m,640,480,640,480,307200,0
DJI_DateTime_2025_01_15_14_57_0140_lat_10.3617183_lon_105.4228555_alt_11.948m,train,DJI_DateTime_2025_01_15_14_57_0140_lat_10.3617183_lon_105.4228555_alt_11.948m__p000,DJI_DateTime_2025_01_15_14_57_0140_lat_10.3617183_lon_105.4228555_alt_11.948m,0,0,640,480,284302,0
DJI_DateTime_2025_01_15_14_57_0140_lat_10.3617183_lon_105.4228555_alt_11.948m,train,DJI_DateTime_2025_01_15_14_57_0140_lat_10.3617183_lon_105.4228555_alt_11.948m__p001,DJI_DateTime_2025_01_15_14_57_0140_lat_10.3617183_lon_105.4228555_alt_11.948m,640,0,640,480,307067,0
DJI_DateTime_2025_01_15_14_57_0140_lat_10.3617183_lon_105.4228555_alt_11.948m,train,DJI_DateTime_2025_01_15_14_57_0140_lat_10.3617183_lon_105.4228555_alt_11.948m__p002,DJI_DateTime_2025_01_15_14_57_0140_lat_10.3617183_lon_105.4228555_alt_11.948m,0,480,640,480,191743,0
DJI_DateTime_2025_01_15_14_57_0140_lat_10.3617183_lon_105.4228555_alt_11.948m,train,DJI_DateTime_2025_01_15_14_57_0140_lat_10.3617183_lon_105.4228555_alt_11.948m__p003,DJI_DateTime_2025_01_15_14_57_0140_lat_10.3617183_lon_105.4228555_alt_11.948m,640,480,640,480,307200,0
