{
  "train_loss": [
    0.6315192627860324,
    0.5992394367389047,
    0.5524601062603629,
    0.5055457328030473,
    0.5092795652720431,
    0.47580301134209885,
    0.4607743050387496,
    0.4511355071039925,
    0.4597329744818615,
    0.4636240809516832,
    0.4663013463828996,
    0.4215852047732467,
    0.42413000753748487,
    0.4113146238624469,
    0.4208990909435131,
    0.42486481266876874,
    0.3935975333635802,
    0.39545255492769954,
    0.4064997311456394,
    0.40248473322647127,
    0.4215914401394582,
    0.39049387605566727,
    0.390311075697633,
    0.3673502657613327,
    0.3519929803138123,
    0.3697186055471558,
    0.4000440554776852,
    0.3794202848717018,
    0.3698053745730811,
    0.40385661882731416,
    0.36537175243593334,
    0.40108784458093477,
    0.3698180944134153,
    0.38799765584064505,
    0.3641283289033767,
    0.3642932290454589,
    0.3601044713869894,
    0.3521677146413405,
    0.34371355053974173,
    0.3632458532065676,
    0.3718711007640608,
    0.3456442437441493,
    0.3524101270802072,
    0.3073518122845923,
    0.37278344152498893,
    0.32859487468503834,
    0.3529804896192941,
    0.3403384213791488,
    0.3321894944062707,
    0.3709702905390927,
    0.3309812220448871,
    0.3352005518900256,
    0.36614118612300584,
    0.35125835573928865,
    0.33457296842720075,
    0.3393629227000603,
    0.31457371298100284,
    0.3232288411718595,
    0.3314271649422004,
    0.31778080793384456,
    0.3148800071917082,
    0.32459028631623027,
    0.3345626776213767,
    0.3232838145473547
  ],
  "val_loss": [
    0.6314380212263627,
    0.6790485457940535,
    1.156234767220237,
    0.7119425578550859,
    1.081096852909435,
    0.6123665907166221,
    0.6512592694976113,
    0.4648827308958227,
    0.5152861248363149,
    0.4853868614543568,
    0.5565413648431952,
    0.3809292598204179,
    0.766862731630152,
    0.5375057621435686,
    0.5439484433694319,
    0.38654067624698984,
    0.45497144894166425,
    0.36870482563972473,
    0.524113888090307,
    0.6549417452378706,
    0.40118685581467367,
    0.36052869937636634,
    0.33677384582432834,
    0.9335072387348522,
    0.32803332805633545,
    0.4563945932821794,
    0.35157411315224385,
    0.3753074337135662,
    0.3602954084222967,
    0.43355661847374655,
    0.33763106086037376,
    0.4447744217785922,
    0.414950582114133,
    0.421288310397755,
    0.36313805796883325,
    0.3308122775771401,
    0.3574280023574829,
    0.32303140000863506,
    0.30079510699618944,
    0.3544081221927296,
    0.32868322025645863,
    0.3291833048517054,
    0.31101872541687703,
    0.3420135801488703,
    0.34741666208614,
    0.302969261191108,
    0.3372432513670488,
    0.30898155624216256,
    0.2988553247668526,
    0.3984999255700545,
    0.38681794567541644,
    0.3064416636120189,
    0.4013406921516765,
    0.30701524235985495,
    0.3085937662558122,
    0.36964053023945204,
    0.28925964832305906,
    0.305132150108164,
    0.3250675981695002,
    0.2992231070995331,
    0.32003600597381593,
    0.2990275160832839,
    0.3121379695155404,
    0.2941785991191864
  ],
  "train_miou": [
    0.4269336063148559,
    0.4521142979716185,
    0.5038408656034385,
    0.543741595054965,
    0.5551377530704257,
    0.583619768077922,
    0.5997441424248862,
    0.6165560945254984,
    0.6109722916473782,
    0.6194836815602647,
    0.606061388337352,
    0.6443338395023496,
    0.6357440838807722,
    0.6393266479511128,
    0.6326053055870684,
    0.6339305010442698,
    0.6660891729055779,
    0.6654653966060535,
    0.6339081474844623,
    0.6672925251130639,
    0.6401518560561354,
    0.6659779306827043,
    0.6706702899731276,
    0.6863060024013601,
    0.7019129687865131,
    0.6974813448491288,
    0.6739296985571032,
    0.674124434487664,
    0.6905420739383294,
    0.6691781969422335,
    0.6869232371495859,
    0.6656455570336368,
    0.6795556046099622,
    0.6814448393663131,
    0.6931186516059447,
    0.6838888366978904,
    0.7014151136839895,
    0.7011653667303832,
    0.7122452057460764,
    0.6804083145389688,
    0.6957537748187284,
    0.7025462384946737,
    0.698819440080422,
    0.7386163202981488,
    0.675248174609462,
    0.7245134738756565,
    0.7013871384317489,
    0.707251874423545,
    0.722357773219335,
    0.6928668821047644,
    0.7108209985753066,
    0.7197073264104081,
    0.6964943627433827,
    0.6978979761388064,
    0.7035996713646435,
    0.7040760780826871,
    0.7306270292152601,
    0.7246351281022114,
    0.7232218787431872,
    0.7255404645220429,
    0.732047995337223,
    0.7290423761277248,
    0.7213090736700178,
    0.7188928710386926
  ],
  "val_miou": [
    0.39828920152832553,
    0.47067313937387617,
    0.2964561227413977,
    0.39227796168142615,
    0.4680874168244754,
    0.526738386314351,
    0.48939265543241384,
    0.600518763309916,
    0.6093493629644002,
    0.5970175490635639,
    0.5717953361468282,
    0.6724940633045418,
    0.554936011038849,
    0.6241362916437718,
    0.4567051742423171,
    0.685259438779946,
    0.6170571443798969,
    0.7056695640343087,
    0.5301533392111561,
    0.4896025076681271,
    0.6882207442184916,
    0.7099342950444304,
    0.7198745488436811,
    0.3733087556593838,
    0.7433666629260451,
    0.6659263009960331,
    0.7144139706687473,
    0.6661281816559756,
    0.7113660359431029,
    0.5728479001257486,
    0.7191153886567545,
    0.6129726170358529,
    0.6757831778097134,
    0.680687862376842,
    0.7022056227376802,
    0.7271438540482837,
    0.7216175895612751,
    0.7304123482480698,
    0.7532080100087366,
    0.7103554027069185,
    0.7232338358588619,
    0.7389610496507832,
    0.7446979634887678,
    0.7192133159362083,
    0.7273966349719909,
    0.7392801887849676,
    0.7365546011903881,
    0.750008805871345,
    0.7688240428306474,
    0.6696693848131419,
    0.6582030102170923,
    0.7628942369771394,
    0.711393494188439,
    0.7471848445739955,
    0.7508896524033402,
    0.7030850924476983,
    0.7542221853264393,
    0.765458487823907,
    0.7187562769096774,
    0.7638591178561065,
    0.7368293611299805,
    0.7611245070311045,
    0.7377720036484583,
    0.7662553804163506
  ]
}