{
  "train_loss": [
    0.5293883194467942,
    0.4728290858092131,
    0.4109442373465376,
    0.42290271327741896,
    0.4282465778131466,
    0.4099408527563887,
    0.37930195977580944,
    0.39688664105435795,
    0.3667630196547183,
    0.40019192774625784,
    0.35340228740699575,
    0.38791873510818037,
    0.352312499087224,
    0.354671154570626,
    0.369126444903963,
    0.3737393617630005,
    0.35106701506973476,
    0.3404363396107337,
    0.3242715776082833,
    0.3162383143200047,
    0.3528079979600962,
    0.3423066455253616,
    0.348811359201026,
    0.3290148232183029,
    0.350840935930174,
    0.3415475955948263,
    0.31958818946897866,
    0.320632024815208,
    0.3099290065133316,
    0.3347259283530549,
    0.32225677678924325,
    0.3268924747061776,
    0.33254700074186566,
    0.3135085830911558,
    0.3250805086094966,
    0.31521142946581626,
    0.294908980644702,
    0.3256280266518249,
    0.310180486526638,
    0.2865244533583435,
    0.3126056758981002,
    0.30054595688862645,
    0.3125365874920672,
    0.29828736517164445,
    0.2722591494026705,
    0.299761302289907,
    0.32868640232272084,
    0.2928892985189635,
    0.30131046837068676,
    0.3066529649042944,
    0.2909506064409401,
    0.29789132565318027,
    0.3279072267037851,
    0.3003318168034098,
    0.27698590160578085,
    0.27664718630253454,
    0.3043144132658752,
    0.27875610424993563,
    0.28047260787287187,
    0.30447215992107723,
    0.2772020496587772,
    0.2631072957380938,
    0.26713887687779775,
    0.30874710113216797,
    0.2912216872034947,
    0.2675989002976966,
    0.2597073445543211,
    0.2943907053614685,
    0.2524029433611076,
    0.26885032793234664,
    0.2667787215630678,
    0.26341414544549835,
    0.26716490191558184,
    0.2873404144543653,
    0.26023110381343906,
    0.25521702666496443,
    0.26208311342588875
  ],
  "val_loss": [
    0.6801645658232949,
    0.5909024000167846,
    0.4682773178273981,
    0.36168362389911307,
    0.3432664974169298,
    1.604264632138339,
    0.7288003271276301,
    0.5787118814208291,
    0.3762232260270552,
    0.4833610112016851,
    1.2772364139556884,
    0.36165150674906643,
    0.690507359938188,
    0.4381874669681896,
    0.3847956223921342,
    0.26475170146335253,
    0.28408408869396556,
    0.46768144044009125,
    0.2690229112451727,
    0.2756167720664631,
    0.27392402453856035,
    0.384603966366161,
    0.32167424613779244,
    0.2644338970834559,
    0.36808937137777153,
    0.2412776145068082,
    0.30061707388270986,
    0.3784047581932761,
    0.28358693447980016,
    0.27977089340036565,
    0.42944750677455557,
    0.25281631567261437,
    0.31374766609885474,
    0.23609044335105203,
    0.2791225812651894,
    0.2546201478351246,
    0.3329793485728177,
    0.2441879375414415,
    0.31211510409008375,
    0.24950736923651262,
    0.26605206619609484,
    0.3362721421501853,
    0.2738230233842676,
    0.2389449645172466,
    0.24074138728055086,
    0.26154423626986417,
    0.2593659346753901,
    0.25929680249907755,
    0.236814561215314,
    0.24594907814806158,
    0.4309115052223206,
    0.24358445297588002,
    0.2787083593281833,
    0.2383128838105635,
    0.24998744563622907,
    0.2214019623669711,
    0.24236568971113726,
    0.271298995884982,
    0.3510419802232222,
    0.2561239621855996,
    0.23810241926800121,
    0.21297876509753141,
    0.22223318164998834,
    0.2384750778024847,
    0.22134822552854364,
    0.23161205432631754,
    0.22015826106071473,
    0.2182405943220312,
    0.20628387440334667,
    0.24665248664942654,
    0.21386786861853166,
    0.2405319495634599,
    0.2357186658815904,
    0.22471376386555758,
    0.22760270996527238,
    0.22101263674822721,
    0.21526888012886047
  ],
  "train_miou": [
    0.5337048921061281,
    0.6068288186358206,
    0.6416333641013037,
    0.6486339347807667,
    0.6416240329921774,
    0.676990502146749,
    0.6869815160955007,
    0.6628908718713462,
    0.7021556890356391,
    0.6752661513895862,
    0.7182413868665924,
    0.6802659771012509,
    0.7170655382358252,
    0.7031351338733391,
    0.6833122636710598,
    0.6951745402458973,
    0.7058443648287459,
    0.7099554425628454,
    0.7322006027181216,
    0.7304185984941763,
    0.7076231026383206,
    0.7138777616724519,
    0.7163852022969583,
    0.7252684514362798,
    0.7103352092822506,
    0.7183082186739926,
    0.7333084898872526,
    0.7257055951076686,
    0.7499927694974787,
    0.7238414917686806,
    0.7288585008936688,
    0.7343909005182079,
    0.7284903106472125,
    0.7340811453366725,
    0.7268618593871977,
    0.7394414096316456,
    0.7477182503718575,
    0.7425363989789353,
    0.7443671278755375,
    0.7556185301660887,
    0.7417162078690551,
    0.7490434900069548,
    0.7292171829657645,
    0.7431290957802791,
    0.7726168964836233,
    0.7369854052462925,
    0.7341606738889526,
    0.7464620719249803,
    0.7483407888191049,
    0.7429142145531495,
    0.7552779133359376,
    0.7438297330793926,
    0.7312125602662956,
    0.7507970956483596,
    0.765797907203245,
    0.765983929472948,
    0.742530752409257,
    0.7758250999337054,
    0.7565647766538393,
    0.7440499051685995,
    0.7719846445651495,
    0.7707412731918732,
    0.7756073162052675,
    0.7495008421304338,
    0.7548287536781448,
    0.7673306577804513,
    0.7797390769374324,
    0.7531611678800756,
    0.7901844792561472,
    0.7758077442638999,
    0.7775577005693384,
    0.7743705970940198,
    0.7762184295877969,
    0.7501630673192341,
    0.7819688122891684,
    0.7835171465135848,
    0.7783484684792643
  ],
  "val_miou": [
    0.48453076067846074,
    0.64164030259302,
    0.44599953708285245,
    0.6273786004832529,
    0.6999791084012978,
    0.30945609688808606,
    0.48082533137579275,
    0.5275942873425382,
    0.687031224231445,
    0.5025685940945852,
    0.4662372692975877,
    0.602680842275144,
    0.6372012263020826,
    0.560343712974787,
    0.7408679364180788,
    0.75863053793419,
    0.7175489661843382,
    0.6036593964726089,
    0.7702008394977828,
    0.7314592498050495,
    0.7650667031185797,
    0.6896286811440098,
    0.7276600924011397,
    0.7479916493208132,
    0.7020338759051661,
    0.7805015904782443,
    0.7522382232312027,
    0.6186986527992647,
    0.7592706365345017,
    0.7099486682981843,
    0.6842683710664461,
    0.7668900873834359,
    0.7156560098343581,
    0.7882203231248104,
    0.7559940325596353,
    0.7658472160732465,
    0.7132497166500817,
    0.7774306164319505,
    0.6907558146356707,
    0.7853329045380817,
    0.7717232058819838,
    0.6924442891934806,
    0.7525699763014795,
    0.7911995553959582,
    0.7776551891463543,
    0.7529732181495745,
    0.7336091023204367,
    0.760814330689332,
    0.7809349459713012,
    0.7478835097834877,
    0.5919120685765495,
    0.7847882206963769,
    0.7176611747862134,
    0.7863489006905561,
    0.7710845130093679,
    0.7960510595784307,
    0.7729586972144193,
    0.747549871411259,
    0.6983737268880605,
    0.7629045185013588,
    0.7856180897397287,
    0.8072227598152976,
    0.7838091471217152,
    0.780357234263831,
    0.8026414140498119,
    0.7868963654945922,
    0.7941010058010183,
    0.7944742650674924,
    0.8065165523709585,
    0.778224388819539,
    0.8022123329029669,
    0.7706683489339354,
    0.7725799835100039,
    0.793233904426399,
    0.7828029720745107,
    0.7946560714042368,
    0.7964317662738036
  ]
}