{
  "input_type": "synthetic",
  "seed": 789,
  "best_val_miou": 0.8072227598152976,
  "test_loss": 0.28332132664886683,
  "test_miou": 0.7829498066207664,
  "test_per_class_iou": {
    "0": 0.8402022789632343,
    "1": 0.7256973342782985
  },
  "epochs_trained": 77,
  "model_params": 14331490,
  "config": {
    "data_root": "./data/WeedyRice-full-data/",
    "input_type": "synthetic",
    "image_size": 256,
    "num_classes": 2,
    "ms_channels": 4,
    "epochs": 100,
    "batch_size": 8,
    "lr": 0.001,
    "weight_decay": 0.0001,
    "patience": 15,
    "seed": 789,
    "output_dir": "./results"
  },
  "timestamp": "2026-02-25T17:44:14.115349"
}