2026-04-30T19:28:15Z [INFO] Controller started
2026-04-30T19:28:15Z [INFO] manifest=outputs/slurm/manifests/multi_seed_all_no_synth_20260430T192814Z.json max_parallel=16 max_retries=3 sbatch_submit_retries=3 poll_seconds=10
2026-04-30T19:28:15Z [INFO] python=python singularity_image=/ceph/container/pytorch/pytorch_26.02.sif venv_activate=p10_venv/bin/activate
2026-04-30T19:28:15Z [INFO] status_dir=outputs/slurm/status/multi_seed_all_no_synth_20260430T192814Z summary_dir=outputs/metrics log_dir=logs/masking/slurm
2026-04-30T19:28:15Z [INFO] Acquired controller lock outputs/slurm/status/.masking_batch_controller.lock
2026-04-30T19:28:15Z [INFO] Loaded 360 task(s) from outputs/slurm/manifests/multi_seed_all_no_synth_20260430T192814Z.json
2026-04-30T19:28:15Z [INFO] Status directory: outputs/slurm/status/multi_seed_all_no_synth_20260430T192814Z
2026-04-30T19:28:15Z [INFO] Submitting task 0 try 1/3: group=binary_train_multi_seed kind=train config=configs/binary/rgb_unetpp_resnet34.yaml split=test seed=42 attempt=1
2026-04-30T19:28:15Z [INFO] Submitted task 0 (binary_train_multi_seed, train, configs/binary/rgb_unetpp_resnet34.yaml, seed=42) as job 817705, attempt 1
2026-04-30T19:28:15Z [INFO] Submitting task 1 try 1/3: group=binary_train_multi_seed kind=train config=configs/binary/rgb_unetpp_resnet34.yaml split=test seed=43 attempt=1
2026-04-30T19:28:15Z [INFO] Submitted task 1 (binary_train_multi_seed, train, configs/binary/rgb_unetpp_resnet34.yaml, seed=43) as job 817706, attempt 1
2026-04-30T19:28:15Z [INFO] Submitting task 2 try 1/3: group=binary_train_multi_seed kind=train config=configs/binary/rgb_unetpp_resnet34.yaml split=test seed=44 attempt=1
2026-04-30T19:28:15Z [INFO] Submitted task 2 (binary_train_multi_seed, train, configs/binary/rgb_unetpp_resnet34.yaml, seed=44) as job 817707, attempt 1
2026-04-30T19:28:15Z [INFO] Submitting task 3 try 1/3: group=binary_train_multi_seed kind=train config=configs/binary/rgb_unetpp_resnet34.yaml split=test seed=45 attempt=1
2026-04-30T19:28:15Z [INFO] Submitted task 3 (binary_train_multi_seed, train, configs/binary/rgb_unetpp_resnet34.yaml, seed=45) as job 817708, attempt 1
2026-04-30T19:28:15Z [INFO] Submitting task 4 try 1/3: group=binary_train_multi_seed kind=train config=configs/binary/rgb_unetpp_resnet34.yaml split=test seed=46 attempt=1
2026-04-30T19:28:15Z [INFO] Submitted task 4 (binary_train_multi_seed, train, configs/binary/rgb_unetpp_resnet34.yaml, seed=46) as job 817709, attempt 1
2026-04-30T19:28:15Z [INFO] Submitting task 5 try 1/3: group=binary_train_multi_seed kind=train config=configs/binary/rgb_unetpp_resnet34.yaml split=test seed=47 attempt=1
2026-04-30T19:28:15Z [INFO] Submitted task 5 (binary_train_multi_seed, train, configs/binary/rgb_unetpp_resnet34.yaml, seed=47) as job 817710, attempt 1
2026-04-30T19:28:15Z [INFO] Submitting task 6 try 1/3: group=binary_train_multi_seed kind=train config=configs/binary/rgb_unetpp_resnet34.yaml split=test seed=48 attempt=1
2026-04-30T19:28:15Z [INFO] Submitted task 6 (binary_train_multi_seed, train, configs/binary/rgb_unetpp_resnet34.yaml, seed=48) as job 817711, attempt 1
2026-04-30T19:28:15Z [INFO] Submitting task 7 try 1/3: group=binary_train_multi_seed kind=train config=configs/binary/rgb_unetpp_resnet34.yaml split=test seed=49 attempt=1
2026-04-30T19:28:15Z [INFO] Submitted task 7 (binary_train_multi_seed, train, configs/binary/rgb_unetpp_resnet34.yaml, seed=49) as job 817712, attempt 1
2026-04-30T19:28:15Z [INFO] Submitting task 8 try 1/3: group=binary_train_multi_seed kind=train config=configs/binary/rgb_unetpp_resnet34.yaml split=test seed=50 attempt=1
2026-04-30T19:28:15Z [INFO] Submitted task 8 (binary_train_multi_seed, train, configs/binary/rgb_unetpp_resnet34.yaml, seed=50) as job 817713, attempt 1
2026-04-30T19:28:15Z [INFO] Submitting task 9 try 1/3: group=binary_train_multi_seed kind=train config=configs/binary/rgb_unetpp_resnet34.yaml split=test seed=51 attempt=1
2026-04-30T19:28:15Z [INFO] Submitted task 9 (binary_train_multi_seed, train, configs/binary/rgb_unetpp_resnet34.yaml, seed=51) as job 817714, attempt 1
2026-04-30T19:28:15Z [INFO] Submitting task 10 try 1/3: group=binary_train_multi_seed kind=train config=configs/binary/rgb_unetpp_resnet50.yaml split=test seed=42 attempt=1
2026-04-30T19:28:15Z [INFO] Submitted task 10 (binary_train_multi_seed, train, configs/binary/rgb_unetpp_resnet50.yaml, seed=42) as job 817715, attempt 1
2026-04-30T19:28:15Z [INFO] Submitting task 11 try 1/3: group=binary_train_multi_seed kind=train config=configs/binary/rgb_unetpp_resnet50.yaml split=test seed=43 attempt=1
2026-04-30T19:28:15Z [INFO] Submitted task 11 (binary_train_multi_seed, train, configs/binary/rgb_unetpp_resnet50.yaml, seed=43) as job 817716, attempt 1
2026-04-30T19:28:15Z [INFO] Submitting task 12 try 1/3: group=binary_train_multi_seed kind=train config=configs/binary/rgb_unetpp_resnet50.yaml split=test seed=44 attempt=1
2026-04-30T19:28:15Z [INFO] Submitted task 12 (binary_train_multi_seed, train, configs/binary/rgb_unetpp_resnet50.yaml, seed=44) as job 817717, attempt 1
2026-04-30T19:28:15Z [INFO] Submitting task 13 try 1/3: group=binary_train_multi_seed kind=train config=configs/binary/rgb_unetpp_resnet50.yaml split=test seed=45 attempt=1
2026-04-30T19:28:15Z [INFO] Submitted task 13 (binary_train_multi_seed, train, configs/binary/rgb_unetpp_resnet50.yaml, seed=45) as job 817718, attempt 1
2026-04-30T19:28:15Z [INFO] Submitting task 14 try 1/3: group=binary_train_multi_seed kind=train config=configs/binary/rgb_unetpp_resnet50.yaml split=test seed=46 attempt=1
2026-04-30T19:28:15Z [INFO] Submitted task 14 (binary_train_multi_seed, train, configs/binary/rgb_unetpp_resnet50.yaml, seed=46) as job 817719, attempt 1
2026-04-30T19:28:15Z [INFO] Submitting task 15 try 1/3: group=binary_train_multi_seed kind=train config=configs/binary/rgb_unetpp_resnet50.yaml split=test seed=47 attempt=1
2026-04-30T19:28:15Z [INFO] Submitted task 15 (binary_train_multi_seed, train, configs/binary/rgb_unetpp_resnet50.yaml, seed=47) as job 817720, attempt 1
2026-04-30T22:45:46Z [INFO] Job 817709 for task 4 has left the Slurm queue; validating output
2026-04-30T22:45:46Z [INFO] Task 4 completed successfully
2026-04-30T22:45:57Z [INFO] Submitting task 16 try 1/3: group=binary_train_multi_seed kind=train config=configs/binary/rgb_unetpp_resnet50.yaml split=test seed=48 attempt=1
2026-04-30T22:45:57Z [INFO] Submitted task 16 (binary_train_multi_seed, train, configs/binary/rgb_unetpp_resnet50.yaml, seed=48) as job 817777, attempt 1
2026-04-30T22:58:57Z [INFO] Job 817706 for task 1 has left the Slurm queue; validating output
2026-04-30T22:58:58Z [INFO] Task 1 completed successfully
2026-04-30T22:59:08Z [INFO] Submitting task 17 try 1/3: group=binary_train_multi_seed kind=train config=configs/binary/rgb_unetpp_resnet50.yaml split=test seed=49 attempt=1
2026-04-30T22:59:08Z [INFO] Submitted task 17 (binary_train_multi_seed, train, configs/binary/rgb_unetpp_resnet50.yaml, seed=49) as job 817786, attempt 1
2026-04-30T23:04:36Z [INFO] Job 817705 for task 0 has left the Slurm queue; validating output
2026-04-30T23:04:37Z [INFO] Task 0 completed successfully
2026-04-30T23:04:47Z [INFO] Submitting task 18 try 1/3: group=binary_train_multi_seed kind=train config=configs/binary/rgb_unetpp_resnet50.yaml split=test seed=50 attempt=1
2026-04-30T23:04:47Z [INFO] Submitted task 18 (binary_train_multi_seed, train, configs/binary/rgb_unetpp_resnet50.yaml, seed=50) as job 817788, attempt 1
2026-04-30T23:13:50Z [INFO] Job 817710 for task 5 has left the Slurm queue; validating output
2026-04-30T23:13:50Z [INFO] Task 5 completed successfully
2026-04-30T23:14:01Z [INFO] Submitting task 19 try 1/3: group=binary_train_multi_seed kind=train config=configs/binary/rgb_unetpp_resnet50.yaml split=test seed=51 attempt=1
2026-04-30T23:14:01Z [INFO] Submitted task 19 (binary_train_multi_seed, train, configs/binary/rgb_unetpp_resnet50.yaml, seed=51) as job 817789, attempt 1
2026-04-30T23:46:07Z [INFO] Job 817707 for task 2 has left the Slurm queue; validating output
2026-04-30T23:46:07Z [INFO] Task 2 completed successfully
2026-04-30T23:46:17Z [INFO] Submitting task 20 try 1/3: group=binary_train_multi_seed kind=train config=configs/binary/rgb_deeplabv3plus_resnet34.yaml split=test seed=42 attempt=1
2026-04-30T23:46:17Z [INFO] Submitted task 20 (binary_train_multi_seed, train, configs/binary/rgb_deeplabv3plus_resnet34.yaml, seed=42) as job 817795, attempt 1
2026-05-01T00:16:51Z [INFO] Job 817708 for task 3 has left the Slurm queue; validating output
2026-05-01T00:16:51Z [INFO] Task 3 completed successfully
2026-05-01T00:17:02Z [INFO] Submitting task 21 try 1/3: group=binary_train_multi_seed kind=train config=configs/binary/rgb_deeplabv3plus_resnet34.yaml split=test seed=43 attempt=1
2026-05-01T00:17:02Z [INFO] Submitted task 21 (binary_train_multi_seed, train, configs/binary/rgb_deeplabv3plus_resnet34.yaml, seed=43) as job 817798, attempt 1
2026-05-01T00:36:33Z [INFO] Job 817712 for task 7 has left the Slurm queue; validating output
2026-05-01T00:36:33Z [INFO] Task 7 completed successfully
2026-05-01T00:36:33Z [INFO] Job 817719 for task 14 has left the Slurm queue; validating output
2026-05-01T00:36:33Z [ERROR] Task 14: status file reports state=failed; seed=46; message=train failed; see outputs/slurm/status/multi_seed_all_no_synth_20260430T192814Z/task_14_attempt_1.log; job_log=outputs/slurm/status/multi_seed_all_no_synth_20260430T192814Z/task_14_attempt_1.log
2026-05-01T00:36:33Z [ERROR] Task 14: validation failed; re-queueing for retry
2026-05-01T00:36:43Z [INFO] Submitting task 14 try 1/3: group=binary_train_multi_seed kind=train config=configs/binary/rgb_unetpp_resnet50.yaml split=test seed=46 attempt=2
2026-05-01T00:36:43Z [INFO] Submitted task 14 (binary_train_multi_seed, train, configs/binary/rgb_unetpp_resnet50.yaml, seed=46) as job 817802, attempt 2
2026-05-01T00:36:43Z [INFO] Submitting task 22 try 1/3: group=binary_train_multi_seed kind=train config=configs/binary/rgb_deeplabv3plus_resnet34.yaml split=test seed=44 attempt=1
2026-05-01T00:36:43Z [INFO] Submitted task 22 (binary_train_multi_seed, train, configs/binary/rgb_deeplabv3plus_resnet34.yaml, seed=44) as job 817803, attempt 1
2026-05-01T00:36:43Z [INFO] Job 817720 for task 15 has left the Slurm queue; validating output
2026-05-01T00:36:43Z [ERROR] Task 15: status file reports state=failed; seed=47; message=train failed; see outputs/slurm/status/multi_seed_all_no_synth_20260430T192814Z/task_15_attempt_1.log; job_log=outputs/slurm/status/multi_seed_all_no_synth_20260430T192814Z/task_15_attempt_1.log
2026-05-01T00:36:43Z [ERROR] Task 15: validation failed; re-queueing for retry
2026-05-01T00:36:54Z [INFO] Submitting task 15 try 1/3: group=binary_train_multi_seed kind=train config=configs/binary/rgb_unetpp_resnet50.yaml split=test seed=47 attempt=2
2026-05-01T00:36:54Z [INFO] Submitted task 15 (binary_train_multi_seed, train, configs/binary/rgb_unetpp_resnet50.yaml, seed=47) as job 817804, attempt 2
2026-05-01T01:24:31Z [INFO] Job 817711 for task 6 has left the Slurm queue; validating output
2026-05-01T01:24:32Z [INFO] Task 6 completed successfully
2026-05-01T01:24:42Z [INFO] Submitting task 23 try 1/3: group=binary_train_multi_seed kind=train config=configs/binary/rgb_deeplabv3plus_resnet34.yaml split=test seed=45 attempt=1
2026-05-01T01:24:42Z [INFO] Submitted task 23 (binary_train_multi_seed, train, configs/binary/rgb_deeplabv3plus_resnet34.yaml, seed=45) as job 817809, attempt 1
2026-05-01T02:58:03Z [INFO] Job 817714 for task 9 has left the Slurm queue; validating output
2026-05-01T02:58:03Z [INFO] Task 9 completed successfully
2026-05-01T02:58:13Z [INFO] Submitting task 24 try 1/3: group=binary_train_multi_seed kind=train config=configs/binary/rgb_deeplabv3plus_resnet34.yaml split=test seed=46 attempt=1
2026-05-01T02:58:13Z [INFO] Submitted task 24 (binary_train_multi_seed, train, configs/binary/rgb_deeplabv3plus_resnet34.yaml, seed=46) as job 817829, attempt 1
2026-05-01T03:30:04Z [INFO] Job 817713 for task 8 has left the Slurm queue; validating output
2026-05-01T03:30:04Z [INFO] Task 8 completed successfully
2026-05-01T03:30:14Z [INFO] Submitting task 25 try 1/3: group=binary_train_multi_seed kind=train config=configs/binary/rgb_deeplabv3plus_resnet34.yaml split=test seed=47 attempt=1
2026-05-01T03:30:14Z [INFO] Submitted task 25 (binary_train_multi_seed, train, configs/binary/rgb_deeplabv3plus_resnet34.yaml, seed=47) as job 817839, attempt 1
2026-05-01T06:19:56Z [INFO] Job 817717 for task 12 has left the Slurm queue; validating output
2026-05-01T06:19:56Z [INFO] Task 12 completed successfully
2026-05-01T06:20:07Z [INFO] Submitting task 26 try 1/3: group=binary_train_multi_seed kind=train config=configs/binary/rgb_deeplabv3plus_resnet34.yaml split=test seed=48 attempt=1
2026-05-01T06:20:07Z [INFO] Submitted task 26 (binary_train_multi_seed, train, configs/binary/rgb_deeplabv3plus_resnet34.yaml, seed=48) as job 817875, attempt 1
2026-05-01T06:25:24Z [INFO] Job 817715 for task 10 has left the Slurm queue; validating output
2026-05-01T06:25:25Z [INFO] Task 10 completed successfully
2026-05-01T06:25:35Z [INFO] Submitting task 27 try 1/3: group=binary_train_multi_seed kind=train config=configs/binary/rgb_deeplabv3plus_resnet34.yaml split=test seed=49 attempt=1
2026-05-01T06:25:35Z [INFO] Submitted task 27 (binary_train_multi_seed, train, configs/binary/rgb_deeplabv3plus_resnet34.yaml, seed=49) as job 817877, attempt 1
2026-05-01T06:36:44Z [INFO] Job 817716 for task 11 has left the Slurm queue; validating output
2026-05-01T06:36:44Z [INFO] Task 11 completed successfully
2026-05-01T06:36:54Z [INFO] Submitting task 28 try 1/3: group=binary_train_multi_seed kind=train config=configs/binary/rgb_deeplabv3plus_resnet34.yaml split=test seed=50 attempt=1
2026-05-01T06:36:54Z [INFO] Submitted task 28 (binary_train_multi_seed, train, configs/binary/rgb_deeplabv3plus_resnet34.yaml, seed=50) as job 817885, attempt 1
2026-05-01T07:08:32Z [INFO] Job 817718 for task 13 has left the Slurm queue; validating output
2026-05-01T07:08:32Z [INFO] Task 13 completed successfully
2026-05-01T07:08:42Z [INFO] Submitting task 29 try 1/3: group=binary_train_multi_seed kind=train config=configs/binary/rgb_deeplabv3plus_resnet34.yaml split=test seed=51 attempt=1
2026-05-01T07:08:42Z [INFO] Submitted task 29 (binary_train_multi_seed, train, configs/binary/rgb_deeplabv3plus_resnet34.yaml, seed=51) as job 817906, attempt 1
2026-05-01T08:05:37Z [INFO] Job 817786 for task 17 has left the Slurm queue; validating output
2026-05-01T08:05:38Z [INFO] Task 17 completed successfully
2026-05-01T08:05:48Z [INFO] Submitting task 30 try 1/3: group=binary_train_multi_seed kind=train config=configs/binary/rgb_deeplabv3plus_resnet50.yaml split=test seed=42 attempt=1
2026-05-01T08:05:48Z [INFO] Submitted task 30 (binary_train_multi_seed, train, configs/binary/rgb_deeplabv3plus_resnet50.yaml, seed=42) as job 818060, attempt 1
2026-05-01T08:21:03Z [INFO] Job 817777 for task 16 has left the Slurm queue; validating output
2026-05-01T08:21:04Z [INFO] Task 16 completed successfully
2026-05-01T08:21:14Z [INFO] Submitting task 31 try 1/3: group=binary_train_multi_seed kind=train config=configs/binary/rgb_deeplabv3plus_resnet50.yaml split=test seed=43 attempt=1
2026-05-01T08:21:14Z [INFO] Submitted task 31 (binary_train_multi_seed, train, configs/binary/rgb_deeplabv3plus_resnet50.yaml, seed=43) as job 818117, attempt 1
2026-05-01T08:32:42Z [INFO] Job 817788 for task 18 has left the Slurm queue; validating output
2026-05-01T08:32:42Z [INFO] Task 18 completed successfully
2026-05-01T08:32:52Z [INFO] Submitting task 32 try 1/3: group=binary_train_multi_seed kind=train config=configs/binary/rgb_deeplabv3plus_resnet50.yaml split=test seed=44 attempt=1
2026-05-01T08:32:52Z [INFO] Submitted task 32 (binary_train_multi_seed, train, configs/binary/rgb_deeplabv3plus_resnet50.yaml, seed=44) as job 818125, attempt 1
2026-05-01T09:46:11Z [INFO] Job 817798 for task 21 has left the Slurm queue; validating output
2026-05-01T09:46:11Z [INFO] Task 21 completed successfully
2026-05-01T09:46:21Z [INFO] Submitting task 33 try 1/3: group=binary_train_multi_seed kind=train config=configs/binary/rgb_deeplabv3plus_resnet50.yaml split=test seed=45 attempt=1
2026-05-01T09:46:21Z [INFO] Submitted task 33 (binary_train_multi_seed, train, configs/binary/rgb_deeplabv3plus_resnet50.yaml, seed=45) as job 818264, attempt 1
2026-05-01T09:50:58Z [INFO] Job 817795 for task 20 has left the Slurm queue; validating output
2026-05-01T09:50:59Z [INFO] Task 20 completed successfully
2026-05-01T09:51:09Z [INFO] Submitting task 34 try 1/3: group=binary_train_multi_seed kind=train config=configs/binary/rgb_deeplabv3plus_resnet50.yaml split=test seed=46 attempt=1
2026-05-01T09:51:09Z [INFO] Submitted task 34 (binary_train_multi_seed, train, configs/binary/rgb_deeplabv3plus_resnet50.yaml, seed=46) as job 818272, attempt 1
2026-05-01T10:40:21Z [INFO] Job 817789 for task 19 has left the Slurm queue; validating output
2026-05-01T10:40:21Z [INFO] Task 19 completed successfully
2026-05-01T10:40:32Z [INFO] Submitting task 35 try 1/3: group=binary_train_multi_seed kind=train config=configs/binary/rgb_deeplabv3plus_resnet50.yaml split=test seed=47 attempt=1
2026-05-01T10:40:32Z [INFO] Submitted task 35 (binary_train_multi_seed, train, configs/binary/rgb_deeplabv3plus_resnet50.yaml, seed=47) as job 818305, attempt 1
2026-05-01T10:49:15Z [INFO] Job 817809 for task 23 has left the Slurm queue; validating output
2026-05-01T10:49:15Z [INFO] Task 23 completed successfully
2026-05-01T10:49:25Z [INFO] Submitting task 36 try 1/3: group=binary_train_multi_seed kind=train config=configs/binary/rgb_deeplabv3plus_resnet50.yaml split=test seed=48 attempt=1
2026-05-01T10:49:25Z [INFO] Submitted task 36 (binary_train_multi_seed, train, configs/binary/rgb_deeplabv3plus_resnet50.yaml, seed=48) as job 818318, attempt 1
2026-05-01T11:38:49Z [INFO] Job 817802 for task 14 has left the Slurm queue; validating output
2026-05-01T11:38:50Z [INFO] Task 14 completed successfully
2026-05-01T11:39:00Z [INFO] Submitting task 37 try 1/3: group=binary_train_multi_seed kind=train config=configs/binary/rgb_deeplabv3plus_resnet50.yaml split=test seed=49 attempt=1
2026-05-01T11:39:00Z [INFO] Submitted task 37 (binary_train_multi_seed, train, configs/binary/rgb_deeplabv3plus_resnet50.yaml, seed=49) as job 818361, attempt 1
2026-05-01T11:59:20Z [INFO] Job 817803 for task 22 has left the Slurm queue; validating output
2026-05-01T11:59:20Z [INFO] Task 22 completed successfully
2026-05-01T11:59:30Z [INFO] Submitting task 38 try 1/3: group=binary_train_multi_seed kind=train config=configs/binary/rgb_deeplabv3plus_resnet50.yaml split=test seed=50 attempt=1
2026-05-01T11:59:30Z [INFO] Submitted task 38 (binary_train_multi_seed, train, configs/binary/rgb_deeplabv3plus_resnet50.yaml, seed=50) as job 818372, attempt 1
2026-05-01T12:30:47Z [INFO] Job 817875 for task 26 has left the Slurm queue; validating output
2026-05-01T12:30:47Z [INFO] Task 26 completed successfully
2026-05-01T12:30:57Z [INFO] Submitting task 39 try 1/3: group=binary_train_multi_seed kind=train config=configs/binary/rgb_deeplabv3plus_resnet50.yaml split=test seed=51 attempt=1
2026-05-01T12:30:57Z [INFO] Submitted task 39 (binary_train_multi_seed, train, configs/binary/rgb_deeplabv3plus_resnet50.yaml, seed=51) as job 818393, attempt 1
2026-05-01T12:41:22Z [INFO] Job 817839 for task 25 has left the Slurm queue; validating output
2026-05-01T12:41:22Z [INFO] Task 25 completed successfully
2026-05-01T12:41:32Z [INFO] Submitting task 40 try 1/3: group=binary_train_multi_seed kind=train config=configs/binary/rgb_segformer_b0.yaml split=test seed=42 attempt=1
2026-05-01T12:41:32Z [INFO] Submitted task 40 (binary_train_multi_seed, train, configs/binary/rgb_segformer_b0.yaml, seed=42) as job 818395, attempt 1
2026-05-01T12:46:39Z [INFO] Job 817829 for task 24 has left the Slurm queue; validating output
2026-05-01T12:46:40Z [INFO] Task 24 completed successfully
2026-05-01T12:46:50Z [INFO] Submitting task 41 try 1/3: group=binary_train_multi_seed kind=train config=configs/binary/rgb_segformer_b0.yaml split=test seed=43 attempt=1
2026-05-01T12:46:50Z [INFO] Submitted task 41 (binary_train_multi_seed, train, configs/binary/rgb_segformer_b0.yaml, seed=43) as job 818400, attempt 1
2026-05-01T13:31:38Z [INFO] Job 817877 for task 27 has left the Slurm queue; validating output
2026-05-01T13:31:38Z [INFO] Task 27 completed successfully
2026-05-01T13:31:48Z [INFO] Submitting task 42 try 1/3: group=binary_train_multi_seed kind=train config=configs/binary/rgb_segformer_b0.yaml split=test seed=44 attempt=1
2026-05-01T13:31:48Z [INFO] Submitted task 42 (binary_train_multi_seed, train, configs/binary/rgb_segformer_b0.yaml, seed=44) as job 818416, attempt 1
2026-05-01T14:03:14Z [INFO] Job 817906 for task 29 has left the Slurm queue; validating output
2026-05-01T14:03:14Z [INFO] Task 29 completed successfully
2026-05-01T14:03:24Z [INFO] Submitting task 43 try 1/3: group=binary_train_multi_seed kind=train config=configs/binary/rgb_segformer_b0.yaml split=test seed=45 attempt=1
2026-05-01T14:03:24Z [INFO] Submitted task 43 (binary_train_multi_seed, train, configs/binary/rgb_segformer_b0.yaml, seed=45) as job 818426, attempt 1
2026-05-01T14:25:19Z [INFO] Job 817885 for task 28 has left the Slurm queue; validating output
2026-05-01T14:25:19Z [INFO] Task 28 completed successfully
2026-05-01T14:25:30Z [INFO] Submitting task 44 try 1/3: group=binary_train_multi_seed kind=train config=configs/binary/rgb_segformer_b0.yaml split=test seed=46 attempt=1
2026-05-01T14:25:30Z [INFO] Submitted task 44 (binary_train_multi_seed, train, configs/binary/rgb_segformer_b0.yaml, seed=46) as job 818428, attempt 1
2026-05-01T14:40:22Z [INFO] Job 817804 for task 15 has left the Slurm queue; validating output
2026-05-01T14:40:22Z [INFO] Task 15 completed successfully
2026-05-01T14:40:32Z [INFO] Submitting task 45 try 1/3: group=binary_train_multi_seed kind=train config=configs/binary/rgb_segformer_b0.yaml split=test seed=47 attempt=1
2026-05-01T14:40:32Z [INFO] Submitted task 45 (binary_train_multi_seed, train, configs/binary/rgb_segformer_b0.yaml, seed=47) as job 818434, attempt 1
2026-05-01T15:39:59Z [INFO] Job 818060 for task 30 has left the Slurm queue; validating output
2026-05-01T15:39:59Z [INFO] Task 30 completed successfully
2026-05-01T15:40:09Z [INFO] Submitting task 46 try 1/3: group=binary_train_multi_seed kind=train config=configs/binary/rgb_segformer_b0.yaml split=test seed=48 attempt=1
2026-05-01T15:40:09Z [INFO] Submitted task 46 (binary_train_multi_seed, train, configs/binary/rgb_segformer_b0.yaml, seed=48) as job 818456, attempt 1
2026-05-01T15:44:56Z [INFO] Job 818125 for task 32 has left the Slurm queue; validating output
2026-05-01T15:44:56Z [INFO] Task 32 completed successfully
2026-05-01T15:45:07Z [INFO] Submitting task 47 try 1/3: group=binary_train_multi_seed kind=train config=configs/binary/rgb_segformer_b0.yaml split=test seed=49 attempt=1
2026-05-01T15:45:07Z [INFO] Submitted task 47 (binary_train_multi_seed, train, configs/binary/rgb_segformer_b0.yaml, seed=49) as job 818457, attempt 1
2026-05-01T15:53:19Z [INFO] Job 818117 for task 31 has left the Slurm queue; validating output
2026-05-01T15:53:19Z [INFO] Task 31 completed successfully
2026-05-01T15:53:29Z [INFO] Submitting task 48 try 1/3: group=binary_train_multi_seed kind=train config=configs/binary/rgb_segformer_b0.yaml split=test seed=50 attempt=1
2026-05-01T15:53:29Z [INFO] Submitted task 48 (binary_train_multi_seed, train, configs/binary/rgb_segformer_b0.yaml, seed=50) as job 818459, attempt 1
2026-05-01T16:00:20Z [INFO] Job 818264 for task 33 has left the Slurm queue; validating output
2026-05-01T16:00:20Z [INFO] Task 33 completed successfully
2026-05-01T16:00:30Z [INFO] Submitting task 49 try 1/3: group=binary_train_multi_seed kind=train config=configs/binary/rgb_segformer_b0.yaml split=test seed=51 attempt=1
2026-05-01T16:00:30Z [INFO] Submitted task 49 (binary_train_multi_seed, train, configs/binary/rgb_segformer_b0.yaml, seed=51) as job 818461, attempt 1
2026-05-01T17:02:14Z [INFO] Job 818272 for task 34 has left the Slurm queue; validating output
2026-05-01T17:02:14Z [INFO] Task 34 completed successfully
2026-05-01T17:02:25Z [INFO] Submitting task 50 try 1/3: group=binary_train_multi_seed kind=train config=configs/binary/rgb_segformer_b1.yaml split=test seed=42 attempt=1
2026-05-01T17:02:25Z [INFO] Submitted task 50 (binary_train_multi_seed, train, configs/binary/rgb_segformer_b1.yaml, seed=42) as job 818470, attempt 1
2026-05-01T17:31:08Z [INFO] Job 818305 for task 35 has left the Slurm queue; validating output
2026-05-01T17:31:09Z [INFO] Task 35 completed successfully
2026-05-01T17:31:19Z [INFO] Submitting task 51 try 1/3: group=binary_train_multi_seed kind=train config=configs/binary/rgb_segformer_b1.yaml split=test seed=43 attempt=1
2026-05-01T17:31:19Z [INFO] Submitted task 51 (binary_train_multi_seed, train, configs/binary/rgb_segformer_b1.yaml, seed=43) as job 818479, attempt 1
2026-05-01T18:13:33Z [INFO] Job 818318 for task 36 has left the Slurm queue; validating output
2026-05-01T18:13:33Z [ERROR] Task 36: status file reports state=failed; seed=48; message=evaluate failed; see outputs/slurm/status/multi_seed_all_no_synth_20260430T192814Z/task_36_attempt_1.log; job_log=outputs/slurm/status/multi_seed_all_no_synth_20260430T192814Z/task_36_attempt_1.log
2026-05-01T18:13:33Z [ERROR] Task 36: validation failed; re-queueing for retry
2026-05-01T18:13:43Z [INFO] Submitting task 36 try 1/3: group=binary_train_multi_seed kind=train config=configs/binary/rgb_deeplabv3plus_resnet50.yaml split=test seed=48 attempt=2
2026-05-01T18:13:43Z [INFO] Submitted task 36 (binary_train_multi_seed, train, configs/binary/rgb_deeplabv3plus_resnet50.yaml, seed=48) as job 818482, attempt 2
2026-05-01T18:43:47Z [INFO] Job 818361 for task 37 has left the Slurm queue; validating output
2026-05-01T18:43:47Z [INFO] Task 37 completed successfully
2026-05-01T18:43:57Z [INFO] Submitting task 52 try 1/3: group=binary_train_multi_seed kind=train config=configs/binary/rgb_segformer_b1.yaml split=test seed=44 attempt=1
2026-05-01T18:43:57Z [INFO] Submitted task 52 (binary_train_multi_seed, train, configs/binary/rgb_segformer_b1.yaml, seed=44) as job 818498, attempt 1
2026-05-01T19:45:07Z [INFO] Job 818372 for task 38 has left the Slurm queue; validating output
2026-05-01T19:45:07Z [INFO] Task 38 completed successfully
2026-05-01T19:45:17Z [INFO] Submitting task 53 try 1/3: group=binary_train_multi_seed kind=train config=configs/binary/rgb_segformer_b1.yaml split=test seed=45 attempt=1
2026-05-01T19:45:18Z [INFO] Submitted task 53 (binary_train_multi_seed, train, configs/binary/rgb_segformer_b1.yaml, seed=45) as job 818505, attempt 1
2026-05-01T20:18:56Z [INFO] Job 818400 for task 41 has left the Slurm queue; validating output
2026-05-01T20:18:57Z [INFO] Task 41 completed successfully
2026-05-01T20:19:07Z [INFO] Submitting task 54 try 1/3: group=binary_train_multi_seed kind=train config=configs/binary/rgb_segformer_b1.yaml split=test seed=46 attempt=1
2026-05-01T20:19:07Z [INFO] Submitted task 54 (binary_train_multi_seed, train, configs/binary/rgb_segformer_b1.yaml, seed=46) as job 818539, attempt 1
2026-05-01T21:09:43Z [INFO] Job 818428 for task 44 has left the Slurm queue; validating output
2026-05-01T21:09:44Z [INFO] Task 44 completed successfully
2026-05-01T21:09:54Z [INFO] Submitting task 55 try 1/3: group=binary_train_multi_seed kind=train config=configs/binary/rgb_segformer_b1.yaml split=test seed=47 attempt=1
2026-05-01T21:09:54Z [INFO] Submitted task 55 (binary_train_multi_seed, train, configs/binary/rgb_segformer_b1.yaml, seed=47) as job 818584, attempt 1
2026-05-01T21:13:29Z [INFO] Job 818434 for task 45 has left the Slurm queue; validating output
2026-05-01T21:13:30Z [INFO] Task 45 completed successfully
2026-05-01T21:13:40Z [INFO] Submitting task 56 try 1/3: group=binary_train_multi_seed kind=train config=configs/binary/rgb_segformer_b1.yaml split=test seed=48 attempt=1
2026-05-01T21:13:40Z [INFO] Submitted task 56 (binary_train_multi_seed, train, configs/binary/rgb_segformer_b1.yaml, seed=48) as job 818587, attempt 1
2026-05-01T21:13:50Z [INFO] Job 818416 for task 42 has left the Slurm queue; validating output
2026-05-01T21:13:50Z [INFO] Task 42 completed successfully
2026-05-01T21:14:00Z [INFO] Submitting task 57 try 1/3: group=binary_train_multi_seed kind=train config=configs/binary/rgb_segformer_b1.yaml split=test seed=49 attempt=1
2026-05-01T21:14:00Z [INFO] Submitted task 57 (binary_train_multi_seed, train, configs/binary/rgb_segformer_b1.yaml, seed=49) as job 818589, attempt 1
2026-05-01T21:55:34Z [INFO] Job 818393 for task 39 has left the Slurm queue; validating output
2026-05-01T21:55:34Z [INFO] Task 39 completed successfully
2026-05-01T21:55:44Z [INFO] Submitting task 58 try 1/3: group=binary_train_multi_seed kind=train config=configs/binary/rgb_segformer_b1.yaml split=test seed=50 attempt=1
2026-05-01T21:55:44Z [INFO] Submitted task 58 (binary_train_multi_seed, train, configs/binary/rgb_segformer_b1.yaml, seed=50) as job 818604, attempt 1
2026-05-01T21:55:44Z [INFO] Job 818395 for task 40 has left the Slurm queue; validating output
2026-05-01T21:55:44Z [INFO] Task 40 completed successfully
2026-05-01T21:55:54Z [INFO] Submitting task 59 try 1/3: group=binary_train_multi_seed kind=train config=configs/binary/rgb_segformer_b1.yaml split=test seed=51 attempt=1
2026-05-01T21:55:54Z [INFO] Submitted task 59 (binary_train_multi_seed, train, configs/binary/rgb_segformer_b1.yaml, seed=51) as job 818605, attempt 1
2026-05-01T21:59:30Z [INFO] Job 818426 for task 43 has left the Slurm queue; validating output
2026-05-01T21:59:30Z [INFO] Task 43 completed successfully
2026-05-01T21:59:40Z [INFO] Submitting task 60 try 1/3: group=binary_train_multi_seed kind=train config=configs/binary/real_msi_unetpp_resnet34.yaml split=test seed=42 attempt=1
2026-05-01T21:59:40Z [INFO] Submitted task 60 (binary_train_multi_seed, train, configs/binary/real_msi_unetpp_resnet34.yaml, seed=42) as job 818611, attempt 1
2026-05-01T23:25:51Z [INFO] Job 818456 for task 46 has left the Slurm queue; validating output
2026-05-01T23:25:51Z [INFO] Task 46 completed successfully
2026-05-01T23:26:01Z [INFO] Submitting task 61 try 1/3: group=binary_train_multi_seed kind=train config=configs/binary/real_msi_unetpp_resnet34.yaml split=test seed=43 attempt=1
2026-05-01T23:26:02Z [INFO] Submitted task 61 (binary_train_multi_seed, train, configs/binary/real_msi_unetpp_resnet34.yaml, seed=43) as job 818676, attempt 1
2026-05-01T23:28:57Z [INFO] Job 818457 for task 47 has left the Slurm queue; validating output
2026-05-01T23:28:57Z [INFO] Task 47 completed successfully
2026-05-01T23:29:07Z [INFO] Submitting task 62 try 1/3: group=binary_train_multi_seed kind=train config=configs/binary/real_msi_unetpp_resnet34.yaml split=test seed=44 attempt=1
2026-05-01T23:29:07Z [INFO] Submitted task 62 (binary_train_multi_seed, train, configs/binary/real_msi_unetpp_resnet34.yaml, seed=44) as job 818677, attempt 1
2026-05-02T00:21:59Z [INFO] Job 818461 for task 49 has left the Slurm queue; validating output
2026-05-02T00:21:59Z [INFO] Task 49 completed successfully
2026-05-02T00:22:09Z [INFO] Submitting task 63 try 1/3: group=binary_train_multi_seed kind=train config=configs/binary/real_msi_unetpp_resnet34.yaml split=test seed=45 attempt=1
2026-05-02T00:22:09Z [INFO] Submitted task 63 (binary_train_multi_seed, train, configs/binary/real_msi_unetpp_resnet34.yaml, seed=45) as job 818690, attempt 1
2026-05-02T00:34:42Z [INFO] Job 818470 for task 50 has left the Slurm queue; validating output
2026-05-02T00:34:42Z [INFO] Task 50 completed successfully
2026-05-02T00:34:53Z [INFO] Submitting task 64 try 1/3: group=binary_train_multi_seed kind=train config=configs/binary/real_msi_unetpp_resnet34.yaml split=test seed=46 attempt=1
2026-05-02T00:34:53Z [INFO] Submitted task 64 (binary_train_multi_seed, train, configs/binary/real_msi_unetpp_resnet34.yaml, seed=46) as job 818694, attempt 1
2026-05-02T00:57:26Z [INFO] Job 818498 for task 52 has left the Slurm queue; validating output
2026-05-02T00:57:27Z [INFO] Task 52 completed successfully
2026-05-02T00:57:37Z [INFO] Submitting task 65 try 1/3: group=binary_train_multi_seed kind=train config=configs/binary/real_msi_unetpp_resnet34.yaml split=test seed=47 attempt=1
2026-05-02T00:57:37Z [INFO] Submitted task 65 (binary_train_multi_seed, train, configs/binary/real_msi_unetpp_resnet34.yaml, seed=47) as job 818696, attempt 1
2026-05-02T01:17:25Z [INFO] Job 818459 for task 48 has left the Slurm queue; validating output
2026-05-02T01:17:26Z [INFO] Task 48 completed successfully
2026-05-02T01:17:26Z [INFO] Job 818479 for task 51 has left the Slurm queue; validating output
2026-05-02T01:17:26Z [INFO] Task 51 completed successfully
2026-05-02T01:17:36Z [INFO] Submitting task 66 try 1/3: group=binary_train_multi_seed kind=train config=configs/binary/real_msi_unetpp_resnet34.yaml split=test seed=48 attempt=1
2026-05-02T01:17:36Z [INFO] Submitted task 66 (binary_train_multi_seed, train, configs/binary/real_msi_unetpp_resnet34.yaml, seed=48) as job 818698, attempt 1
2026-05-02T01:17:36Z [INFO] Submitting task 67 try 1/3: group=binary_train_multi_seed kind=train config=configs/binary/real_msi_unetpp_resnet34.yaml split=test seed=49 attempt=1
2026-05-02T01:17:36Z [INFO] Submitted task 67 (binary_train_multi_seed, train, configs/binary/real_msi_unetpp_resnet34.yaml, seed=49) as job 818699, attempt 1
2026-05-02T01:18:07Z [INFO] Job 818605 for task 59 has left the Slurm queue; validating output
2026-05-02T01:18:07Z [ERROR] Task 59: status file reports state=failed; seed=51; message=train failed; see outputs/slurm/status/multi_seed_all_no_synth_20260430T192814Z/task_59_attempt_1.log; job_log=outputs/slurm/status/multi_seed_all_no_synth_20260430T192814Z/task_59_attempt_1.log
2026-05-02T01:18:07Z [ERROR] Task 59: validation failed; re-queueing for retry
2026-05-02T01:18:17Z [INFO] Submitting task 59 try 1/3: group=binary_train_multi_seed kind=train config=configs/binary/rgb_segformer_b1.yaml split=test seed=51 attempt=2
2026-05-02T01:18:17Z [INFO] Submitted task 59 (binary_train_multi_seed, train, configs/binary/rgb_segformer_b1.yaml, seed=51) as job 818700, attempt 2
2026-05-02T01:18:28Z [INFO] Job 818611 for task 60 has left the Slurm queue; validating output
2026-05-02T01:18:28Z [ERROR] Task 60: status file reports state=failed; seed=42; message=train failed; see outputs/slurm/status/multi_seed_all_no_synth_20260430T192814Z/task_60_attempt_1.log; job_log=outputs/slurm/status/multi_seed_all_no_synth_20260430T192814Z/task_60_attempt_1.log
2026-05-02T01:18:28Z [ERROR] Task 60: validation failed; re-queueing for retry
2026-05-02T01:18:38Z [INFO] Submitting task 60 try 1/3: group=binary_train_multi_seed kind=train config=configs/binary/real_msi_unetpp_resnet34.yaml split=test seed=42 attempt=2
2026-05-02T01:18:38Z [INFO] Submitted task 60 (binary_train_multi_seed, train, configs/binary/real_msi_unetpp_resnet34.yaml, seed=42) as job 818701, attempt 2
2026-05-02T01:56:45Z [INFO] Job 818482 for task 36 has left the Slurm queue; validating output
2026-05-02T01:56:45Z [INFO] Task 36 completed successfully
2026-05-02T01:56:55Z [INFO] Submitting task 68 try 1/3: group=binary_train_multi_seed kind=train config=configs/binary/real_msi_unetpp_resnet34.yaml split=test seed=50 attempt=1
2026-05-02T01:56:55Z [INFO] Submitted task 68 (binary_train_multi_seed, train, configs/binary/real_msi_unetpp_resnet34.yaml, seed=50) as job 818705, attempt 1
2026-05-02T01:57:47Z [INFO] Job 818677 for task 62 has left the Slurm queue; validating output
2026-05-02T01:57:47Z [ERROR] Task 62: status file reports state=failed; seed=44; message=train failed; see outputs/slurm/status/multi_seed_all_no_synth_20260430T192814Z/task_62_attempt_1.log; job_log=outputs/slurm/status/multi_seed_all_no_synth_20260430T192814Z/task_62_attempt_1.log
2026-05-02T01:57:47Z [ERROR] Task 62: validation failed; re-queueing for retry
2026-05-02T01:57:57Z [INFO] Submitting task 62 try 1/3: group=binary_train_multi_seed kind=train config=configs/binary/real_msi_unetpp_resnet34.yaml split=test seed=44 attempt=2
2026-05-02T01:57:57Z [INFO] Submitted task 62 (binary_train_multi_seed, train, configs/binary/real_msi_unetpp_resnet34.yaml, seed=44) as job 818706, attempt 2
2026-05-02T01:58:28Z [INFO] Job 818690 for task 63 has left the Slurm queue; validating output
2026-05-02T01:58:28Z [ERROR] Task 63: status file reports state=failed; seed=45; message=train failed; see outputs/slurm/status/multi_seed_all_no_synth_20260430T192814Z/task_63_attempt_1.log; job_log=outputs/slurm/status/multi_seed_all_no_synth_20260430T192814Z/task_63_attempt_1.log
2026-05-02T01:58:28Z [ERROR] Task 63: validation failed; re-queueing for retry
2026-05-02T01:58:38Z [INFO] Submitting task 63 try 1/3: group=binary_train_multi_seed kind=train config=configs/binary/real_msi_unetpp_resnet34.yaml split=test seed=45 attempt=2
2026-05-02T01:58:38Z [INFO] Submitted task 63 (binary_train_multi_seed, train, configs/binary/real_msi_unetpp_resnet34.yaml, seed=45) as job 818707, attempt 2
2026-05-02T01:58:49Z [INFO] Job 818694 for task 64 has left the Slurm queue; validating output
2026-05-02T01:58:49Z [ERROR] Task 64: status file reports state=failed; seed=46; message=train failed; see outputs/slurm/status/multi_seed_all_no_synth_20260430T192814Z/task_64_attempt_1.log; job_log=outputs/slurm/status/multi_seed_all_no_synth_20260430T192814Z/task_64_attempt_1.log
2026-05-02T01:58:49Z [ERROR] Task 64: validation failed; re-queueing for retry
2026-05-02T01:58:59Z [INFO] Submitting task 64 try 1/3: group=binary_train_multi_seed kind=train config=configs/binary/real_msi_unetpp_resnet34.yaml split=test seed=46 attempt=2
2026-05-02T01:58:59Z [INFO] Submitted task 64 (binary_train_multi_seed, train, configs/binary/real_msi_unetpp_resnet34.yaml, seed=46) as job 818709, attempt 2
2026-05-02T01:59:19Z [INFO] Job 818696 for task 65 has left the Slurm queue; validating output
2026-05-02T01:59:20Z [ERROR] Task 65: status file reports state=failed; seed=47; message=train failed; see outputs/slurm/status/multi_seed_all_no_synth_20260430T192814Z/task_65_attempt_1.log; job_log=outputs/slurm/status/multi_seed_all_no_synth_20260430T192814Z/task_65_attempt_1.log
2026-05-02T01:59:20Z [ERROR] Task 65: validation failed; re-queueing for retry
2026-05-02T01:59:30Z [INFO] Submitting task 65 try 1/3: group=binary_train_multi_seed kind=train config=configs/binary/real_msi_unetpp_resnet34.yaml split=test seed=47 attempt=2
2026-05-02T01:59:30Z [INFO] Submitted task 65 (binary_train_multi_seed, train, configs/binary/real_msi_unetpp_resnet34.yaml, seed=47) as job 818710, attempt 2
2026-05-02T01:59:50Z [INFO] Job 818698 for task 66 has left the Slurm queue; validating output
2026-05-02T01:59:50Z [ERROR] Task 66: status file reports state=failed; seed=48; message=train failed; see outputs/slurm/status/multi_seed_all_no_synth_20260430T192814Z/task_66_attempt_1.log; job_log=outputs/slurm/status/multi_seed_all_no_synth_20260430T192814Z/task_66_attempt_1.log
2026-05-02T01:59:50Z [ERROR] Task 66: validation failed; re-queueing for retry
2026-05-02T02:00:00Z [INFO] Submitting task 66 try 1/3: group=binary_train_multi_seed kind=train config=configs/binary/real_msi_unetpp_resnet34.yaml split=test seed=48 attempt=2
2026-05-02T02:00:01Z [INFO] Submitted task 66 (binary_train_multi_seed, train, configs/binary/real_msi_unetpp_resnet34.yaml, seed=48) as job 818711, attempt 2
2026-05-02T02:00:22Z [INFO] Job 818699 for task 67 has left the Slurm queue; validating output
2026-05-02T02:00:22Z [ERROR] Task 67: status file reports state=failed; seed=49; message=train failed; see outputs/slurm/status/multi_seed_all_no_synth_20260430T192814Z/task_67_attempt_1.log; job_log=outputs/slurm/status/multi_seed_all_no_synth_20260430T192814Z/task_67_attempt_1.log
2026-05-02T02:00:22Z [ERROR] Task 67: validation failed; re-queueing for retry
2026-05-02T02:00:32Z [INFO] Submitting task 67 try 1/3: group=binary_train_multi_seed kind=train config=configs/binary/real_msi_unetpp_resnet34.yaml split=test seed=49 attempt=2
2026-05-02T02:00:32Z [INFO] Submitted task 67 (binary_train_multi_seed, train, configs/binary/real_msi_unetpp_resnet34.yaml, seed=49) as job 818712, attempt 2
2026-05-02T02:00:53Z [INFO] Job 818700 for task 59 has left the Slurm queue; validating output
2026-05-02T02:00:53Z [ERROR] Task 59: status file reports state=failed; seed=51; message=train failed; see outputs/slurm/status/multi_seed_all_no_synth_20260430T192814Z/task_59_attempt_2.log; job_log=outputs/slurm/status/multi_seed_all_no_synth_20260430T192814Z/task_59_attempt_2.log
2026-05-02T02:00:53Z [ERROR] Task 59: validation failed; re-queueing for retry
2026-05-02T02:01:03Z [INFO] Submitting task 59 try 1/3: group=binary_train_multi_seed kind=train config=configs/binary/rgb_segformer_b1.yaml split=test seed=51 attempt=3
2026-05-02T02:01:03Z [INFO] Submitted task 59 (binary_train_multi_seed, train, configs/binary/rgb_segformer_b1.yaml, seed=51) as job 818713, attempt 3
2026-05-02T02:01:24Z [INFO] Job 818701 for task 60 has left the Slurm queue; validating output
2026-05-02T02:01:24Z [ERROR] Task 60: status file reports state=failed; seed=42; message=train failed; see outputs/slurm/status/multi_seed_all_no_synth_20260430T192814Z/task_60_attempt_2.log; job_log=outputs/slurm/status/multi_seed_all_no_synth_20260430T192814Z/task_60_attempt_2.log
2026-05-02T02:01:24Z [ERROR] Task 60: validation failed; re-queueing for retry
2026-05-02T02:01:34Z [INFO] Submitting task 60 try 1/3: group=binary_train_multi_seed kind=train config=configs/binary/real_msi_unetpp_resnet34.yaml split=test seed=42 attempt=3
2026-05-02T02:01:34Z [INFO] Submitted task 60 (binary_train_multi_seed, train, configs/binary/real_msi_unetpp_resnet34.yaml, seed=42) as job 818714, attempt 3
2026-05-02T02:01:55Z [INFO] Job 818705 for task 68 has left the Slurm queue; validating output
2026-05-02T02:01:55Z [ERROR] Task 68: status file reports state=failed; seed=50; message=train failed; see outputs/slurm/status/multi_seed_all_no_synth_20260430T192814Z/task_68_attempt_1.log; job_log=outputs/slurm/status/multi_seed_all_no_synth_20260430T192814Z/task_68_attempt_1.log
2026-05-02T02:01:55Z [ERROR] Task 68: validation failed; re-queueing for retry
2026-05-02T02:02:05Z [INFO] Submitting task 68 try 1/3: group=binary_train_multi_seed kind=train config=configs/binary/real_msi_unetpp_resnet34.yaml split=test seed=50 attempt=2
2026-05-02T02:02:05Z [INFO] Submitted task 68 (binary_train_multi_seed, train, configs/binary/real_msi_unetpp_resnet34.yaml, seed=50) as job 818715, attempt 2
2026-05-02T02:02:16Z [INFO] Job 818706 for task 62 has left the Slurm queue; validating output
2026-05-02T02:02:16Z [ERROR] Task 62: status file reports state=failed; seed=44; message=train failed; see outputs/slurm/status/multi_seed_all_no_synth_20260430T192814Z/task_62_attempt_2.log; job_log=outputs/slurm/status/multi_seed_all_no_synth_20260430T192814Z/task_62_attempt_2.log
2026-05-02T02:02:16Z [ERROR] Task 62: validation failed; re-queueing for retry
2026-05-02T02:02:26Z [INFO] Submitting task 62 try 1/3: group=binary_train_multi_seed kind=train config=configs/binary/real_msi_unetpp_resnet34.yaml split=test seed=44 attempt=3
2026-05-02T02:02:26Z [INFO] Submitted task 62 (binary_train_multi_seed, train, configs/binary/real_msi_unetpp_resnet34.yaml, seed=44) as job 818716, attempt 3
2026-05-02T02:02:47Z [INFO] Job 818707 for task 63 has left the Slurm queue; validating output
2026-05-02T02:02:47Z [ERROR] Task 63: status file reports state=failed; seed=45; message=train failed; see outputs/slurm/status/multi_seed_all_no_synth_20260430T192814Z/task_63_attempt_2.log; job_log=outputs/slurm/status/multi_seed_all_no_synth_20260430T192814Z/task_63_attempt_2.log
2026-05-02T02:02:47Z [ERROR] Task 63: validation failed; re-queueing for retry
2026-05-02T02:02:57Z [INFO] Submitting task 63 try 1/3: group=binary_train_multi_seed kind=train config=configs/binary/real_msi_unetpp_resnet34.yaml split=test seed=45 attempt=3
2026-05-02T02:02:57Z [INFO] Submitted task 63 (binary_train_multi_seed, train, configs/binary/real_msi_unetpp_resnet34.yaml, seed=45) as job 818717, attempt 3
2026-05-02T02:03:17Z [INFO] Job 818709 for task 64 has left the Slurm queue; validating output
2026-05-02T02:03:18Z [ERROR] Task 64: status file reports state=failed; seed=46; message=train failed; see outputs/slurm/status/multi_seed_all_no_synth_20260430T192814Z/task_64_attempt_2.log; job_log=outputs/slurm/status/multi_seed_all_no_synth_20260430T192814Z/task_64_attempt_2.log
2026-05-02T02:03:18Z [ERROR] Task 64: validation failed; re-queueing for retry
2026-05-02T02:03:28Z [INFO] Submitting task 64 try 1/3: group=binary_train_multi_seed kind=train config=configs/binary/real_msi_unetpp_resnet34.yaml split=test seed=46 attempt=3
2026-05-02T02:03:28Z [INFO] Submitted task 64 (binary_train_multi_seed, train, configs/binary/real_msi_unetpp_resnet34.yaml, seed=46) as job 818718, attempt 3
2026-05-02T02:03:48Z [INFO] Job 818710 for task 65 has left the Slurm queue; validating output
2026-05-02T02:03:49Z [ERROR] Task 65: status file reports state=failed; seed=47; message=train failed; see outputs/slurm/status/multi_seed_all_no_synth_20260430T192814Z/task_65_attempt_2.log; job_log=outputs/slurm/status/multi_seed_all_no_synth_20260430T192814Z/task_65_attempt_2.log
2026-05-02T02:03:49Z [ERROR] Task 65: validation failed; re-queueing for retry
2026-05-02T02:03:59Z [INFO] Submitting task 65 try 1/3: group=binary_train_multi_seed kind=train config=configs/binary/real_msi_unetpp_resnet34.yaml split=test seed=47 attempt=3
2026-05-02T02:03:59Z [INFO] Submitted task 65 (binary_train_multi_seed, train, configs/binary/real_msi_unetpp_resnet34.yaml, seed=47) as job 818719, attempt 3
2026-05-02T02:04:20Z [INFO] Job 818711 for task 66 has left the Slurm queue; validating output
2026-05-02T02:04:20Z [ERROR] Task 66: status file reports state=failed; seed=48; message=train failed; see outputs/slurm/status/multi_seed_all_no_synth_20260430T192814Z/task_66_attempt_2.log; job_log=outputs/slurm/status/multi_seed_all_no_synth_20260430T192814Z/task_66_attempt_2.log
2026-05-02T02:04:20Z [ERROR] Task 66: validation failed; re-queueing for retry
2026-05-02T02:04:30Z [INFO] Submitting task 66 try 1/3: group=binary_train_multi_seed kind=train config=configs/binary/real_msi_unetpp_resnet34.yaml split=test seed=48 attempt=3
2026-05-02T02:04:30Z [INFO] Submitted task 66 (binary_train_multi_seed, train, configs/binary/real_msi_unetpp_resnet34.yaml, seed=48) as job 818720, attempt 3
2026-05-02T02:04:51Z [INFO] Job 818712 for task 67 has left the Slurm queue; validating output
2026-05-02T02:04:51Z [ERROR] Task 67: status file reports state=failed; seed=49; message=train failed; see outputs/slurm/status/multi_seed_all_no_synth_20260430T192814Z/task_67_attempt_2.log; job_log=outputs/slurm/status/multi_seed_all_no_synth_20260430T192814Z/task_67_attempt_2.log
2026-05-02T02:04:51Z [ERROR] Task 67: validation failed; re-queueing for retry
2026-05-02T02:05:01Z [INFO] Submitting task 67 try 1/3: group=binary_train_multi_seed kind=train config=configs/binary/real_msi_unetpp_resnet34.yaml split=test seed=49 attempt=3
2026-05-02T02:05:01Z [INFO] Submitted task 67 (binary_train_multi_seed, train, configs/binary/real_msi_unetpp_resnet34.yaml, seed=49) as job 818721, attempt 3
2026-05-02T02:05:22Z [INFO] Job 818713 for task 59 has left the Slurm queue; validating output
2026-05-02T02:05:22Z [ERROR] Task 59: status file reports state=failed; seed=51; message=train failed; see outputs/slurm/status/multi_seed_all_no_synth_20260430T192814Z/task_59_attempt_3.log; job_log=outputs/slurm/status/multi_seed_all_no_synth_20260430T192814Z/task_59_attempt_3.log
2026-05-02T02:05:22Z [ERROR] Task 59: validation failed; re-queueing for retry
2026-05-02T02:05:32Z [INFO] Submitting task 59 try 1/3: group=binary_train_multi_seed kind=train config=configs/binary/rgb_segformer_b1.yaml split=test seed=51 attempt=4
2026-05-02T02:05:32Z [INFO] Submitted task 59 (binary_train_multi_seed, train, configs/binary/rgb_segformer_b1.yaml, seed=51) as job 818722, attempt 4
2026-05-02T02:05:52Z [INFO] Job 818714 for task 60 has left the Slurm queue; validating output
2026-05-02T02:05:53Z [ERROR] Task 60: status file reports state=failed; seed=42; message=train failed; see outputs/slurm/status/multi_seed_all_no_synth_20260430T192814Z/task_60_attempt_3.log; job_log=outputs/slurm/status/multi_seed_all_no_synth_20260430T192814Z/task_60_attempt_3.log
2026-05-02T02:05:53Z [ERROR] Task 60: validation failed; re-queueing for retry
2026-05-02T02:06:03Z [INFO] Submitting task 60 try 1/3: group=binary_train_multi_seed kind=train config=configs/binary/real_msi_unetpp_resnet34.yaml split=test seed=42 attempt=4
2026-05-02T02:06:03Z [INFO] Submitted task 60 (binary_train_multi_seed, train, configs/binary/real_msi_unetpp_resnet34.yaml, seed=42) as job 818723, attempt 4
2026-05-02T02:06:23Z [INFO] Job 818715 for task 68 has left the Slurm queue; validating output
2026-05-02T02:06:23Z [ERROR] Task 68: status file reports state=failed; seed=50; message=train failed; see outputs/slurm/status/multi_seed_all_no_synth_20260430T192814Z/task_68_attempt_2.log; job_log=outputs/slurm/status/multi_seed_all_no_synth_20260430T192814Z/task_68_attempt_2.log
2026-05-02T02:06:23Z [ERROR] Task 68: validation failed; re-queueing for retry
2026-05-02T02:06:34Z [INFO] Submitting task 68 try 1/3: group=binary_train_multi_seed kind=train config=configs/binary/real_msi_unetpp_resnet34.yaml split=test seed=50 attempt=3
2026-05-02T02:06:34Z [INFO] Submitted task 68 (binary_train_multi_seed, train, configs/binary/real_msi_unetpp_resnet34.yaml, seed=50) as job 818724, attempt 3
2026-05-02T02:06:54Z [INFO] Job 818716 for task 62 has left the Slurm queue; validating output
2026-05-02T02:06:55Z [ERROR] Task 62: status file reports state=failed; seed=44; message=train failed; see outputs/slurm/status/multi_seed_all_no_synth_20260430T192814Z/task_62_attempt_3.log; job_log=outputs/slurm/status/multi_seed_all_no_synth_20260430T192814Z/task_62_attempt_3.log
2026-05-02T02:06:55Z [ERROR] Task 62: validation failed; re-queueing for retry
2026-05-02T02:07:05Z [INFO] Submitting task 62 try 1/3: group=binary_train_multi_seed kind=train config=configs/binary/real_msi_unetpp_resnet34.yaml split=test seed=44 attempt=4
2026-05-02T02:07:05Z [INFO] Submitted task 62 (binary_train_multi_seed, train, configs/binary/real_msi_unetpp_resnet34.yaml, seed=44) as job 818725, attempt 4
2026-05-02T02:22:10Z [INFO] Job 818505 for task 53 has left the Slurm queue; validating output
2026-05-02T02:22:10Z [INFO] Task 53 completed successfully
2026-05-02T02:22:20Z [INFO] Submitting task 69 try 1/3: group=binary_train_multi_seed kind=train config=configs/binary/real_msi_unetpp_resnet34.yaml split=test seed=51 attempt=1
2026-05-02T02:22:20Z [INFO] Submitted task 69 (binary_train_multi_seed, train, configs/binary/real_msi_unetpp_resnet34.yaml, seed=51) as job 818727, attempt 1
2026-05-02T02:45:37Z [INFO] Job 818539 for task 54 has left the Slurm queue; validating output
2026-05-02T02:45:38Z [INFO] Task 54 completed successfully
2026-05-02T02:45:48Z [INFO] Submitting task 70 try 1/3: group=binary_train_multi_seed kind=train config=configs/binary/real_msi_unetpp_resnet50.yaml split=test seed=42 attempt=1
2026-05-02T02:45:48Z [INFO] Submitted task 70 (binary_train_multi_seed, train, configs/binary/real_msi_unetpp_resnet50.yaml, seed=42) as job 818728, attempt 1
2026-05-02T03:30:46Z [INFO] Job 818584 for task 55 has left the Slurm queue; validating output
2026-05-02T03:30:46Z [INFO] Task 55 completed successfully
2026-05-02T03:30:57Z [INFO] Submitting task 71 try 1/3: group=binary_train_multi_seed kind=train config=configs/binary/real_msi_unetpp_resnet50.yaml split=test seed=43 attempt=1
2026-05-02T03:30:57Z [INFO] Submitted task 71 (binary_train_multi_seed, train, configs/binary/real_msi_unetpp_resnet50.yaml, seed=43) as job 818733, attempt 1
2026-05-02T03:31:17Z [INFO] Job 818720 for task 66 has left the Slurm queue; validating output
2026-05-02T03:31:18Z [ERROR] Task 66: status file reports state=failed; seed=48; message=train failed; see outputs/slurm/status/multi_seed_all_no_synth_20260430T192814Z/task_66_attempt_3.log; job_log=outputs/slurm/status/multi_seed_all_no_synth_20260430T192814Z/task_66_attempt_3.log
2026-05-02T03:31:18Z [ERROR] Task 66: validation failed; re-queueing for retry
2026-05-02T03:31:28Z [INFO] Submitting task 66 try 1/3: group=binary_train_multi_seed kind=train config=configs/binary/real_msi_unetpp_resnet34.yaml split=test seed=48 attempt=4
2026-05-02T03:31:28Z [INFO] Submitted task 66 (binary_train_multi_seed, train, configs/binary/real_msi_unetpp_resnet34.yaml, seed=48) as job 818734, attempt 4
2026-05-02T03:31:48Z [INFO] Job 818721 for task 67 has left the Slurm queue; validating output
2026-05-02T03:31:49Z [ERROR] Task 67: status file reports state=failed; seed=49; message=train failed; see outputs/slurm/status/multi_seed_all_no_synth_20260430T192814Z/task_67_attempt_3.log; job_log=outputs/slurm/status/multi_seed_all_no_synth_20260430T192814Z/task_67_attempt_3.log
2026-05-02T03:31:49Z [ERROR] Task 67: validation failed; re-queueing for retry
2026-05-02T03:31:59Z [INFO] Submitting task 67 try 1/3: group=binary_train_multi_seed kind=train config=configs/binary/real_msi_unetpp_resnet34.yaml split=test seed=49 attempt=4
2026-05-02T03:31:59Z [INFO] Submitted task 67 (binary_train_multi_seed, train, configs/binary/real_msi_unetpp_resnet34.yaml, seed=49) as job 818735, attempt 4
2026-05-02T03:32:19Z [INFO] Job 818722 for task 59 has left the Slurm queue; validating output
2026-05-02T03:32:19Z [ERROR] Task 59: status file reports state=failed; seed=51; message=train failed; see outputs/slurm/status/multi_seed_all_no_synth_20260430T192814Z/task_59_attempt_4.log; job_log=outputs/slurm/status/multi_seed_all_no_synth_20260430T192814Z/task_59_attempt_4.log
2026-05-02T03:32:19Z [ERROR] Task 59: permanent failure after 4 attempt(s)
2026-05-02T03:32:29Z [INFO] Submitting task 72 try 1/3: group=binary_train_multi_seed kind=train config=configs/binary/real_msi_unetpp_resnet50.yaml split=test seed=44 attempt=1
2026-05-02T03:32:30Z [INFO] Submitted task 72 (binary_train_multi_seed, train, configs/binary/real_msi_unetpp_resnet50.yaml, seed=44) as job 818736, attempt 1
2026-05-02T03:32:50Z [INFO] Job 818723 for task 60 has left the Slurm queue; validating output
2026-05-02T03:32:50Z [ERROR] Task 60: status file reports state=failed; seed=42; message=train failed; see outputs/slurm/status/multi_seed_all_no_synth_20260430T192814Z/task_60_attempt_4.log; job_log=outputs/slurm/status/multi_seed_all_no_synth_20260430T192814Z/task_60_attempt_4.log
2026-05-02T03:32:50Z [ERROR] Task 60: permanent failure after 4 attempt(s)
2026-05-02T03:33:00Z [INFO] Submitting task 73 try 1/3: group=binary_train_multi_seed kind=train config=configs/binary/real_msi_unetpp_resnet50.yaml split=test seed=45 attempt=1
2026-05-02T03:33:00Z [INFO] Submitted task 73 (binary_train_multi_seed, train, configs/binary/real_msi_unetpp_resnet50.yaml, seed=45) as job 818737, attempt 1
2026-05-02T03:33:21Z [INFO] Job 818724 for task 68 has left the Slurm queue; validating output
2026-05-02T03:33:21Z [ERROR] Task 68: status file reports state=failed; seed=50; message=train failed; see outputs/slurm/status/multi_seed_all_no_synth_20260430T192814Z/task_68_attempt_3.log; job_log=outputs/slurm/status/multi_seed_all_no_synth_20260430T192814Z/task_68_attempt_3.log
2026-05-02T03:33:21Z [ERROR] Task 68: validation failed; re-queueing for retry
2026-05-02T03:33:31Z [INFO] Submitting task 68 try 1/3: group=binary_train_multi_seed kind=train config=configs/binary/real_msi_unetpp_resnet34.yaml split=test seed=50 attempt=4
2026-05-02T03:33:31Z [INFO] Submitted task 68 (binary_train_multi_seed, train, configs/binary/real_msi_unetpp_resnet34.yaml, seed=50) as job 818738, attempt 4
2026-05-02T03:33:52Z [INFO] Job 818725 for task 62 has left the Slurm queue; validating output
2026-05-02T03:33:52Z [ERROR] Task 62: status file reports state=failed; seed=44; message=train failed; see outputs/slurm/status/multi_seed_all_no_synth_20260430T192814Z/task_62_attempt_4.log; job_log=outputs/slurm/status/multi_seed_all_no_synth_20260430T192814Z/task_62_attempt_4.log
2026-05-02T03:33:52Z [ERROR] Task 62: permanent failure after 4 attempt(s)
2026-05-02T03:34:03Z [INFO] Submitting task 74 try 1/3: group=binary_train_multi_seed kind=train config=configs/binary/real_msi_unetpp_resnet50.yaml split=test seed=46 attempt=1
2026-05-02T03:34:03Z [INFO] Submitted task 74 (binary_train_multi_seed, train, configs/binary/real_msi_unetpp_resnet50.yaml, seed=46) as job 818739, attempt 1
2026-05-02T03:34:23Z [INFO] Job 818727 for task 69 has left the Slurm queue; validating output
2026-05-02T03:34:23Z [ERROR] Task 69: status file reports state=failed; seed=51; message=train failed; see outputs/slurm/status/multi_seed_all_no_synth_20260430T192814Z/task_69_attempt_1.log; job_log=outputs/slurm/status/multi_seed_all_no_synth_20260430T192814Z/task_69_attempt_1.log
2026-05-02T03:34:23Z [ERROR] Task 69: validation failed; re-queueing for retry
2026-05-02T03:34:33Z [INFO] Submitting task 69 try 1/3: group=binary_train_multi_seed kind=train config=configs/binary/real_msi_unetpp_resnet34.yaml split=test seed=51 attempt=2
2026-05-02T03:34:33Z [INFO] Submitted task 69 (binary_train_multi_seed, train, configs/binary/real_msi_unetpp_resnet34.yaml, seed=51) as job 818740, attempt 2
2026-05-02T03:34:54Z [INFO] Job 818728 for task 70 has left the Slurm queue; validating output
2026-05-02T03:34:54Z [ERROR] Task 70: status file reports state=failed; seed=42; message=train failed; see outputs/slurm/status/multi_seed_all_no_synth_20260430T192814Z/task_70_attempt_1.log; job_log=outputs/slurm/status/multi_seed_all_no_synth_20260430T192814Z/task_70_attempt_1.log
2026-05-02T03:34:54Z [ERROR] Task 70: validation failed; re-queueing for retry
2026-05-02T03:35:04Z [INFO] Submitting task 70 try 1/3: group=binary_train_multi_seed kind=train config=configs/binary/real_msi_unetpp_resnet50.yaml split=test seed=42 attempt=2
2026-05-02T03:35:04Z [INFO] Submitted task 70 (binary_train_multi_seed, train, configs/binary/real_msi_unetpp_resnet50.yaml, seed=42) as job 818741, attempt 2
2026-05-02T03:35:25Z [INFO] Job 818733 for task 71 has left the Slurm queue; validating output
2026-05-02T03:35:25Z [ERROR] Task 71: status file reports state=failed; seed=43; message=train failed; see outputs/slurm/status/multi_seed_all_no_synth_20260430T192814Z/task_71_attempt_1.log; job_log=outputs/slurm/status/multi_seed_all_no_synth_20260430T192814Z/task_71_attempt_1.log
2026-05-02T03:35:25Z [ERROR] Task 71: validation failed; re-queueing for retry
2026-05-02T03:35:35Z [INFO] Submitting task 71 try 1/3: group=binary_train_multi_seed kind=train config=configs/binary/real_msi_unetpp_resnet50.yaml split=test seed=43 attempt=2
2026-05-02T03:35:35Z [INFO] Submitted task 71 (binary_train_multi_seed, train, configs/binary/real_msi_unetpp_resnet50.yaml, seed=43) as job 818742, attempt 2
2026-05-02T03:35:56Z [INFO] Job 818734 for task 66 has left the Slurm queue; validating output
2026-05-02T03:35:56Z [ERROR] Task 66: status file reports state=failed; seed=48; message=train failed; see outputs/slurm/status/multi_seed_all_no_synth_20260430T192814Z/task_66_attempt_4.log; job_log=outputs/slurm/status/multi_seed_all_no_synth_20260430T192814Z/task_66_attempt_4.log
2026-05-02T03:35:56Z [ERROR] Task 66: permanent failure after 4 attempt(s)
2026-05-02T03:36:06Z [INFO] Submitting task 75 try 1/3: group=binary_train_multi_seed kind=train config=configs/binary/real_msi_unetpp_resnet50.yaml split=test seed=47 attempt=1
2026-05-02T03:36:06Z [INFO] Submitted task 75 (binary_train_multi_seed, train, configs/binary/real_msi_unetpp_resnet50.yaml, seed=47) as job 818743, attempt 1
2026-05-02T03:36:27Z [INFO] Job 818735 for task 67 has left the Slurm queue; validating output
2026-05-02T03:36:27Z [ERROR] Task 67: status file reports state=failed; seed=49; message=train failed; see outputs/slurm/status/multi_seed_all_no_synth_20260430T192814Z/task_67_attempt_4.log; job_log=outputs/slurm/status/multi_seed_all_no_synth_20260430T192814Z/task_67_attempt_4.log
2026-05-02T03:36:27Z [ERROR] Task 67: permanent failure after 4 attempt(s)
2026-05-02T03:36:37Z [INFO] Submitting task 76 try 1/3: group=binary_train_multi_seed kind=train config=configs/binary/real_msi_unetpp_resnet50.yaml split=test seed=48 attempt=1
2026-05-02T03:36:37Z [INFO] Submitted task 76 (binary_train_multi_seed, train, configs/binary/real_msi_unetpp_resnet50.yaml, seed=48) as job 818744, attempt 1
2026-05-02T03:36:58Z [INFO] Job 818736 for task 72 has left the Slurm queue; validating output
2026-05-02T03:36:58Z [ERROR] Task 72: status file reports state=failed; seed=44; message=train failed; see outputs/slurm/status/multi_seed_all_no_synth_20260430T192814Z/task_72_attempt_1.log; job_log=outputs/slurm/status/multi_seed_all_no_synth_20260430T192814Z/task_72_attempt_1.log
2026-05-02T03:36:58Z [ERROR] Task 72: validation failed; re-queueing for retry
2026-05-02T03:37:08Z [INFO] Submitting task 72 try 1/3: group=binary_train_multi_seed kind=train config=configs/binary/real_msi_unetpp_resnet50.yaml split=test seed=44 attempt=2
2026-05-02T03:37:08Z [INFO] Submitted task 72 (binary_train_multi_seed, train, configs/binary/real_msi_unetpp_resnet50.yaml, seed=44) as job 818745, attempt 2
2026-05-02T03:37:18Z [INFO] Job 818737 for task 73 has left the Slurm queue; validating output
2026-05-02T03:37:18Z [ERROR] Task 73: status file reports state=failed; seed=45; message=train failed; see outputs/slurm/status/multi_seed_all_no_synth_20260430T192814Z/task_73_attempt_1.log; job_log=outputs/slurm/status/multi_seed_all_no_synth_20260430T192814Z/task_73_attempt_1.log
2026-05-02T03:37:18Z [ERROR] Task 73: validation failed; re-queueing for retry
2026-05-02T03:37:29Z [INFO] Submitting task 73 try 1/3: group=binary_train_multi_seed kind=train config=configs/binary/real_msi_unetpp_resnet50.yaml split=test seed=45 attempt=2
2026-05-02T03:37:29Z [INFO] Submitted task 73 (binary_train_multi_seed, train, configs/binary/real_msi_unetpp_resnet50.yaml, seed=45) as job 818746, attempt 2
2026-05-02T03:37:49Z [INFO] Job 818738 for task 68 has left the Slurm queue; validating output
2026-05-02T03:37:49Z [ERROR] Task 68: status file reports state=failed; seed=50; message=train failed; see outputs/slurm/status/multi_seed_all_no_synth_20260430T192814Z/task_68_attempt_4.log; job_log=outputs/slurm/status/multi_seed_all_no_synth_20260430T192814Z/task_68_attempt_4.log
2026-05-02T03:37:49Z [ERROR] Task 68: permanent failure after 4 attempt(s)
2026-05-02T03:37:59Z [INFO] Submitting task 77 try 1/3: group=binary_train_multi_seed kind=train config=configs/binary/real_msi_unetpp_resnet50.yaml split=test seed=49 attempt=1
2026-05-02T03:37:59Z [INFO] Submitted task 77 (binary_train_multi_seed, train, configs/binary/real_msi_unetpp_resnet50.yaml, seed=49) as job 818747, attempt 1
2026-05-02T03:38:20Z [INFO] Job 818739 for task 74 has left the Slurm queue; validating output
2026-05-02T03:38:20Z [ERROR] Task 74: status file reports state=failed; seed=46; message=train failed; see outputs/slurm/status/multi_seed_all_no_synth_20260430T192814Z/task_74_attempt_1.log; job_log=outputs/slurm/status/multi_seed_all_no_synth_20260430T192814Z/task_74_attempt_1.log
2026-05-02T03:38:20Z [ERROR] Task 74: validation failed; re-queueing for retry
2026-05-02T03:38:30Z [INFO] Submitting task 74 try 1/3: group=binary_train_multi_seed kind=train config=configs/binary/real_msi_unetpp_resnet50.yaml split=test seed=46 attempt=2
2026-05-02T03:38:30Z [INFO] Submitted task 74 (binary_train_multi_seed, train, configs/binary/real_msi_unetpp_resnet50.yaml, seed=46) as job 818748, attempt 2
2026-05-02T03:38:51Z [INFO] Job 818740 for task 69 has left the Slurm queue; validating output
2026-05-02T03:38:51Z [ERROR] Task 69: status file reports state=failed; seed=51; message=train failed; see outputs/slurm/status/multi_seed_all_no_synth_20260430T192814Z/task_69_attempt_2.log; job_log=outputs/slurm/status/multi_seed_all_no_synth_20260430T192814Z/task_69_attempt_2.log
2026-05-02T03:38:51Z [ERROR] Task 69: validation failed; re-queueing for retry
2026-05-02T03:39:01Z [INFO] Submitting task 69 try 1/3: group=binary_train_multi_seed kind=train config=configs/binary/real_msi_unetpp_resnet34.yaml split=test seed=51 attempt=3
2026-05-02T03:39:01Z [INFO] Submitted task 69 (binary_train_multi_seed, train, configs/binary/real_msi_unetpp_resnet34.yaml, seed=51) as job 818749, attempt 3
2026-05-02T03:39:22Z [INFO] Job 818741 for task 70 has left the Slurm queue; validating output
2026-05-02T03:39:22Z [ERROR] Task 70: status file reports state=failed; seed=42; message=train failed; see outputs/slurm/status/multi_seed_all_no_synth_20260430T192814Z/task_70_attempt_2.log; job_log=outputs/slurm/status/multi_seed_all_no_synth_20260430T192814Z/task_70_attempt_2.log
2026-05-02T03:39:22Z [ERROR] Task 70: validation failed; re-queueing for retry
2026-05-02T03:39:32Z [INFO] Submitting task 70 try 1/3: group=binary_train_multi_seed kind=train config=configs/binary/real_msi_unetpp_resnet50.yaml split=test seed=42 attempt=3
2026-05-02T03:39:32Z [INFO] Submitted task 70 (binary_train_multi_seed, train, configs/binary/real_msi_unetpp_resnet50.yaml, seed=42) as job 818750, attempt 3
2026-05-02T03:39:53Z [INFO] Job 818742 for task 71 has left the Slurm queue; validating output
2026-05-02T03:39:53Z [ERROR] Task 71: status file reports state=failed; seed=43; message=train failed; see outputs/slurm/status/multi_seed_all_no_synth_20260430T192814Z/task_71_attempt_2.log; job_log=outputs/slurm/status/multi_seed_all_no_synth_20260430T192814Z/task_71_attempt_2.log
2026-05-02T03:39:53Z [ERROR] Task 71: validation failed; re-queueing for retry
2026-05-02T03:40:03Z [INFO] Submitting task 71 try 1/3: group=binary_train_multi_seed kind=train config=configs/binary/real_msi_unetpp_resnet50.yaml split=test seed=43 attempt=3
2026-05-02T03:40:03Z [INFO] Submitted task 71 (binary_train_multi_seed, train, configs/binary/real_msi_unetpp_resnet50.yaml, seed=43) as job 818751, attempt 3
2026-05-02T03:40:24Z [INFO] Job 818743 for task 75 has left the Slurm queue; validating output
2026-05-02T03:40:24Z [ERROR] Task 75: status file reports state=failed; seed=47; message=train failed; see outputs/slurm/status/multi_seed_all_no_synth_20260430T192814Z/task_75_attempt_1.log; job_log=outputs/slurm/status/multi_seed_all_no_synth_20260430T192814Z/task_75_attempt_1.log
2026-05-02T03:40:24Z [ERROR] Task 75: validation failed; re-queueing for retry
2026-05-02T03:40:34Z [INFO] Submitting task 75 try 1/3: group=binary_train_multi_seed kind=train config=configs/binary/real_msi_unetpp_resnet50.yaml split=test seed=47 attempt=2
2026-05-02T03:40:34Z [INFO] Submitted task 75 (binary_train_multi_seed, train, configs/binary/real_msi_unetpp_resnet50.yaml, seed=47) as job 818752, attempt 2
2026-05-02T03:40:55Z [INFO] Job 818744 for task 76 has left the Slurm queue; validating output
2026-05-02T03:40:55Z [ERROR] Task 76: status file reports state=failed; seed=48; message=train failed; see outputs/slurm/status/multi_seed_all_no_synth_20260430T192814Z/task_76_attempt_1.log; job_log=outputs/slurm/status/multi_seed_all_no_synth_20260430T192814Z/task_76_attempt_1.log
2026-05-02T03:40:55Z [ERROR] Task 76: validation failed; re-queueing for retry
2026-05-02T03:41:05Z [INFO] Submitting task 76 try 1/3: group=binary_train_multi_seed kind=train config=configs/binary/real_msi_unetpp_resnet50.yaml split=test seed=48 attempt=2
2026-05-02T03:41:05Z [INFO] Submitted task 76 (binary_train_multi_seed, train, configs/binary/real_msi_unetpp_resnet50.yaml, seed=48) as job 818753, attempt 2
2026-05-02T03:41:26Z [INFO] Job 818745 for task 72 has left the Slurm queue; validating output
2026-05-02T03:41:26Z [ERROR] Task 72: status file reports state=failed; seed=44; message=train failed; see outputs/slurm/status/multi_seed_all_no_synth_20260430T192814Z/task_72_attempt_2.log; job_log=outputs/slurm/status/multi_seed_all_no_synth_20260430T192814Z/task_72_attempt_2.log
2026-05-02T03:41:26Z [ERROR] Task 72: validation failed; re-queueing for retry
2026-05-02T03:41:36Z [INFO] Submitting task 72 try 1/3: group=binary_train_multi_seed kind=train config=configs/binary/real_msi_unetpp_resnet50.yaml split=test seed=44 attempt=3
2026-05-02T03:41:36Z [INFO] Submitted task 72 (binary_train_multi_seed, train, configs/binary/real_msi_unetpp_resnet50.yaml, seed=44) as job 818754, attempt 3
2026-05-02T03:41:57Z [INFO] Job 818746 for task 73 has left the Slurm queue; validating output
2026-05-02T03:41:57Z [ERROR] Task 73: status file reports state=failed; seed=45; message=train failed; see outputs/slurm/status/multi_seed_all_no_synth_20260430T192814Z/task_73_attempt_2.log; job_log=outputs/slurm/status/multi_seed_all_no_synth_20260430T192814Z/task_73_attempt_2.log
2026-05-02T03:41:57Z [ERROR] Task 73: validation failed; re-queueing for retry
2026-05-02T03:42:07Z [INFO] Submitting task 73 try 1/3: group=binary_train_multi_seed kind=train config=configs/binary/real_msi_unetpp_resnet50.yaml split=test seed=45 attempt=3
2026-05-02T03:42:08Z [INFO] Submitted task 73 (binary_train_multi_seed, train, configs/binary/real_msi_unetpp_resnet50.yaml, seed=45) as job 818755, attempt 3
2026-05-02T03:42:18Z [INFO] Job 818747 for task 77 has left the Slurm queue; validating output
2026-05-02T03:42:18Z [ERROR] Task 77: status file reports state=failed; seed=49; message=train failed; see outputs/slurm/status/multi_seed_all_no_synth_20260430T192814Z/task_77_attempt_1.log; job_log=outputs/slurm/status/multi_seed_all_no_synth_20260430T192814Z/task_77_attempt_1.log
2026-05-02T03:42:18Z [ERROR] Task 77: validation failed; re-queueing for retry
2026-05-02T03:42:28Z [INFO] Submitting task 77 try 1/3: group=binary_train_multi_seed kind=train config=configs/binary/real_msi_unetpp_resnet50.yaml split=test seed=49 attempt=2
2026-05-02T03:42:28Z [INFO] Submitted task 77 (binary_train_multi_seed, train, configs/binary/real_msi_unetpp_resnet50.yaml, seed=49) as job 818756, attempt 2
2026-05-02T03:42:59Z [INFO] Job 818748 for task 74 has left the Slurm queue; validating output
2026-05-02T03:42:59Z [ERROR] Task 74: status file reports state=failed; seed=46; message=train failed; see outputs/slurm/status/multi_seed_all_no_synth_20260430T192814Z/task_74_attempt_2.log; job_log=outputs/slurm/status/multi_seed_all_no_synth_20260430T192814Z/task_74_attempt_2.log
2026-05-02T03:42:59Z [ERROR] Task 74: validation failed; re-queueing for retry
2026-05-02T03:43:09Z [INFO] Submitting task 74 try 1/3: group=binary_train_multi_seed kind=train config=configs/binary/real_msi_unetpp_resnet50.yaml split=test seed=46 attempt=3
2026-05-02T03:43:10Z [INFO] Submitted task 74 (binary_train_multi_seed, train, configs/binary/real_msi_unetpp_resnet50.yaml, seed=46) as job 818757, attempt 3
2026-05-02T03:43:20Z [INFO] Job 818749 for task 69 has left the Slurm queue; validating output
2026-05-02T03:43:20Z [ERROR] Task 69: status file reports state=failed; seed=51; message=train failed; see outputs/slurm/status/multi_seed_all_no_synth_20260430T192814Z/task_69_attempt_3.log; job_log=outputs/slurm/status/multi_seed_all_no_synth_20260430T192814Z/task_69_attempt_3.log
2026-05-02T03:43:20Z [ERROR] Task 69: validation failed; re-queueing for retry
2026-05-02T03:43:30Z [INFO] Submitting task 69 try 1/3: group=binary_train_multi_seed kind=train config=configs/binary/real_msi_unetpp_resnet34.yaml split=test seed=51 attempt=4
2026-05-02T03:43:30Z [INFO] Submitted task 69 (binary_train_multi_seed, train, configs/binary/real_msi_unetpp_resnet34.yaml, seed=51) as job 818758, attempt 4
2026-05-02T03:43:51Z [INFO] Job 818750 for task 70 has left the Slurm queue; validating output
2026-05-02T03:43:51Z [ERROR] Task 70: status file reports state=failed; seed=42; message=train failed; see outputs/slurm/status/multi_seed_all_no_synth_20260430T192814Z/task_70_attempt_3.log; job_log=outputs/slurm/status/multi_seed_all_no_synth_20260430T192814Z/task_70_attempt_3.log
2026-05-02T03:43:51Z [ERROR] Task 70: validation failed; re-queueing for retry
2026-05-02T03:44:01Z [INFO] Submitting task 70 try 1/3: group=binary_train_multi_seed kind=train config=configs/binary/real_msi_unetpp_resnet50.yaml split=test seed=42 attempt=4
2026-05-02T03:44:01Z [INFO] Submitted task 70 (binary_train_multi_seed, train, configs/binary/real_msi_unetpp_resnet50.yaml, seed=42) as job 818759, attempt 4
2026-05-02T03:44:22Z [INFO] Job 818751 for task 71 has left the Slurm queue; validating output
2026-05-02T03:44:22Z [ERROR] Task 71: status file reports state=failed; seed=43; message=train failed; see outputs/slurm/status/multi_seed_all_no_synth_20260430T192814Z/task_71_attempt_3.log; job_log=outputs/slurm/status/multi_seed_all_no_synth_20260430T192814Z/task_71_attempt_3.log
2026-05-02T03:44:22Z [ERROR] Task 71: validation failed; re-queueing for retry
2026-05-02T03:44:32Z [INFO] Submitting task 71 try 1/3: group=binary_train_multi_seed kind=train config=configs/binary/real_msi_unetpp_resnet50.yaml split=test seed=43 attempt=4
2026-05-02T03:44:32Z [INFO] Submitted task 71 (binary_train_multi_seed, train, configs/binary/real_msi_unetpp_resnet50.yaml, seed=43) as job 818760, attempt 4
2026-05-02T03:44:53Z [INFO] Job 818752 for task 75 has left the Slurm queue; validating output
2026-05-02T03:44:53Z [ERROR] Task 75: status file reports state=failed; seed=47; message=train failed; see outputs/slurm/status/multi_seed_all_no_synth_20260430T192814Z/task_75_attempt_2.log; job_log=outputs/slurm/status/multi_seed_all_no_synth_20260430T192814Z/task_75_attempt_2.log
2026-05-02T03:44:53Z [ERROR] Task 75: validation failed; re-queueing for retry
2026-05-02T03:45:03Z [INFO] Submitting task 75 try 1/3: group=binary_train_multi_seed kind=train config=configs/binary/real_msi_unetpp_resnet50.yaml split=test seed=47 attempt=3
2026-05-02T03:45:03Z [INFO] Submitted task 75 (binary_train_multi_seed, train, configs/binary/real_msi_unetpp_resnet50.yaml, seed=47) as job 818761, attempt 3
2026-05-02T03:45:24Z [INFO] Job 818753 for task 76 has left the Slurm queue; validating output
2026-05-02T03:45:24Z [ERROR] Task 76: status file reports state=failed; seed=48; message=train failed; see outputs/slurm/status/multi_seed_all_no_synth_20260430T192814Z/task_76_attempt_2.log; job_log=outputs/slurm/status/multi_seed_all_no_synth_20260430T192814Z/task_76_attempt_2.log
2026-05-02T03:45:24Z [ERROR] Task 76: validation failed; re-queueing for retry
2026-05-02T03:45:34Z [INFO] Submitting task 76 try 1/3: group=binary_train_multi_seed kind=train config=configs/binary/real_msi_unetpp_resnet50.yaml split=test seed=48 attempt=3
2026-05-02T03:45:34Z [INFO] Submitted task 76 (binary_train_multi_seed, train, configs/binary/real_msi_unetpp_resnet50.yaml, seed=48) as job 818762, attempt 3
2026-05-02T03:45:55Z [INFO] Job 818754 for task 72 has left the Slurm queue; validating output
2026-05-02T03:45:55Z [ERROR] Task 72: status file reports state=failed; seed=44; message=train failed; see outputs/slurm/status/multi_seed_all_no_synth_20260430T192814Z/task_72_attempt_3.log; job_log=outputs/slurm/status/multi_seed_all_no_synth_20260430T192814Z/task_72_attempt_3.log
2026-05-02T03:45:55Z [ERROR] Task 72: validation failed; re-queueing for retry
2026-05-02T03:46:05Z [INFO] Submitting task 72 try 1/3: group=binary_train_multi_seed kind=train config=configs/binary/real_msi_unetpp_resnet50.yaml split=test seed=44 attempt=4
2026-05-02T03:46:05Z [INFO] Submitted task 72 (binary_train_multi_seed, train, configs/binary/real_msi_unetpp_resnet50.yaml, seed=44) as job 818763, attempt 4
2026-05-02T03:46:26Z [INFO] Job 818755 for task 73 has left the Slurm queue; validating output
2026-05-02T03:46:27Z [ERROR] Task 73: status file reports state=failed; seed=45; message=train failed; see outputs/slurm/status/multi_seed_all_no_synth_20260430T192814Z/task_73_attempt_3.log; job_log=outputs/slurm/status/multi_seed_all_no_synth_20260430T192814Z/task_73_attempt_3.log
2026-05-02T03:46:27Z [ERROR] Task 73: validation failed; re-queueing for retry
2026-05-02T03:46:37Z [INFO] Submitting task 73 try 1/3: group=binary_train_multi_seed kind=train config=configs/binary/real_msi_unetpp_resnet50.yaml split=test seed=45 attempt=4
2026-05-02T03:46:37Z [INFO] Submitted task 73 (binary_train_multi_seed, train, configs/binary/real_msi_unetpp_resnet50.yaml, seed=45) as job 818764, attempt 4
2026-05-02T03:46:58Z [INFO] Job 818756 for task 77 has left the Slurm queue; validating output
2026-05-02T03:46:58Z [ERROR] Task 77: status file reports state=failed; seed=49; message=train failed; see outputs/slurm/status/multi_seed_all_no_synth_20260430T192814Z/task_77_attempt_2.log; job_log=outputs/slurm/status/multi_seed_all_no_synth_20260430T192814Z/task_77_attempt_2.log
2026-05-02T03:46:58Z [ERROR] Task 77: validation failed; re-queueing for retry
2026-05-02T03:47:08Z [INFO] Submitting task 77 try 1/3: group=binary_train_multi_seed kind=train config=configs/binary/real_msi_unetpp_resnet50.yaml split=test seed=49 attempt=3
2026-05-02T03:47:08Z [INFO] Submitted task 77 (binary_train_multi_seed, train, configs/binary/real_msi_unetpp_resnet50.yaml, seed=49) as job 818766, attempt 3
2026-05-02T03:47:29Z [INFO] Job 818757 for task 74 has left the Slurm queue; validating output
2026-05-02T03:47:29Z [ERROR] Task 74: status file reports state=failed; seed=46; message=train failed; see outputs/slurm/status/multi_seed_all_no_synth_20260430T192814Z/task_74_attempt_3.log; job_log=outputs/slurm/status/multi_seed_all_no_synth_20260430T192814Z/task_74_attempt_3.log
2026-05-02T03:47:29Z [ERROR] Task 74: validation failed; re-queueing for retry
2026-05-02T03:47:39Z [INFO] Submitting task 74 try 1/3: group=binary_train_multi_seed kind=train config=configs/binary/real_msi_unetpp_resnet50.yaml split=test seed=46 attempt=4
2026-05-02T03:47:39Z [INFO] Submitted task 74 (binary_train_multi_seed, train, configs/binary/real_msi_unetpp_resnet50.yaml, seed=46) as job 818767, attempt 4
2026-05-02T03:47:49Z [INFO] Job 818758 for task 69 has left the Slurm queue; validating output
2026-05-02T03:47:49Z [ERROR] Task 69: status file reports state=failed; seed=51; message=train failed; see outputs/slurm/status/multi_seed_all_no_synth_20260430T192814Z/task_69_attempt_4.log; job_log=outputs/slurm/status/multi_seed_all_no_synth_20260430T192814Z/task_69_attempt_4.log
2026-05-02T03:47:49Z [ERROR] Task 69: permanent failure after 4 attempt(s)
2026-05-02T03:48:00Z [INFO] Submitting task 78 try 1/3: group=binary_train_multi_seed kind=train config=configs/binary/real_msi_unetpp_resnet50.yaml split=test seed=50 attempt=1
2026-05-02T03:48:00Z [INFO] Submitted task 78 (binary_train_multi_seed, train, configs/binary/real_msi_unetpp_resnet50.yaml, seed=50) as job 818768, attempt 1
2026-05-02T03:48:20Z [INFO] Job 818759 for task 70 has left the Slurm queue; validating output
2026-05-02T03:48:20Z [ERROR] Task 70: status file reports state=failed; seed=42; message=train failed; see outputs/slurm/status/multi_seed_all_no_synth_20260430T192814Z/task_70_attempt_4.log; job_log=outputs/slurm/status/multi_seed_all_no_synth_20260430T192814Z/task_70_attempt_4.log
2026-05-02T03:48:20Z [ERROR] Task 70: permanent failure after 4 attempt(s)
2026-05-02T03:48:30Z [INFO] Submitting task 79 try 1/3: group=binary_train_multi_seed kind=train config=configs/binary/real_msi_unetpp_resnet50.yaml split=test seed=51 attempt=1
2026-05-02T03:48:31Z [INFO] Submitted task 79 (binary_train_multi_seed, train, configs/binary/real_msi_unetpp_resnet50.yaml, seed=51) as job 818769, attempt 1
2026-05-02T03:48:51Z [INFO] Job 818760 for task 71 has left the Slurm queue; validating output
2026-05-02T03:48:51Z [ERROR] Task 71: status file reports state=failed; seed=43; message=train failed; see outputs/slurm/status/multi_seed_all_no_synth_20260430T192814Z/task_71_attempt_4.log; job_log=outputs/slurm/status/multi_seed_all_no_synth_20260430T192814Z/task_71_attempt_4.log
2026-05-02T03:48:51Z [ERROR] Task 71: permanent failure after 4 attempt(s)
2026-05-02T03:49:01Z [INFO] Submitting task 80 try 1/3: group=binary_train_multi_seed kind=train config=configs/binary/real_msi_deeplabv3plus_resnet34.yaml split=test seed=42 attempt=1
2026-05-02T03:49:01Z [INFO] Submitted task 80 (binary_train_multi_seed, train, configs/binary/real_msi_deeplabv3plus_resnet34.yaml, seed=42) as job 818770, attempt 1
2026-05-02T03:49:22Z [INFO] Job 818761 for task 75 has left the Slurm queue; validating output
2026-05-02T03:49:23Z [ERROR] Task 75: status file reports state=failed; seed=47; message=train failed; see outputs/slurm/status/multi_seed_all_no_synth_20260430T192814Z/task_75_attempt_3.log; job_log=outputs/slurm/status/multi_seed_all_no_synth_20260430T192814Z/task_75_attempt_3.log
2026-05-02T03:49:23Z [ERROR] Task 75: validation failed; re-queueing for retry
2026-05-02T03:49:33Z [INFO] Submitting task 75 try 1/3: group=binary_train_multi_seed kind=train config=configs/binary/real_msi_unetpp_resnet50.yaml split=test seed=47 attempt=4
2026-05-02T03:49:33Z [INFO] Submitted task 75 (binary_train_multi_seed, train, configs/binary/real_msi_unetpp_resnet50.yaml, seed=47) as job 818771, attempt 4
2026-05-02T03:49:53Z [INFO] Job 818762 for task 76 has left the Slurm queue; validating output
2026-05-02T03:49:55Z [ERROR] Task 76: status file reports state=failed; seed=48; message=train failed; see outputs/slurm/status/multi_seed_all_no_synth_20260430T192814Z/task_76_attempt_3.log; job_log=outputs/slurm/status/multi_seed_all_no_synth_20260430T192814Z/task_76_attempt_3.log
2026-05-02T03:49:55Z [ERROR] Task 76: validation failed; re-queueing for retry
2026-05-02T03:50:05Z [INFO] Submitting task 76 try 1/3: group=binary_train_multi_seed kind=train config=configs/binary/real_msi_unetpp_resnet50.yaml split=test seed=48 attempt=4
2026-05-02T03:50:05Z [INFO] Submitted task 76 (binary_train_multi_seed, train, configs/binary/real_msi_unetpp_resnet50.yaml, seed=48) as job 818772, attempt 4
2026-05-02T03:50:25Z [INFO] Job 818763 for task 72 has left the Slurm queue; validating output
2026-05-02T03:50:26Z [ERROR] Task 72: status file reports state=failed; seed=44; message=train failed; see outputs/slurm/status/multi_seed_all_no_synth_20260430T192814Z/task_72_attempt_4.log; job_log=outputs/slurm/status/multi_seed_all_no_synth_20260430T192814Z/task_72_attempt_4.log
2026-05-02T03:50:26Z [ERROR] Task 72: permanent failure after 4 attempt(s)
2026-05-02T03:50:36Z [INFO] Submitting task 81 try 1/3: group=binary_train_multi_seed kind=train config=configs/binary/real_msi_deeplabv3plus_resnet34.yaml split=test seed=43 attempt=1
2026-05-02T03:50:36Z [INFO] Submitted task 81 (binary_train_multi_seed, train, configs/binary/real_msi_deeplabv3plus_resnet34.yaml, seed=43) as job 818773, attempt 1
2026-05-02T03:50:46Z [INFO] Job 818764 for task 73 has left the Slurm queue; validating output
2026-05-02T03:50:47Z [ERROR] Task 73: status file reports state=failed; seed=45; message=train failed; see outputs/slurm/status/multi_seed_all_no_synth_20260430T192814Z/task_73_attempt_4.log; job_log=outputs/slurm/status/multi_seed_all_no_synth_20260430T192814Z/task_73_attempt_4.log
2026-05-02T03:50:47Z [ERROR] Task 73: permanent failure after 4 attempt(s)
2026-05-02T03:50:57Z [INFO] Submitting task 82 try 1/3: group=binary_train_multi_seed kind=train config=configs/binary/real_msi_deeplabv3plus_resnet34.yaml split=test seed=44 attempt=1
2026-05-02T03:50:57Z [INFO] Submitted task 82 (binary_train_multi_seed, train, configs/binary/real_msi_deeplabv3plus_resnet34.yaml, seed=44) as job 818774, attempt 1
2026-05-02T03:51:18Z [INFO] Job 818766 for task 77 has left the Slurm queue; validating output
2026-05-02T03:51:18Z [ERROR] Task 77: status file reports state=failed; seed=49; message=train failed; see outputs/slurm/status/multi_seed_all_no_synth_20260430T192814Z/task_77_attempt_3.log; job_log=outputs/slurm/status/multi_seed_all_no_synth_20260430T192814Z/task_77_attempt_3.log
2026-05-02T03:51:18Z [ERROR] Task 77: validation failed; re-queueing for retry
2026-05-02T03:51:28Z [INFO] Submitting task 77 try 1/3: group=binary_train_multi_seed kind=train config=configs/binary/real_msi_unetpp_resnet50.yaml split=test seed=49 attempt=4
2026-05-02T03:51:28Z [INFO] Submitted task 77 (binary_train_multi_seed, train, configs/binary/real_msi_unetpp_resnet50.yaml, seed=49) as job 818775, attempt 4
2026-05-02T03:51:48Z [INFO] Job 818767 for task 74 has left the Slurm queue; validating output
2026-05-02T03:51:49Z [ERROR] Task 74: status file reports state=failed; seed=46; message=train failed; see outputs/slurm/status/multi_seed_all_no_synth_20260430T192814Z/task_74_attempt_4.log; job_log=outputs/slurm/status/multi_seed_all_no_synth_20260430T192814Z/task_74_attempt_4.log
2026-05-02T03:51:49Z [ERROR] Task 74: permanent failure after 4 attempt(s)
2026-05-02T03:51:59Z [INFO] Submitting task 83 try 1/3: group=binary_train_multi_seed kind=train config=configs/binary/real_msi_deeplabv3plus_resnet34.yaml split=test seed=45 attempt=1
2026-05-02T03:51:59Z [INFO] Submitted task 83 (binary_train_multi_seed, train, configs/binary/real_msi_deeplabv3plus_resnet34.yaml, seed=45) as job 818776, attempt 1
2026-05-02T03:52:19Z [INFO] Job 818768 for task 78 has left the Slurm queue; validating output
2026-05-02T03:52:20Z [ERROR] Task 78: status file reports state=failed; seed=50; message=train failed; see outputs/slurm/status/multi_seed_all_no_synth_20260430T192814Z/task_78_attempt_1.log; job_log=outputs/slurm/status/multi_seed_all_no_synth_20260430T192814Z/task_78_attempt_1.log
2026-05-02T03:52:20Z [ERROR] Task 78: validation failed; re-queueing for retry
2026-05-02T03:52:30Z [INFO] Submitting task 78 try 1/3: group=binary_train_multi_seed kind=train config=configs/binary/real_msi_unetpp_resnet50.yaml split=test seed=50 attempt=2
2026-05-02T03:52:30Z [INFO] Submitted task 78 (binary_train_multi_seed, train, configs/binary/real_msi_unetpp_resnet50.yaml, seed=50) as job 818777, attempt 2
2026-05-02T03:52:50Z [INFO] Job 818769 for task 79 has left the Slurm queue; validating output
2026-05-02T03:52:51Z [ERROR] Task 79: status file reports state=failed; seed=51; message=train failed; see outputs/slurm/status/multi_seed_all_no_synth_20260430T192814Z/task_79_attempt_1.log; job_log=outputs/slurm/status/multi_seed_all_no_synth_20260430T192814Z/task_79_attempt_1.log
2026-05-02T03:52:51Z [ERROR] Task 79: validation failed; re-queueing for retry
2026-05-02T03:53:01Z [INFO] Submitting task 79 try 1/3: group=binary_train_multi_seed kind=train config=configs/binary/real_msi_unetpp_resnet50.yaml split=test seed=51 attempt=2
2026-05-02T03:53:01Z [INFO] Submitted task 79 (binary_train_multi_seed, train, configs/binary/real_msi_unetpp_resnet50.yaml, seed=51) as job 818778, attempt 2
2026-05-02T03:53:21Z [INFO] Job 818770 for task 80 has left the Slurm queue; validating output
2026-05-02T03:53:21Z [ERROR] Task 80: status file reports state=failed; seed=42; message=train failed; see outputs/slurm/status/multi_seed_all_no_synth_20260430T192814Z/task_80_attempt_1.log; job_log=outputs/slurm/status/multi_seed_all_no_synth_20260430T192814Z/task_80_attempt_1.log
2026-05-02T03:53:21Z [ERROR] Task 80: validation failed; re-queueing for retry
2026-05-02T03:53:32Z [INFO] Submitting task 80 try 1/3: group=binary_train_multi_seed kind=train config=configs/binary/real_msi_deeplabv3plus_resnet34.yaml split=test seed=42 attempt=2
2026-05-02T03:53:32Z [INFO] Submitted task 80 (binary_train_multi_seed, train, configs/binary/real_msi_deeplabv3plus_resnet34.yaml, seed=42) as job 818779, attempt 2
2026-05-02T03:53:52Z [INFO] Job 818771 for task 75 has left the Slurm queue; validating output
2026-05-02T03:53:53Z [ERROR] Task 75: status file reports state=failed; seed=47; message=train failed; see outputs/slurm/status/multi_seed_all_no_synth_20260430T192814Z/task_75_attempt_4.log; job_log=outputs/slurm/status/multi_seed_all_no_synth_20260430T192814Z/task_75_attempt_4.log
2026-05-02T03:53:53Z [ERROR] Task 75: permanent failure after 4 attempt(s)
2026-05-02T03:54:03Z [INFO] Submitting task 84 try 1/3: group=binary_train_multi_seed kind=train config=configs/binary/real_msi_deeplabv3plus_resnet34.yaml split=test seed=46 attempt=1
2026-05-02T03:54:03Z [INFO] Submitted task 84 (binary_train_multi_seed, train, configs/binary/real_msi_deeplabv3plus_resnet34.yaml, seed=46) as job 818780, attempt 1
2026-05-02T03:54:24Z [INFO] Job 818772 for task 76 has left the Slurm queue; validating output
2026-05-02T03:54:24Z [ERROR] Task 76: status file reports state=failed; seed=48; message=train failed; see outputs/slurm/status/multi_seed_all_no_synth_20260430T192814Z/task_76_attempt_4.log; job_log=outputs/slurm/status/multi_seed_all_no_synth_20260430T192814Z/task_76_attempt_4.log
2026-05-02T03:54:24Z [ERROR] Task 76: permanent failure after 4 attempt(s)
2026-05-02T03:54:34Z [INFO] Submitting task 85 try 1/3: group=binary_train_multi_seed kind=train config=configs/binary/real_msi_deeplabv3plus_resnet34.yaml split=test seed=47 attempt=1
2026-05-02T03:54:34Z [INFO] Submitted task 85 (binary_train_multi_seed, train, configs/binary/real_msi_deeplabv3plus_resnet34.yaml, seed=47) as job 818781, attempt 1
2026-05-02T03:54:55Z [INFO] Job 818773 for task 81 has left the Slurm queue; validating output
2026-05-02T03:54:55Z [ERROR] Task 81: status file reports state=failed; seed=43; message=train failed; see outputs/slurm/status/multi_seed_all_no_synth_20260430T192814Z/task_81_attempt_1.log; job_log=outputs/slurm/status/multi_seed_all_no_synth_20260430T192814Z/task_81_attempt_1.log
2026-05-02T03:54:55Z [ERROR] Task 81: validation failed; re-queueing for retry
2026-05-02T03:55:05Z [INFO] Submitting task 81 try 1/3: group=binary_train_multi_seed kind=train config=configs/binary/real_msi_deeplabv3plus_resnet34.yaml split=test seed=43 attempt=2
2026-05-02T03:55:05Z [INFO] Submitted task 81 (binary_train_multi_seed, train, configs/binary/real_msi_deeplabv3plus_resnet34.yaml, seed=43) as job 818782, attempt 2
2026-05-02T03:55:26Z [INFO] Job 818774 for task 82 has left the Slurm queue; validating output
2026-05-02T03:55:26Z [ERROR] Task 82: status file reports state=failed; seed=44; message=train failed; see outputs/slurm/status/multi_seed_all_no_synth_20260430T192814Z/task_82_attempt_1.log; job_log=outputs/slurm/status/multi_seed_all_no_synth_20260430T192814Z/task_82_attempt_1.log
2026-05-02T03:55:26Z [ERROR] Task 82: validation failed; re-queueing for retry
2026-05-02T03:55:36Z [INFO] Submitting task 82 try 1/3: group=binary_train_multi_seed kind=train config=configs/binary/real_msi_deeplabv3plus_resnet34.yaml split=test seed=44 attempt=2
2026-05-02T03:55:36Z [INFO] Submitted task 82 (binary_train_multi_seed, train, configs/binary/real_msi_deeplabv3plus_resnet34.yaml, seed=44) as job 818783, attempt 2
2026-05-02T03:55:47Z [INFO] Job 818775 for task 77 has left the Slurm queue; validating output
2026-05-02T03:55:47Z [ERROR] Task 77: status file reports state=failed; seed=49; message=train failed; see outputs/slurm/status/multi_seed_all_no_synth_20260430T192814Z/task_77_attempt_4.log; job_log=outputs/slurm/status/multi_seed_all_no_synth_20260430T192814Z/task_77_attempt_4.log
2026-05-02T03:55:47Z [ERROR] Task 77: permanent failure after 4 attempt(s)
2026-05-02T03:55:57Z [INFO] Submitting task 86 try 1/3: group=binary_train_multi_seed kind=train config=configs/binary/real_msi_deeplabv3plus_resnet34.yaml split=test seed=48 attempt=1
2026-05-02T03:55:57Z [INFO] Submitted task 86 (binary_train_multi_seed, train, configs/binary/real_msi_deeplabv3plus_resnet34.yaml, seed=48) as job 818784, attempt 1
2026-05-02T03:56:28Z [INFO] Job 818776 for task 83 has left the Slurm queue; validating output
2026-05-02T03:56:28Z [ERROR] Task 83: status file reports state=failed; seed=45; message=train failed; see outputs/slurm/status/multi_seed_all_no_synth_20260430T192814Z/task_83_attempt_1.log; job_log=outputs/slurm/status/multi_seed_all_no_synth_20260430T192814Z/task_83_attempt_1.log
2026-05-02T03:56:28Z [ERROR] Task 83: validation failed; re-queueing for retry
2026-05-02T03:56:39Z [INFO] Submitting task 83 try 1/3: group=binary_train_multi_seed kind=train config=configs/binary/real_msi_deeplabv3plus_resnet34.yaml split=test seed=45 attempt=2
2026-05-02T03:56:39Z [INFO] Submitted task 83 (binary_train_multi_seed, train, configs/binary/real_msi_deeplabv3plus_resnet34.yaml, seed=45) as job 818785, attempt 2
2026-05-02T03:56:49Z [INFO] Job 818777 for task 78 has left the Slurm queue; validating output
2026-05-02T03:56:49Z [ERROR] Task 78: status file reports state=failed; seed=50; message=train failed; see outputs/slurm/status/multi_seed_all_no_synth_20260430T192814Z/task_78_attempt_2.log; job_log=outputs/slurm/status/multi_seed_all_no_synth_20260430T192814Z/task_78_attempt_2.log
2026-05-02T03:56:49Z [ERROR] Task 78: validation failed; re-queueing for retry
2026-05-02T03:56:59Z [INFO] Submitting task 78 try 1/3: group=binary_train_multi_seed kind=train config=configs/binary/real_msi_unetpp_resnet50.yaml split=test seed=50 attempt=3
2026-05-02T03:56:59Z [INFO] Submitted task 78 (binary_train_multi_seed, train, configs/binary/real_msi_unetpp_resnet50.yaml, seed=50) as job 818786, attempt 3
2026-05-02T03:57:20Z [INFO] Job 818778 for task 79 has left the Slurm queue; validating output
2026-05-02T03:57:20Z [ERROR] Task 79: status file reports state=failed; seed=51; message=train failed; see outputs/slurm/status/multi_seed_all_no_synth_20260430T192814Z/task_79_attempt_2.log; job_log=outputs/slurm/status/multi_seed_all_no_synth_20260430T192814Z/task_79_attempt_2.log
2026-05-02T03:57:20Z [ERROR] Task 79: validation failed; re-queueing for retry
2026-05-02T03:57:30Z [INFO] Submitting task 79 try 1/3: group=binary_train_multi_seed kind=train config=configs/binary/real_msi_unetpp_resnet50.yaml split=test seed=51 attempt=3
2026-05-02T03:57:30Z [INFO] Submitted task 79 (binary_train_multi_seed, train, configs/binary/real_msi_unetpp_resnet50.yaml, seed=51) as job 818787, attempt 3
2026-05-02T03:57:51Z [INFO] Job 818779 for task 80 has left the Slurm queue; validating output
2026-05-02T03:57:51Z [ERROR] Task 80: status file reports state=failed; seed=42; message=train failed; see outputs/slurm/status/multi_seed_all_no_synth_20260430T192814Z/task_80_attempt_2.log; job_log=outputs/slurm/status/multi_seed_all_no_synth_20260430T192814Z/task_80_attempt_2.log
2026-05-02T03:57:51Z [ERROR] Task 80: validation failed; re-queueing for retry
2026-05-02T03:58:01Z [INFO] Submitting task 80 try 1/3: group=binary_train_multi_seed kind=train config=configs/binary/real_msi_deeplabv3plus_resnet34.yaml split=test seed=42 attempt=3
2026-05-02T03:58:01Z [INFO] Submitted task 80 (binary_train_multi_seed, train, configs/binary/real_msi_deeplabv3plus_resnet34.yaml, seed=42) as job 818788, attempt 3
2026-05-02T03:58:22Z [INFO] Job 818780 for task 84 has left the Slurm queue; validating output
2026-05-02T03:58:22Z [ERROR] Task 84: status file reports state=failed; seed=46; message=train failed; see outputs/slurm/status/multi_seed_all_no_synth_20260430T192814Z/task_84_attempt_1.log; job_log=outputs/slurm/status/multi_seed_all_no_synth_20260430T192814Z/task_84_attempt_1.log
2026-05-02T03:58:22Z [ERROR] Task 84: validation failed; re-queueing for retry
2026-05-02T03:58:32Z [INFO] Submitting task 84 try 1/3: group=binary_train_multi_seed kind=train config=configs/binary/real_msi_deeplabv3plus_resnet34.yaml split=test seed=46 attempt=2
2026-05-02T03:58:32Z [INFO] Submitted task 84 (binary_train_multi_seed, train, configs/binary/real_msi_deeplabv3plus_resnet34.yaml, seed=46) as job 818789, attempt 2
2026-05-02T03:58:52Z [INFO] Job 818781 for task 85 has left the Slurm queue; validating output
2026-05-02T03:58:53Z [ERROR] Task 85: status file reports state=failed; seed=47; message=train failed; see outputs/slurm/status/multi_seed_all_no_synth_20260430T192814Z/task_85_attempt_1.log; job_log=outputs/slurm/status/multi_seed_all_no_synth_20260430T192814Z/task_85_attempt_1.log
2026-05-02T03:58:53Z [ERROR] Task 85: validation failed; re-queueing for retry
2026-05-02T03:59:03Z [INFO] Submitting task 85 try 1/3: group=binary_train_multi_seed kind=train config=configs/binary/real_msi_deeplabv3plus_resnet34.yaml split=test seed=47 attempt=2
2026-05-02T03:59:03Z [INFO] Submitted task 85 (binary_train_multi_seed, train, configs/binary/real_msi_deeplabv3plus_resnet34.yaml, seed=47) as job 818790, attempt 2
2026-05-02T03:59:24Z [INFO] Job 818782 for task 81 has left the Slurm queue; validating output
2026-05-02T03:59:24Z [ERROR] Task 81: status file reports state=failed; seed=43; message=train failed; see outputs/slurm/status/multi_seed_all_no_synth_20260430T192814Z/task_81_attempt_2.log; job_log=outputs/slurm/status/multi_seed_all_no_synth_20260430T192814Z/task_81_attempt_2.log
2026-05-02T03:59:24Z [ERROR] Task 81: validation failed; re-queueing for retry
2026-05-02T03:59:34Z [INFO] Submitting task 81 try 1/3: group=binary_train_multi_seed kind=train config=configs/binary/real_msi_deeplabv3plus_resnet34.yaml split=test seed=43 attempt=3
2026-05-02T03:59:34Z [INFO] Submitted task 81 (binary_train_multi_seed, train, configs/binary/real_msi_deeplabv3plus_resnet34.yaml, seed=43) as job 818791, attempt 3
2026-05-02T03:59:55Z [INFO] Job 818783 for task 82 has left the Slurm queue; validating output
2026-05-02T03:59:55Z [ERROR] Task 82: status file reports state=failed; seed=44; message=train failed; see outputs/slurm/status/multi_seed_all_no_synth_20260430T192814Z/task_82_attempt_2.log; job_log=outputs/slurm/status/multi_seed_all_no_synth_20260430T192814Z/task_82_attempt_2.log
2026-05-02T03:59:55Z [ERROR] Task 82: validation failed; re-queueing for retry
2026-05-02T04:00:05Z [INFO] Submitting task 82 try 1/3: group=binary_train_multi_seed kind=train config=configs/binary/real_msi_deeplabv3plus_resnet34.yaml split=test seed=44 attempt=3
2026-05-02T04:00:05Z [INFO] Submitted task 82 (binary_train_multi_seed, train, configs/binary/real_msi_deeplabv3plus_resnet34.yaml, seed=44) as job 818792, attempt 3
2026-05-02T04:00:26Z [INFO] Job 818784 for task 86 has left the Slurm queue; validating output
2026-05-02T04:00:27Z [ERROR] Task 86: status file reports state=failed; seed=48; message=train failed; see outputs/slurm/status/multi_seed_all_no_synth_20260430T192814Z/task_86_attempt_1.log; job_log=outputs/slurm/status/multi_seed_all_no_synth_20260430T192814Z/task_86_attempt_1.log
2026-05-02T04:00:27Z [ERROR] Task 86: validation failed; re-queueing for retry
2026-05-02T04:00:37Z [INFO] Submitting task 86 try 1/3: group=binary_train_multi_seed kind=train config=configs/binary/real_msi_deeplabv3plus_resnet34.yaml split=test seed=48 attempt=2
2026-05-02T04:00:37Z [INFO] Submitted task 86 (binary_train_multi_seed, train, configs/binary/real_msi_deeplabv3plus_resnet34.yaml, seed=48) as job 818793, attempt 2
2026-05-02T04:00:47Z [INFO] Job 818785 for task 83 has left the Slurm queue; validating output
2026-05-02T04:00:47Z [ERROR] Task 83: status file reports state=failed; seed=45; message=train failed; see outputs/slurm/status/multi_seed_all_no_synth_20260430T192814Z/task_83_attempt_2.log; job_log=outputs/slurm/status/multi_seed_all_no_synth_20260430T192814Z/task_83_attempt_2.log
2026-05-02T04:00:47Z [ERROR] Task 83: validation failed; re-queueing for retry
2026-05-02T04:00:57Z [INFO] Submitting task 83 try 1/3: group=binary_train_multi_seed kind=train config=configs/binary/real_msi_deeplabv3plus_resnet34.yaml split=test seed=45 attempt=3
2026-05-02T04:00:57Z [INFO] Submitted task 83 (binary_train_multi_seed, train, configs/binary/real_msi_deeplabv3plus_resnet34.yaml, seed=45) as job 818794, attempt 3
2026-05-02T04:01:18Z [INFO] Job 818786 for task 78 has left the Slurm queue; validating output
2026-05-02T04:01:18Z [ERROR] Task 78: status file reports state=failed; seed=50; message=train failed; see outputs/slurm/status/multi_seed_all_no_synth_20260430T192814Z/task_78_attempt_3.log; job_log=outputs/slurm/status/multi_seed_all_no_synth_20260430T192814Z/task_78_attempt_3.log
2026-05-02T04:01:18Z [ERROR] Task 78: validation failed; re-queueing for retry
2026-05-02T04:01:28Z [INFO] Submitting task 78 try 1/3: group=binary_train_multi_seed kind=train config=configs/binary/real_msi_unetpp_resnet50.yaml split=test seed=50 attempt=4
2026-05-02T04:01:28Z [INFO] Submitted task 78 (binary_train_multi_seed, train, configs/binary/real_msi_unetpp_resnet50.yaml, seed=50) as job 818795, attempt 4
2026-05-02T04:01:49Z [INFO] Job 818787 for task 79 has left the Slurm queue; validating output
2026-05-02T04:01:49Z [ERROR] Task 79: status file reports state=failed; seed=51; message=train failed; see outputs/slurm/status/multi_seed_all_no_synth_20260430T192814Z/task_79_attempt_3.log; job_log=outputs/slurm/status/multi_seed_all_no_synth_20260430T192814Z/task_79_attempt_3.log
2026-05-02T04:01:49Z [ERROR] Task 79: validation failed; re-queueing for retry
2026-05-02T04:01:59Z [INFO] Submitting task 79 try 1/3: group=binary_train_multi_seed kind=train config=configs/binary/real_msi_unetpp_resnet50.yaml split=test seed=51 attempt=4
2026-05-02T04:01:59Z [INFO] Submitted task 79 (binary_train_multi_seed, train, configs/binary/real_msi_unetpp_resnet50.yaml, seed=51) as job 818796, attempt 4
2026-05-02T04:02:20Z [INFO] Job 818788 for task 80 has left the Slurm queue; validating output
2026-05-02T04:02:20Z [ERROR] Task 80: status file reports state=failed; seed=42; message=train failed; see outputs/slurm/status/multi_seed_all_no_synth_20260430T192814Z/task_80_attempt_3.log; job_log=outputs/slurm/status/multi_seed_all_no_synth_20260430T192814Z/task_80_attempt_3.log
2026-05-02T04:02:20Z [ERROR] Task 80: validation failed; re-queueing for retry
2026-05-02T04:02:30Z [INFO] Submitting task 80 try 1/3: group=binary_train_multi_seed kind=train config=configs/binary/real_msi_deeplabv3plus_resnet34.yaml split=test seed=42 attempt=4
2026-05-02T04:02:30Z [INFO] Submitted task 80 (binary_train_multi_seed, train, configs/binary/real_msi_deeplabv3plus_resnet34.yaml, seed=42) as job 818797, attempt 4
2026-05-02T04:02:51Z [INFO] Job 818789 for task 84 has left the Slurm queue; validating output
2026-05-02T04:02:51Z [ERROR] Task 84: status file reports state=failed; seed=46; message=train failed; see outputs/slurm/status/multi_seed_all_no_synth_20260430T192814Z/task_84_attempt_2.log; job_log=outputs/slurm/status/multi_seed_all_no_synth_20260430T192814Z/task_84_attempt_2.log
2026-05-02T04:02:51Z [ERROR] Task 84: validation failed; re-queueing for retry
2026-05-02T04:03:01Z [INFO] Submitting task 84 try 1/3: group=binary_train_multi_seed kind=train config=configs/binary/real_msi_deeplabv3plus_resnet34.yaml split=test seed=46 attempt=3
2026-05-02T04:03:01Z [INFO] Submitted task 84 (binary_train_multi_seed, train, configs/binary/real_msi_deeplabv3plus_resnet34.yaml, seed=46) as job 818798, attempt 3
2026-05-02T04:03:22Z [INFO] Job 818790 for task 85 has left the Slurm queue; validating output
2026-05-02T04:03:22Z [ERROR] Task 85: status file reports state=failed; seed=47; message=train failed; see outputs/slurm/status/multi_seed_all_no_synth_20260430T192814Z/task_85_attempt_2.log; job_log=outputs/slurm/status/multi_seed_all_no_synth_20260430T192814Z/task_85_attempt_2.log
2026-05-02T04:03:22Z [ERROR] Task 85: validation failed; re-queueing for retry
2026-05-02T04:03:32Z [INFO] Submitting task 85 try 1/3: group=binary_train_multi_seed kind=train config=configs/binary/real_msi_deeplabv3plus_resnet34.yaml split=test seed=47 attempt=3
2026-05-02T04:03:32Z [INFO] Submitted task 85 (binary_train_multi_seed, train, configs/binary/real_msi_deeplabv3plus_resnet34.yaml, seed=47) as job 818799, attempt 3
2026-05-02T04:03:52Z [INFO] Job 818791 for task 81 has left the Slurm queue; validating output
2026-05-02T04:03:53Z [ERROR] Task 81: status file reports state=failed; seed=43; message=train failed; see outputs/slurm/status/multi_seed_all_no_synth_20260430T192814Z/task_81_attempt_3.log; job_log=outputs/slurm/status/multi_seed_all_no_synth_20260430T192814Z/task_81_attempt_3.log
2026-05-02T04:03:53Z [ERROR] Task 81: validation failed; re-queueing for retry
2026-05-02T04:04:03Z [INFO] Submitting task 81 try 1/3: group=binary_train_multi_seed kind=train config=configs/binary/real_msi_deeplabv3plus_resnet34.yaml split=test seed=43 attempt=4
2026-05-02T04:04:03Z [INFO] Submitted task 81 (binary_train_multi_seed, train, configs/binary/real_msi_deeplabv3plus_resnet34.yaml, seed=43) as job 818800, attempt 4
2026-05-02T04:04:23Z [INFO] Job 818792 for task 82 has left the Slurm queue; validating output
2026-05-02T04:04:24Z [ERROR] Task 82: status file reports state=failed; seed=44; message=train failed; see outputs/slurm/status/multi_seed_all_no_synth_20260430T192814Z/task_82_attempt_3.log; job_log=outputs/slurm/status/multi_seed_all_no_synth_20260430T192814Z/task_82_attempt_3.log
2026-05-02T04:04:24Z [ERROR] Task 82: validation failed; re-queueing for retry
2026-05-02T04:04:34Z [INFO] Submitting task 82 try 1/3: group=binary_train_multi_seed kind=train config=configs/binary/real_msi_deeplabv3plus_resnet34.yaml split=test seed=44 attempt=4
2026-05-02T04:04:34Z [INFO] Submitted task 82 (binary_train_multi_seed, train, configs/binary/real_msi_deeplabv3plus_resnet34.yaml, seed=44) as job 818801, attempt 4
2026-05-02T04:04:55Z [INFO] Job 818793 for task 86 has left the Slurm queue; validating output
2026-05-02T04:04:55Z [ERROR] Task 86: status file reports state=failed; seed=48; message=train failed; see outputs/slurm/status/multi_seed_all_no_synth_20260430T192814Z/task_86_attempt_2.log; job_log=outputs/slurm/status/multi_seed_all_no_synth_20260430T192814Z/task_86_attempt_2.log
2026-05-02T04:04:55Z [ERROR] Task 86: validation failed; re-queueing for retry
2026-05-02T04:05:05Z [INFO] Submitting task 86 try 1/3: group=binary_train_multi_seed kind=train config=configs/binary/real_msi_deeplabv3plus_resnet34.yaml split=test seed=48 attempt=3
2026-05-02T04:05:05Z [INFO] Submitted task 86 (binary_train_multi_seed, train, configs/binary/real_msi_deeplabv3plus_resnet34.yaml, seed=48) as job 818802, attempt 3
2026-05-02T04:05:26Z [INFO] Job 818794 for task 83 has left the Slurm queue; validating output
2026-05-02T04:05:26Z [ERROR] Task 83: status file reports state=failed; seed=45; message=train failed; see outputs/slurm/status/multi_seed_all_no_synth_20260430T192814Z/task_83_attempt_3.log; job_log=outputs/slurm/status/multi_seed_all_no_synth_20260430T192814Z/task_83_attempt_3.log
2026-05-02T04:05:26Z [ERROR] Task 83: validation failed; re-queueing for retry
2026-05-02T04:05:36Z [INFO] Submitting task 83 try 1/3: group=binary_train_multi_seed kind=train config=configs/binary/real_msi_deeplabv3plus_resnet34.yaml split=test seed=45 attempt=4
2026-05-02T04:05:36Z [INFO] Submitted task 83 (binary_train_multi_seed, train, configs/binary/real_msi_deeplabv3plus_resnet34.yaml, seed=45) as job 818803, attempt 4
2026-05-02T04:05:47Z [INFO] Job 818795 for task 78 has left the Slurm queue; validating output
2026-05-02T04:05:47Z [ERROR] Task 78: status file reports state=failed; seed=50; message=train failed; see outputs/slurm/status/multi_seed_all_no_synth_20260430T192814Z/task_78_attempt_4.log; job_log=outputs/slurm/status/multi_seed_all_no_synth_20260430T192814Z/task_78_attempt_4.log
2026-05-02T04:05:47Z [ERROR] Task 78: permanent failure after 4 attempt(s)
2026-05-02T04:05:57Z [INFO] Submitting task 87 try 1/3: group=binary_train_multi_seed kind=train config=configs/binary/real_msi_deeplabv3plus_resnet34.yaml split=test seed=49 attempt=1
2026-05-02T04:05:57Z [INFO] Submitted task 87 (binary_train_multi_seed, train, configs/binary/real_msi_deeplabv3plus_resnet34.yaml, seed=49) as job 818804, attempt 1
2026-05-02T04:06:18Z [INFO] Job 818796 for task 79 has left the Slurm queue; validating output
2026-05-02T04:06:18Z [ERROR] Task 79: status file reports state=failed; seed=51; message=train failed; see outputs/slurm/status/multi_seed_all_no_synth_20260430T192814Z/task_79_attempt_4.log; job_log=outputs/slurm/status/multi_seed_all_no_synth_20260430T192814Z/task_79_attempt_4.log
2026-05-02T04:06:18Z [ERROR] Task 79: permanent failure after 4 attempt(s)
2026-05-02T04:06:28Z [INFO] Submitting task 88 try 1/3: group=binary_train_multi_seed kind=train config=configs/binary/real_msi_deeplabv3plus_resnet34.yaml split=test seed=50 attempt=1
2026-05-02T04:06:28Z [INFO] Submitted task 88 (binary_train_multi_seed, train, configs/binary/real_msi_deeplabv3plus_resnet34.yaml, seed=50) as job 818805, attempt 1
2026-05-02T04:06:49Z [INFO] Job 818797 for task 80 has left the Slurm queue; validating output
2026-05-02T04:06:49Z [ERROR] Task 80: status file reports state=failed; seed=42; message=train failed; see outputs/slurm/status/multi_seed_all_no_synth_20260430T192814Z/task_80_attempt_4.log; job_log=outputs/slurm/status/multi_seed_all_no_synth_20260430T192814Z/task_80_attempt_4.log
2026-05-02T04:06:49Z [ERROR] Task 80: permanent failure after 4 attempt(s)
2026-05-02T04:06:59Z [INFO] Submitting task 89 try 1/3: group=binary_train_multi_seed kind=train config=configs/binary/real_msi_deeplabv3plus_resnet34.yaml split=test seed=51 attempt=1
2026-05-02T04:06:59Z [INFO] Submitted task 89 (binary_train_multi_seed, train, configs/binary/real_msi_deeplabv3plus_resnet34.yaml, seed=51) as job 818806, attempt 1
2026-05-02T04:07:20Z [INFO] Job 818798 for task 84 has left the Slurm queue; validating output
2026-05-02T04:07:20Z [ERROR] Task 84: status file reports state=failed; seed=46; message=train failed; see outputs/slurm/status/multi_seed_all_no_synth_20260430T192814Z/task_84_attempt_3.log; job_log=outputs/slurm/status/multi_seed_all_no_synth_20260430T192814Z/task_84_attempt_3.log
2026-05-02T04:07:20Z [ERROR] Task 84: validation failed; re-queueing for retry
2026-05-02T04:07:30Z [INFO] Submitting task 84 try 1/3: group=binary_train_multi_seed kind=train config=configs/binary/real_msi_deeplabv3plus_resnet34.yaml split=test seed=46 attempt=4
2026-05-02T04:07:30Z [INFO] Submitted task 84 (binary_train_multi_seed, train, configs/binary/real_msi_deeplabv3plus_resnet34.yaml, seed=46) as job 818807, attempt 4
2026-05-02T04:07:51Z [INFO] Job 818799 for task 85 has left the Slurm queue; validating output
2026-05-02T04:07:51Z [ERROR] Task 85: status file reports state=failed; seed=47; message=train failed; see outputs/slurm/status/multi_seed_all_no_synth_20260430T192814Z/task_85_attempt_3.log; job_log=outputs/slurm/status/multi_seed_all_no_synth_20260430T192814Z/task_85_attempt_3.log
2026-05-02T04:07:51Z [ERROR] Task 85: validation failed; re-queueing for retry
2026-05-02T04:08:01Z [INFO] Submitting task 85 try 1/3: group=binary_train_multi_seed kind=train config=configs/binary/real_msi_deeplabv3plus_resnet34.yaml split=test seed=47 attempt=4
2026-05-02T04:08:01Z [INFO] Submitted task 85 (binary_train_multi_seed, train, configs/binary/real_msi_deeplabv3plus_resnet34.yaml, seed=47) as job 818808, attempt 4
2026-05-02T04:08:21Z [INFO] Job 818800 for task 81 has left the Slurm queue; validating output
2026-05-02T04:08:21Z [ERROR] Task 81: status file reports state=failed; seed=43; message=train failed; see outputs/slurm/status/multi_seed_all_no_synth_20260430T192814Z/task_81_attempt_4.log; job_log=outputs/slurm/status/multi_seed_all_no_synth_20260430T192814Z/task_81_attempt_4.log
2026-05-02T04:08:21Z [ERROR] Task 81: permanent failure after 4 attempt(s)
2026-05-02T04:08:32Z [INFO] Submitting task 90 try 1/3: group=binary_train_multi_seed kind=train config=configs/binary/real_msi_deeplabv3plus_resnet50.yaml split=test seed=42 attempt=1
2026-05-02T04:08:32Z [INFO] Submitted task 90 (binary_train_multi_seed, train, configs/binary/real_msi_deeplabv3plus_resnet50.yaml, seed=42) as job 818809, attempt 1
2026-05-02T04:08:52Z [INFO] Job 818801 for task 82 has left the Slurm queue; validating output
2026-05-02T04:08:52Z [ERROR] Task 82: status file reports state=failed; seed=44; message=train failed; see outputs/slurm/status/multi_seed_all_no_synth_20260430T192814Z/task_82_attempt_4.log; job_log=outputs/slurm/status/multi_seed_all_no_synth_20260430T192814Z/task_82_attempt_4.log
2026-05-02T04:08:52Z [ERROR] Task 82: permanent failure after 4 attempt(s)
2026-05-02T04:09:02Z [INFO] Submitting task 91 try 1/3: group=binary_train_multi_seed kind=train config=configs/binary/real_msi_deeplabv3plus_resnet50.yaml split=test seed=43 attempt=1
2026-05-02T04:09:02Z [INFO] Submitted task 91 (binary_train_multi_seed, train, configs/binary/real_msi_deeplabv3plus_resnet50.yaml, seed=43) as job 818810, attempt 1
2026-05-02T04:09:23Z [INFO] Job 818802 for task 86 has left the Slurm queue; validating output
2026-05-02T04:09:23Z [ERROR] Task 86: status file reports state=failed; seed=48; message=train failed; see outputs/slurm/status/multi_seed_all_no_synth_20260430T192814Z/task_86_attempt_3.log; job_log=outputs/slurm/status/multi_seed_all_no_synth_20260430T192814Z/task_86_attempt_3.log
2026-05-02T04:09:23Z [ERROR] Task 86: validation failed; re-queueing for retry
2026-05-02T04:09:33Z [INFO] Submitting task 86 try 1/3: group=binary_train_multi_seed kind=train config=configs/binary/real_msi_deeplabv3plus_resnet34.yaml split=test seed=48 attempt=4
2026-05-02T04:09:33Z [INFO] Submitted task 86 (binary_train_multi_seed, train, configs/binary/real_msi_deeplabv3plus_resnet34.yaml, seed=48) as job 818811, attempt 4
2026-05-02T04:09:54Z [INFO] Job 818803 for task 83 has left the Slurm queue; validating output
2026-05-02T04:09:54Z [ERROR] Task 83: status file reports state=failed; seed=45; message=train failed; see outputs/slurm/status/multi_seed_all_no_synth_20260430T192814Z/task_83_attempt_4.log; job_log=outputs/slurm/status/multi_seed_all_no_synth_20260430T192814Z/task_83_attempt_4.log
2026-05-02T04:09:54Z [ERROR] Task 83: permanent failure after 4 attempt(s)
2026-05-02T04:10:04Z [INFO] Submitting task 92 try 1/3: group=binary_train_multi_seed kind=train config=configs/binary/real_msi_deeplabv3plus_resnet50.yaml split=test seed=44 attempt=1
2026-05-02T04:10:04Z [INFO] Submitted task 92 (binary_train_multi_seed, train, configs/binary/real_msi_deeplabv3plus_resnet50.yaml, seed=44) as job 818812, attempt 1
2026-05-02T04:10:25Z [INFO] Job 818804 for task 87 has left the Slurm queue; validating output
2026-05-02T04:10:25Z [ERROR] Task 87: status file reports state=failed; seed=49; message=train failed; see outputs/slurm/status/multi_seed_all_no_synth_20260430T192814Z/task_87_attempt_1.log; job_log=outputs/slurm/status/multi_seed_all_no_synth_20260430T192814Z/task_87_attempt_1.log
2026-05-02T04:10:25Z [ERROR] Task 87: validation failed; re-queueing for retry
2026-05-02T04:10:35Z [INFO] Submitting task 87 try 1/3: group=binary_train_multi_seed kind=train config=configs/binary/real_msi_deeplabv3plus_resnet34.yaml split=test seed=49 attempt=2
2026-05-02T04:10:35Z [INFO] Submitted task 87 (binary_train_multi_seed, train, configs/binary/real_msi_deeplabv3plus_resnet34.yaml, seed=49) as job 818813, attempt 2
2026-05-02T04:10:56Z [INFO] Job 818805 for task 88 has left the Slurm queue; validating output
2026-05-02T04:10:56Z [ERROR] Task 88: status file reports state=failed; seed=50; message=train failed; see outputs/slurm/status/multi_seed_all_no_synth_20260430T192814Z/task_88_attempt_1.log; job_log=outputs/slurm/status/multi_seed_all_no_synth_20260430T192814Z/task_88_attempt_1.log
2026-05-02T04:10:56Z [ERROR] Task 88: validation failed; re-queueing for retry
2026-05-02T04:11:06Z [INFO] Submitting task 88 try 1/3: group=binary_train_multi_seed kind=train config=configs/binary/real_msi_deeplabv3plus_resnet34.yaml split=test seed=50 attempt=2
2026-05-02T04:11:06Z [INFO] Submitted task 88 (binary_train_multi_seed, train, configs/binary/real_msi_deeplabv3plus_resnet34.yaml, seed=50) as job 818814, attempt 2
2026-05-02T04:11:27Z [INFO] Job 818806 for task 89 has left the Slurm queue; validating output
2026-05-02T04:11:28Z [ERROR] Task 89: status file reports state=failed; seed=51; message=train failed; see outputs/slurm/status/multi_seed_all_no_synth_20260430T192814Z/task_89_attempt_1.log; job_log=outputs/slurm/status/multi_seed_all_no_synth_20260430T192814Z/task_89_attempt_1.log
2026-05-02T04:11:28Z [ERROR] Task 89: validation failed; re-queueing for retry
2026-05-02T04:11:38Z [INFO] Submitting task 89 try 1/3: group=binary_train_multi_seed kind=train config=configs/binary/real_msi_deeplabv3plus_resnet34.yaml split=test seed=51 attempt=2
2026-05-02T04:11:38Z [INFO] Submitted task 89 (binary_train_multi_seed, train, configs/binary/real_msi_deeplabv3plus_resnet34.yaml, seed=51) as job 818815, attempt 2
2026-05-02T04:11:59Z [INFO] Job 818807 for task 84 has left the Slurm queue; validating output
2026-05-02T04:11:59Z [ERROR] Task 84: status file reports state=failed; seed=46; message=train failed; see outputs/slurm/status/multi_seed_all_no_synth_20260430T192814Z/task_84_attempt_4.log; job_log=outputs/slurm/status/multi_seed_all_no_synth_20260430T192814Z/task_84_attempt_4.log
2026-05-02T04:11:59Z [ERROR] Task 84: permanent failure after 4 attempt(s)
2026-05-02T04:12:09Z [INFO] Submitting task 93 try 1/3: group=binary_train_multi_seed kind=train config=configs/binary/real_msi_deeplabv3plus_resnet50.yaml split=test seed=45 attempt=1
2026-05-02T04:12:09Z [INFO] Submitted task 93 (binary_train_multi_seed, train, configs/binary/real_msi_deeplabv3plus_resnet50.yaml, seed=45) as job 818816, attempt 1
2026-05-02T04:12:30Z [INFO] Job 818808 for task 85 has left the Slurm queue; validating output
2026-05-02T04:12:30Z [ERROR] Task 85: status file reports state=failed; seed=47; message=train failed; see outputs/slurm/status/multi_seed_all_no_synth_20260430T192814Z/task_85_attempt_4.log; job_log=outputs/slurm/status/multi_seed_all_no_synth_20260430T192814Z/task_85_attempt_4.log
2026-05-02T04:12:30Z [ERROR] Task 85: permanent failure after 4 attempt(s)
2026-05-02T04:12:41Z [INFO] Submitting task 94 try 1/3: group=binary_train_multi_seed kind=train config=configs/binary/real_msi_deeplabv3plus_resnet50.yaml split=test seed=46 attempt=1
2026-05-02T04:12:41Z [INFO] Submitted task 94 (binary_train_multi_seed, train, configs/binary/real_msi_deeplabv3plus_resnet50.yaml, seed=46) as job 818817, attempt 1
2026-05-02T04:12:51Z [INFO] Job 818809 for task 90 has left the Slurm queue; validating output
2026-05-02T04:12:51Z [ERROR] Task 90: status file reports state=failed; seed=42; message=train failed; see outputs/slurm/status/multi_seed_all_no_synth_20260430T192814Z/task_90_attempt_1.log; job_log=outputs/slurm/status/multi_seed_all_no_synth_20260430T192814Z/task_90_attempt_1.log
2026-05-02T04:12:51Z [ERROR] Task 90: validation failed; re-queueing for retry
2026-05-02T04:13:01Z [INFO] Submitting task 90 try 1/3: group=binary_train_multi_seed kind=train config=configs/binary/real_msi_deeplabv3plus_resnet50.yaml split=test seed=42 attempt=2
2026-05-02T04:13:01Z [INFO] Submitted task 90 (binary_train_multi_seed, train, configs/binary/real_msi_deeplabv3plus_resnet50.yaml, seed=42) as job 818818, attempt 2
2026-05-02T04:13:22Z [INFO] Job 818810 for task 91 has left the Slurm queue; validating output
2026-05-02T04:13:23Z [ERROR] Task 91: status file reports state=failed; seed=43; message=train failed; see outputs/slurm/status/multi_seed_all_no_synth_20260430T192814Z/task_91_attempt_1.log; job_log=outputs/slurm/status/multi_seed_all_no_synth_20260430T192814Z/task_91_attempt_1.log
2026-05-02T04:13:23Z [ERROR] Task 91: validation failed; re-queueing for retry
2026-05-02T04:13:33Z [INFO] Submitting task 91 try 1/3: group=binary_train_multi_seed kind=train config=configs/binary/real_msi_deeplabv3plus_resnet50.yaml split=test seed=43 attempt=2
2026-05-02T04:13:33Z [INFO] Submitted task 91 (binary_train_multi_seed, train, configs/binary/real_msi_deeplabv3plus_resnet50.yaml, seed=43) as job 818819, attempt 2
2026-05-02T04:13:53Z [INFO] Job 818811 for task 86 has left the Slurm queue; validating output
2026-05-02T04:13:54Z [ERROR] Task 86: status file reports state=failed; seed=48; message=train failed; see outputs/slurm/status/multi_seed_all_no_synth_20260430T192814Z/task_86_attempt_4.log; job_log=outputs/slurm/status/multi_seed_all_no_synth_20260430T192814Z/task_86_attempt_4.log
2026-05-02T04:13:54Z [ERROR] Task 86: permanent failure after 4 attempt(s)
2026-05-02T04:14:04Z [INFO] Submitting task 95 try 1/3: group=binary_train_multi_seed kind=train config=configs/binary/real_msi_deeplabv3plus_resnet50.yaml split=test seed=47 attempt=1
2026-05-02T04:14:04Z [INFO] Submitted task 95 (binary_train_multi_seed, train, configs/binary/real_msi_deeplabv3plus_resnet50.yaml, seed=47) as job 818820, attempt 1
2026-05-02T04:14:24Z [INFO] Job 818587 for task 56 has left the Slurm queue; validating output
2026-05-02T04:14:24Z [INFO] Task 56 completed successfully
2026-05-02T04:14:25Z [INFO] Job 818812 for task 92 has left the Slurm queue; validating output
2026-05-02T04:14:25Z [ERROR] Task 92: status file reports state=failed; seed=44; message=train failed; see outputs/slurm/status/multi_seed_all_no_synth_20260430T192814Z/task_92_attempt_1.log; job_log=outputs/slurm/status/multi_seed_all_no_synth_20260430T192814Z/task_92_attempt_1.log
2026-05-02T04:14:25Z [ERROR] Task 92: validation failed; re-queueing for retry
2026-05-02T04:14:35Z [INFO] Submitting task 92 try 1/3: group=binary_train_multi_seed kind=train config=configs/binary/real_msi_deeplabv3plus_resnet50.yaml split=test seed=44 attempt=2
2026-05-02T04:14:35Z [INFO] Submitted task 92 (binary_train_multi_seed, train, configs/binary/real_msi_deeplabv3plus_resnet50.yaml, seed=44) as job 818821, attempt 2
2026-05-02T04:14:35Z [INFO] Submitting task 96 try 1/3: group=binary_train_multi_seed kind=train config=configs/binary/real_msi_deeplabv3plus_resnet50.yaml split=test seed=48 attempt=1
2026-05-02T04:14:35Z [INFO] Submitted task 96 (binary_train_multi_seed, train, configs/binary/real_msi_deeplabv3plus_resnet50.yaml, seed=48) as job 818822, attempt 1
2026-05-02T04:14:56Z [INFO] Job 818813 for task 87 has left the Slurm queue; validating output
2026-05-02T04:14:56Z [ERROR] Task 87: status file reports state=failed; seed=49; message=train failed; see outputs/slurm/status/multi_seed_all_no_synth_20260430T192814Z/task_87_attempt_2.log; job_log=outputs/slurm/status/multi_seed_all_no_synth_20260430T192814Z/task_87_attempt_2.log
2026-05-02T04:14:56Z [ERROR] Task 87: validation failed; re-queueing for retry
2026-05-02T04:15:06Z [INFO] Submitting task 87 try 1/3: group=binary_train_multi_seed kind=train config=configs/binary/real_msi_deeplabv3plus_resnet34.yaml split=test seed=49 attempt=3
2026-05-02T04:15:06Z [INFO] Submitted task 87 (binary_train_multi_seed, train, configs/binary/real_msi_deeplabv3plus_resnet34.yaml, seed=49) as job 818823, attempt 3
2026-05-02T04:15:27Z [INFO] Job 818815 for task 89 has left the Slurm queue; validating output
2026-05-02T04:15:29Z [ERROR] Task 89: status file reports state=failed; seed=51; message=train failed; see outputs/slurm/status/multi_seed_all_no_synth_20260430T192814Z/task_89_attempt_2.log; job_log=outputs/slurm/status/multi_seed_all_no_synth_20260430T192814Z/task_89_attempt_2.log
2026-05-02T04:15:29Z [ERROR] Task 89: validation failed; re-queueing for retry
2026-05-02T04:15:39Z [INFO] Submitting task 89 try 1/3: group=binary_train_multi_seed kind=train config=configs/binary/real_msi_deeplabv3plus_resnet34.yaml split=test seed=51 attempt=3
2026-05-02T04:15:39Z [INFO] Submitted task 89 (binary_train_multi_seed, train, configs/binary/real_msi_deeplabv3plus_resnet34.yaml, seed=51) as job 818824, attempt 3
2026-05-02T04:15:49Z [INFO] Job 818816 for task 93 has left the Slurm queue; validating output
2026-05-02T04:15:50Z [ERROR] Task 93: status file reports state=failed; seed=45; message=train failed; see outputs/slurm/status/multi_seed_all_no_synth_20260430T192814Z/task_93_attempt_1.log; job_log=outputs/slurm/status/multi_seed_all_no_synth_20260430T192814Z/task_93_attempt_1.log
2026-05-02T04:15:50Z [ERROR] Task 93: validation failed; re-queueing for retry
2026-05-02T04:16:00Z [INFO] Submitting task 93 try 1/3: group=binary_train_multi_seed kind=train config=configs/binary/real_msi_deeplabv3plus_resnet50.yaml split=test seed=45 attempt=2
2026-05-02T04:16:00Z [INFO] Submitted task 93 (binary_train_multi_seed, train, configs/binary/real_msi_deeplabv3plus_resnet50.yaml, seed=45) as job 818825, attempt 2
2026-05-02T04:16:20Z [INFO] Job 818817 for task 94 has left the Slurm queue; validating output
2026-05-02T04:16:21Z [ERROR] Task 94: status file reports state=failed; seed=46; message=train failed; see outputs/slurm/status/multi_seed_all_no_synth_20260430T192814Z/task_94_attempt_1.log; job_log=outputs/slurm/status/multi_seed_all_no_synth_20260430T192814Z/task_94_attempt_1.log
2026-05-02T04:16:21Z [ERROR] Task 94: validation failed; re-queueing for retry
2026-05-02T04:16:31Z [INFO] Submitting task 94 try 1/3: group=binary_train_multi_seed kind=train config=configs/binary/real_msi_deeplabv3plus_resnet50.yaml split=test seed=46 attempt=2
2026-05-02T04:16:31Z [INFO] Submitted task 94 (binary_train_multi_seed, train, configs/binary/real_msi_deeplabv3plus_resnet50.yaml, seed=46) as job 818826, attempt 2
2026-05-02T04:16:51Z [INFO] Job 818818 for task 90 has left the Slurm queue; validating output
2026-05-02T04:16:52Z [ERROR] Task 90: status file reports state=failed; seed=42; message=train failed; see outputs/slurm/status/multi_seed_all_no_synth_20260430T192814Z/task_90_attempt_2.log; job_log=outputs/slurm/status/multi_seed_all_no_synth_20260430T192814Z/task_90_attempt_2.log
2026-05-02T04:16:52Z [ERROR] Task 90: validation failed; re-queueing for retry
2026-05-02T04:17:02Z [INFO] Submitting task 90 try 1/3: group=binary_train_multi_seed kind=train config=configs/binary/real_msi_deeplabv3plus_resnet50.yaml split=test seed=42 attempt=3
2026-05-02T04:17:02Z [INFO] Submitted task 90 (binary_train_multi_seed, train, configs/binary/real_msi_deeplabv3plus_resnet50.yaml, seed=42) as job 818827, attempt 3
2026-05-02T04:17:23Z [INFO] Job 818819 for task 91 has left the Slurm queue; validating output
2026-05-02T04:17:23Z [ERROR] Task 91: status file reports state=failed; seed=43; message=train failed; see outputs/slurm/status/multi_seed_all_no_synth_20260430T192814Z/task_91_attempt_2.log; job_log=outputs/slurm/status/multi_seed_all_no_synth_20260430T192814Z/task_91_attempt_2.log
2026-05-02T04:17:23Z [ERROR] Task 91: validation failed; re-queueing for retry
2026-05-02T04:17:33Z [INFO] Submitting task 91 try 1/3: group=binary_train_multi_seed kind=train config=configs/binary/real_msi_deeplabv3plus_resnet50.yaml split=test seed=43 attempt=3
2026-05-02T04:17:33Z [INFO] Submitted task 91 (binary_train_multi_seed, train, configs/binary/real_msi_deeplabv3plus_resnet50.yaml, seed=43) as job 818828, attempt 3
2026-05-02T04:17:54Z [INFO] Job 818820 for task 95 has left the Slurm queue; validating output
2026-05-02T04:17:54Z [ERROR] Task 95: status file reports state=failed; seed=47; message=train failed; see outputs/slurm/status/multi_seed_all_no_synth_20260430T192814Z/task_95_attempt_1.log; job_log=outputs/slurm/status/multi_seed_all_no_synth_20260430T192814Z/task_95_attempt_1.log
2026-05-02T04:17:54Z [ERROR] Task 95: validation failed; re-queueing for retry
2026-05-02T04:18:04Z [INFO] Submitting task 95 try 1/3: group=binary_train_multi_seed kind=train config=configs/binary/real_msi_deeplabv3plus_resnet50.yaml split=test seed=47 attempt=2
2026-05-02T04:18:04Z [INFO] Submitted task 95 (binary_train_multi_seed, train, configs/binary/real_msi_deeplabv3plus_resnet50.yaml, seed=47) as job 818829, attempt 2
2026-05-02T04:18:25Z [INFO] Job 818821 for task 92 has left the Slurm queue; validating output
2026-05-02T04:18:25Z [ERROR] Task 92: status file reports state=failed; seed=44; message=train failed; see outputs/slurm/status/multi_seed_all_no_synth_20260430T192814Z/task_92_attempt_2.log; job_log=outputs/slurm/status/multi_seed_all_no_synth_20260430T192814Z/task_92_attempt_2.log
2026-05-02T04:18:25Z [ERROR] Task 92: validation failed; re-queueing for retry
2026-05-02T04:18:35Z [INFO] Submitting task 92 try 1/3: group=binary_train_multi_seed kind=train config=configs/binary/real_msi_deeplabv3plus_resnet50.yaml split=test seed=44 attempt=3
2026-05-02T04:18:35Z [INFO] Submitted task 92 (binary_train_multi_seed, train, configs/binary/real_msi_deeplabv3plus_resnet50.yaml, seed=44) as job 818830, attempt 3
2026-05-02T04:18:56Z [INFO] Job 818822 for task 96 has left the Slurm queue; validating output
2026-05-02T04:18:56Z [ERROR] Task 96: status file reports state=failed; seed=48; message=train failed; see outputs/slurm/status/multi_seed_all_no_synth_20260430T192814Z/task_96_attempt_1.log; job_log=outputs/slurm/status/multi_seed_all_no_synth_20260430T192814Z/task_96_attempt_1.log
2026-05-02T04:18:56Z [ERROR] Task 96: validation failed; re-queueing for retry
2026-05-02T04:19:06Z [INFO] Submitting task 96 try 1/3: group=binary_train_multi_seed kind=train config=configs/binary/real_msi_deeplabv3plus_resnet50.yaml split=test seed=48 attempt=2
2026-05-02T04:19:06Z [INFO] Submitted task 96 (binary_train_multi_seed, train, configs/binary/real_msi_deeplabv3plus_resnet50.yaml, seed=48) as job 818831, attempt 2
2026-05-02T04:19:27Z [INFO] Job 818823 for task 87 has left the Slurm queue; validating output
2026-05-02T04:19:27Z [ERROR] Task 87: status file reports state=failed; seed=49; message=train failed; see outputs/slurm/status/multi_seed_all_no_synth_20260430T192814Z/task_87_attempt_3.log; job_log=outputs/slurm/status/multi_seed_all_no_synth_20260430T192814Z/task_87_attempt_3.log
2026-05-02T04:19:27Z [ERROR] Task 87: validation failed; re-queueing for retry
2026-05-02T04:19:37Z [INFO] Submitting task 87 try 1/3: group=binary_train_multi_seed kind=train config=configs/binary/real_msi_deeplabv3plus_resnet34.yaml split=test seed=49 attempt=4
2026-05-02T04:19:37Z [INFO] Submitted task 87 (binary_train_multi_seed, train, configs/binary/real_msi_deeplabv3plus_resnet34.yaml, seed=49) as job 818832, attempt 4
2026-05-02T04:19:48Z [INFO] Job 818824 for task 89 has left the Slurm queue; validating output
2026-05-02T04:19:48Z [ERROR] Task 89: status file reports state=failed; seed=51; message=train failed; see outputs/slurm/status/multi_seed_all_no_synth_20260430T192814Z/task_89_attempt_3.log; job_log=outputs/slurm/status/multi_seed_all_no_synth_20260430T192814Z/task_89_attempt_3.log
2026-05-02T04:19:48Z [ERROR] Task 89: validation failed; re-queueing for retry
2026-05-02T04:19:58Z [INFO] Submitting task 89 try 1/3: group=binary_train_multi_seed kind=train config=configs/binary/real_msi_deeplabv3plus_resnet34.yaml split=test seed=51 attempt=4
2026-05-02T04:19:58Z [INFO] Submitted task 89 (binary_train_multi_seed, train, configs/binary/real_msi_deeplabv3plus_resnet34.yaml, seed=51) as job 818833, attempt 4
2026-05-02T04:20:19Z [INFO] Job 818825 for task 93 has left the Slurm queue; validating output
2026-05-02T04:20:19Z [ERROR] Task 93: status file reports state=failed; seed=45; message=train failed; see outputs/slurm/status/multi_seed_all_no_synth_20260430T192814Z/task_93_attempt_2.log; job_log=outputs/slurm/status/multi_seed_all_no_synth_20260430T192814Z/task_93_attempt_2.log
2026-05-02T04:20:19Z [ERROR] Task 93: validation failed; re-queueing for retry
2026-05-02T04:20:29Z [INFO] Submitting task 93 try 1/3: group=binary_train_multi_seed kind=train config=configs/binary/real_msi_deeplabv3plus_resnet50.yaml split=test seed=45 attempt=3
2026-05-02T04:20:29Z [INFO] Submitted task 93 (binary_train_multi_seed, train, configs/binary/real_msi_deeplabv3plus_resnet50.yaml, seed=45) as job 818834, attempt 3
2026-05-02T04:20:50Z [INFO] Job 818826 for task 94 has left the Slurm queue; validating output
2026-05-02T04:20:50Z [ERROR] Task 94: status file reports state=failed; seed=46; message=train failed; see outputs/slurm/status/multi_seed_all_no_synth_20260430T192814Z/task_94_attempt_2.log; job_log=outputs/slurm/status/multi_seed_all_no_synth_20260430T192814Z/task_94_attempt_2.log
2026-05-02T04:20:50Z [ERROR] Task 94: validation failed; re-queueing for retry
2026-05-02T04:21:00Z [INFO] Submitting task 94 try 1/3: group=binary_train_multi_seed kind=train config=configs/binary/real_msi_deeplabv3plus_resnet50.yaml split=test seed=46 attempt=3
2026-05-02T04:21:00Z [INFO] Submitted task 94 (binary_train_multi_seed, train, configs/binary/real_msi_deeplabv3plus_resnet50.yaml, seed=46) as job 818835, attempt 3
2026-05-02T04:21:21Z [INFO] Job 818827 for task 90 has left the Slurm queue; validating output
2026-05-02T04:21:23Z [ERROR] Task 90: status file reports state=failed; seed=42; message=train failed; see outputs/slurm/status/multi_seed_all_no_synth_20260430T192814Z/task_90_attempt_3.log; job_log=outputs/slurm/status/multi_seed_all_no_synth_20260430T192814Z/task_90_attempt_3.log
2026-05-02T04:21:23Z [ERROR] Task 90: validation failed; re-queueing for retry
2026-05-02T04:21:33Z [INFO] Submitting task 90 try 1/3: group=binary_train_multi_seed kind=train config=configs/binary/real_msi_deeplabv3plus_resnet50.yaml split=test seed=42 attempt=4
2026-05-02T04:21:33Z [INFO] Submitted task 90 (binary_train_multi_seed, train, configs/binary/real_msi_deeplabv3plus_resnet50.yaml, seed=42) as job 818836, attempt 4
2026-05-02T04:21:54Z [INFO] Job 818828 for task 91 has left the Slurm queue; validating output
2026-05-02T04:21:54Z [ERROR] Task 91: status file reports state=failed; seed=43; message=train failed; see outputs/slurm/status/multi_seed_all_no_synth_20260430T192814Z/task_91_attempt_3.log; job_log=outputs/slurm/status/multi_seed_all_no_synth_20260430T192814Z/task_91_attempt_3.log
2026-05-02T04:21:54Z [ERROR] Task 91: validation failed; re-queueing for retry
2026-05-02T04:22:04Z [INFO] Submitting task 91 try 1/3: group=binary_train_multi_seed kind=train config=configs/binary/real_msi_deeplabv3plus_resnet50.yaml split=test seed=43 attempt=4
2026-05-02T04:22:04Z [INFO] Submitted task 91 (binary_train_multi_seed, train, configs/binary/real_msi_deeplabv3plus_resnet50.yaml, seed=43) as job 818837, attempt 4
2026-05-02T04:22:25Z [INFO] Job 818829 for task 95 has left the Slurm queue; validating output
2026-05-02T04:22:25Z [ERROR] Task 95: status file reports state=failed; seed=47; message=train failed; see outputs/slurm/status/multi_seed_all_no_synth_20260430T192814Z/task_95_attempt_2.log; job_log=outputs/slurm/status/multi_seed_all_no_synth_20260430T192814Z/task_95_attempt_2.log
2026-05-02T04:22:25Z [ERROR] Task 95: validation failed; re-queueing for retry
2026-05-02T04:22:35Z [INFO] Submitting task 95 try 1/3: group=binary_train_multi_seed kind=train config=configs/binary/real_msi_deeplabv3plus_resnet50.yaml split=test seed=47 attempt=3
2026-05-02T04:22:35Z [INFO] Submitted task 95 (binary_train_multi_seed, train, configs/binary/real_msi_deeplabv3plus_resnet50.yaml, seed=47) as job 818838, attempt 3
2026-05-02T04:22:56Z [INFO] Job 818830 for task 92 has left the Slurm queue; validating output
2026-05-02T04:22:56Z [ERROR] Task 92: status file reports state=failed; seed=44; message=train failed; see outputs/slurm/status/multi_seed_all_no_synth_20260430T192814Z/task_92_attempt_3.log; job_log=outputs/slurm/status/multi_seed_all_no_synth_20260430T192814Z/task_92_attempt_3.log
2026-05-02T04:22:56Z [ERROR] Task 92: validation failed; re-queueing for retry
2026-05-02T04:23:06Z [INFO] Submitting task 92 try 1/3: group=binary_train_multi_seed kind=train config=configs/binary/real_msi_deeplabv3plus_resnet50.yaml split=test seed=44 attempt=4
2026-05-02T04:23:06Z [INFO] Submitted task 92 (binary_train_multi_seed, train, configs/binary/real_msi_deeplabv3plus_resnet50.yaml, seed=44) as job 818839, attempt 4
2026-05-02T04:23:17Z [INFO] Job 818831 for task 96 has left the Slurm queue; validating output
2026-05-02T04:23:17Z [ERROR] Task 96: status file reports state=failed; seed=48; message=train failed; see outputs/slurm/status/multi_seed_all_no_synth_20260430T192814Z/task_96_attempt_2.log; job_log=outputs/slurm/status/multi_seed_all_no_synth_20260430T192814Z/task_96_attempt_2.log
2026-05-02T04:23:17Z [ERROR] Task 96: validation failed; re-queueing for retry
2026-05-02T04:23:27Z [INFO] Submitting task 96 try 1/3: group=binary_train_multi_seed kind=train config=configs/binary/real_msi_deeplabv3plus_resnet50.yaml split=test seed=48 attempt=3
2026-05-02T04:23:27Z [INFO] Submitted task 96 (binary_train_multi_seed, train, configs/binary/real_msi_deeplabv3plus_resnet50.yaml, seed=48) as job 818840, attempt 3
2026-05-02T04:23:58Z [INFO] Job 818832 for task 87 has left the Slurm queue; validating output
2026-05-02T04:23:58Z [ERROR] Task 87: status file reports state=failed; seed=49; message=train failed; see outputs/slurm/status/multi_seed_all_no_synth_20260430T192814Z/task_87_attempt_4.log; job_log=outputs/slurm/status/multi_seed_all_no_synth_20260430T192814Z/task_87_attempt_4.log
2026-05-02T04:23:58Z [ERROR] Task 87: permanent failure after 4 attempt(s)
2026-05-02T04:24:09Z [INFO] Submitting task 97 try 1/3: group=binary_train_multi_seed kind=train config=configs/binary/real_msi_deeplabv3plus_resnet50.yaml split=test seed=49 attempt=1
2026-05-02T04:24:09Z [INFO] Submitted task 97 (binary_train_multi_seed, train, configs/binary/real_msi_deeplabv3plus_resnet50.yaml, seed=49) as job 818841, attempt 1
2026-05-02T04:24:19Z [INFO] Job 818833 for task 89 has left the Slurm queue; validating output
2026-05-02T04:24:19Z [ERROR] Task 89: status file reports state=failed; seed=51; message=train failed; see outputs/slurm/status/multi_seed_all_no_synth_20260430T192814Z/task_89_attempt_4.log; job_log=outputs/slurm/status/multi_seed_all_no_synth_20260430T192814Z/task_89_attempt_4.log
2026-05-02T04:24:19Z [ERROR] Task 89: permanent failure after 4 attempt(s)
2026-05-02T04:24:29Z [INFO] Submitting task 98 try 1/3: group=binary_train_multi_seed kind=train config=configs/binary/real_msi_deeplabv3plus_resnet50.yaml split=test seed=50 attempt=1
2026-05-02T04:24:29Z [INFO] Submitted task 98 (binary_train_multi_seed, train, configs/binary/real_msi_deeplabv3plus_resnet50.yaml, seed=50) as job 818842, attempt 1
2026-05-02T04:24:50Z [INFO] Job 818834 for task 93 has left the Slurm queue; validating output
2026-05-02T04:24:50Z [ERROR] Task 93: status file reports state=failed; seed=45; message=train failed; see outputs/slurm/status/multi_seed_all_no_synth_20260430T192814Z/task_93_attempt_3.log; job_log=outputs/slurm/status/multi_seed_all_no_synth_20260430T192814Z/task_93_attempt_3.log
2026-05-02T04:24:50Z [ERROR] Task 93: validation failed; re-queueing for retry
2026-05-02T04:25:00Z [INFO] Submitting task 93 try 1/3: group=binary_train_multi_seed kind=train config=configs/binary/real_msi_deeplabv3plus_resnet50.yaml split=test seed=45 attempt=4
2026-05-02T04:25:00Z [INFO] Submitted task 93 (binary_train_multi_seed, train, configs/binary/real_msi_deeplabv3plus_resnet50.yaml, seed=45) as job 818843, attempt 4
2026-05-02T04:25:21Z [INFO] Job 818835 for task 94 has left the Slurm queue; validating output
2026-05-02T04:25:21Z [ERROR] Task 94: status file reports state=failed; seed=46; message=train failed; see outputs/slurm/status/multi_seed_all_no_synth_20260430T192814Z/task_94_attempt_3.log; job_log=outputs/slurm/status/multi_seed_all_no_synth_20260430T192814Z/task_94_attempt_3.log
2026-05-02T04:25:21Z [ERROR] Task 94: validation failed; re-queueing for retry
2026-05-02T04:25:31Z [INFO] Submitting task 94 try 1/3: group=binary_train_multi_seed kind=train config=configs/binary/real_msi_deeplabv3plus_resnet50.yaml split=test seed=46 attempt=4
2026-05-02T04:25:31Z [INFO] Submitted task 94 (binary_train_multi_seed, train, configs/binary/real_msi_deeplabv3plus_resnet50.yaml, seed=46) as job 818844, attempt 4
2026-05-02T04:25:52Z [INFO] Job 818836 for task 90 has left the Slurm queue; validating output
2026-05-02T04:25:52Z [ERROR] Task 90: status file reports state=failed; seed=42; message=train failed; see outputs/slurm/status/multi_seed_all_no_synth_20260430T192814Z/task_90_attempt_4.log; job_log=outputs/slurm/status/multi_seed_all_no_synth_20260430T192814Z/task_90_attempt_4.log
2026-05-02T04:25:52Z [ERROR] Task 90: permanent failure after 4 attempt(s)
2026-05-02T04:26:02Z [INFO] Submitting task 99 try 1/3: group=binary_train_multi_seed kind=train config=configs/binary/real_msi_deeplabv3plus_resnet50.yaml split=test seed=51 attempt=1
2026-05-02T04:26:02Z [INFO] Submitted task 99 (binary_train_multi_seed, train, configs/binary/real_msi_deeplabv3plus_resnet50.yaml, seed=51) as job 818845, attempt 1
2026-05-02T04:26:23Z [INFO] Job 818837 for task 91 has left the Slurm queue; validating output
2026-05-02T04:26:23Z [ERROR] Task 91: status file reports state=failed; seed=43; message=train failed; see outputs/slurm/status/multi_seed_all_no_synth_20260430T192814Z/task_91_attempt_4.log; job_log=outputs/slurm/status/multi_seed_all_no_synth_20260430T192814Z/task_91_attempt_4.log
2026-05-02T04:26:23Z [ERROR] Task 91: permanent failure after 4 attempt(s)
2026-05-02T04:26:34Z [INFO] Submitting task 100 try 1/3: group=binary_train_multi_seed kind=train config=configs/binary/real_msi_segformer_b0.yaml split=test seed=42 attempt=1
2026-05-02T04:26:34Z [INFO] Submitted task 100 (binary_train_multi_seed, train, configs/binary/real_msi_segformer_b0.yaml, seed=42) as job 818846, attempt 1
2026-05-02T04:26:54Z [INFO] Job 818838 for task 95 has left the Slurm queue; validating output
2026-05-02T04:26:55Z [ERROR] Task 95: status file reports state=failed; seed=47; message=train failed; see outputs/slurm/status/multi_seed_all_no_synth_20260430T192814Z/task_95_attempt_3.log; job_log=outputs/slurm/status/multi_seed_all_no_synth_20260430T192814Z/task_95_attempt_3.log
2026-05-02T04:26:55Z [ERROR] Task 95: validation failed; re-queueing for retry
2026-05-02T04:27:05Z [INFO] Submitting task 95 try 1/3: group=binary_train_multi_seed kind=train config=configs/binary/real_msi_deeplabv3plus_resnet50.yaml split=test seed=47 attempt=4
2026-05-02T04:27:05Z [INFO] Submitted task 95 (binary_train_multi_seed, train, configs/binary/real_msi_deeplabv3plus_resnet50.yaml, seed=47) as job 818847, attempt 4
2026-05-02T04:27:25Z [INFO] Job 818839 for task 92 has left the Slurm queue; validating output
2026-05-02T04:27:26Z [ERROR] Task 92: status file reports state=failed; seed=44; message=train failed; see outputs/slurm/status/multi_seed_all_no_synth_20260430T192814Z/task_92_attempt_4.log; job_log=outputs/slurm/status/multi_seed_all_no_synth_20260430T192814Z/task_92_attempt_4.log
2026-05-02T04:27:26Z [ERROR] Task 92: permanent failure after 4 attempt(s)
2026-05-02T04:27:36Z [INFO] Submitting task 101 try 1/3: group=binary_train_multi_seed kind=train config=configs/binary/real_msi_segformer_b0.yaml split=test seed=43 attempt=1
2026-05-02T04:27:36Z [INFO] Submitted task 101 (binary_train_multi_seed, train, configs/binary/real_msi_segformer_b0.yaml, seed=43) as job 818848, attempt 1
2026-05-02T04:27:56Z [INFO] Job 818589 for task 57 has left the Slurm queue; validating output
2026-05-02T04:27:56Z [INFO] Task 57 completed successfully
2026-05-02T04:27:57Z [INFO] Job 818840 for task 96 has left the Slurm queue; validating output
2026-05-02T04:27:57Z [ERROR] Task 96: status file reports state=failed; seed=48; message=train failed; see outputs/slurm/status/multi_seed_all_no_synth_20260430T192814Z/task_96_attempt_3.log; job_log=outputs/slurm/status/multi_seed_all_no_synth_20260430T192814Z/task_96_attempt_3.log
2026-05-02T04:27:57Z [ERROR] Task 96: validation failed; re-queueing for retry
2026-05-02T04:28:07Z [INFO] Submitting task 96 try 1/3: group=binary_train_multi_seed kind=train config=configs/binary/real_msi_deeplabv3plus_resnet50.yaml split=test seed=48 attempt=4
2026-05-02T04:28:07Z [INFO] Submitted task 96 (binary_train_multi_seed, train, configs/binary/real_msi_deeplabv3plus_resnet50.yaml, seed=48) as job 818849, attempt 4
2026-05-02T04:28:07Z [INFO] Submitting task 102 try 1/3: group=binary_train_multi_seed kind=train config=configs/binary/real_msi_segformer_b0.yaml split=test seed=44 attempt=1
2026-05-02T04:28:07Z [INFO] Submitted task 102 (binary_train_multi_seed, train, configs/binary/real_msi_segformer_b0.yaml, seed=44) as job 818850, attempt 1
2026-05-02T04:28:17Z [INFO] Job 818841 for task 97 has left the Slurm queue; validating output
2026-05-02T04:28:18Z [ERROR] Task 97: status file reports state=failed; seed=49; message=train failed; see outputs/slurm/status/multi_seed_all_no_synth_20260430T192814Z/task_97_attempt_1.log; job_log=outputs/slurm/status/multi_seed_all_no_synth_20260430T192814Z/task_97_attempt_1.log
2026-05-02T04:28:18Z [ERROR] Task 97: validation failed; re-queueing for retry
2026-05-02T04:28:28Z [INFO] Submitting task 97 try 1/3: group=binary_train_multi_seed kind=train config=configs/binary/real_msi_deeplabv3plus_resnet50.yaml split=test seed=49 attempt=2
2026-05-02T04:28:28Z [INFO] Submitted task 97 (binary_train_multi_seed, train, configs/binary/real_msi_deeplabv3plus_resnet50.yaml, seed=49) as job 818851, attempt 2
2026-05-02T04:28:58Z [INFO] Job 818843 for task 93 has left the Slurm queue; validating output
2026-05-02T04:28:59Z [ERROR] Task 93: status file reports state=failed; seed=45; message=train failed; see outputs/slurm/status/multi_seed_all_no_synth_20260430T192814Z/task_93_attempt_4.log; job_log=outputs/slurm/status/multi_seed_all_no_synth_20260430T192814Z/task_93_attempt_4.log
2026-05-02T04:28:59Z [ERROR] Task 93: permanent failure after 4 attempt(s)
2026-05-02T04:29:09Z [INFO] Submitting task 103 try 1/3: group=binary_train_multi_seed kind=train config=configs/binary/real_msi_segformer_b0.yaml split=test seed=45 attempt=1
2026-05-02T04:29:09Z [INFO] Submitted task 103 (binary_train_multi_seed, train, configs/binary/real_msi_segformer_b0.yaml, seed=45) as job 818852, attempt 1
2026-05-02T04:29:19Z [INFO] Job 818844 for task 94 has left the Slurm queue; validating output
2026-05-02T04:29:19Z [ERROR] Task 94: status file reports state=failed; seed=46; message=train failed; see outputs/slurm/status/multi_seed_all_no_synth_20260430T192814Z/task_94_attempt_4.log; job_log=outputs/slurm/status/multi_seed_all_no_synth_20260430T192814Z/task_94_attempt_4.log
2026-05-02T04:29:19Z [ERROR] Task 94: permanent failure after 4 attempt(s)
2026-05-02T04:29:30Z [INFO] Submitting task 104 try 1/3: group=binary_train_multi_seed kind=train config=configs/binary/real_msi_segformer_b0.yaml split=test seed=46 attempt=1
2026-05-02T04:29:30Z [INFO] Submitted task 104 (binary_train_multi_seed, train, configs/binary/real_msi_segformer_b0.yaml, seed=46) as job 818853, attempt 1
2026-05-02T04:29:50Z [INFO] Job 818845 for task 99 has left the Slurm queue; validating output
2026-05-02T04:29:50Z [ERROR] Task 99: status file reports state=failed; seed=51; message=train failed; see outputs/slurm/status/multi_seed_all_no_synth_20260430T192814Z/task_99_attempt_1.log; job_log=outputs/slurm/status/multi_seed_all_no_synth_20260430T192814Z/task_99_attempt_1.log
2026-05-02T04:29:50Z [ERROR] Task 99: validation failed; re-queueing for retry
2026-05-02T04:30:00Z [INFO] Submitting task 99 try 1/3: group=binary_train_multi_seed kind=train config=configs/binary/real_msi_deeplabv3plus_resnet50.yaml split=test seed=51 attempt=2
2026-05-02T04:30:00Z [INFO] Submitted task 99 (binary_train_multi_seed, train, configs/binary/real_msi_deeplabv3plus_resnet50.yaml, seed=51) as job 818854, attempt 2
2026-05-02T04:30:21Z [INFO] Job 818846 for task 100 has left the Slurm queue; validating output
2026-05-02T04:30:21Z [ERROR] Task 100: status file reports state=failed; seed=42; message=train failed; see outputs/slurm/status/multi_seed_all_no_synth_20260430T192814Z/task_100_attempt_1.log; job_log=outputs/slurm/status/multi_seed_all_no_synth_20260430T192814Z/task_100_attempt_1.log
2026-05-02T04:30:21Z [ERROR] Task 100: validation failed; re-queueing for retry
2026-05-02T04:30:31Z [INFO] Submitting task 100 try 1/3: group=binary_train_multi_seed kind=train config=configs/binary/real_msi_segformer_b0.yaml split=test seed=42 attempt=2
2026-05-02T04:30:31Z [INFO] Submitted task 100 (binary_train_multi_seed, train, configs/binary/real_msi_segformer_b0.yaml, seed=42) as job 818855, attempt 2
2026-05-02T04:30:52Z [INFO] Job 818847 for task 95 has left the Slurm queue; validating output
2026-05-02T04:30:52Z [ERROR] Task 95: status file reports state=failed; seed=47; message=train failed; see outputs/slurm/status/multi_seed_all_no_synth_20260430T192814Z/task_95_attempt_4.log; job_log=outputs/slurm/status/multi_seed_all_no_synth_20260430T192814Z/task_95_attempt_4.log
2026-05-02T04:30:52Z [ERROR] Task 95: permanent failure after 4 attempt(s)
2026-05-02T04:31:03Z [INFO] Submitting task 105 try 1/3: group=binary_train_multi_seed kind=train config=configs/binary/real_msi_segformer_b0.yaml split=test seed=47 attempt=1
2026-05-02T04:31:03Z [INFO] Submitted task 105 (binary_train_multi_seed, train, configs/binary/real_msi_segformer_b0.yaml, seed=47) as job 818856, attempt 1
2026-05-02T04:31:23Z [INFO] Job 818848 for task 101 has left the Slurm queue; validating output
2026-05-02T04:31:23Z [ERROR] Task 101: status file reports state=failed; seed=43; message=train failed; see outputs/slurm/status/multi_seed_all_no_synth_20260430T192814Z/task_101_attempt_1.log; job_log=outputs/slurm/status/multi_seed_all_no_synth_20260430T192814Z/task_101_attempt_1.log
2026-05-02T04:31:23Z [ERROR] Task 101: validation failed; re-queueing for retry
2026-05-02T04:31:34Z [INFO] Submitting task 101 try 1/3: group=binary_train_multi_seed kind=train config=configs/binary/real_msi_segformer_b0.yaml split=test seed=43 attempt=2
2026-05-02T04:31:34Z [INFO] Submitted task 101 (binary_train_multi_seed, train, configs/binary/real_msi_segformer_b0.yaml, seed=43) as job 818857, attempt 2
2026-05-02T04:31:54Z [INFO] Job 818849 for task 96 has left the Slurm queue; validating output
2026-05-02T04:31:55Z [ERROR] Task 96: status file reports state=failed; seed=48; message=train failed; see outputs/slurm/status/multi_seed_all_no_synth_20260430T192814Z/task_96_attempt_4.log; job_log=outputs/slurm/status/multi_seed_all_no_synth_20260430T192814Z/task_96_attempt_4.log
2026-05-02T04:31:55Z [ERROR] Task 96: permanent failure after 4 attempt(s)
2026-05-02T04:32:05Z [INFO] Submitting task 106 try 1/3: group=binary_train_multi_seed kind=train config=configs/binary/real_msi_segformer_b0.yaml split=test seed=48 attempt=1
2026-05-02T04:32:05Z [INFO] Submitted task 106 (binary_train_multi_seed, train, configs/binary/real_msi_segformer_b0.yaml, seed=48) as job 818858, attempt 1
2026-05-02T04:32:25Z [INFO] Job 818850 for task 102 has left the Slurm queue; validating output
2026-05-02T04:32:26Z [ERROR] Task 102: status file reports state=failed; seed=44; message=train failed; see outputs/slurm/status/multi_seed_all_no_synth_20260430T192814Z/task_102_attempt_1.log; job_log=outputs/slurm/status/multi_seed_all_no_synth_20260430T192814Z/task_102_attempt_1.log
2026-05-02T04:32:26Z [ERROR] Task 102: validation failed; re-queueing for retry
2026-05-02T04:32:36Z [INFO] Submitting task 102 try 1/3: group=binary_train_multi_seed kind=train config=configs/binary/real_msi_segformer_b0.yaml split=test seed=44 attempt=2
2026-05-02T04:32:36Z [INFO] Submitted task 102 (binary_train_multi_seed, train, configs/binary/real_msi_segformer_b0.yaml, seed=44) as job 818859, attempt 2
2026-05-02T04:32:46Z [INFO] Job 818851 for task 97 has left the Slurm queue; validating output
2026-05-02T04:32:47Z [ERROR] Task 97: status file reports state=failed; seed=49; message=train failed; see outputs/slurm/status/multi_seed_all_no_synth_20260430T192814Z/task_97_attempt_2.log; job_log=outputs/slurm/status/multi_seed_all_no_synth_20260430T192814Z/task_97_attempt_2.log
2026-05-02T04:32:47Z [ERROR] Task 97: validation failed; re-queueing for retry
2026-05-02T04:32:57Z [INFO] Submitting task 97 try 1/3: group=binary_train_multi_seed kind=train config=configs/binary/real_msi_deeplabv3plus_resnet50.yaml split=test seed=49 attempt=3
2026-05-02T04:32:57Z [INFO] Submitted task 97 (binary_train_multi_seed, train, configs/binary/real_msi_deeplabv3plus_resnet50.yaml, seed=49) as job 818860, attempt 3
2026-05-02T04:33:17Z [INFO] Job 818852 for task 103 has left the Slurm queue; validating output
2026-05-02T04:33:18Z [ERROR] Task 103: status file reports state=failed; seed=45; message=train failed; see outputs/slurm/status/multi_seed_all_no_synth_20260430T192814Z/task_103_attempt_1.log; job_log=outputs/slurm/status/multi_seed_all_no_synth_20260430T192814Z/task_103_attempt_1.log
2026-05-02T04:33:18Z [ERROR] Task 103: validation failed; re-queueing for retry
2026-05-02T04:33:28Z [INFO] Submitting task 103 try 1/3: group=binary_train_multi_seed kind=train config=configs/binary/real_msi_segformer_b0.yaml split=test seed=45 attempt=2
2026-05-02T04:33:28Z [INFO] Submitted task 103 (binary_train_multi_seed, train, configs/binary/real_msi_segformer_b0.yaml, seed=45) as job 818861, attempt 2
2026-05-02T04:33:48Z [INFO] Job 818853 for task 104 has left the Slurm queue; validating output
2026-05-02T04:33:48Z [ERROR] Task 104: status file reports state=failed; seed=46; message=train failed; see outputs/slurm/status/multi_seed_all_no_synth_20260430T192814Z/task_104_attempt_1.log; job_log=outputs/slurm/status/multi_seed_all_no_synth_20260430T192814Z/task_104_attempt_1.log
2026-05-02T04:33:48Z [ERROR] Task 104: validation failed; re-queueing for retry
2026-05-02T04:33:59Z [INFO] Submitting task 104 try 1/3: group=binary_train_multi_seed kind=train config=configs/binary/real_msi_segformer_b0.yaml split=test seed=46 attempt=2
2026-05-02T04:33:59Z [INFO] Submitted task 104 (binary_train_multi_seed, train, configs/binary/real_msi_segformer_b0.yaml, seed=46) as job 818862, attempt 2
2026-05-02T04:34:19Z [INFO] Job 818854 for task 99 has left the Slurm queue; validating output
2026-05-02T04:34:19Z [ERROR] Task 99: status file reports state=failed; seed=51; message=train failed; see outputs/slurm/status/multi_seed_all_no_synth_20260430T192814Z/task_99_attempt_2.log; job_log=outputs/slurm/status/multi_seed_all_no_synth_20260430T192814Z/task_99_attempt_2.log
2026-05-02T04:34:19Z [ERROR] Task 99: validation failed; re-queueing for retry
2026-05-02T04:34:29Z [INFO] Submitting task 99 try 1/3: group=binary_train_multi_seed kind=train config=configs/binary/real_msi_deeplabv3plus_resnet50.yaml split=test seed=51 attempt=3
2026-05-02T04:34:29Z [INFO] Submitted task 99 (binary_train_multi_seed, train, configs/binary/real_msi_deeplabv3plus_resnet50.yaml, seed=51) as job 818863, attempt 3
2026-05-02T04:34:50Z [INFO] Job 818855 for task 100 has left the Slurm queue; validating output
2026-05-02T04:34:50Z [ERROR] Task 100: status file reports state=failed; seed=42; message=train failed; see outputs/slurm/status/multi_seed_all_no_synth_20260430T192814Z/task_100_attempt_2.log; job_log=outputs/slurm/status/multi_seed_all_no_synth_20260430T192814Z/task_100_attempt_2.log
2026-05-02T04:34:50Z [ERROR] Task 100: validation failed; re-queueing for retry
2026-05-02T04:35:00Z [INFO] Submitting task 100 try 1/3: group=binary_train_multi_seed kind=train config=configs/binary/real_msi_segformer_b0.yaml split=test seed=42 attempt=3
2026-05-02T04:35:00Z [INFO] Submitted task 100 (binary_train_multi_seed, train, configs/binary/real_msi_segformer_b0.yaml, seed=42) as job 818864, attempt 3
2026-05-02T04:35:21Z [INFO] Job 818856 for task 105 has left the Slurm queue; validating output
2026-05-02T04:35:22Z [ERROR] Task 105: status file reports state=failed; seed=47; message=train failed; see outputs/slurm/status/multi_seed_all_no_synth_20260430T192814Z/task_105_attempt_1.log; job_log=outputs/slurm/status/multi_seed_all_no_synth_20260430T192814Z/task_105_attempt_1.log
2026-05-02T04:35:22Z [ERROR] Task 105: validation failed; re-queueing for retry
2026-05-02T04:35:32Z [INFO] Submitting task 105 try 1/3: group=binary_train_multi_seed kind=train config=configs/binary/real_msi_segformer_b0.yaml split=test seed=47 attempt=2
2026-05-02T04:35:32Z [INFO] Submitted task 105 (binary_train_multi_seed, train, configs/binary/real_msi_segformer_b0.yaml, seed=47) as job 818865, attempt 2
2026-05-02T04:35:52Z [INFO] Job 818857 for task 101 has left the Slurm queue; validating output
2026-05-02T04:35:52Z [ERROR] Task 101: status file reports state=failed; seed=43; message=train failed; see outputs/slurm/status/multi_seed_all_no_synth_20260430T192814Z/task_101_attempt_2.log; job_log=outputs/slurm/status/multi_seed_all_no_synth_20260430T192814Z/task_101_attempt_2.log
2026-05-02T04:35:52Z [ERROR] Task 101: validation failed; re-queueing for retry
2026-05-02T04:36:03Z [INFO] Submitting task 101 try 1/3: group=binary_train_multi_seed kind=train config=configs/binary/real_msi_segformer_b0.yaml split=test seed=43 attempt=3
2026-05-02T04:36:03Z [INFO] Submitted task 101 (binary_train_multi_seed, train, configs/binary/real_msi_segformer_b0.yaml, seed=43) as job 818866, attempt 3
2026-05-02T04:36:23Z [INFO] Job 818858 for task 106 has left the Slurm queue; validating output
2026-05-02T04:36:24Z [ERROR] Task 106: status file reports state=failed; seed=48; message=train failed; see outputs/slurm/status/multi_seed_all_no_synth_20260430T192814Z/task_106_attempt_1.log; job_log=outputs/slurm/status/multi_seed_all_no_synth_20260430T192814Z/task_106_attempt_1.log
2026-05-02T04:36:24Z [ERROR] Task 106: validation failed; re-queueing for retry
2026-05-02T04:36:34Z [INFO] Submitting task 106 try 1/3: group=binary_train_multi_seed kind=train config=configs/binary/real_msi_segformer_b0.yaml split=test seed=48 attempt=2
2026-05-02T04:36:34Z [INFO] Submitted task 106 (binary_train_multi_seed, train, configs/binary/real_msi_segformer_b0.yaml, seed=48) as job 818867, attempt 2
2026-05-02T04:36:54Z [INFO] Job 818859 for task 102 has left the Slurm queue; validating output
2026-05-02T04:36:54Z [ERROR] Task 102: status file reports state=failed; seed=44; message=train failed; see outputs/slurm/status/multi_seed_all_no_synth_20260430T192814Z/task_102_attempt_2.log; job_log=outputs/slurm/status/multi_seed_all_no_synth_20260430T192814Z/task_102_attempt_2.log
2026-05-02T04:36:54Z [ERROR] Task 102: validation failed; re-queueing for retry
2026-05-02T04:37:04Z [INFO] Submitting task 102 try 1/3: group=binary_train_multi_seed kind=train config=configs/binary/real_msi_segformer_b0.yaml split=test seed=44 attempt=3
2026-05-02T04:37:05Z [INFO] Submitted task 102 (binary_train_multi_seed, train, configs/binary/real_msi_segformer_b0.yaml, seed=44) as job 818868, attempt 3
2026-05-02T04:37:25Z [INFO] Job 818860 for task 97 has left the Slurm queue; validating output
2026-05-02T04:37:26Z [ERROR] Task 97: status file reports state=failed; seed=49; message=train failed; see outputs/slurm/status/multi_seed_all_no_synth_20260430T192814Z/task_97_attempt_3.log; job_log=outputs/slurm/status/multi_seed_all_no_synth_20260430T192814Z/task_97_attempt_3.log
2026-05-02T04:37:26Z [ERROR] Task 97: validation failed; re-queueing for retry
2026-05-02T04:37:36Z [INFO] Submitting task 97 try 1/3: group=binary_train_multi_seed kind=train config=configs/binary/real_msi_deeplabv3plus_resnet50.yaml split=test seed=49 attempt=4
2026-05-02T04:37:36Z [INFO] Submitted task 97 (binary_train_multi_seed, train, configs/binary/real_msi_deeplabv3plus_resnet50.yaml, seed=49) as job 818869, attempt 4
2026-05-02T04:37:57Z [INFO] Job 818861 for task 103 has left the Slurm queue; validating output
2026-05-02T04:37:57Z [ERROR] Task 103: status file reports state=failed; seed=45; message=train failed; see outputs/slurm/status/multi_seed_all_no_synth_20260430T192814Z/task_103_attempt_2.log; job_log=outputs/slurm/status/multi_seed_all_no_synth_20260430T192814Z/task_103_attempt_2.log
2026-05-02T04:37:57Z [ERROR] Task 103: validation failed; re-queueing for retry
2026-05-02T04:38:07Z [INFO] Submitting task 103 try 1/3: group=binary_train_multi_seed kind=train config=configs/binary/real_msi_segformer_b0.yaml split=test seed=45 attempt=3
2026-05-02T04:38:07Z [INFO] Submitted task 103 (binary_train_multi_seed, train, configs/binary/real_msi_segformer_b0.yaml, seed=45) as job 818870, attempt 3
2026-05-02T04:38:27Z [INFO] Job 818862 for task 104 has left the Slurm queue; validating output
2026-05-02T04:38:28Z [ERROR] Task 104: status file reports state=failed; seed=46; message=train failed; see outputs/slurm/status/multi_seed_all_no_synth_20260430T192814Z/task_104_attempt_2.log; job_log=outputs/slurm/status/multi_seed_all_no_synth_20260430T192814Z/task_104_attempt_2.log
2026-05-02T04:38:28Z [ERROR] Task 104: validation failed; re-queueing for retry
2026-05-02T04:38:38Z [INFO] Submitting task 104 try 1/3: group=binary_train_multi_seed kind=train config=configs/binary/real_msi_segformer_b0.yaml split=test seed=46 attempt=3
2026-05-02T04:38:38Z [INFO] Submitted task 104 (binary_train_multi_seed, train, configs/binary/real_msi_segformer_b0.yaml, seed=46) as job 818871, attempt 3
2026-05-02T04:38:48Z [INFO] Job 818863 for task 99 has left the Slurm queue; validating output
2026-05-02T04:38:49Z [ERROR] Task 99: status file reports state=failed; seed=51; message=train failed; see outputs/slurm/status/multi_seed_all_no_synth_20260430T192814Z/task_99_attempt_3.log; job_log=outputs/slurm/status/multi_seed_all_no_synth_20260430T192814Z/task_99_attempt_3.log
2026-05-02T04:38:49Z [ERROR] Task 99: validation failed; re-queueing for retry
2026-05-02T04:38:59Z [INFO] Submitting task 99 try 1/3: group=binary_train_multi_seed kind=train config=configs/binary/real_msi_deeplabv3plus_resnet50.yaml split=test seed=51 attempt=4
2026-05-02T04:38:59Z [INFO] Submitted task 99 (binary_train_multi_seed, train, configs/binary/real_msi_deeplabv3plus_resnet50.yaml, seed=51) as job 818872, attempt 4
2026-05-02T04:39:19Z [INFO] Job 818864 for task 100 has left the Slurm queue; validating output
2026-05-02T04:39:20Z [ERROR] Task 100: status file reports state=failed; seed=42; message=train failed; see outputs/slurm/status/multi_seed_all_no_synth_20260430T192814Z/task_100_attempt_3.log; job_log=outputs/slurm/status/multi_seed_all_no_synth_20260430T192814Z/task_100_attempt_3.log
2026-05-02T04:39:20Z [ERROR] Task 100: validation failed; re-queueing for retry
2026-05-02T04:39:30Z [INFO] Submitting task 100 try 1/3: group=binary_train_multi_seed kind=train config=configs/binary/real_msi_segformer_b0.yaml split=test seed=42 attempt=4
2026-05-02T04:39:30Z [INFO] Submitted task 100 (binary_train_multi_seed, train, configs/binary/real_msi_segformer_b0.yaml, seed=42) as job 818873, attempt 4
2026-05-02T04:39:50Z [INFO] Job 818865 for task 105 has left the Slurm queue; validating output
2026-05-02T04:39:50Z [ERROR] Task 105: status file reports state=failed; seed=47; message=train failed; see outputs/slurm/status/multi_seed_all_no_synth_20260430T192814Z/task_105_attempt_2.log; job_log=outputs/slurm/status/multi_seed_all_no_synth_20260430T192814Z/task_105_attempt_2.log
2026-05-02T04:39:50Z [ERROR] Task 105: validation failed; re-queueing for retry
2026-05-02T04:40:01Z [INFO] Submitting task 105 try 1/3: group=binary_train_multi_seed kind=train config=configs/binary/real_msi_segformer_b0.yaml split=test seed=47 attempt=3
2026-05-02T04:40:01Z [INFO] Submitted task 105 (binary_train_multi_seed, train, configs/binary/real_msi_segformer_b0.yaml, seed=47) as job 818874, attempt 3
2026-05-02T04:40:21Z [INFO] Job 818866 for task 101 has left the Slurm queue; validating output
2026-05-02T04:40:21Z [ERROR] Task 101: status file reports state=failed; seed=43; message=train failed; see outputs/slurm/status/multi_seed_all_no_synth_20260430T192814Z/task_101_attempt_3.log; job_log=outputs/slurm/status/multi_seed_all_no_synth_20260430T192814Z/task_101_attempt_3.log
2026-05-02T04:40:21Z [ERROR] Task 101: validation failed; re-queueing for retry
2026-05-02T04:40:32Z [INFO] Submitting task 101 try 1/3: group=binary_train_multi_seed kind=train config=configs/binary/real_msi_segformer_b0.yaml split=test seed=43 attempt=4
2026-05-02T04:40:32Z [INFO] Submitted task 101 (binary_train_multi_seed, train, configs/binary/real_msi_segformer_b0.yaml, seed=43) as job 818875, attempt 4
2026-05-02T04:40:53Z [INFO] Job 818867 for task 106 has left the Slurm queue; validating output
2026-05-02T04:40:54Z [ERROR] Task 106: status file reports state=failed; seed=48; message=train failed; see outputs/slurm/status/multi_seed_all_no_synth_20260430T192814Z/task_106_attempt_2.log; job_log=outputs/slurm/status/multi_seed_all_no_synth_20260430T192814Z/task_106_attempt_2.log
2026-05-02T04:40:54Z [ERROR] Task 106: validation failed; re-queueing for retry
2026-05-02T04:41:04Z [INFO] Submitting task 106 try 1/3: group=binary_train_multi_seed kind=train config=configs/binary/real_msi_segformer_b0.yaml split=test seed=48 attempt=3
2026-05-02T04:41:04Z [INFO] Submitted task 106 (binary_train_multi_seed, train, configs/binary/real_msi_segformer_b0.yaml, seed=48) as job 818876, attempt 3
2026-05-02T04:41:24Z [INFO] Job 818868 for task 102 has left the Slurm queue; validating output
2026-05-02T04:41:24Z [ERROR] Task 102: status file reports state=failed; seed=44; message=train failed; see outputs/slurm/status/multi_seed_all_no_synth_20260430T192814Z/task_102_attempt_3.log; job_log=outputs/slurm/status/multi_seed_all_no_synth_20260430T192814Z/task_102_attempt_3.log
2026-05-02T04:41:24Z [ERROR] Task 102: validation failed; re-queueing for retry
2026-05-02T04:41:34Z [INFO] Submitting task 102 try 1/3: group=binary_train_multi_seed kind=train config=configs/binary/real_msi_segformer_b0.yaml split=test seed=44 attempt=4
2026-05-02T04:41:35Z [INFO] Submitted task 102 (binary_train_multi_seed, train, configs/binary/real_msi_segformer_b0.yaml, seed=44) as job 818877, attempt 4
2026-05-02T04:41:45Z [INFO] Job 818869 for task 97 has left the Slurm queue; validating output
2026-05-02T04:41:45Z [ERROR] Task 97: status file reports state=failed; seed=49; message=train failed; see outputs/slurm/status/multi_seed_all_no_synth_20260430T192814Z/task_97_attempt_4.log; job_log=outputs/slurm/status/multi_seed_all_no_synth_20260430T192814Z/task_97_attempt_4.log
2026-05-02T04:41:45Z [ERROR] Task 97: permanent failure after 4 attempt(s)
2026-05-02T04:41:55Z [INFO] Submitting task 107 try 1/3: group=binary_train_multi_seed kind=train config=configs/binary/real_msi_segformer_b0.yaml split=test seed=49 attempt=1
2026-05-02T04:41:55Z [INFO] Submitted task 107 (binary_train_multi_seed, train, configs/binary/real_msi_segformer_b0.yaml, seed=49) as job 818878, attempt 1
2026-05-02T04:42:06Z [INFO] Job 818870 for task 103 has left the Slurm queue; validating output
2026-05-02T04:42:06Z [ERROR] Task 103: status file reports state=failed; seed=45; message=train failed; see outputs/slurm/status/multi_seed_all_no_synth_20260430T192814Z/task_103_attempt_3.log; job_log=outputs/slurm/status/multi_seed_all_no_synth_20260430T192814Z/task_103_attempt_3.log
2026-05-02T04:42:06Z [ERROR] Task 103: validation failed; re-queueing for retry
2026-05-02T04:42:16Z [INFO] Submitting task 103 try 1/3: group=binary_train_multi_seed kind=train config=configs/binary/real_msi_segformer_b0.yaml split=test seed=45 attempt=4
2026-05-02T04:42:16Z [INFO] Submitted task 103 (binary_train_multi_seed, train, configs/binary/real_msi_segformer_b0.yaml, seed=45) as job 818879, attempt 4
2026-05-02T04:42:37Z [INFO] Job 818871 for task 104 has left the Slurm queue; validating output
2026-05-02T04:42:37Z [ERROR] Task 104: status file reports state=failed; seed=46; message=train failed; see outputs/slurm/status/multi_seed_all_no_synth_20260430T192814Z/task_104_attempt_3.log; job_log=outputs/slurm/status/multi_seed_all_no_synth_20260430T192814Z/task_104_attempt_3.log
2026-05-02T04:42:37Z [ERROR] Task 104: validation failed; re-queueing for retry
2026-05-02T04:42:47Z [INFO] Submitting task 104 try 1/3: group=binary_train_multi_seed kind=train config=configs/binary/real_msi_segformer_b0.yaml split=test seed=46 attempt=4
2026-05-02T04:42:47Z [INFO] Submitted task 104 (binary_train_multi_seed, train, configs/binary/real_msi_segformer_b0.yaml, seed=46) as job 818880, attempt 4
2026-05-02T04:43:08Z [INFO] Job 818872 for task 99 has left the Slurm queue; validating output
2026-05-02T04:43:08Z [ERROR] Task 99: status file reports state=failed; seed=51; message=train failed; see outputs/slurm/status/multi_seed_all_no_synth_20260430T192814Z/task_99_attempt_4.log; job_log=outputs/slurm/status/multi_seed_all_no_synth_20260430T192814Z/task_99_attempt_4.log
2026-05-02T04:43:08Z [ERROR] Task 99: permanent failure after 4 attempt(s)
2026-05-02T04:43:18Z [INFO] Submitting task 108 try 1/3: group=binary_train_multi_seed kind=train config=configs/binary/real_msi_segformer_b0.yaml split=test seed=50 attempt=1
2026-05-02T04:43:18Z [INFO] Submitted task 108 (binary_train_multi_seed, train, configs/binary/real_msi_segformer_b0.yaml, seed=50) as job 818881, attempt 1
2026-05-02T04:43:39Z [INFO] Job 818873 for task 100 has left the Slurm queue; validating output
2026-05-02T04:43:39Z [ERROR] Task 100: status file reports state=failed; seed=42; message=train failed; see outputs/slurm/status/multi_seed_all_no_synth_20260430T192814Z/task_100_attempt_4.log; job_log=outputs/slurm/status/multi_seed_all_no_synth_20260430T192814Z/task_100_attempt_4.log
2026-05-02T04:43:39Z [ERROR] Task 100: permanent failure after 4 attempt(s)
2026-05-02T04:43:49Z [INFO] Submitting task 109 try 1/3: group=binary_train_multi_seed kind=train config=configs/binary/real_msi_segformer_b0.yaml split=test seed=51 attempt=1
2026-05-02T04:43:49Z [INFO] Submitted task 109 (binary_train_multi_seed, train, configs/binary/real_msi_segformer_b0.yaml, seed=51) as job 818882, attempt 1
2026-05-02T04:44:10Z [INFO] Job 818874 for task 105 has left the Slurm queue; validating output
2026-05-02T04:44:11Z [ERROR] Task 105: status file reports state=failed; seed=47; message=train failed; see outputs/slurm/status/multi_seed_all_no_synth_20260430T192814Z/task_105_attempt_3.log; job_log=outputs/slurm/status/multi_seed_all_no_synth_20260430T192814Z/task_105_attempt_3.log
2026-05-02T04:44:11Z [ERROR] Task 105: validation failed; re-queueing for retry
2026-05-02T04:44:21Z [INFO] Submitting task 105 try 1/3: group=binary_train_multi_seed kind=train config=configs/binary/real_msi_segformer_b0.yaml split=test seed=47 attempt=4
2026-05-02T04:44:21Z [INFO] Submitted task 105 (binary_train_multi_seed, train, configs/binary/real_msi_segformer_b0.yaml, seed=47) as job 818883, attempt 4
2026-05-02T04:44:42Z [INFO] Job 818875 for task 101 has left the Slurm queue; validating output
2026-05-02T04:44:42Z [ERROR] Task 101: status file reports state=failed; seed=43; message=train failed; see outputs/slurm/status/multi_seed_all_no_synth_20260430T192814Z/task_101_attempt_4.log; job_log=outputs/slurm/status/multi_seed_all_no_synth_20260430T192814Z/task_101_attempt_4.log
2026-05-02T04:44:42Z [ERROR] Task 101: permanent failure after 4 attempt(s)
2026-05-02T04:44:52Z [INFO] Submitting task 110 try 1/3: group=binary_train_multi_seed kind=train config=configs/binary/real_msi_segformer_b1.yaml split=test seed=42 attempt=1
2026-05-02T04:44:52Z [INFO] Submitted task 110 (binary_train_multi_seed, train, configs/binary/real_msi_segformer_b1.yaml, seed=42) as job 818884, attempt 1
2026-05-02T04:45:13Z [INFO] Job 818876 for task 106 has left the Slurm queue; validating output
2026-05-02T04:45:13Z [ERROR] Task 106: status file reports state=failed; seed=48; message=train failed; see outputs/slurm/status/multi_seed_all_no_synth_20260430T192814Z/task_106_attempt_3.log; job_log=outputs/slurm/status/multi_seed_all_no_synth_20260430T192814Z/task_106_attempt_3.log
2026-05-02T04:45:13Z [ERROR] Task 106: validation failed; re-queueing for retry
2026-05-02T04:45:23Z [INFO] Submitting task 106 try 1/3: group=binary_train_multi_seed kind=train config=configs/binary/real_msi_segformer_b0.yaml split=test seed=48 attempt=4
2026-05-02T04:45:23Z [INFO] Submitted task 106 (binary_train_multi_seed, train, configs/binary/real_msi_segformer_b0.yaml, seed=48) as job 818885, attempt 4
2026-05-02T04:45:44Z [INFO] Job 818877 for task 102 has left the Slurm queue; validating output
2026-05-02T04:45:44Z [ERROR] Task 102: status file reports state=failed; seed=44; message=train failed; see outputs/slurm/status/multi_seed_all_no_synth_20260430T192814Z/task_102_attempt_4.log; job_log=outputs/slurm/status/multi_seed_all_no_synth_20260430T192814Z/task_102_attempt_4.log
2026-05-02T04:45:44Z [ERROR] Task 102: permanent failure after 4 attempt(s)
2026-05-02T04:45:54Z [INFO] Submitting task 111 try 1/3: group=binary_train_multi_seed kind=train config=configs/binary/real_msi_segformer_b1.yaml split=test seed=43 attempt=1
2026-05-02T04:45:54Z [INFO] Submitted task 111 (binary_train_multi_seed, train, configs/binary/real_msi_segformer_b1.yaml, seed=43) as job 818886, attempt 1
2026-05-02T04:46:15Z [INFO] Job 818878 for task 107 has left the Slurm queue; validating output
2026-05-02T04:46:15Z [ERROR] Task 107: status file reports state=failed; seed=49; message=train failed; see outputs/slurm/status/multi_seed_all_no_synth_20260430T192814Z/task_107_attempt_1.log; job_log=outputs/slurm/status/multi_seed_all_no_synth_20260430T192814Z/task_107_attempt_1.log
2026-05-02T04:46:15Z [ERROR] Task 107: validation failed; re-queueing for retry
2026-05-02T04:46:25Z [INFO] Submitting task 107 try 1/3: group=binary_train_multi_seed kind=train config=configs/binary/real_msi_segformer_b0.yaml split=test seed=49 attempt=2
2026-05-02T04:46:25Z [INFO] Submitted task 107 (binary_train_multi_seed, train, configs/binary/real_msi_segformer_b0.yaml, seed=49) as job 818887, attempt 2
2026-05-02T04:46:36Z [INFO] Job 818879 for task 103 has left the Slurm queue; validating output
2026-05-02T04:46:36Z [ERROR] Task 103: status file reports state=failed; seed=45; message=train failed; see outputs/slurm/status/multi_seed_all_no_synth_20260430T192814Z/task_103_attempt_4.log; job_log=outputs/slurm/status/multi_seed_all_no_synth_20260430T192814Z/task_103_attempt_4.log
2026-05-02T04:46:36Z [ERROR] Task 103: permanent failure after 4 attempt(s)
2026-05-02T04:46:46Z [INFO] Submitting task 112 try 1/3: group=binary_train_multi_seed kind=train config=configs/binary/real_msi_segformer_b1.yaml split=test seed=44 attempt=1
2026-05-02T04:46:46Z [INFO] Submitted task 112 (binary_train_multi_seed, train, configs/binary/real_msi_segformer_b1.yaml, seed=44) as job 818888, attempt 1
2026-05-02T04:47:07Z [INFO] Job 818880 for task 104 has left the Slurm queue; validating output
2026-05-02T04:47:07Z [ERROR] Task 104: status file reports state=failed; seed=46; message=train failed; see outputs/slurm/status/multi_seed_all_no_synth_20260430T192814Z/task_104_attempt_4.log; job_log=outputs/slurm/status/multi_seed_all_no_synth_20260430T192814Z/task_104_attempt_4.log
2026-05-02T04:47:07Z [ERROR] Task 104: permanent failure after 4 attempt(s)
2026-05-02T04:47:17Z [INFO] Submitting task 113 try 1/3: group=binary_train_multi_seed kind=train config=configs/binary/real_msi_segformer_b1.yaml split=test seed=45 attempt=1
2026-05-02T04:47:17Z [INFO] Submitted task 113 (binary_train_multi_seed, train, configs/binary/real_msi_segformer_b1.yaml, seed=45) as job 818889, attempt 1
2026-05-02T04:47:38Z [INFO] Job 818881 for task 108 has left the Slurm queue; validating output
2026-05-02T04:47:38Z [ERROR] Task 108: status file reports state=failed; seed=50; message=train failed; see outputs/slurm/status/multi_seed_all_no_synth_20260430T192814Z/task_108_attempt_1.log; job_log=outputs/slurm/status/multi_seed_all_no_synth_20260430T192814Z/task_108_attempt_1.log
2026-05-02T04:47:38Z [ERROR] Task 108: validation failed; re-queueing for retry
2026-05-02T04:47:48Z [INFO] Submitting task 108 try 1/3: group=binary_train_multi_seed kind=train config=configs/binary/real_msi_segformer_b0.yaml split=test seed=50 attempt=2
2026-05-02T04:47:48Z [INFO] Submitted task 108 (binary_train_multi_seed, train, configs/binary/real_msi_segformer_b0.yaml, seed=50) as job 818890, attempt 2
2026-05-02T04:48:09Z [INFO] Job 818882 for task 109 has left the Slurm queue; validating output
2026-05-02T04:48:09Z [ERROR] Task 109: status file reports state=failed; seed=51; message=train failed; see outputs/slurm/status/multi_seed_all_no_synth_20260430T192814Z/task_109_attempt_1.log; job_log=outputs/slurm/status/multi_seed_all_no_synth_20260430T192814Z/task_109_attempt_1.log
2026-05-02T04:48:09Z [ERROR] Task 109: validation failed; re-queueing for retry
2026-05-02T04:48:19Z [INFO] Submitting task 109 try 1/3: group=binary_train_multi_seed kind=train config=configs/binary/real_msi_segformer_b0.yaml split=test seed=51 attempt=2
2026-05-02T04:48:19Z [INFO] Submitted task 109 (binary_train_multi_seed, train, configs/binary/real_msi_segformer_b0.yaml, seed=51) as job 818891, attempt 2
2026-05-02T04:48:39Z [INFO] Job 818883 for task 105 has left the Slurm queue; validating output
2026-05-02T04:48:40Z [ERROR] Task 105: status file reports state=failed; seed=47; message=train failed; see outputs/slurm/status/multi_seed_all_no_synth_20260430T192814Z/task_105_attempt_4.log; job_log=outputs/slurm/status/multi_seed_all_no_synth_20260430T192814Z/task_105_attempt_4.log
2026-05-02T04:48:40Z [ERROR] Task 105: permanent failure after 4 attempt(s)
2026-05-02T04:48:50Z [INFO] Submitting task 114 try 1/3: group=binary_train_multi_seed kind=train config=configs/binary/real_msi_segformer_b1.yaml split=test seed=46 attempt=1
2026-05-02T04:48:50Z [INFO] Submitted task 114 (binary_train_multi_seed, train, configs/binary/real_msi_segformer_b1.yaml, seed=46) as job 818892, attempt 1
2026-05-02T04:49:11Z [INFO] Job 818884 for task 110 has left the Slurm queue; validating output
2026-05-02T04:49:11Z [ERROR] Task 110: status file reports state=failed; seed=42; message=train failed; see outputs/slurm/status/multi_seed_all_no_synth_20260430T192814Z/task_110_attempt_1.log; job_log=outputs/slurm/status/multi_seed_all_no_synth_20260430T192814Z/task_110_attempt_1.log
2026-05-02T04:49:11Z [ERROR] Task 110: validation failed; re-queueing for retry
2026-05-02T04:49:21Z [INFO] Submitting task 110 try 1/3: group=binary_train_multi_seed kind=train config=configs/binary/real_msi_segformer_b1.yaml split=test seed=42 attempt=2
2026-05-02T04:49:21Z [INFO] Submitted task 110 (binary_train_multi_seed, train, configs/binary/real_msi_segformer_b1.yaml, seed=42) as job 818893, attempt 2
2026-05-02T04:49:42Z [INFO] Job 818885 for task 106 has left the Slurm queue; validating output
2026-05-02T04:49:42Z [ERROR] Task 106: status file reports state=failed; seed=48; message=train failed; see outputs/slurm/status/multi_seed_all_no_synth_20260430T192814Z/task_106_attempt_4.log; job_log=outputs/slurm/status/multi_seed_all_no_synth_20260430T192814Z/task_106_attempt_4.log
2026-05-02T04:49:42Z [ERROR] Task 106: permanent failure after 4 attempt(s)
2026-05-02T04:49:52Z [INFO] Submitting task 115 try 1/3: group=binary_train_multi_seed kind=train config=configs/binary/real_msi_segformer_b1.yaml split=test seed=47 attempt=1
2026-05-02T04:49:52Z [INFO] Submitted task 115 (binary_train_multi_seed, train, configs/binary/real_msi_segformer_b1.yaml, seed=47) as job 818894, attempt 1
2026-05-02T04:50:13Z [INFO] Job 818886 for task 111 has left the Slurm queue; validating output
2026-05-02T04:50:13Z [ERROR] Task 111: status file reports state=failed; seed=43; message=train failed; see outputs/slurm/status/multi_seed_all_no_synth_20260430T192814Z/task_111_attempt_1.log; job_log=outputs/slurm/status/multi_seed_all_no_synth_20260430T192814Z/task_111_attempt_1.log
2026-05-02T04:50:13Z [ERROR] Task 111: validation failed; re-queueing for retry
2026-05-02T04:50:23Z [INFO] Submitting task 111 try 1/3: group=binary_train_multi_seed kind=train config=configs/binary/real_msi_segformer_b1.yaml split=test seed=43 attempt=2
2026-05-02T04:50:23Z [INFO] Submitted task 111 (binary_train_multi_seed, train, configs/binary/real_msi_segformer_b1.yaml, seed=43) as job 818895, attempt 2
2026-05-02T04:50:44Z [INFO] Job 818887 for task 107 has left the Slurm queue; validating output
2026-05-02T04:50:44Z [ERROR] Task 107: status file reports state=failed; seed=49; message=train failed; see outputs/slurm/status/multi_seed_all_no_synth_20260430T192814Z/task_107_attempt_2.log; job_log=outputs/slurm/status/multi_seed_all_no_synth_20260430T192814Z/task_107_attempt_2.log
2026-05-02T04:50:44Z [ERROR] Task 107: validation failed; re-queueing for retry
2026-05-02T04:50:55Z [INFO] Submitting task 107 try 1/3: group=binary_train_multi_seed kind=train config=configs/binary/real_msi_segformer_b0.yaml split=test seed=49 attempt=3
2026-05-02T04:50:55Z [INFO] Submitted task 107 (binary_train_multi_seed, train, configs/binary/real_msi_segformer_b0.yaml, seed=49) as job 818896, attempt 3
2026-05-02T04:51:05Z [INFO] Job 818888 for task 112 has left the Slurm queue; validating output
2026-05-02T04:51:05Z [ERROR] Task 112: status file reports state=failed; seed=44; message=train failed; see outputs/slurm/status/multi_seed_all_no_synth_20260430T192814Z/task_112_attempt_1.log; job_log=outputs/slurm/status/multi_seed_all_no_synth_20260430T192814Z/task_112_attempt_1.log
2026-05-02T04:51:05Z [ERROR] Task 112: validation failed; re-queueing for retry
2026-05-02T04:51:15Z [INFO] Submitting task 112 try 1/3: group=binary_train_multi_seed kind=train config=configs/binary/real_msi_segformer_b1.yaml split=test seed=44 attempt=2
2026-05-02T04:51:15Z [INFO] Submitted task 112 (binary_train_multi_seed, train, configs/binary/real_msi_segformer_b1.yaml, seed=44) as job 818897, attempt 2
2026-05-02T04:51:36Z [INFO] Job 818889 for task 113 has left the Slurm queue; validating output
2026-05-02T04:51:36Z [ERROR] Task 113: status file reports state=failed; seed=45; message=train failed; see outputs/slurm/status/multi_seed_all_no_synth_20260430T192814Z/task_113_attempt_1.log; job_log=outputs/slurm/status/multi_seed_all_no_synth_20260430T192814Z/task_113_attempt_1.log
2026-05-02T04:51:36Z [ERROR] Task 113: validation failed; re-queueing for retry
2026-05-02T04:51:46Z [INFO] Submitting task 113 try 1/3: group=binary_train_multi_seed kind=train config=configs/binary/real_msi_segformer_b1.yaml split=test seed=45 attempt=2
2026-05-02T04:51:47Z [INFO] Submitted task 113 (binary_train_multi_seed, train, configs/binary/real_msi_segformer_b1.yaml, seed=45) as job 818898, attempt 2
2026-05-02T04:52:07Z [INFO] Job 818890 for task 108 has left the Slurm queue; validating output
2026-05-02T04:52:07Z [ERROR] Task 108: status file reports state=failed; seed=50; message=train failed; see outputs/slurm/status/multi_seed_all_no_synth_20260430T192814Z/task_108_attempt_2.log; job_log=outputs/slurm/status/multi_seed_all_no_synth_20260430T192814Z/task_108_attempt_2.log
2026-05-02T04:52:07Z [ERROR] Task 108: validation failed; re-queueing for retry
2026-05-02T04:52:17Z [INFO] Submitting task 108 try 1/3: group=binary_train_multi_seed kind=train config=configs/binary/real_msi_segformer_b0.yaml split=test seed=50 attempt=3
2026-05-02T04:52:17Z [INFO] Submitted task 108 (binary_train_multi_seed, train, configs/binary/real_msi_segformer_b0.yaml, seed=50) as job 818899, attempt 3
2026-05-02T04:52:38Z [INFO] Job 818891 for task 109 has left the Slurm queue; validating output
2026-05-02T04:52:38Z [ERROR] Task 109: status file reports state=failed; seed=51; message=train failed; see outputs/slurm/status/multi_seed_all_no_synth_20260430T192814Z/task_109_attempt_2.log; job_log=outputs/slurm/status/multi_seed_all_no_synth_20260430T192814Z/task_109_attempt_2.log
2026-05-02T04:52:38Z [ERROR] Task 109: validation failed; re-queueing for retry
2026-05-02T04:52:48Z [INFO] Submitting task 109 try 1/3: group=binary_train_multi_seed kind=train config=configs/binary/real_msi_segformer_b0.yaml split=test seed=51 attempt=3
2026-05-02T04:52:48Z [INFO] Submitted task 109 (binary_train_multi_seed, train, configs/binary/real_msi_segformer_b0.yaml, seed=51) as job 818900, attempt 3
2026-05-02T04:53:09Z [INFO] Job 818892 for task 114 has left the Slurm queue; validating output
2026-05-02T04:53:09Z [ERROR] Task 114: status file reports state=failed; seed=46; message=train failed; see outputs/slurm/status/multi_seed_all_no_synth_20260430T192814Z/task_114_attempt_1.log; job_log=outputs/slurm/status/multi_seed_all_no_synth_20260430T192814Z/task_114_attempt_1.log
2026-05-02T04:53:09Z [ERROR] Task 114: validation failed; re-queueing for retry
2026-05-02T04:53:19Z [INFO] Submitting task 114 try 1/3: group=binary_train_multi_seed kind=train config=configs/binary/real_msi_segformer_b1.yaml split=test seed=46 attempt=2
2026-05-02T04:53:19Z [INFO] Submitted task 114 (binary_train_multi_seed, train, configs/binary/real_msi_segformer_b1.yaml, seed=46) as job 818901, attempt 2
2026-05-02T04:53:40Z [INFO] Job 818893 for task 110 has left the Slurm queue; validating output
2026-05-02T04:53:40Z [ERROR] Task 110: status file reports state=failed; seed=42; message=train failed; see outputs/slurm/status/multi_seed_all_no_synth_20260430T192814Z/task_110_attempt_2.log; job_log=outputs/slurm/status/multi_seed_all_no_synth_20260430T192814Z/task_110_attempt_2.log
2026-05-02T04:53:40Z [ERROR] Task 110: validation failed; re-queueing for retry
2026-05-02T04:53:50Z [INFO] Submitting task 110 try 1/3: group=binary_train_multi_seed kind=train config=configs/binary/real_msi_segformer_b1.yaml split=test seed=42 attempt=3
2026-05-02T04:53:50Z [INFO] Submitted task 110 (binary_train_multi_seed, train, configs/binary/real_msi_segformer_b1.yaml, seed=42) as job 818902, attempt 3
2026-05-02T04:54:11Z [INFO] Job 818676 for task 61 has left the Slurm queue; validating output
2026-05-02T04:54:11Z [INFO] Task 61 completed successfully
2026-05-02T04:54:11Z [INFO] Job 818894 for task 115 has left the Slurm queue; validating output
2026-05-02T04:54:11Z [ERROR] Task 115: status file reports state=failed; seed=47; message=train failed; see outputs/slurm/status/multi_seed_all_no_synth_20260430T192814Z/task_115_attempt_1.log; job_log=outputs/slurm/status/multi_seed_all_no_synth_20260430T192814Z/task_115_attempt_1.log
2026-05-02T04:54:11Z [ERROR] Task 115: validation failed; re-queueing for retry
2026-05-02T04:54:21Z [INFO] Submitting task 115 try 1/3: group=binary_train_multi_seed kind=train config=configs/binary/real_msi_segformer_b1.yaml split=test seed=47 attempt=2
2026-05-02T04:54:21Z [INFO] Submitted task 115 (binary_train_multi_seed, train, configs/binary/real_msi_segformer_b1.yaml, seed=47) as job 818903, attempt 2
2026-05-02T04:54:21Z [INFO] Submitting task 116 try 1/3: group=binary_train_multi_seed kind=train config=configs/binary/real_msi_segformer_b1.yaml split=test seed=48 attempt=1
2026-05-02T04:54:21Z [INFO] Submitted task 116 (binary_train_multi_seed, train, configs/binary/real_msi_segformer_b1.yaml, seed=48) as job 818904, attempt 1
2026-05-02T04:54:42Z [INFO] Job 818895 for task 111 has left the Slurm queue; validating output
2026-05-02T04:54:42Z [ERROR] Task 111: status file reports state=failed; seed=43; message=train failed; see outputs/slurm/status/multi_seed_all_no_synth_20260430T192814Z/task_111_attempt_2.log; job_log=outputs/slurm/status/multi_seed_all_no_synth_20260430T192814Z/task_111_attempt_2.log
2026-05-02T04:54:42Z [ERROR] Task 111: validation failed; re-queueing for retry
2026-05-02T04:54:52Z [INFO] Submitting task 111 try 1/3: group=binary_train_multi_seed kind=train config=configs/binary/real_msi_segformer_b1.yaml split=test seed=43 attempt=3
2026-05-02T04:54:52Z [INFO] Submitted task 111 (binary_train_multi_seed, train, configs/binary/real_msi_segformer_b1.yaml, seed=43) as job 818905, attempt 3
2026-05-02T05:18:57Z [INFO] Job 818717 for task 63 has left the Slurm queue; validating output
2026-05-02T05:18:57Z [INFO] Task 63 completed successfully
2026-05-02T05:19:08Z [INFO] Submitting task 117 try 1/3: group=binary_train_multi_seed kind=train config=configs/binary/real_msi_segformer_b1.yaml split=test seed=49 attempt=1
2026-05-02T05:19:08Z [INFO] Submitted task 117 (binary_train_multi_seed, train, configs/binary/real_msi_segformer_b1.yaml, seed=49) as job 818908, attempt 1
2026-05-02T05:19:28Z [INFO] Job 818604 for task 58 has left the Slurm queue; validating output
2026-05-02T05:19:28Z [INFO] Task 58 completed successfully
2026-05-02T05:19:28Z [INFO] Job 818898 for task 113 has left the Slurm queue; validating output
2026-05-02T05:19:29Z [ERROR] Task 113: status file reports state=failed; seed=45; message=train failed; see outputs/slurm/status/multi_seed_all_no_synth_20260430T192814Z/task_113_attempt_2.log; job_log=outputs/slurm/status/multi_seed_all_no_synth_20260430T192814Z/task_113_attempt_2.log
2026-05-02T05:19:29Z [ERROR] Task 113: validation failed; re-queueing for retry
2026-05-02T05:19:39Z [INFO] Submitting task 113 try 1/3: group=binary_train_multi_seed kind=train config=configs/binary/real_msi_segformer_b1.yaml split=test seed=45 attempt=3
2026-05-02T05:19:39Z [INFO] Submitted task 113 (binary_train_multi_seed, train, configs/binary/real_msi_segformer_b1.yaml, seed=45) as job 818909, attempt 3
2026-05-02T05:19:39Z [INFO] Submitting task 118 try 1/3: group=binary_train_multi_seed kind=train config=configs/binary/real_msi_segformer_b1.yaml split=test seed=50 attempt=1
2026-05-02T05:19:39Z [INFO] Submitted task 118 (binary_train_multi_seed, train, configs/binary/real_msi_segformer_b1.yaml, seed=50) as job 818910, attempt 1
2026-05-02T06:12:45Z [INFO] Job 818718 for task 64 has left the Slurm queue; validating output
2026-05-02T06:12:45Z [INFO] Task 64 completed successfully
2026-05-02T06:12:56Z [INFO] Submitting task 119 try 1/3: group=binary_train_multi_seed kind=train config=configs/binary/real_msi_segformer_b1.yaml split=test seed=51 attempt=1
2026-05-02T06:12:56Z [INFO] Submitted task 119 (binary_train_multi_seed, train, configs/binary/real_msi_segformer_b1.yaml, seed=51) as job 818918, attempt 1
2026-05-02T06:33:09Z [INFO] Job 818814 for task 88 has left the Slurm queue; validating output
2026-05-02T06:33:10Z [INFO] Task 88 completed successfully
2026-05-02T06:33:20Z [INFO] Submitting task 120 try 1/3: group=binary_train_multi_seed kind=train config=configs/binary/rgb_real_msi_unetpp_resnet34.yaml split=test seed=42 attempt=1
2026-05-02T06:33:20Z [INFO] Submitted task 120 (binary_train_multi_seed, train, configs/binary/rgb_real_msi_unetpp_resnet34.yaml, seed=42) as job 818925, attempt 1
2026-05-02T06:41:31Z [INFO] Job 818719 for task 65 has left the Slurm queue; validating output
2026-05-02T06:41:32Z [INFO] Task 65 completed successfully
2026-05-02T06:41:42Z [INFO] Submitting task 121 try 1/3: group=binary_train_multi_seed kind=train config=configs/binary/rgb_real_msi_unetpp_resnet34.yaml split=test seed=43 attempt=1
2026-05-02T06:41:42Z [INFO] Submitted task 121 (binary_train_multi_seed, train, configs/binary/rgb_real_msi_unetpp_resnet34.yaml, seed=43) as job 818927, attempt 1
2026-05-02T07:46:13Z [INFO] Job 818896 for task 107 has left the Slurm queue; validating output
2026-05-02T07:46:13Z [INFO] Task 107 completed successfully
2026-05-02T07:46:23Z [INFO] Submitting task 122 try 1/3: group=binary_train_multi_seed kind=train config=configs/binary/rgb_real_msi_unetpp_resnet34.yaml split=test seed=44 attempt=1
2026-05-02T07:46:23Z [INFO] Submitted task 122 (binary_train_multi_seed, train, configs/binary/rgb_real_msi_unetpp_resnet34.yaml, seed=44) as job 818948, attempt 1
2026-05-02T08:01:25Z [INFO] Job 818842 for task 98 has left the Slurm queue; validating output
2026-05-02T08:01:25Z [INFO] Task 98 completed successfully
2026-05-02T08:01:35Z [INFO] Submitting task 123 try 1/3: group=binary_train_multi_seed kind=train config=configs/binary/rgb_real_msi_unetpp_resnet34.yaml split=test seed=45 attempt=1
2026-05-02T08:01:35Z [INFO] Submitted task 123 (binary_train_multi_seed, train, configs/binary/rgb_real_msi_unetpp_resnet34.yaml, seed=45) as job 818953, attempt 1
2026-05-02T08:20:02Z [INFO] Job 818900 for task 109 has left the Slurm queue; validating output
2026-05-02T08:20:02Z [INFO] Task 109 completed successfully
2026-05-02T08:20:12Z [INFO] Submitting task 124 try 1/3: group=binary_train_multi_seed kind=train config=configs/binary/rgb_real_msi_unetpp_resnet34.yaml split=test seed=46 attempt=1
2026-05-02T08:20:16Z [INFO] Submitted task 124 (binary_train_multi_seed, train, configs/binary/rgb_real_msi_unetpp_resnet34.yaml, seed=46) as job 818954, attempt 1
2026-05-02T09:05:06Z [INFO] Job 818899 for task 108 has left the Slurm queue; validating output
2026-05-02T09:05:06Z [INFO] Task 108 completed successfully
2026-05-02T09:05:17Z [INFO] Submitting task 125 try 1/3: group=binary_train_multi_seed kind=train config=configs/binary/rgb_real_msi_unetpp_resnet34.yaml split=test seed=47 attempt=1
2026-05-02T09:05:17Z [INFO] Submitted task 125 (binary_train_multi_seed, train, configs/binary/rgb_real_msi_unetpp_resnet34.yaml, seed=47) as job 818992, attempt 1
2026-05-02T09:14:09Z [INFO] Job 818902 for task 110 has left the Slurm queue; validating output
2026-05-02T09:14:09Z [INFO] Task 110 completed successfully
2026-05-02T09:14:20Z [INFO] Submitting task 126 try 1/3: group=binary_train_multi_seed kind=train config=configs/binary/rgb_real_msi_unetpp_resnet34.yaml split=test seed=48 attempt=1
2026-05-02T09:14:20Z [INFO] Submitted task 126 (binary_train_multi_seed, train, configs/binary/rgb_real_msi_unetpp_resnet34.yaml, seed=48) as job 818993, attempt 1
2026-05-02T09:15:31Z [INFO] Job 818897 for task 112 has left the Slurm queue; validating output
2026-05-02T09:15:31Z [INFO] Task 112 completed successfully
2026-05-02T09:15:42Z [INFO] Submitting task 127 try 1/3: group=binary_train_multi_seed kind=train config=configs/binary/rgb_real_msi_unetpp_resnet34.yaml split=test seed=49 attempt=1
2026-05-02T09:15:42Z [INFO] Submitted task 127 (binary_train_multi_seed, train, configs/binary/rgb_real_msi_unetpp_resnet34.yaml, seed=49) as job 818994, attempt 1
2026-05-02T09:56:14Z [INFO] Job 818918 for task 119 has left the Slurm queue; validating output
2026-05-02T09:56:14Z [INFO] Task 119 completed successfully
2026-05-02T09:56:24Z [INFO] Submitting task 128 try 1/3: group=binary_train_multi_seed kind=train config=configs/binary/rgb_real_msi_unetpp_resnet34.yaml split=test seed=50 attempt=1
2026-05-02T09:56:24Z [INFO] Submitted task 128 (binary_train_multi_seed, train, configs/binary/rgb_real_msi_unetpp_resnet34.yaml, seed=50) as job 819004, attempt 1
2026-05-02T10:00:10Z [INFO] Job 818901 for task 114 has left the Slurm queue; validating output
2026-05-02T10:00:10Z [INFO] Task 114 completed successfully
2026-05-02T10:00:21Z [INFO] Submitting task 129 try 1/3: group=binary_train_multi_seed kind=train config=configs/binary/rgb_real_msi_unetpp_resnet34.yaml split=test seed=51 attempt=1
2026-05-02T10:00:21Z [INFO] Submitted task 129 (binary_train_multi_seed, train, configs/binary/rgb_real_msi_unetpp_resnet34.yaml, seed=51) as job 819005, attempt 1
2026-05-02T11:00:48Z [INFO] Job 818905 for task 111 has left the Slurm queue; validating output
2026-05-02T11:00:49Z [INFO] Task 111 completed successfully
2026-05-02T11:00:59Z [INFO] Submitting task 130 try 1/3: group=binary_train_multi_seed kind=train config=configs/binary/rgb_real_msi_unetpp_resnet50.yaml split=test seed=42 attempt=1
2026-05-02T11:00:59Z [INFO] Submitted task 130 (binary_train_multi_seed, train, configs/binary/rgb_real_msi_unetpp_resnet50.yaml, seed=42) as job 819030, attempt 1
2026-05-02T11:13:47Z [INFO] Job 818903 for task 115 has left the Slurm queue; validating output
2026-05-02T11:13:48Z [INFO] Task 115 completed successfully
2026-05-02T11:13:58Z [INFO] Submitting task 131 try 1/3: group=binary_train_multi_seed kind=train config=configs/binary/rgb_real_msi_unetpp_resnet50.yaml split=test seed=43 attempt=1
2026-05-02T11:13:58Z [INFO] Submitted task 131 (binary_train_multi_seed, train, configs/binary/rgb_real_msi_unetpp_resnet50.yaml, seed=43) as job 819031, attempt 1
2026-05-02T11:25:25Z [INFO] Job 818904 for task 116 has left the Slurm queue; validating output
2026-05-02T11:25:25Z [INFO] Task 116 completed successfully
2026-05-02T11:25:35Z [INFO] Submitting task 132 try 1/3: group=binary_train_multi_seed kind=train config=configs/binary/rgb_real_msi_unetpp_resnet50.yaml split=test seed=44 attempt=1
2026-05-02T11:25:35Z [INFO] Submitted task 132 (binary_train_multi_seed, train, configs/binary/rgb_real_msi_unetpp_resnet50.yaml, seed=44) as job 819033, attempt 1
2026-05-02T11:38:58Z [INFO] Job 818909 for task 113 has left the Slurm queue; validating output
2026-05-02T11:38:58Z [INFO] Task 113 completed successfully
2026-05-02T11:39:08Z [INFO] Submitting task 133 try 1/3: group=binary_train_multi_seed kind=train config=configs/binary/rgb_real_msi_unetpp_resnet50.yaml split=test seed=45 attempt=1
2026-05-02T11:39:08Z [INFO] Submitted task 133 (binary_train_multi_seed, train, configs/binary/rgb_real_msi_unetpp_resnet50.yaml, seed=45) as job 819038, attempt 1
2026-05-02T12:08:21Z [INFO] Job 818910 for task 118 has left the Slurm queue; validating output
2026-05-02T12:08:21Z [INFO] Task 118 completed successfully
2026-05-02T12:08:31Z [INFO] Submitting task 134 try 1/3: group=binary_train_multi_seed kind=train config=configs/binary/rgb_real_msi_unetpp_resnet50.yaml split=test seed=46 attempt=1
2026-05-02T12:08:31Z [INFO] Submitted task 134 (binary_train_multi_seed, train, configs/binary/rgb_real_msi_unetpp_resnet50.yaml, seed=46) as job 819046, attempt 1
2026-05-02T14:02:45Z [INFO] Job 818908 for task 117 has left the Slurm queue; validating output
2026-05-02T14:02:45Z [INFO] Task 117 completed successfully
2026-05-02T14:02:46Z [INFO] Job 818994 for task 127 has left the Slurm queue; validating output
2026-05-02T14:02:46Z [ERROR] Task 127: status file reports state=failed; seed=49; message=train failed; see outputs/slurm/status/multi_seed_all_no_synth_20260430T192814Z/task_127_attempt_1.log; job_log=outputs/slurm/status/multi_seed_all_no_synth_20260430T192814Z/task_127_attempt_1.log
2026-05-02T14:02:46Z [ERROR] Task 127: validation failed; re-queueing for retry
2026-05-02T14:02:46Z [INFO] Job 819004 for task 128 has left the Slurm queue; validating output
2026-05-02T14:02:46Z [ERROR] Task 128: status file reports state=failed; seed=50; message=train failed; see outputs/slurm/status/multi_seed_all_no_synth_20260430T192814Z/task_128_attempt_1.log; job_log=outputs/slurm/status/multi_seed_all_no_synth_20260430T192814Z/task_128_attempt_1.log
2026-05-02T14:02:46Z [ERROR] Task 128: validation failed; re-queueing for retry
2026-05-02T14:02:46Z [INFO] Job 819005 for task 129 has left the Slurm queue; validating output
2026-05-02T14:02:46Z [ERROR] Task 129: status file reports state=failed; seed=51; message=train failed; see outputs/slurm/status/multi_seed_all_no_synth_20260430T192814Z/task_129_attempt_1.log; job_log=outputs/slurm/status/multi_seed_all_no_synth_20260430T192814Z/task_129_attempt_1.log
2026-05-02T14:02:46Z [ERROR] Task 129: validation failed; re-queueing for retry
2026-05-02T14:02:56Z [INFO] Submitting task 127 try 1/3: group=binary_train_multi_seed kind=train config=configs/binary/rgb_real_msi_unetpp_resnet34.yaml split=test seed=49 attempt=2
2026-05-02T14:02:56Z [INFO] Submitted task 127 (binary_train_multi_seed, train, configs/binary/rgb_real_msi_unetpp_resnet34.yaml, seed=49) as job 819093, attempt 2
2026-05-02T14:02:56Z [INFO] Submitting task 128 try 1/3: group=binary_train_multi_seed kind=train config=configs/binary/rgb_real_msi_unetpp_resnet34.yaml split=test seed=50 attempt=2
2026-05-02T14:02:56Z [INFO] Submitted task 128 (binary_train_multi_seed, train, configs/binary/rgb_real_msi_unetpp_resnet34.yaml, seed=50) as job 819094, attempt 2
2026-05-02T14:02:56Z [INFO] Submitting task 129 try 1/3: group=binary_train_multi_seed kind=train config=configs/binary/rgb_real_msi_unetpp_resnet34.yaml split=test seed=51 attempt=2
2026-05-02T14:02:56Z [INFO] Submitted task 129 (binary_train_multi_seed, train, configs/binary/rgb_real_msi_unetpp_resnet34.yaml, seed=51) as job 819095, attempt 2
2026-05-02T14:02:56Z [INFO] Submitting task 135 try 1/3: group=binary_train_multi_seed kind=train config=configs/binary/rgb_real_msi_unetpp_resnet50.yaml split=test seed=47 attempt=1
2026-05-02T14:02:56Z [INFO] Submitted task 135 (binary_train_multi_seed, train, configs/binary/rgb_real_msi_unetpp_resnet50.yaml, seed=47) as job 819096, attempt 1
2026-05-02T14:02:57Z [INFO] Job 819030 for task 130 has left the Slurm queue; validating output
2026-05-02T14:02:57Z [ERROR] Task 130: status file reports state=failed; seed=42; message=train failed; see outputs/slurm/status/multi_seed_all_no_synth_20260430T192814Z/task_130_attempt_1.log; job_log=outputs/slurm/status/multi_seed_all_no_synth_20260430T192814Z/task_130_attempt_1.log
2026-05-02T14:02:57Z [ERROR] Task 130: validation failed; re-queueing for retry
2026-05-02T14:02:57Z [INFO] Job 819031 for task 131 has left the Slurm queue; validating output
2026-05-02T14:02:57Z [ERROR] Task 131: status file reports state=failed; seed=43; message=train failed; see outputs/slurm/status/multi_seed_all_no_synth_20260430T192814Z/task_131_attempt_1.log; job_log=outputs/slurm/status/multi_seed_all_no_synth_20260430T192814Z/task_131_attempt_1.log
2026-05-02T14:02:57Z [ERROR] Task 131: validation failed; re-queueing for retry
2026-05-02T14:02:57Z [INFO] Job 819033 for task 132 has left the Slurm queue; validating output
2026-05-02T14:02:57Z [ERROR] Task 132: status file reports state=failed; seed=44; message=train failed; see outputs/slurm/status/multi_seed_all_no_synth_20260430T192814Z/task_132_attempt_1.log; job_log=outputs/slurm/status/multi_seed_all_no_synth_20260430T192814Z/task_132_attempt_1.log
2026-05-02T14:02:57Z [ERROR] Task 132: validation failed; re-queueing for retry
2026-05-02T14:02:57Z [INFO] Job 819038 for task 133 has left the Slurm queue; validating output
2026-05-02T14:02:58Z [ERROR] Task 133: status file reports state=failed; seed=45; message=train failed; see outputs/slurm/status/multi_seed_all_no_synth_20260430T192814Z/task_133_attempt_1.log; job_log=outputs/slurm/status/multi_seed_all_no_synth_20260430T192814Z/task_133_attempt_1.log
2026-05-02T14:02:58Z [ERROR] Task 133: validation failed; re-queueing for retry
2026-05-02T14:03:08Z [INFO] Submitting task 130 try 1/3: group=binary_train_multi_seed kind=train config=configs/binary/rgb_real_msi_unetpp_resnet50.yaml split=test seed=42 attempt=2
2026-05-02T14:03:08Z [INFO] Submitted task 130 (binary_train_multi_seed, train, configs/binary/rgb_real_msi_unetpp_resnet50.yaml, seed=42) as job 819097, attempt 2
2026-05-02T14:03:08Z [INFO] Submitting task 131 try 1/3: group=binary_train_multi_seed kind=train config=configs/binary/rgb_real_msi_unetpp_resnet50.yaml split=test seed=43 attempt=2
2026-05-02T14:03:08Z [INFO] Submitted task 131 (binary_train_multi_seed, train, configs/binary/rgb_real_msi_unetpp_resnet50.yaml, seed=43) as job 819098, attempt 2
2026-05-02T14:03:08Z [INFO] Submitting task 132 try 1/3: group=binary_train_multi_seed kind=train config=configs/binary/rgb_real_msi_unetpp_resnet50.yaml split=test seed=44 attempt=2
2026-05-02T14:03:08Z [INFO] Submitted task 132 (binary_train_multi_seed, train, configs/binary/rgb_real_msi_unetpp_resnet50.yaml, seed=44) as job 819099, attempt 2
2026-05-02T14:03:08Z [INFO] Submitting task 133 try 1/3: group=binary_train_multi_seed kind=train config=configs/binary/rgb_real_msi_unetpp_resnet50.yaml split=test seed=45 attempt=2
2026-05-02T14:03:08Z [INFO] Submitted task 133 (binary_train_multi_seed, train, configs/binary/rgb_real_msi_unetpp_resnet50.yaml, seed=45) as job 819100, attempt 2
2026-05-02T17:20:49Z [INFO] Job 818925 for task 120 has left the Slurm queue; validating output
2026-05-02T17:20:49Z [INFO] Task 120 completed successfully
2026-05-02T17:20:59Z [INFO] Submitting task 136 try 1/3: group=binary_train_multi_seed kind=train config=configs/binary/rgb_real_msi_unetpp_resnet50.yaml split=test seed=48 attempt=1
2026-05-02T17:21:00Z [INFO] Submitted task 136 (binary_train_multi_seed, train, configs/binary/rgb_real_msi_unetpp_resnet50.yaml, seed=48) as job 819240, attempt 1
2026-05-02T18:27:02Z [INFO] Job 818927 for task 121 has left the Slurm queue; validating output
2026-05-02T18:27:03Z [INFO] Task 121 completed successfully
2026-05-02T18:27:13Z [INFO] Submitting task 137 try 1/3: group=binary_train_multi_seed kind=train config=configs/binary/rgb_real_msi_unetpp_resnet50.yaml split=test seed=49 attempt=1
2026-05-02T18:27:13Z [INFO] Submitted task 137 (binary_train_multi_seed, train, configs/binary/rgb_real_msi_unetpp_resnet50.yaml, seed=49) as job 819254, attempt 1
2026-05-02T18:31:19Z [INFO] Job 818992 for task 125 has left the Slurm queue; validating output
2026-05-02T18:31:20Z [INFO] Task 125 completed successfully
2026-05-02T18:31:30Z [INFO] Submitting task 138 try 1/3: group=binary_train_multi_seed kind=train config=configs/binary/rgb_real_msi_unetpp_resnet50.yaml split=test seed=50 attempt=1
2026-05-02T18:31:30Z [INFO] Submitted task 138 (binary_train_multi_seed, train, configs/binary/rgb_real_msi_unetpp_resnet50.yaml, seed=50) as job 819255, attempt 1
2026-05-02T18:44:30Z [INFO] Job 818993 for task 126 has left the Slurm queue; validating output
2026-05-02T18:44:30Z [INFO] Task 126 completed successfully
2026-05-02T18:44:41Z [INFO] Submitting task 139 try 1/3: group=binary_train_multi_seed kind=train config=configs/binary/rgb_real_msi_unetpp_resnet50.yaml split=test seed=51 attempt=1
2026-05-02T18:44:41Z [INFO] Submitted task 139 (binary_train_multi_seed, train, configs/binary/rgb_real_msi_unetpp_resnet50.yaml, seed=51) as job 819257, attempt 1
2026-05-02T18:55:58Z [INFO] Job 818954 for task 124 has left the Slurm queue; validating output
2026-05-02T18:55:58Z [INFO] Task 124 completed successfully
2026-05-02T18:56:08Z [INFO] Submitting task 140 try 1/3: group=binary_train_multi_seed kind=train config=configs/binary/rgb_real_msi_deeplabv3plus_resnet34.yaml split=test seed=42 attempt=1
2026-05-02T18:56:08Z [INFO] Submitted task 140 (binary_train_multi_seed, train, configs/binary/rgb_real_msi_deeplabv3plus_resnet34.yaml, seed=42) as job 819263, attempt 1
2026-05-02T20:04:53Z [INFO] Job 818953 for task 123 has left the Slurm queue; validating output
2026-05-02T20:04:54Z [INFO] Task 123 completed successfully
2026-05-02T20:05:05Z [INFO] Submitting task 141 try 1/3: group=binary_train_multi_seed kind=train config=configs/binary/rgb_real_msi_deeplabv3plus_resnet34.yaml split=test seed=43 attempt=1
2026-05-02T20:05:05Z [INFO] Submitted task 141 (binary_train_multi_seed, train, configs/binary/rgb_real_msi_deeplabv3plus_resnet34.yaml, seed=43) as job 819296, attempt 1
2026-05-02T21:59:08Z [INFO] Job 818948 for task 122 has left the Slurm queue; validating output
2026-05-02T21:59:09Z [INFO] Task 122 completed successfully
2026-05-02T21:59:19Z [INFO] Submitting task 142 try 1/3: group=binary_train_multi_seed kind=train config=configs/binary/rgb_real_msi_deeplabv3plus_resnet34.yaml split=test seed=44 attempt=1
2026-05-02T21:59:19Z [INFO] Submitted task 142 (binary_train_multi_seed, train, configs/binary/rgb_real_msi_deeplabv3plus_resnet34.yaml, seed=44) as job 819325, attempt 1
2026-05-02T23:59:39Z [INFO] Job 819046 for task 134 has left the Slurm queue; validating output
2026-05-02T23:59:39Z [INFO] Task 134 completed successfully
2026-05-02T23:59:49Z [INFO] Submitting task 143 try 1/3: group=binary_train_multi_seed kind=train config=configs/binary/rgb_real_msi_deeplabv3plus_resnet34.yaml split=test seed=45 attempt=1
2026-05-02T23:59:49Z [INFO] Submitted task 143 (binary_train_multi_seed, train, configs/binary/rgb_real_msi_deeplabv3plus_resnet34.yaml, seed=45) as job 819417, attempt 1
2026-05-03T02:30:36Z [INFO] Job 819097 for task 130 has left the Slurm queue; validating output
2026-05-03T02:30:36Z [INFO] Task 130 completed successfully
2026-05-03T02:30:46Z [INFO] Submitting task 144 try 1/3: group=binary_train_multi_seed kind=train config=configs/binary/rgb_real_msi_deeplabv3plus_resnet34.yaml split=test seed=46 attempt=1
2026-05-03T02:30:47Z [INFO] Submitted task 144 (binary_train_multi_seed, train, configs/binary/rgb_real_msi_deeplabv3plus_resnet34.yaml, seed=46) as job 819440, attempt 1
2026-05-03T02:36:55Z [INFO] Job 819095 for task 129 has left the Slurm queue; validating output
2026-05-03T02:36:56Z [INFO] Task 129 completed successfully
2026-05-03T02:37:06Z [INFO] Submitting task 145 try 1/3: group=binary_train_multi_seed kind=train config=configs/binary/rgb_real_msi_deeplabv3plus_resnet34.yaml split=test seed=47 attempt=1
2026-05-03T02:37:06Z [INFO] Submitted task 145 (binary_train_multi_seed, train, configs/binary/rgb_real_msi_deeplabv3plus_resnet34.yaml, seed=47) as job 819441, attempt 1
2026-05-03T04:00:08Z [INFO] Job 819093 for task 127 has left the Slurm queue; validating output
2026-05-03T04:00:09Z [INFO] Task 127 completed successfully
2026-05-03T04:00:19Z [INFO] Submitting task 146 try 1/3: group=binary_train_multi_seed kind=train config=configs/binary/rgb_real_msi_deeplabv3plus_resnet34.yaml split=test seed=48 attempt=1
2026-05-03T04:00:19Z [INFO] Submitted task 146 (binary_train_multi_seed, train, configs/binary/rgb_real_msi_deeplabv3plus_resnet34.yaml, seed=48) as job 819446, attempt 1
2026-05-03T04:00:29Z [INFO] Job 819096 for task 135 has left the Slurm queue; validating output
2026-05-03T04:00:30Z [INFO] Task 135 completed successfully
2026-05-03T04:00:40Z [INFO] Submitting task 147 try 1/3: group=binary_train_multi_seed kind=train config=configs/binary/rgb_real_msi_deeplabv3plus_resnet34.yaml split=test seed=49 attempt=1
2026-05-03T04:00:40Z [INFO] Submitted task 147 (binary_train_multi_seed, train, configs/binary/rgb_real_msi_deeplabv3plus_resnet34.yaml, seed=49) as job 819447, attempt 1
2026-05-03T04:12:37Z [INFO] Job 819098 for task 131 has left the Slurm queue; validating output
2026-05-03T04:12:37Z [INFO] Task 131 completed successfully
2026-05-03T04:12:48Z [INFO] Submitting task 148 try 1/3: group=binary_train_multi_seed kind=train config=configs/binary/rgb_real_msi_deeplabv3plus_resnet34.yaml split=test seed=50 attempt=1
2026-05-03T04:12:48Z [INFO] Submitted task 148 (binary_train_multi_seed, train, configs/binary/rgb_real_msi_deeplabv3plus_resnet34.yaml, seed=50) as job 819448, attempt 1
2026-05-03T04:57:45Z [INFO] Job 819094 for task 128 has left the Slurm queue; validating output
2026-05-03T04:57:45Z [INFO] Task 128 completed successfully
2026-05-03T04:57:55Z [INFO] Submitting task 149 try 1/3: group=binary_train_multi_seed kind=train config=configs/binary/rgb_real_msi_deeplabv3plus_resnet34.yaml split=test seed=51 attempt=1
2026-05-03T04:57:55Z [INFO] Submitted task 149 (binary_train_multi_seed, train, configs/binary/rgb_real_msi_deeplabv3plus_resnet34.yaml, seed=51) as job 819464, attempt 1
2026-05-03T07:16:05Z [INFO] Job 819099 for task 132 has left the Slurm queue; validating output
2026-05-03T07:16:05Z [INFO] Task 132 completed successfully
2026-05-03T07:16:16Z [INFO] Submitting task 150 try 1/3: group=binary_train_multi_seed kind=train config=configs/binary/rgb_real_msi_deeplabv3plus_resnet50.yaml split=test seed=42 attempt=1
2026-05-03T07:16:16Z [INFO] Submitted task 150 (binary_train_multi_seed, train, configs/binary/rgb_real_msi_deeplabv3plus_resnet50.yaml, seed=42) as job 819700, attempt 1
2026-05-03T09:21:20Z [INFO] Job 819263 for task 140 has left the Slurm queue; validating output
2026-05-03T09:21:20Z [INFO] Task 140 completed successfully
2026-05-03T09:21:30Z [INFO] Submitting task 151 try 1/3: group=binary_train_multi_seed kind=train config=configs/binary/rgb_real_msi_deeplabv3plus_resnet50.yaml split=test seed=43 attempt=1
2026-05-03T09:21:30Z [INFO] Submitted task 151 (binary_train_multi_seed, train, configs/binary/rgb_real_msi_deeplabv3plus_resnet50.yaml, seed=43) as job 819913, attempt 1
2026-05-03T09:28:34Z [INFO] Job 819100 for task 133 has left the Slurm queue; validating output
2026-05-03T09:28:34Z [INFO] Task 133 completed successfully
2026-05-03T09:28:44Z [INFO] Submitting task 152 try 1/3: group=binary_train_multi_seed kind=train config=configs/binary/rgb_real_msi_deeplabv3plus_resnet50.yaml split=test seed=44 attempt=1
2026-05-03T09:28:44Z [INFO] Submitted task 152 (binary_train_multi_seed, train, configs/binary/rgb_real_msi_deeplabv3plus_resnet50.yaml, seed=44) as job 819916, attempt 1
2026-05-03T09:41:23Z [INFO] Job 819296 for task 141 has left the Slurm queue; validating output
2026-05-03T09:41:24Z [INFO] Task 141 completed successfully
2026-05-03T09:41:34Z [INFO] Submitting task 153 try 1/3: group=binary_train_multi_seed kind=train config=configs/binary/rgb_real_msi_deeplabv3plus_resnet50.yaml split=test seed=45 attempt=1
2026-05-03T09:41:34Z [INFO] Submitted task 153 (binary_train_multi_seed, train, configs/binary/rgb_real_msi_deeplabv3plus_resnet50.yaml, seed=45) as job 819925, attempt 1
2026-05-03T10:38:39Z [INFO] Job 819254 for task 137 has left the Slurm queue; validating output
2026-05-03T10:38:40Z [INFO] Task 137 completed successfully
2026-05-03T10:38:50Z [INFO] Submitting task 154 try 1/3: group=binary_train_multi_seed kind=train config=configs/binary/rgb_real_msi_deeplabv3plus_resnet50.yaml split=test seed=46 attempt=1
2026-05-03T10:38:50Z [INFO] Submitted task 154 (binary_train_multi_seed, train, configs/binary/rgb_real_msi_deeplabv3plus_resnet50.yaml, seed=46) as job 819956, attempt 1
2026-05-03T11:03:06Z [INFO] Job 819240 for task 136 has left the Slurm queue; validating output
2026-05-03T11:03:08Z [INFO] Task 136 completed successfully
2026-05-03T11:03:18Z [INFO] Submitting task 155 try 1/3: group=binary_train_multi_seed kind=train config=configs/binary/rgb_real_msi_deeplabv3plus_resnet50.yaml split=test seed=47 attempt=1
2026-05-03T11:03:18Z [INFO] Submitted task 155 (binary_train_multi_seed, train, configs/binary/rgb_real_msi_deeplabv3plus_resnet50.yaml, seed=47) as job 819961, attempt 1
2026-05-03T12:16:25Z [INFO] Job 819255 for task 138 has left the Slurm queue; validating output
2026-05-03T12:16:26Z [INFO] Task 138 completed successfully
2026-05-03T12:16:36Z [INFO] Submitting task 156 try 1/3: group=binary_train_multi_seed kind=train config=configs/binary/rgb_real_msi_deeplabv3plus_resnet50.yaml split=test seed=48 attempt=1
2026-05-03T12:16:36Z [INFO] Submitted task 156 (binary_train_multi_seed, train, configs/binary/rgb_real_msi_deeplabv3plus_resnet50.yaml, seed=48) as job 819996, attempt 1
2026-05-03T12:33:41Z [INFO] Job 819257 for task 139 has left the Slurm queue; validating output
2026-05-03T12:33:41Z [INFO] Task 139 completed successfully
2026-05-03T12:33:51Z [INFO] Submitting task 157 try 1/3: group=binary_train_multi_seed kind=train config=configs/binary/rgb_real_msi_deeplabv3plus_resnet50.yaml split=test seed=49 attempt=1
2026-05-03T12:33:51Z [INFO] Submitted task 157 (binary_train_multi_seed, train, configs/binary/rgb_real_msi_deeplabv3plus_resnet50.yaml, seed=49) as job 820005, attempt 1
2026-05-03T13:20:32Z [INFO] Job 819325 for task 142 has left the Slurm queue; validating output
2026-05-03T13:20:32Z [INFO] Task 142 completed successfully
2026-05-03T13:20:43Z [INFO] Submitting task 158 try 1/3: group=binary_train_multi_seed kind=train config=configs/binary/rgb_real_msi_deeplabv3plus_resnet50.yaml split=test seed=50 attempt=1
2026-05-03T13:20:43Z [INFO] Submitted task 158 (binary_train_multi_seed, train, configs/binary/rgb_real_msi_deeplabv3plus_resnet50.yaml, seed=50) as job 820050, attempt 1
2026-05-03T14:12:29Z [INFO] Job 819440 for task 144 has left the Slurm queue; validating output
2026-05-03T14:12:29Z [INFO] Task 144 completed successfully
2026-05-03T14:12:39Z [INFO] Submitting task 159 try 1/3: group=binary_train_multi_seed kind=train config=configs/binary/rgb_real_msi_deeplabv3plus_resnet50.yaml split=test seed=51 attempt=1
2026-05-03T14:12:39Z [INFO] Submitted task 159 (binary_train_multi_seed, train, configs/binary/rgb_real_msi_deeplabv3plus_resnet50.yaml, seed=51) as job 820131, attempt 1
2026-05-03T14:53:29Z [INFO] Job 819441 for task 145 has left the Slurm queue; validating output
2026-05-03T14:53:30Z [INFO] Task 145 completed successfully
2026-05-03T14:53:40Z [INFO] Submitting task 160 try 1/3: group=binary_train_multi_seed kind=train config=configs/binary/rgb_real_msi_segformer_b0.yaml split=test seed=42 attempt=1
2026-05-03T14:53:40Z [INFO] Submitted task 160 (binary_train_multi_seed, train, configs/binary/rgb_real_msi_segformer_b0.yaml, seed=42) as job 820187, attempt 1
2026-05-03T15:29:44Z [INFO] Job 819446 for task 146 has left the Slurm queue; validating output
2026-05-03T15:29:44Z [INFO] Task 146 completed successfully
2026-05-03T15:29:55Z [INFO] Submitting task 161 try 1/3: group=binary_train_multi_seed kind=train config=configs/binary/rgb_real_msi_segformer_b0.yaml split=test seed=43 attempt=1
2026-05-03T15:29:55Z [INFO] Submitted task 161 (binary_train_multi_seed, train, configs/binary/rgb_real_msi_segformer_b0.yaml, seed=43) as job 820237, attempt 1
2026-05-03T16:24:14Z [INFO] Job 819417 for task 143 has left the Slurm queue; validating output
2026-05-03T16:24:14Z [INFO] Task 143 completed successfully
2026-05-03T16:24:24Z [INFO] Submitting task 162 try 1/3: group=binary_train_multi_seed kind=train config=configs/binary/rgb_real_msi_segformer_b0.yaml split=test seed=44 attempt=1
2026-05-03T16:24:24Z [INFO] Submitted task 162 (binary_train_multi_seed, train, configs/binary/rgb_real_msi_segformer_b0.yaml, seed=44) as job 820245, attempt 1
2026-05-03T17:40:59Z [INFO] Job 819447 for task 147 has left the Slurm queue; validating output
2026-05-03T17:41:00Z [INFO] Task 147 completed successfully
2026-05-03T17:41:10Z [INFO] Submitting task 163 try 1/3: group=binary_train_multi_seed kind=train config=configs/binary/rgb_real_msi_segformer_b0.yaml split=test seed=45 attempt=1
2026-05-03T17:41:10Z [INFO] Submitted task 163 (binary_train_multi_seed, train, configs/binary/rgb_real_msi_segformer_b0.yaml, seed=45) as job 820336, attempt 1
2026-05-03T18:42:54Z [INFO] Job 819464 for task 149 has left the Slurm queue; validating output
2026-05-03T18:42:54Z [INFO] Task 149 completed successfully
2026-05-03T18:43:04Z [INFO] Submitting task 164 try 1/3: group=binary_train_multi_seed kind=train config=configs/binary/rgb_real_msi_segformer_b0.yaml split=test seed=46 attempt=1
2026-05-03T18:43:04Z [INFO] Submitted task 164 (binary_train_multi_seed, train, configs/binary/rgb_real_msi_segformer_b0.yaml, seed=46) as job 820425, attempt 1
2026-05-03T19:49:23Z [INFO] Job 819700 for task 150 has left the Slurm queue; validating output
2026-05-03T19:49:24Z [INFO] Task 150 completed successfully
2026-05-03T19:49:34Z [INFO] Submitting task 165 try 1/3: group=binary_train_multi_seed kind=train config=configs/binary/rgb_real_msi_segformer_b0.yaml split=test seed=47 attempt=1
2026-05-03T19:49:34Z [INFO] Submitted task 165 (binary_train_multi_seed, train, configs/binary/rgb_real_msi_segformer_b0.yaml, seed=47) as job 820499, attempt 1
2026-05-03T20:40:09Z [INFO] Job 819448 for task 148 has left the Slurm queue; validating output
2026-05-03T20:40:09Z [INFO] Task 148 completed successfully
2026-05-03T20:40:20Z [INFO] Submitting task 166 try 1/3: group=binary_train_multi_seed kind=train config=configs/binary/rgb_real_msi_segformer_b0.yaml split=test seed=48 attempt=1
2026-05-03T20:40:20Z [INFO] Submitted task 166 (binary_train_multi_seed, train, configs/binary/rgb_real_msi_segformer_b0.yaml, seed=48) as job 820596, attempt 1
2026-05-03T21:06:51Z [INFO] Job 819913 for task 151 has left the Slurm queue; validating output
2026-05-03T21:06:51Z [INFO] Task 151 completed successfully
2026-05-03T21:07:01Z [INFO] Submitting task 167 try 1/3: group=binary_train_multi_seed kind=train config=configs/binary/rgb_real_msi_segformer_b0.yaml split=test seed=49 attempt=1
2026-05-03T21:07:01Z [INFO] Submitted task 167 (binary_train_multi_seed, train, configs/binary/rgb_real_msi_segformer_b0.yaml, seed=49) as job 820603, attempt 1
2026-05-03T21:31:37Z [INFO] Job 819916 for task 152 has left the Slurm queue; validating output
2026-05-03T21:31:37Z [INFO] Task 152 completed successfully
2026-05-03T21:31:47Z [INFO] Submitting task 168 try 1/3: group=binary_train_multi_seed kind=train config=configs/binary/rgb_real_msi_segformer_b0.yaml split=test seed=50 attempt=1
2026-05-03T21:31:47Z [INFO] Submitted task 168 (binary_train_multi_seed, train, configs/binary/rgb_real_msi_segformer_b0.yaml, seed=50) as job 820651, attempt 1
2026-05-03T22:00:59Z [INFO] Job 819956 for task 154 has left the Slurm queue; validating output
2026-05-03T22:00:59Z [INFO] Task 154 completed successfully
2026-05-03T22:01:09Z [INFO] Submitting task 169 try 1/3: group=binary_train_multi_seed kind=train config=configs/binary/rgb_real_msi_segformer_b0.yaml split=test seed=51 attempt=1
2026-05-03T22:01:09Z [INFO] Submitted task 169 (binary_train_multi_seed, train, configs/binary/rgb_real_msi_segformer_b0.yaml, seed=51) as job 820664, attempt 1
2026-05-03T22:02:42Z [INFO] Job 819925 for task 153 has left the Slurm queue; validating output
2026-05-03T22:02:42Z [INFO] Task 153 completed successfully
2026-05-03T22:02:52Z [INFO] Submitting task 170 try 1/3: group=binary_train_multi_seed kind=train config=configs/binary/rgb_real_msi_segformer_b1.yaml split=test seed=42 attempt=1
2026-05-03T22:02:52Z [INFO] Submitted task 170 (binary_train_multi_seed, train, configs/binary/rgb_real_msi_segformer_b1.yaml, seed=42) as job 820665, attempt 1
2026-05-03T23:08:10Z [INFO] Job 819996 for task 156 has left the Slurm queue; validating output
2026-05-03T23:08:11Z [INFO] Task 156 completed successfully
2026-05-03T23:08:21Z [INFO] Submitting task 171 try 1/3: group=binary_train_multi_seed kind=train config=configs/binary/rgb_real_msi_segformer_b1.yaml split=test seed=43 attempt=1
2026-05-03T23:08:21Z [INFO] Submitted task 171 (binary_train_multi_seed, train, configs/binary/rgb_real_msi_segformer_b1.yaml, seed=43) as job 820684, attempt 1
2026-05-03T23:40:11Z [INFO] Job 819961 for task 155 has left the Slurm queue; validating output
2026-05-03T23:40:11Z [INFO] Task 155 completed successfully
2026-05-03T23:40:22Z [INFO] Submitting task 172 try 1/3: group=binary_train_multi_seed kind=train config=configs/binary/rgb_real_msi_segformer_b1.yaml split=test seed=44 attempt=1
2026-05-03T23:40:22Z [INFO] Submitted task 172 (binary_train_multi_seed, train, configs/binary/rgb_real_msi_segformer_b1.yaml, seed=44) as job 820698, attempt 1
2026-05-04T03:15:54Z [INFO] Job 820005 for task 157 has left the Slurm queue; validating output
2026-05-04T03:15:55Z [INFO] Task 157 completed successfully
2026-05-04T03:16:05Z [INFO] Submitting task 173 try 1/3: group=binary_train_multi_seed kind=train config=configs/binary/rgb_real_msi_segformer_b1.yaml split=test seed=45 attempt=1
2026-05-04T03:16:05Z [INFO] Submitted task 173 (binary_train_multi_seed, train, configs/binary/rgb_real_msi_segformer_b1.yaml, seed=45) as job 820735, attempt 1
2026-05-04T03:16:56Z [INFO] Job 820499 for task 165 has left the Slurm queue; validating output
2026-05-04T03:16:56Z [ERROR] Task 165: status file reports state=failed; seed=47; message=train failed; see outputs/slurm/status/multi_seed_all_no_synth_20260430T192814Z/task_165_attempt_1.log; job_log=outputs/slurm/status/multi_seed_all_no_synth_20260430T192814Z/task_165_attempt_1.log
2026-05-04T03:16:56Z [ERROR] Task 165: validation failed; re-queueing for retry
2026-05-04T03:17:06Z [INFO] Submitting task 165 try 1/3: group=binary_train_multi_seed kind=train config=configs/binary/rgb_real_msi_segformer_b0.yaml split=test seed=47 attempt=2
2026-05-04T03:17:06Z [INFO] Submitted task 165 (binary_train_multi_seed, train, configs/binary/rgb_real_msi_segformer_b0.yaml, seed=47) as job 820736, attempt 2
2026-05-04T03:17:06Z [INFO] Job 820596 for task 166 has left the Slurm queue; validating output
2026-05-04T03:17:07Z [ERROR] Task 166: status file reports state=failed; seed=48; message=train failed; see outputs/slurm/status/multi_seed_all_no_synth_20260430T192814Z/task_166_attempt_1.log; job_log=outputs/slurm/status/multi_seed_all_no_synth_20260430T192814Z/task_166_attempt_1.log
2026-05-04T03:17:07Z [ERROR] Task 166: validation failed; re-queueing for retry
2026-05-04T03:17:17Z [INFO] Submitting task 166 try 1/3: group=binary_train_multi_seed kind=train config=configs/binary/rgb_real_msi_segformer_b0.yaml split=test seed=48 attempt=2
2026-05-04T03:17:17Z [INFO] Submitted task 166 (binary_train_multi_seed, train, configs/binary/rgb_real_msi_segformer_b0.yaml, seed=48) as job 820737, attempt 2
2026-05-04T03:17:17Z [INFO] Job 820603 for task 167 has left the Slurm queue; validating output
2026-05-04T03:17:17Z [ERROR] Task 167: status file reports state=failed; seed=49; message=train failed; see outputs/slurm/status/multi_seed_all_no_synth_20260430T192814Z/task_167_attempt_1.log; job_log=outputs/slurm/status/multi_seed_all_no_synth_20260430T192814Z/task_167_attempt_1.log
2026-05-04T03:17:17Z [ERROR] Task 167: validation failed; re-queueing for retry
2026-05-04T03:17:27Z [INFO] Submitting task 167 try 1/3: group=binary_train_multi_seed kind=train config=configs/binary/rgb_real_msi_segformer_b0.yaml split=test seed=49 attempt=2
2026-05-04T03:17:27Z [INFO] Submitted task 167 (binary_train_multi_seed, train, configs/binary/rgb_real_msi_segformer_b0.yaml, seed=49) as job 820738, attempt 2
2026-05-04T03:17:27Z [INFO] Job 820651 for task 168 has left the Slurm queue; validating output
2026-05-04T03:17:27Z [ERROR] Task 168: status file reports state=failed; seed=50; message=train failed; see outputs/slurm/status/multi_seed_all_no_synth_20260430T192814Z/task_168_attempt_1.log; job_log=outputs/slurm/status/multi_seed_all_no_synth_20260430T192814Z/task_168_attempt_1.log
2026-05-04T03:17:27Z [ERROR] Task 168: validation failed; re-queueing for retry
2026-05-04T03:17:37Z [INFO] Submitting task 168 try 1/3: group=binary_train_multi_seed kind=train config=configs/binary/rgb_real_msi_segformer_b0.yaml split=test seed=50 attempt=2
2026-05-04T03:17:37Z [INFO] Submitted task 168 (binary_train_multi_seed, train, configs/binary/rgb_real_msi_segformer_b0.yaml, seed=50) as job 820739, attempt 2
2026-05-04T03:17:38Z [INFO] Job 820664 for task 169 has left the Slurm queue; validating output
2026-05-04T03:17:38Z [ERROR] Task 169: status file reports state=failed; seed=51; message=train failed; see outputs/slurm/status/multi_seed_all_no_synth_20260430T192814Z/task_169_attempt_1.log; job_log=outputs/slurm/status/multi_seed_all_no_synth_20260430T192814Z/task_169_attempt_1.log
2026-05-04T03:17:38Z [ERROR] Task 169: validation failed; re-queueing for retry
2026-05-04T03:17:48Z [INFO] Submitting task 169 try 1/3: group=binary_train_multi_seed kind=train config=configs/binary/rgb_real_msi_segformer_b0.yaml split=test seed=51 attempt=2
2026-05-04T03:17:48Z [INFO] Submitted task 169 (binary_train_multi_seed, train, configs/binary/rgb_real_msi_segformer_b0.yaml, seed=51) as job 820740, attempt 2
2026-05-04T03:17:48Z [INFO] Job 820665 for task 170 has left the Slurm queue; validating output
2026-05-04T03:17:48Z [ERROR] Task 170: status file reports state=failed; seed=42; message=train failed; see outputs/slurm/status/multi_seed_all_no_synth_20260430T192814Z/task_170_attempt_1.log; job_log=outputs/slurm/status/multi_seed_all_no_synth_20260430T192814Z/task_170_attempt_1.log
2026-05-04T03:17:48Z [ERROR] Task 170: validation failed; re-queueing for retry
2026-05-04T03:17:58Z [INFO] Submitting task 170 try 1/3: group=binary_train_multi_seed kind=train config=configs/binary/rgb_real_msi_segformer_b1.yaml split=test seed=42 attempt=2
2026-05-04T03:17:58Z [INFO] Submitted task 170 (binary_train_multi_seed, train, configs/binary/rgb_real_msi_segformer_b1.yaml, seed=42) as job 820741, attempt 2
2026-05-04T03:17:58Z [INFO] Job 820684 for task 171 has left the Slurm queue; validating output
2026-05-04T03:17:58Z [ERROR] Task 171: status file reports state=failed; seed=43; message=train failed; see outputs/slurm/status/multi_seed_all_no_synth_20260430T192814Z/task_171_attempt_1.log; job_log=outputs/slurm/status/multi_seed_all_no_synth_20260430T192814Z/task_171_attempt_1.log
2026-05-04T03:17:58Z [ERROR] Task 171: validation failed; re-queueing for retry
2026-05-04T03:18:08Z [INFO] Submitting task 171 try 1/3: group=binary_train_multi_seed kind=train config=configs/binary/rgb_real_msi_segformer_b1.yaml split=test seed=43 attempt=2
2026-05-04T03:18:08Z [INFO] Submitted task 171 (binary_train_multi_seed, train, configs/binary/rgb_real_msi_segformer_b1.yaml, seed=43) as job 820742, attempt 2
2026-05-04T04:43:05Z [INFO] Job 820187 for task 160 has left the Slurm queue; validating output
2026-05-04T04:43:05Z [INFO] Task 160 completed successfully
2026-05-04T04:43:16Z [INFO] Submitting task 174 try 1/3: group=binary_train_multi_seed kind=train config=configs/binary/rgb_real_msi_segformer_b1.yaml split=test seed=46 attempt=1
2026-05-04T04:43:16Z [INFO] Submitted task 174 (binary_train_multi_seed, train, configs/binary/rgb_real_msi_segformer_b1.yaml, seed=46) as job 820745, attempt 1
2026-05-04T05:01:53Z [INFO] Job 820336 for task 163 has left the Slurm queue; validating output
2026-05-04T05:01:54Z [INFO] Task 163 completed successfully
2026-05-04T05:02:04Z [INFO] Submitting task 175 try 1/3: group=binary_train_multi_seed kind=train config=configs/binary/rgb_real_msi_segformer_b1.yaml split=test seed=47 attempt=1
2026-05-04T05:02:04Z [INFO] Submitted task 175 (binary_train_multi_seed, train, configs/binary/rgb_real_msi_segformer_b1.yaml, seed=47) as job 820747, attempt 1
2026-05-04T05:11:07Z [INFO] Job 820245 for task 162 has left the Slurm queue; validating output
2026-05-04T05:11:08Z [INFO] Task 162 completed successfully
2026-05-04T05:11:18Z [INFO] Submitting task 176 try 1/3: group=binary_train_multi_seed kind=train config=configs/binary/rgb_real_msi_segformer_b1.yaml split=test seed=48 attempt=1
2026-05-04T05:11:18Z [INFO] Submitted task 176 (binary_train_multi_seed, train, configs/binary/rgb_real_msi_segformer_b1.yaml, seed=48) as job 820755, attempt 1
2026-05-04T05:35:55Z [INFO] Job 820050 for task 158 has left the Slurm queue; validating output
2026-05-04T05:35:55Z [INFO] Task 158 completed successfully
2026-05-04T05:36:06Z [INFO] Submitting task 177 try 1/3: group=binary_train_multi_seed kind=train config=configs/binary/rgb_real_msi_segformer_b1.yaml split=test seed=49 attempt=1
2026-05-04T05:36:06Z [INFO] Submitted task 177 (binary_train_multi_seed, train, configs/binary/rgb_real_msi_segformer_b1.yaml, seed=49) as job 820760, attempt 1
2026-05-04T05:37:17Z [INFO] Job 820131 for task 159 has left the Slurm queue; validating output
2026-05-04T05:37:18Z [INFO] Task 159 completed successfully
2026-05-04T05:37:28Z [INFO] Submitting task 178 try 1/3: group=binary_train_multi_seed kind=train config=configs/binary/rgb_real_msi_segformer_b1.yaml split=test seed=50 attempt=1
2026-05-04T05:37:28Z [INFO] Submitted task 178 (binary_train_multi_seed, train, configs/binary/rgb_real_msi_segformer_b1.yaml, seed=50) as job 820761, attempt 1
2026-05-04T05:37:28Z [INFO] Job 820739 for task 168 has left the Slurm queue; validating output
2026-05-04T05:37:28Z [ERROR] Task 168: status file reports state=failed; seed=50; message=train failed; see outputs/slurm/status/multi_seed_all_no_synth_20260430T192814Z/task_168_attempt_2.log; job_log=outputs/slurm/status/multi_seed_all_no_synth_20260430T192814Z/task_168_attempt_2.log
2026-05-04T05:37:28Z [ERROR] Task 168: validation failed; re-queueing for retry
2026-05-04T05:37:38Z [INFO] Submitting task 168 try 1/3: group=binary_train_multi_seed kind=train config=configs/binary/rgb_real_msi_segformer_b0.yaml split=test seed=50 attempt=3
2026-05-04T05:37:38Z [INFO] Submitted task 168 (binary_train_multi_seed, train, configs/binary/rgb_real_msi_segformer_b0.yaml, seed=50) as job 820762, attempt 3
2026-05-04T05:37:49Z [INFO] Job 820740 for task 169 has left the Slurm queue; validating output
2026-05-04T05:37:49Z [ERROR] Task 169: status file reports state=failed; seed=51; message=train failed; see outputs/slurm/status/multi_seed_all_no_synth_20260430T192814Z/task_169_attempt_2.log; job_log=outputs/slurm/status/multi_seed_all_no_synth_20260430T192814Z/task_169_attempt_2.log
2026-05-04T05:37:49Z [ERROR] Task 169: validation failed; re-queueing for retry
2026-05-04T05:37:59Z [INFO] Submitting task 169 try 1/3: group=binary_train_multi_seed kind=train config=configs/binary/rgb_real_msi_segformer_b0.yaml split=test seed=51 attempt=3
2026-05-04T05:37:59Z [INFO] Submitted task 169 (binary_train_multi_seed, train, configs/binary/rgb_real_msi_segformer_b0.yaml, seed=51) as job 820764, attempt 3
2026-05-04T05:37:59Z [INFO] Job 820741 for task 170 has left the Slurm queue; validating output
2026-05-04T05:37:59Z [ERROR] Task 170: status file reports state=failed; seed=42; message=train failed; see outputs/slurm/status/multi_seed_all_no_synth_20260430T192814Z/task_170_attempt_2.log; job_log=outputs/slurm/status/multi_seed_all_no_synth_20260430T192814Z/task_170_attempt_2.log
2026-05-04T05:37:59Z [ERROR] Task 170: validation failed; re-queueing for retry
2026-05-04T05:38:10Z [INFO] Submitting task 170 try 1/3: group=binary_train_multi_seed kind=train config=configs/binary/rgb_real_msi_segformer_b1.yaml split=test seed=42 attempt=3
2026-05-04T05:38:10Z [INFO] Submitted task 170 (binary_train_multi_seed, train, configs/binary/rgb_real_msi_segformer_b1.yaml, seed=42) as job 820765, attempt 3
2026-05-04T05:38:10Z [INFO] Job 820742 for task 171 has left the Slurm queue; validating output
2026-05-04T05:38:10Z [ERROR] Task 171: status file reports state=failed; seed=43; message=train failed; see outputs/slurm/status/multi_seed_all_no_synth_20260430T192814Z/task_171_attempt_2.log; job_log=outputs/slurm/status/multi_seed_all_no_synth_20260430T192814Z/task_171_attempt_2.log
2026-05-04T05:38:10Z [ERROR] Task 171: validation failed; re-queueing for retry
2026-05-04T05:38:20Z [INFO] Submitting task 171 try 1/3: group=binary_train_multi_seed kind=train config=configs/binary/rgb_real_msi_segformer_b1.yaml split=test seed=43 attempt=3
2026-05-04T05:38:20Z [INFO] Submitted task 171 (binary_train_multi_seed, train, configs/binary/rgb_real_msi_segformer_b1.yaml, seed=43) as job 820766, attempt 3
2026-05-04T05:38:20Z [INFO] Job 820745 for task 174 has left the Slurm queue; validating output
2026-05-04T05:38:20Z [ERROR] Task 174: status file reports state=failed; seed=46; message=train failed; see outputs/slurm/status/multi_seed_all_no_synth_20260430T192814Z/task_174_attempt_1.log; job_log=outputs/slurm/status/multi_seed_all_no_synth_20260430T192814Z/task_174_attempt_1.log
2026-05-04T05:38:20Z [ERROR] Task 174: validation failed; re-queueing for retry
2026-05-04T05:38:30Z [INFO] Submitting task 174 try 1/3: group=binary_train_multi_seed kind=train config=configs/binary/rgb_real_msi_segformer_b1.yaml split=test seed=46 attempt=2
2026-05-04T05:38:30Z [INFO] Submitted task 174 (binary_train_multi_seed, train, configs/binary/rgb_real_msi_segformer_b1.yaml, seed=46) as job 820767, attempt 2
2026-05-04T05:38:30Z [INFO] Job 820747 for task 175 has left the Slurm queue; validating output
2026-05-04T05:38:31Z [ERROR] Task 175: status file reports state=failed; seed=47; message=train failed; see outputs/slurm/status/multi_seed_all_no_synth_20260430T192814Z/task_175_attempt_1.log; job_log=outputs/slurm/status/multi_seed_all_no_synth_20260430T192814Z/task_175_attempt_1.log
2026-05-04T05:38:31Z [ERROR] Task 175: validation failed; re-queueing for retry
2026-05-04T05:38:41Z [INFO] Submitting task 175 try 1/3: group=binary_train_multi_seed kind=train config=configs/binary/rgb_real_msi_segformer_b1.yaml split=test seed=47 attempt=2
2026-05-04T05:38:41Z [INFO] Submitted task 175 (binary_train_multi_seed, train, configs/binary/rgb_real_msi_segformer_b1.yaml, seed=47) as job 820769, attempt 2
2026-05-04T05:38:41Z [INFO] Job 820755 for task 176 has left the Slurm queue; validating output
2026-05-04T05:38:41Z [ERROR] Task 176: status file reports state=failed; seed=48; message=train failed; see outputs/slurm/status/multi_seed_all_no_synth_20260430T192814Z/task_176_attempt_1.log; job_log=outputs/slurm/status/multi_seed_all_no_synth_20260430T192814Z/task_176_attempt_1.log
2026-05-04T05:38:41Z [ERROR] Task 176: validation failed; re-queueing for retry
2026-05-04T05:38:51Z [INFO] Submitting task 176 try 1/3: group=binary_train_multi_seed kind=train config=configs/binary/rgb_real_msi_segformer_b1.yaml split=test seed=48 attempt=2
2026-05-04T05:38:51Z [INFO] Submitted task 176 (binary_train_multi_seed, train, configs/binary/rgb_real_msi_segformer_b1.yaml, seed=48) as job 820770, attempt 2
2026-05-04T05:38:51Z [INFO] Job 820760 for task 177 has left the Slurm queue; validating output
2026-05-04T05:38:51Z [ERROR] Task 177: status file reports state=failed; seed=49; message=train failed; see outputs/slurm/status/multi_seed_all_no_synth_20260430T192814Z/task_177_attempt_1.log; job_log=outputs/slurm/status/multi_seed_all_no_synth_20260430T192814Z/task_177_attempt_1.log
2026-05-04T05:38:51Z [ERROR] Task 177: validation failed; re-queueing for retry
2026-05-04T05:39:01Z [INFO] Submitting task 177 try 1/3: group=binary_train_multi_seed kind=train config=configs/binary/rgb_real_msi_segformer_b1.yaml split=test seed=49 attempt=2
2026-05-04T05:39:01Z [INFO] Submitted task 177 (binary_train_multi_seed, train, configs/binary/rgb_real_msi_segformer_b1.yaml, seed=49) as job 820771, attempt 2
2026-05-04T05:39:02Z [INFO] Job 820761 for task 178 has left the Slurm queue; validating output
2026-05-04T05:39:02Z [ERROR] Task 178: status file reports state=failed; seed=50; message=train failed; see outputs/slurm/status/multi_seed_all_no_synth_20260430T192814Z/task_178_attempt_1.log; job_log=outputs/slurm/status/multi_seed_all_no_synth_20260430T192814Z/task_178_attempt_1.log
2026-05-04T05:39:02Z [ERROR] Task 178: validation failed; re-queueing for retry
2026-05-04T05:39:12Z [INFO] Submitting task 178 try 1/3: group=binary_train_multi_seed kind=train config=configs/binary/rgb_real_msi_segformer_b1.yaml split=test seed=50 attempt=2
2026-05-04T05:39:12Z [INFO] Submitted task 178 (binary_train_multi_seed, train, configs/binary/rgb_real_msi_segformer_b1.yaml, seed=50) as job 820772, attempt 2
2026-05-04T05:39:12Z [INFO] Job 820762 for task 168 has left the Slurm queue; validating output
2026-05-04T05:39:12Z [ERROR] Task 168: status file reports state=failed; seed=50; message=train failed; see outputs/slurm/status/multi_seed_all_no_synth_20260430T192814Z/task_168_attempt_3.log; job_log=outputs/slurm/status/multi_seed_all_no_synth_20260430T192814Z/task_168_attempt_3.log
2026-05-04T05:39:12Z [ERROR] Task 168: validation failed; re-queueing for retry
2026-05-04T05:39:22Z [INFO] Submitting task 168 try 1/3: group=binary_train_multi_seed kind=train config=configs/binary/rgb_real_msi_segformer_b0.yaml split=test seed=50 attempt=4
2026-05-04T05:39:22Z [INFO] Submitted task 168 (binary_train_multi_seed, train, configs/binary/rgb_real_msi_segformer_b0.yaml, seed=50) as job 820773, attempt 4
2026-05-04T05:39:23Z [INFO] Job 820764 for task 169 has left the Slurm queue; validating output
2026-05-04T05:39:23Z [ERROR] Task 169: status file reports state=failed; seed=51; message=train failed; see outputs/slurm/status/multi_seed_all_no_synth_20260430T192814Z/task_169_attempt_3.log; job_log=outputs/slurm/status/multi_seed_all_no_synth_20260430T192814Z/task_169_attempt_3.log
2026-05-04T05:39:23Z [ERROR] Task 169: validation failed; re-queueing for retry
2026-05-04T05:39:33Z [INFO] Submitting task 169 try 1/3: group=binary_train_multi_seed kind=train config=configs/binary/rgb_real_msi_segformer_b0.yaml split=test seed=51 attempt=4
2026-05-04T05:39:33Z [INFO] Submitted task 169 (binary_train_multi_seed, train, configs/binary/rgb_real_msi_segformer_b0.yaml, seed=51) as job 820774, attempt 4
2026-05-04T05:39:33Z [INFO] Job 820765 for task 170 has left the Slurm queue; validating output
2026-05-04T05:39:33Z [ERROR] Task 170: status file reports state=failed; seed=42; message=train failed; see outputs/slurm/status/multi_seed_all_no_synth_20260430T192814Z/task_170_attempt_3.log; job_log=outputs/slurm/status/multi_seed_all_no_synth_20260430T192814Z/task_170_attempt_3.log
2026-05-04T05:39:33Z [ERROR] Task 170: validation failed; re-queueing for retry
2026-05-04T05:39:43Z [INFO] Submitting task 170 try 1/3: group=binary_train_multi_seed kind=train config=configs/binary/rgb_real_msi_segformer_b1.yaml split=test seed=42 attempt=4
2026-05-04T05:39:43Z [INFO] Submitted task 170 (binary_train_multi_seed, train, configs/binary/rgb_real_msi_segformer_b1.yaml, seed=42) as job 820775, attempt 4
2026-05-04T05:39:43Z [INFO] Job 820766 for task 171 has left the Slurm queue; validating output
2026-05-04T05:39:43Z [ERROR] Task 171: status file reports state=failed; seed=43; message=train failed; see outputs/slurm/status/multi_seed_all_no_synth_20260430T192814Z/task_171_attempt_3.log; job_log=outputs/slurm/status/multi_seed_all_no_synth_20260430T192814Z/task_171_attempt_3.log
2026-05-04T05:39:43Z [ERROR] Task 171: validation failed; re-queueing for retry
2026-05-04T05:39:53Z [INFO] Submitting task 171 try 1/3: group=binary_train_multi_seed kind=train config=configs/binary/rgb_real_msi_segformer_b1.yaml split=test seed=43 attempt=4
2026-05-04T05:39:53Z [INFO] Submitted task 171 (binary_train_multi_seed, train, configs/binary/rgb_real_msi_segformer_b1.yaml, seed=43) as job 820776, attempt 4
2026-05-04T05:39:54Z [INFO] Job 820767 for task 174 has left the Slurm queue; validating output
2026-05-04T05:39:54Z [ERROR] Task 174: status file reports state=failed; seed=46; message=train failed; see outputs/slurm/status/multi_seed_all_no_synth_20260430T192814Z/task_174_attempt_2.log; job_log=outputs/slurm/status/multi_seed_all_no_synth_20260430T192814Z/task_174_attempt_2.log
2026-05-04T05:39:54Z [ERROR] Task 174: validation failed; re-queueing for retry
2026-05-04T05:40:04Z [INFO] Submitting task 174 try 1/3: group=binary_train_multi_seed kind=train config=configs/binary/rgb_real_msi_segformer_b1.yaml split=test seed=46 attempt=3
2026-05-04T05:40:04Z [INFO] Submitted task 174 (binary_train_multi_seed, train, configs/binary/rgb_real_msi_segformer_b1.yaml, seed=46) as job 820777, attempt 3
2026-05-04T05:40:04Z [INFO] Job 820769 for task 175 has left the Slurm queue; validating output
2026-05-04T05:40:04Z [ERROR] Task 175: status file reports state=failed; seed=47; message=train failed; see outputs/slurm/status/multi_seed_all_no_synth_20260430T192814Z/task_175_attempt_2.log; job_log=outputs/slurm/status/multi_seed_all_no_synth_20260430T192814Z/task_175_attempt_2.log
2026-05-04T05:40:04Z [ERROR] Task 175: validation failed; re-queueing for retry
2026-05-04T05:40:14Z [INFO] Submitting task 175 try 1/3: group=binary_train_multi_seed kind=train config=configs/binary/rgb_real_msi_segformer_b1.yaml split=test seed=47 attempt=3
2026-05-04T05:40:14Z [INFO] Submitted task 175 (binary_train_multi_seed, train, configs/binary/rgb_real_msi_segformer_b1.yaml, seed=47) as job 820778, attempt 3
2026-05-04T05:40:15Z [INFO] Job 820770 for task 176 has left the Slurm queue; validating output
2026-05-04T05:40:15Z [ERROR] Task 176: status file reports state=failed; seed=48; message=train failed; see outputs/slurm/status/multi_seed_all_no_synth_20260430T192814Z/task_176_attempt_2.log; job_log=outputs/slurm/status/multi_seed_all_no_synth_20260430T192814Z/task_176_attempt_2.log
2026-05-04T05:40:15Z [ERROR] Task 176: validation failed; re-queueing for retry
2026-05-04T05:40:25Z [INFO] Submitting task 176 try 1/3: group=binary_train_multi_seed kind=train config=configs/binary/rgb_real_msi_segformer_b1.yaml split=test seed=48 attempt=3
2026-05-04T05:40:25Z [INFO] Submitted task 176 (binary_train_multi_seed, train, configs/binary/rgb_real_msi_segformer_b1.yaml, seed=48) as job 820779, attempt 3
2026-05-04T05:40:25Z [INFO] Job 820771 for task 177 has left the Slurm queue; validating output
2026-05-04T05:40:27Z [ERROR] Task 177: status file reports state=failed; seed=49; message=train failed; see outputs/slurm/status/multi_seed_all_no_synth_20260430T192814Z/task_177_attempt_2.log; job_log=outputs/slurm/status/multi_seed_all_no_synth_20260430T192814Z/task_177_attempt_2.log
2026-05-04T05:40:27Z [ERROR] Task 177: validation failed; re-queueing for retry
2026-05-04T05:40:37Z [INFO] Submitting task 177 try 1/3: group=binary_train_multi_seed kind=train config=configs/binary/rgb_real_msi_segformer_b1.yaml split=test seed=49 attempt=3
2026-05-04T05:40:37Z [INFO] Submitted task 177 (binary_train_multi_seed, train, configs/binary/rgb_real_msi_segformer_b1.yaml, seed=49) as job 820780, attempt 3
2026-05-04T05:40:37Z [INFO] Job 820772 for task 178 has left the Slurm queue; validating output
2026-05-04T05:40:37Z [ERROR] Task 178: status file reports state=failed; seed=50; message=train failed; see outputs/slurm/status/multi_seed_all_no_synth_20260430T192814Z/task_178_attempt_2.log; job_log=outputs/slurm/status/multi_seed_all_no_synth_20260430T192814Z/task_178_attempt_2.log
2026-05-04T05:40:37Z [ERROR] Task 178: validation failed; re-queueing for retry
2026-05-04T05:40:47Z [INFO] Submitting task 178 try 1/3: group=binary_train_multi_seed kind=train config=configs/binary/rgb_real_msi_segformer_b1.yaml split=test seed=50 attempt=3
2026-05-04T05:40:47Z [INFO] Submitted task 178 (binary_train_multi_seed, train, configs/binary/rgb_real_msi_segformer_b1.yaml, seed=50) as job 820781, attempt 3
2026-05-04T05:40:47Z [INFO] Job 820773 for task 168 has left the Slurm queue; validating output
2026-05-04T05:40:48Z [ERROR] Task 168: status file reports state=failed; seed=50; message=train failed; see outputs/slurm/status/multi_seed_all_no_synth_20260430T192814Z/task_168_attempt_4.log; job_log=outputs/slurm/status/multi_seed_all_no_synth_20260430T192814Z/task_168_attempt_4.log
2026-05-04T05:40:48Z [ERROR] Task 168: permanent failure after 4 attempt(s)
2026-05-04T05:40:58Z [INFO] Submitting task 179 try 1/3: group=binary_train_multi_seed kind=train config=configs/binary/rgb_real_msi_segformer_b1.yaml split=test seed=51 attempt=1
2026-05-04T05:40:58Z [INFO] Submitted task 179 (binary_train_multi_seed, train, configs/binary/rgb_real_msi_segformer_b1.yaml, seed=51) as job 820782, attempt 1
2026-05-04T05:40:58Z [INFO] Job 820774 for task 169 has left the Slurm queue; validating output
2026-05-04T05:40:58Z [ERROR] Task 169: status file reports state=failed; seed=51; message=train failed; see outputs/slurm/status/multi_seed_all_no_synth_20260430T192814Z/task_169_attempt_4.log; job_log=outputs/slurm/status/multi_seed_all_no_synth_20260430T192814Z/task_169_attempt_4.log
2026-05-04T05:40:58Z [ERROR] Task 169: permanent failure after 4 attempt(s)
2026-05-04T05:41:08Z [INFO] Submitting task 180 try 1/3: group=fuzzy_train_multi_seed kind=train config=configs/fuzzy/rgb_unetpp_resnet34.yaml split=test seed=42 attempt=1
2026-05-04T05:41:08Z [INFO] Submitted task 180 (fuzzy_train_multi_seed, train, configs/fuzzy/rgb_unetpp_resnet34.yaml, seed=42) as job 820783, attempt 1
2026-05-04T05:41:09Z [INFO] Job 820775 for task 170 has left the Slurm queue; validating output
2026-05-04T05:41:09Z [ERROR] Task 170: status file reports state=failed; seed=42; message=train failed; see outputs/slurm/status/multi_seed_all_no_synth_20260430T192814Z/task_170_attempt_4.log; job_log=outputs/slurm/status/multi_seed_all_no_synth_20260430T192814Z/task_170_attempt_4.log
2026-05-04T05:41:09Z [ERROR] Task 170: permanent failure after 4 attempt(s)
2026-05-04T05:41:19Z [INFO] Submitting task 181 try 1/3: group=fuzzy_train_multi_seed kind=train config=configs/fuzzy/rgb_unetpp_resnet34.yaml split=test seed=43 attempt=1
2026-05-04T05:41:19Z [INFO] Submitted task 181 (fuzzy_train_multi_seed, train, configs/fuzzy/rgb_unetpp_resnet34.yaml, seed=43) as job 820784, attempt 1
2026-05-04T05:41:19Z [INFO] Job 820776 for task 171 has left the Slurm queue; validating output
2026-05-04T05:41:19Z [ERROR] Task 171: status file reports state=failed; seed=43; message=train failed; see outputs/slurm/status/multi_seed_all_no_synth_20260430T192814Z/task_171_attempt_4.log; job_log=outputs/slurm/status/multi_seed_all_no_synth_20260430T192814Z/task_171_attempt_4.log
2026-05-04T05:41:19Z [ERROR] Task 171: permanent failure after 4 attempt(s)
2026-05-04T05:41:29Z [INFO] Submitting task 182 try 1/3: group=fuzzy_train_multi_seed kind=train config=configs/fuzzy/rgb_unetpp_resnet34.yaml split=test seed=44 attempt=1
2026-05-04T05:41:29Z [INFO] Submitted task 182 (fuzzy_train_multi_seed, train, configs/fuzzy/rgb_unetpp_resnet34.yaml, seed=44) as job 820785, attempt 1
2026-05-04T05:41:29Z [INFO] Job 820777 for task 174 has left the Slurm queue; validating output
2026-05-04T05:41:30Z [ERROR] Task 174: status file reports state=failed; seed=46; message=train failed; see outputs/slurm/status/multi_seed_all_no_synth_20260430T192814Z/task_174_attempt_3.log; job_log=outputs/slurm/status/multi_seed_all_no_synth_20260430T192814Z/task_174_attempt_3.log
2026-05-04T05:41:30Z [ERROR] Task 174: validation failed; re-queueing for retry
2026-05-04T05:41:40Z [INFO] Submitting task 174 try 1/3: group=binary_train_multi_seed kind=train config=configs/binary/rgb_real_msi_segformer_b1.yaml split=test seed=46 attempt=4
2026-05-04T05:41:40Z [INFO] Submitted task 174 (binary_train_multi_seed, train, configs/binary/rgb_real_msi_segformer_b1.yaml, seed=46) as job 820786, attempt 4
2026-05-04T05:41:40Z [INFO] Job 820778 for task 175 has left the Slurm queue; validating output
2026-05-04T05:41:40Z [ERROR] Task 175: status file reports state=failed; seed=47; message=train failed; see outputs/slurm/status/multi_seed_all_no_synth_20260430T192814Z/task_175_attempt_3.log; job_log=outputs/slurm/status/multi_seed_all_no_synth_20260430T192814Z/task_175_attempt_3.log
2026-05-04T05:41:40Z [ERROR] Task 175: validation failed; re-queueing for retry
2026-05-04T05:41:50Z [INFO] Submitting task 175 try 1/3: group=binary_train_multi_seed kind=train config=configs/binary/rgb_real_msi_segformer_b1.yaml split=test seed=47 attempt=4
2026-05-04T05:41:50Z [INFO] Submitted task 175 (binary_train_multi_seed, train, configs/binary/rgb_real_msi_segformer_b1.yaml, seed=47) as job 820787, attempt 4
2026-05-04T05:41:50Z [INFO] Job 820779 for task 176 has left the Slurm queue; validating output
2026-05-04T05:41:50Z [ERROR] Task 176: status file reports state=failed; seed=48; message=train failed; see outputs/slurm/status/multi_seed_all_no_synth_20260430T192814Z/task_176_attempt_3.log; job_log=outputs/slurm/status/multi_seed_all_no_synth_20260430T192814Z/task_176_attempt_3.log
2026-05-04T05:41:50Z [ERROR] Task 176: validation failed; re-queueing for retry
2026-05-04T05:42:01Z [INFO] Submitting task 176 try 1/3: group=binary_train_multi_seed kind=train config=configs/binary/rgb_real_msi_segformer_b1.yaml split=test seed=48 attempt=4
2026-05-04T05:42:01Z [INFO] Submitted task 176 (binary_train_multi_seed, train, configs/binary/rgb_real_msi_segformer_b1.yaml, seed=48) as job 820788, attempt 4
2026-05-04T05:42:01Z [INFO] Job 820780 for task 177 has left the Slurm queue; validating output
2026-05-04T05:42:01Z [ERROR] Task 177: status file reports state=failed; seed=49; message=train failed; see outputs/slurm/status/multi_seed_all_no_synth_20260430T192814Z/task_177_attempt_3.log; job_log=outputs/slurm/status/multi_seed_all_no_synth_20260430T192814Z/task_177_attempt_3.log
2026-05-04T05:42:01Z [ERROR] Task 177: validation failed; re-queueing for retry
2026-05-04T05:42:11Z [INFO] Submitting task 177 try 1/3: group=binary_train_multi_seed kind=train config=configs/binary/rgb_real_msi_segformer_b1.yaml split=test seed=49 attempt=4
2026-05-04T05:42:11Z [INFO] Submitted task 177 (binary_train_multi_seed, train, configs/binary/rgb_real_msi_segformer_b1.yaml, seed=49) as job 820789, attempt 4
2026-05-04T05:42:11Z [INFO] Job 820781 for task 178 has left the Slurm queue; validating output
2026-05-04T05:42:11Z [ERROR] Task 178: status file reports state=failed; seed=50; message=train failed; see outputs/slurm/status/multi_seed_all_no_synth_20260430T192814Z/task_178_attempt_3.log; job_log=outputs/slurm/status/multi_seed_all_no_synth_20260430T192814Z/task_178_attempt_3.log
2026-05-04T05:42:11Z [ERROR] Task 178: validation failed; re-queueing for retry
2026-05-04T05:42:21Z [INFO] Submitting task 178 try 1/3: group=binary_train_multi_seed kind=train config=configs/binary/rgb_real_msi_segformer_b1.yaml split=test seed=50 attempt=4
2026-05-04T05:42:21Z [INFO] Submitted task 178 (binary_train_multi_seed, train, configs/binary/rgb_real_msi_segformer_b1.yaml, seed=50) as job 820790, attempt 4
2026-05-04T05:42:21Z [INFO] Job 820782 for task 179 has left the Slurm queue; validating output
2026-05-04T05:42:22Z [ERROR] Task 179: status file reports state=failed; seed=51; message=train failed; see outputs/slurm/status/multi_seed_all_no_synth_20260430T192814Z/task_179_attempt_1.log; job_log=outputs/slurm/status/multi_seed_all_no_synth_20260430T192814Z/task_179_attempt_1.log
2026-05-04T05:42:22Z [ERROR] Task 179: validation failed; re-queueing for retry
2026-05-04T05:42:32Z [INFO] Submitting task 179 try 1/3: group=binary_train_multi_seed kind=train config=configs/binary/rgb_real_msi_segformer_b1.yaml split=test seed=51 attempt=2
2026-05-04T05:42:32Z [INFO] Submitted task 179 (binary_train_multi_seed, train, configs/binary/rgb_real_msi_segformer_b1.yaml, seed=51) as job 820791, attempt 2
2026-05-04T05:42:32Z [INFO] Job 820783 for task 180 has left the Slurm queue; validating output
2026-05-04T05:42:32Z [ERROR] Task 180: status file reports state=failed; seed=42; message=train failed; see outputs/slurm/status/multi_seed_all_no_synth_20260430T192814Z/task_180_attempt_1.log; job_log=outputs/slurm/status/multi_seed_all_no_synth_20260430T192814Z/task_180_attempt_1.log
2026-05-04T05:42:32Z [ERROR] Task 180: validation failed; re-queueing for retry
2026-05-04T05:42:42Z [INFO] Submitting task 180 try 1/3: group=fuzzy_train_multi_seed kind=train config=configs/fuzzy/rgb_unetpp_resnet34.yaml split=test seed=42 attempt=2
2026-05-04T05:42:42Z [INFO] Submitted task 180 (fuzzy_train_multi_seed, train, configs/fuzzy/rgb_unetpp_resnet34.yaml, seed=42) as job 820792, attempt 2
2026-05-04T05:42:42Z [INFO] Job 820784 for task 181 has left the Slurm queue; validating output
2026-05-04T05:42:43Z [ERROR] Task 181: status file reports state=failed; seed=43; message=train failed; see outputs/slurm/status/multi_seed_all_no_synth_20260430T192814Z/task_181_attempt_1.log; job_log=outputs/slurm/status/multi_seed_all_no_synth_20260430T192814Z/task_181_attempt_1.log
2026-05-04T05:42:43Z [ERROR] Task 181: validation failed; re-queueing for retry
2026-05-04T05:42:53Z [INFO] Submitting task 181 try 1/3: group=fuzzy_train_multi_seed kind=train config=configs/fuzzy/rgb_unetpp_resnet34.yaml split=test seed=43 attempt=2
2026-05-04T05:42:53Z [INFO] Submitted task 181 (fuzzy_train_multi_seed, train, configs/fuzzy/rgb_unetpp_resnet34.yaml, seed=43) as job 820793, attempt 2
2026-05-04T05:42:53Z [INFO] Job 820785 for task 182 has left the Slurm queue; validating output
2026-05-04T05:42:53Z [ERROR] Task 182: status file reports state=failed; seed=44; message=train failed; see outputs/slurm/status/multi_seed_all_no_synth_20260430T192814Z/task_182_attempt_1.log; job_log=outputs/slurm/status/multi_seed_all_no_synth_20260430T192814Z/task_182_attempt_1.log
2026-05-04T05:42:53Z [ERROR] Task 182: validation failed; re-queueing for retry
2026-05-04T05:43:03Z [INFO] Submitting task 182 try 1/3: group=fuzzy_train_multi_seed kind=train config=configs/fuzzy/rgb_unetpp_resnet34.yaml split=test seed=44 attempt=2
2026-05-04T05:43:03Z [INFO] Submitted task 182 (fuzzy_train_multi_seed, train, configs/fuzzy/rgb_unetpp_resnet34.yaml, seed=44) as job 820794, attempt 2
2026-05-04T05:43:03Z [INFO] Job 820786 for task 174 has left the Slurm queue; validating output
2026-05-04T05:43:04Z [ERROR] Task 174: status file reports state=failed; seed=46; message=train failed; see outputs/slurm/status/multi_seed_all_no_synth_20260430T192814Z/task_174_attempt_4.log; job_log=outputs/slurm/status/multi_seed_all_no_synth_20260430T192814Z/task_174_attempt_4.log
2026-05-04T05:43:04Z [ERROR] Task 174: permanent failure after 4 attempt(s)
2026-05-04T05:43:14Z [INFO] Submitting task 183 try 1/3: group=fuzzy_train_multi_seed kind=train config=configs/fuzzy/rgb_unetpp_resnet34.yaml split=test seed=45 attempt=1
2026-05-04T05:43:14Z [INFO] Submitted task 183 (fuzzy_train_multi_seed, train, configs/fuzzy/rgb_unetpp_resnet34.yaml, seed=45) as job 820795, attempt 1
2026-05-04T05:43:24Z [INFO] Job 820787 for task 175 has left the Slurm queue; validating output
2026-05-04T05:43:24Z [ERROR] Task 175: status file reports state=failed; seed=47; message=train failed; see outputs/slurm/status/multi_seed_all_no_synth_20260430T192814Z/task_175_attempt_4.log; job_log=outputs/slurm/status/multi_seed_all_no_synth_20260430T192814Z/task_175_attempt_4.log
2026-05-04T05:43:24Z [ERROR] Task 175: permanent failure after 4 attempt(s)
2026-05-04T05:43:34Z [INFO] Submitting task 184 try 1/3: group=fuzzy_train_multi_seed kind=train config=configs/fuzzy/rgb_unetpp_resnet34.yaml split=test seed=46 attempt=1
2026-05-04T05:43:35Z [INFO] Submitted task 184 (fuzzy_train_multi_seed, train, configs/fuzzy/rgb_unetpp_resnet34.yaml, seed=46) as job 820796, attempt 1
2026-05-04T05:43:35Z [INFO] Job 820788 for task 176 has left the Slurm queue; validating output
2026-05-04T05:43:35Z [ERROR] Task 176: status file reports state=failed; seed=48; message=train failed; see outputs/slurm/status/multi_seed_all_no_synth_20260430T192814Z/task_176_attempt_4.log; job_log=outputs/slurm/status/multi_seed_all_no_synth_20260430T192814Z/task_176_attempt_4.log
2026-05-04T05:43:35Z [ERROR] Task 176: permanent failure after 4 attempt(s)
2026-05-04T05:43:45Z [INFO] Submitting task 185 try 1/3: group=fuzzy_train_multi_seed kind=train config=configs/fuzzy/rgb_unetpp_resnet34.yaml split=test seed=47 attempt=1
2026-05-04T05:43:45Z [INFO] Submitted task 185 (fuzzy_train_multi_seed, train, configs/fuzzy/rgb_unetpp_resnet34.yaml, seed=47) as job 820797, attempt 1
2026-05-04T05:43:45Z [INFO] Job 820789 for task 177 has left the Slurm queue; validating output
2026-05-04T05:43:45Z [ERROR] Task 177: status file reports state=failed; seed=49; message=train failed; see outputs/slurm/status/multi_seed_all_no_synth_20260430T192814Z/task_177_attempt_4.log; job_log=outputs/slurm/status/multi_seed_all_no_synth_20260430T192814Z/task_177_attempt_4.log
2026-05-04T05:43:45Z [ERROR] Task 177: permanent failure after 4 attempt(s)
2026-05-04T05:43:55Z [INFO] Submitting task 186 try 1/3: group=fuzzy_train_multi_seed kind=train config=configs/fuzzy/rgb_unetpp_resnet34.yaml split=test seed=48 attempt=1
2026-05-04T05:43:55Z [INFO] Submitted task 186 (fuzzy_train_multi_seed, train, configs/fuzzy/rgb_unetpp_resnet34.yaml, seed=48) as job 820798, attempt 1
2026-05-04T05:43:55Z [INFO] Job 820790 for task 178 has left the Slurm queue; validating output
2026-05-04T05:43:56Z [ERROR] Task 178: status file reports state=failed; seed=50; message=train failed; see outputs/slurm/status/multi_seed_all_no_synth_20260430T192814Z/task_178_attempt_4.log; job_log=outputs/slurm/status/multi_seed_all_no_synth_20260430T192814Z/task_178_attempt_4.log
2026-05-04T05:43:56Z [ERROR] Task 178: permanent failure after 4 attempt(s)
2026-05-04T05:44:06Z [INFO] Submitting task 187 try 1/3: group=fuzzy_train_multi_seed kind=train config=configs/fuzzy/rgb_unetpp_resnet34.yaml split=test seed=49 attempt=1
2026-05-04T05:44:06Z [INFO] Submitted task 187 (fuzzy_train_multi_seed, train, configs/fuzzy/rgb_unetpp_resnet34.yaml, seed=49) as job 820800, attempt 1
2026-05-04T05:44:06Z [INFO] Job 820791 for task 179 has left the Slurm queue; validating output
2026-05-04T05:44:06Z [ERROR] Task 179: status file reports state=failed; seed=51; message=train failed; see outputs/slurm/status/multi_seed_all_no_synth_20260430T192814Z/task_179_attempt_2.log; job_log=outputs/slurm/status/multi_seed_all_no_synth_20260430T192814Z/task_179_attempt_2.log
2026-05-04T05:44:06Z [ERROR] Task 179: validation failed; re-queueing for retry
2026-05-04T05:44:16Z [INFO] Submitting task 179 try 1/3: group=binary_train_multi_seed kind=train config=configs/binary/rgb_real_msi_segformer_b1.yaml split=test seed=51 attempt=3
2026-05-04T05:44:16Z [INFO] Submitted task 179 (binary_train_multi_seed, train, configs/binary/rgb_real_msi_segformer_b1.yaml, seed=51) as job 820801, attempt 3
2026-05-04T05:44:16Z [INFO] Job 820792 for task 180 has left the Slurm queue; validating output
2026-05-04T05:44:16Z [ERROR] Task 180: status file reports state=failed; seed=42; message=train failed; see outputs/slurm/status/multi_seed_all_no_synth_20260430T192814Z/task_180_attempt_2.log; job_log=outputs/slurm/status/multi_seed_all_no_synth_20260430T192814Z/task_180_attempt_2.log
2026-05-04T05:44:16Z [ERROR] Task 180: validation failed; re-queueing for retry
2026-05-04T05:44:26Z [INFO] Submitting task 180 try 1/3: group=fuzzy_train_multi_seed kind=train config=configs/fuzzy/rgb_unetpp_resnet34.yaml split=test seed=42 attempt=3
2026-05-04T05:44:27Z [INFO] Submitted task 180 (fuzzy_train_multi_seed, train, configs/fuzzy/rgb_unetpp_resnet34.yaml, seed=42) as job 820802, attempt 3
2026-05-04T05:44:27Z [INFO] Job 820793 for task 181 has left the Slurm queue; validating output
2026-05-04T05:44:27Z [ERROR] Task 181: status file reports state=failed; seed=43; message=train failed; see outputs/slurm/status/multi_seed_all_no_synth_20260430T192814Z/task_181_attempt_2.log; job_log=outputs/slurm/status/multi_seed_all_no_synth_20260430T192814Z/task_181_attempt_2.log
2026-05-04T05:44:27Z [ERROR] Task 181: validation failed; re-queueing for retry
2026-05-04T05:44:37Z [INFO] Submitting task 181 try 1/3: group=fuzzy_train_multi_seed kind=train config=configs/fuzzy/rgb_unetpp_resnet34.yaml split=test seed=43 attempt=3
2026-05-04T05:44:37Z [INFO] Submitted task 181 (fuzzy_train_multi_seed, train, configs/fuzzy/rgb_unetpp_resnet34.yaml, seed=43) as job 820803, attempt 3
2026-05-04T05:44:37Z [INFO] Job 820794 for task 182 has left the Slurm queue; validating output
2026-05-04T05:44:37Z [ERROR] Task 182: status file reports state=failed; seed=44; message=train failed; see outputs/slurm/status/multi_seed_all_no_synth_20260430T192814Z/task_182_attempt_2.log; job_log=outputs/slurm/status/multi_seed_all_no_synth_20260430T192814Z/task_182_attempt_2.log
2026-05-04T05:44:37Z [ERROR] Task 182: validation failed; re-queueing for retry
2026-05-04T05:44:47Z [INFO] Submitting task 182 try 1/3: group=fuzzy_train_multi_seed kind=train config=configs/fuzzy/rgb_unetpp_resnet34.yaml split=test seed=44 attempt=3
2026-05-04T05:44:47Z [INFO] Submitted task 182 (fuzzy_train_multi_seed, train, configs/fuzzy/rgb_unetpp_resnet34.yaml, seed=44) as job 820804, attempt 3
2026-05-04T05:44:47Z [INFO] Job 820795 for task 183 has left the Slurm queue; validating output
2026-05-04T05:44:48Z [ERROR] Task 183: status file reports state=failed; seed=45; message=train failed; see outputs/slurm/status/multi_seed_all_no_synth_20260430T192814Z/task_183_attempt_1.log; job_log=outputs/slurm/status/multi_seed_all_no_synth_20260430T192814Z/task_183_attempt_1.log
2026-05-04T05:44:48Z [ERROR] Task 183: validation failed; re-queueing for retry
2026-05-04T05:44:58Z [INFO] Submitting task 183 try 1/3: group=fuzzy_train_multi_seed kind=train config=configs/fuzzy/rgb_unetpp_resnet34.yaml split=test seed=45 attempt=2
2026-05-04T05:44:58Z [INFO] Submitted task 183 (fuzzy_train_multi_seed, train, configs/fuzzy/rgb_unetpp_resnet34.yaml, seed=45) as job 820806, attempt 2
2026-05-04T05:44:58Z [INFO] Job 820796 for task 184 has left the Slurm queue; validating output
2026-05-04T05:44:58Z [ERROR] Task 184: status file reports state=failed; seed=46; message=train failed; see outputs/slurm/status/multi_seed_all_no_synth_20260430T192814Z/task_184_attempt_1.log; job_log=outputs/slurm/status/multi_seed_all_no_synth_20260430T192814Z/task_184_attempt_1.log
2026-05-04T05:44:58Z [ERROR] Task 184: validation failed; re-queueing for retry
2026-05-04T05:45:08Z [INFO] Submitting task 184 try 1/3: group=fuzzy_train_multi_seed kind=train config=configs/fuzzy/rgb_unetpp_resnet34.yaml split=test seed=46 attempt=2
2026-05-04T05:45:09Z [INFO] Submitted task 184 (fuzzy_train_multi_seed, train, configs/fuzzy/rgb_unetpp_resnet34.yaml, seed=46) as job 820807, attempt 2
2026-05-04T05:45:09Z [INFO] Job 820797 for task 185 has left the Slurm queue; validating output
2026-05-04T05:45:09Z [ERROR] Task 185: status file reports state=failed; seed=47; message=train failed; see outputs/slurm/status/multi_seed_all_no_synth_20260430T192814Z/task_185_attempt_1.log; job_log=outputs/slurm/status/multi_seed_all_no_synth_20260430T192814Z/task_185_attempt_1.log
2026-05-04T05:45:09Z [ERROR] Task 185: validation failed; re-queueing for retry
2026-05-04T05:45:19Z [INFO] Submitting task 185 try 1/3: group=fuzzy_train_multi_seed kind=train config=configs/fuzzy/rgb_unetpp_resnet34.yaml split=test seed=47 attempt=2
2026-05-04T05:45:19Z [INFO] Submitted task 185 (fuzzy_train_multi_seed, train, configs/fuzzy/rgb_unetpp_resnet34.yaml, seed=47) as job 820808, attempt 2
2026-05-04T05:45:19Z [INFO] Job 820798 for task 186 has left the Slurm queue; validating output
2026-05-04T05:45:19Z [ERROR] Task 186: status file reports state=failed; seed=48; message=train failed; see outputs/slurm/status/multi_seed_all_no_synth_20260430T192814Z/task_186_attempt_1.log; job_log=outputs/slurm/status/multi_seed_all_no_synth_20260430T192814Z/task_186_attempt_1.log
2026-05-04T05:45:19Z [ERROR] Task 186: validation failed; re-queueing for retry
2026-05-04T05:45:29Z [INFO] Submitting task 186 try 1/3: group=fuzzy_train_multi_seed kind=train config=configs/fuzzy/rgb_unetpp_resnet34.yaml split=test seed=48 attempt=2
2026-05-04T05:45:29Z [INFO] Submitted task 186 (fuzzy_train_multi_seed, train, configs/fuzzy/rgb_unetpp_resnet34.yaml, seed=48) as job 820809, attempt 2
2026-05-04T05:45:30Z [INFO] Job 820800 for task 187 has left the Slurm queue; validating output
2026-05-04T05:45:30Z [ERROR] Task 187: status file reports state=failed; seed=49; message=train failed; see outputs/slurm/status/multi_seed_all_no_synth_20260430T192814Z/task_187_attempt_1.log; job_log=outputs/slurm/status/multi_seed_all_no_synth_20260430T192814Z/task_187_attempt_1.log
2026-05-04T05:45:30Z [ERROR] Task 187: validation failed; re-queueing for retry
2026-05-04T05:45:40Z [INFO] Submitting task 187 try 1/3: group=fuzzy_train_multi_seed kind=train config=configs/fuzzy/rgb_unetpp_resnet34.yaml split=test seed=49 attempt=2
2026-05-04T05:45:40Z [INFO] Submitted task 187 (fuzzy_train_multi_seed, train, configs/fuzzy/rgb_unetpp_resnet34.yaml, seed=49) as job 820810, attempt 2
2026-05-04T05:45:40Z [INFO] Job 820801 for task 179 has left the Slurm queue; validating output
2026-05-04T05:45:40Z [ERROR] Task 179: status file reports state=failed; seed=51; message=train failed; see outputs/slurm/status/multi_seed_all_no_synth_20260430T192814Z/task_179_attempt_3.log; job_log=outputs/slurm/status/multi_seed_all_no_synth_20260430T192814Z/task_179_attempt_3.log
2026-05-04T05:45:40Z [ERROR] Task 179: validation failed; re-queueing for retry
2026-05-04T05:45:50Z [INFO] Submitting task 179 try 1/3: group=binary_train_multi_seed kind=train config=configs/binary/rgb_real_msi_segformer_b1.yaml split=test seed=51 attempt=4
2026-05-04T05:45:51Z [INFO] Submitted task 179 (binary_train_multi_seed, train, configs/binary/rgb_real_msi_segformer_b1.yaml, seed=51) as job 820813, attempt 4
2026-05-04T05:45:51Z [INFO] Job 820802 for task 180 has left the Slurm queue; validating output
2026-05-04T05:45:52Z [ERROR] Task 180: status file reports state=failed; seed=42; message=train failed; see outputs/slurm/status/multi_seed_all_no_synth_20260430T192814Z/task_180_attempt_3.log; job_log=outputs/slurm/status/multi_seed_all_no_synth_20260430T192814Z/task_180_attempt_3.log
2026-05-04T05:45:52Z [ERROR] Task 180: validation failed; re-queueing for retry
2026-05-04T05:46:02Z [INFO] Submitting task 180 try 1/3: group=fuzzy_train_multi_seed kind=train config=configs/fuzzy/rgb_unetpp_resnet34.yaml split=test seed=42 attempt=4
2026-05-04T05:46:02Z [INFO] Submitted task 180 (fuzzy_train_multi_seed, train, configs/fuzzy/rgb_unetpp_resnet34.yaml, seed=42) as job 820814, attempt 4
2026-05-04T05:46:02Z [INFO] Job 820803 for task 181 has left the Slurm queue; validating output
2026-05-04T05:46:02Z [ERROR] Task 181: status file reports state=failed; seed=43; message=train failed; see outputs/slurm/status/multi_seed_all_no_synth_20260430T192814Z/task_181_attempt_3.log; job_log=outputs/slurm/status/multi_seed_all_no_synth_20260430T192814Z/task_181_attempt_3.log
2026-05-04T05:46:02Z [ERROR] Task 181: validation failed; re-queueing for retry
2026-05-04T05:46:12Z [INFO] Submitting task 181 try 1/3: group=fuzzy_train_multi_seed kind=train config=configs/fuzzy/rgb_unetpp_resnet34.yaml split=test seed=43 attempt=4
2026-05-04T05:46:12Z [INFO] Submitted task 181 (fuzzy_train_multi_seed, train, configs/fuzzy/rgb_unetpp_resnet34.yaml, seed=43) as job 820815, attempt 4
2026-05-04T05:46:12Z [INFO] Job 820804 for task 182 has left the Slurm queue; validating output
2026-05-04T05:46:12Z [ERROR] Task 182: status file reports state=failed; seed=44; message=train failed; see outputs/slurm/status/multi_seed_all_no_synth_20260430T192814Z/task_182_attempt_3.log; job_log=outputs/slurm/status/multi_seed_all_no_synth_20260430T192814Z/task_182_attempt_3.log
2026-05-04T05:46:12Z [ERROR] Task 182: validation failed; re-queueing for retry
2026-05-04T05:46:23Z [INFO] Submitting task 182 try 1/3: group=fuzzy_train_multi_seed kind=train config=configs/fuzzy/rgb_unetpp_resnet34.yaml split=test seed=44 attempt=4
2026-05-04T05:46:23Z [INFO] Submitted task 182 (fuzzy_train_multi_seed, train, configs/fuzzy/rgb_unetpp_resnet34.yaml, seed=44) as job 820816, attempt 4
2026-05-04T05:46:23Z [INFO] Job 820806 for task 183 has left the Slurm queue; validating output
2026-05-04T05:46:23Z [ERROR] Task 183: status file reports state=failed; seed=45; message=train failed; see outputs/slurm/status/multi_seed_all_no_synth_20260430T192814Z/task_183_attempt_2.log; job_log=outputs/slurm/status/multi_seed_all_no_synth_20260430T192814Z/task_183_attempt_2.log
2026-05-04T05:46:23Z [ERROR] Task 183: validation failed; re-queueing for retry
2026-05-04T05:46:33Z [INFO] Submitting task 183 try 1/3: group=fuzzy_train_multi_seed kind=train config=configs/fuzzy/rgb_unetpp_resnet34.yaml split=test seed=45 attempt=3
2026-05-04T05:46:33Z [INFO] Submitted task 183 (fuzzy_train_multi_seed, train, configs/fuzzy/rgb_unetpp_resnet34.yaml, seed=45) as job 820817, attempt 3
2026-05-04T05:46:33Z [INFO] Job 820807 for task 184 has left the Slurm queue; validating output
2026-05-04T05:46:33Z [ERROR] Task 184: status file reports state=failed; seed=46; message=train failed; see outputs/slurm/status/multi_seed_all_no_synth_20260430T192814Z/task_184_attempt_2.log; job_log=outputs/slurm/status/multi_seed_all_no_synth_20260430T192814Z/task_184_attempt_2.log
2026-05-04T05:46:33Z [ERROR] Task 184: validation failed; re-queueing for retry
2026-05-04T05:46:43Z [INFO] Submitting task 184 try 1/3: group=fuzzy_train_multi_seed kind=train config=configs/fuzzy/rgb_unetpp_resnet34.yaml split=test seed=46 attempt=3
2026-05-04T05:46:44Z [INFO] Submitted task 184 (fuzzy_train_multi_seed, train, configs/fuzzy/rgb_unetpp_resnet34.yaml, seed=46) as job 820818, attempt 3
2026-05-04T05:46:44Z [INFO] Job 820808 for task 185 has left the Slurm queue; validating output
2026-05-04T05:46:44Z [ERROR] Task 185: status file reports state=failed; seed=47; message=train failed; see outputs/slurm/status/multi_seed_all_no_synth_20260430T192814Z/task_185_attempt_2.log; job_log=outputs/slurm/status/multi_seed_all_no_synth_20260430T192814Z/task_185_attempt_2.log
2026-05-04T05:46:44Z [ERROR] Task 185: validation failed; re-queueing for retry
2026-05-04T05:46:54Z [INFO] Submitting task 185 try 1/3: group=fuzzy_train_multi_seed kind=train config=configs/fuzzy/rgb_unetpp_resnet34.yaml split=test seed=47 attempt=3
2026-05-04T05:46:54Z [INFO] Submitted task 185 (fuzzy_train_multi_seed, train, configs/fuzzy/rgb_unetpp_resnet34.yaml, seed=47) as job 820819, attempt 3
2026-05-04T05:46:54Z [INFO] Job 820809 for task 186 has left the Slurm queue; validating output
2026-05-04T05:46:54Z [ERROR] Task 186: status file reports state=failed; seed=48; message=train failed; see outputs/slurm/status/multi_seed_all_no_synth_20260430T192814Z/task_186_attempt_2.log; job_log=outputs/slurm/status/multi_seed_all_no_synth_20260430T192814Z/task_186_attempt_2.log
2026-05-04T05:46:54Z [ERROR] Task 186: validation failed; re-queueing for retry
2026-05-04T05:47:04Z [INFO] Submitting task 186 try 1/3: group=fuzzy_train_multi_seed kind=train config=configs/fuzzy/rgb_unetpp_resnet34.yaml split=test seed=48 attempt=3
2026-05-04T05:47:04Z [INFO] Submitted task 186 (fuzzy_train_multi_seed, train, configs/fuzzy/rgb_unetpp_resnet34.yaml, seed=48) as job 820820, attempt 3
2026-05-04T05:47:05Z [INFO] Job 820810 for task 187 has left the Slurm queue; validating output
2026-05-04T05:47:05Z [ERROR] Task 187: status file reports state=failed; seed=49; message=train failed; see outputs/slurm/status/multi_seed_all_no_synth_20260430T192814Z/task_187_attempt_2.log; job_log=outputs/slurm/status/multi_seed_all_no_synth_20260430T192814Z/task_187_attempt_2.log
2026-05-04T05:47:05Z [ERROR] Task 187: validation failed; re-queueing for retry
2026-05-04T05:47:15Z [INFO] Submitting task 187 try 1/3: group=fuzzy_train_multi_seed kind=train config=configs/fuzzy/rgb_unetpp_resnet34.yaml split=test seed=49 attempt=3
2026-05-04T05:47:15Z [INFO] Submitted task 187 (fuzzy_train_multi_seed, train, configs/fuzzy/rgb_unetpp_resnet34.yaml, seed=49) as job 820821, attempt 3
2026-05-04T05:47:15Z [INFO] Job 820237 for task 161 has left the Slurm queue; validating output
2026-05-04T05:47:15Z [INFO] Task 161 completed successfully
2026-05-04T05:47:15Z [INFO] Job 820813 for task 179 has left the Slurm queue; validating output
2026-05-04T05:47:15Z [ERROR] Task 179: status file reports state=failed; seed=51; message=train failed; see outputs/slurm/status/multi_seed_all_no_synth_20260430T192814Z/task_179_attempt_4.log; job_log=outputs/slurm/status/multi_seed_all_no_synth_20260430T192814Z/task_179_attempt_4.log
2026-05-04T05:47:15Z [ERROR] Task 179: permanent failure after 4 attempt(s)
2026-05-04T05:47:26Z [INFO] Submitting task 188 try 1/3: group=fuzzy_train_multi_seed kind=train config=configs/fuzzy/rgb_unetpp_resnet34.yaml split=test seed=50 attempt=1
2026-05-04T05:47:26Z [INFO] Submitted task 188 (fuzzy_train_multi_seed, train, configs/fuzzy/rgb_unetpp_resnet34.yaml, seed=50) as job 820822, attempt 1
2026-05-04T05:47:26Z [INFO] Submitting task 189 try 1/3: group=fuzzy_train_multi_seed kind=train config=configs/fuzzy/rgb_unetpp_resnet34.yaml split=test seed=51 attempt=1
2026-05-04T05:47:26Z [INFO] Submitted task 189 (fuzzy_train_multi_seed, train, configs/fuzzy/rgb_unetpp_resnet34.yaml, seed=51) as job 820823, attempt 1
2026-05-04T05:47:26Z [INFO] Job 820815 for task 181 has left the Slurm queue; validating output
2026-05-04T05:47:26Z [ERROR] Task 181: status file reports state=failed; seed=43; message=train failed; see outputs/slurm/status/multi_seed_all_no_synth_20260430T192814Z/task_181_attempt_4.log; job_log=outputs/slurm/status/multi_seed_all_no_synth_20260430T192814Z/task_181_attempt_4.log
2026-05-04T05:47:26Z [ERROR] Task 181: permanent failure after 4 attempt(s)
2026-05-04T05:47:36Z [INFO] Submitting task 190 try 1/3: group=fuzzy_train_multi_seed kind=train config=configs/fuzzy/rgb_unetpp_resnet50.yaml split=test seed=42 attempt=1
2026-05-04T05:47:36Z [INFO] Submitted task 190 (fuzzy_train_multi_seed, train, configs/fuzzy/rgb_unetpp_resnet50.yaml, seed=42) as job 820824, attempt 1
2026-05-04T05:47:36Z [INFO] Job 820816 for task 182 has left the Slurm queue; validating output
2026-05-04T05:47:36Z [ERROR] Task 182: status file reports state=failed; seed=44; message=train failed; see outputs/slurm/status/multi_seed_all_no_synth_20260430T192814Z/task_182_attempt_4.log; job_log=outputs/slurm/status/multi_seed_all_no_synth_20260430T192814Z/task_182_attempt_4.log
2026-05-04T05:47:36Z [ERROR] Task 182: permanent failure after 4 attempt(s)
2026-05-04T05:47:46Z [INFO] Submitting task 191 try 1/3: group=fuzzy_train_multi_seed kind=train config=configs/fuzzy/rgb_unetpp_resnet50.yaml split=test seed=43 attempt=1
2026-05-04T05:47:46Z [INFO] Submitted task 191 (fuzzy_train_multi_seed, train, configs/fuzzy/rgb_unetpp_resnet50.yaml, seed=43) as job 820825, attempt 1
2026-05-04T05:47:46Z [INFO] Job 820817 for task 183 has left the Slurm queue; validating output
2026-05-04T05:47:46Z [ERROR] Task 183: status file reports state=failed; seed=45; message=train failed; see outputs/slurm/status/multi_seed_all_no_synth_20260430T192814Z/task_183_attempt_3.log; job_log=outputs/slurm/status/multi_seed_all_no_synth_20260430T192814Z/task_183_attempt_3.log
2026-05-04T05:47:46Z [ERROR] Task 183: validation failed; re-queueing for retry
2026-05-04T05:47:57Z [INFO] Submitting task 183 try 1/3: group=fuzzy_train_multi_seed kind=train config=configs/fuzzy/rgb_unetpp_resnet34.yaml split=test seed=45 attempt=4
2026-05-04T05:47:57Z [INFO] Submitted task 183 (fuzzy_train_multi_seed, train, configs/fuzzy/rgb_unetpp_resnet34.yaml, seed=45) as job 820826, attempt 4
2026-05-04T05:47:57Z [INFO] Job 820818 for task 184 has left the Slurm queue; validating output
2026-05-04T05:47:57Z [ERROR] Task 184: status file reports state=failed; seed=46; message=train failed; see outputs/slurm/status/multi_seed_all_no_synth_20260430T192814Z/task_184_attempt_3.log; job_log=outputs/slurm/status/multi_seed_all_no_synth_20260430T192814Z/task_184_attempt_3.log
2026-05-04T05:47:57Z [ERROR] Task 184: validation failed; re-queueing for retry
2026-05-04T05:48:07Z [INFO] Submitting task 184 try 1/3: group=fuzzy_train_multi_seed kind=train config=configs/fuzzy/rgb_unetpp_resnet34.yaml split=test seed=46 attempt=4
2026-05-04T05:48:07Z [INFO] Submitted task 184 (fuzzy_train_multi_seed, train, configs/fuzzy/rgb_unetpp_resnet34.yaml, seed=46) as job 820827, attempt 4
2026-05-04T05:48:07Z [INFO] Job 820819 for task 185 has left the Slurm queue; validating output
2026-05-04T05:48:08Z [ERROR] Task 185: status file reports state=failed; seed=47; message=train failed; see outputs/slurm/status/multi_seed_all_no_synth_20260430T192814Z/task_185_attempt_3.log; job_log=outputs/slurm/status/multi_seed_all_no_synth_20260430T192814Z/task_185_attempt_3.log
2026-05-04T05:48:08Z [ERROR] Task 185: validation failed; re-queueing for retry
2026-05-04T05:48:18Z [INFO] Submitting task 185 try 1/3: group=fuzzy_train_multi_seed kind=train config=configs/fuzzy/rgb_unetpp_resnet34.yaml split=test seed=47 attempt=4
2026-05-04T05:48:18Z [INFO] Submitted task 185 (fuzzy_train_multi_seed, train, configs/fuzzy/rgb_unetpp_resnet34.yaml, seed=47) as job 820828, attempt 4
2026-05-04T05:48:18Z [INFO] Job 820820 for task 186 has left the Slurm queue; validating output
2026-05-04T05:48:18Z [ERROR] Task 186: status file reports state=failed; seed=48; message=train failed; see outputs/slurm/status/multi_seed_all_no_synth_20260430T192814Z/task_186_attempt_3.log; job_log=outputs/slurm/status/multi_seed_all_no_synth_20260430T192814Z/task_186_attempt_3.log
2026-05-04T05:48:18Z [ERROR] Task 186: validation failed; re-queueing for retry
2026-05-04T05:48:28Z [INFO] Submitting task 186 try 1/3: group=fuzzy_train_multi_seed kind=train config=configs/fuzzy/rgb_unetpp_resnet34.yaml split=test seed=48 attempt=4
2026-05-04T05:48:28Z [INFO] Submitted task 186 (fuzzy_train_multi_seed, train, configs/fuzzy/rgb_unetpp_resnet34.yaml, seed=48) as job 820829, attempt 4
2026-05-04T05:48:28Z [INFO] Job 820821 for task 187 has left the Slurm queue; validating output
2026-05-04T05:48:28Z [ERROR] Task 187: status file reports state=failed; seed=49; message=train failed; see outputs/slurm/status/multi_seed_all_no_synth_20260430T192814Z/task_187_attempt_3.log; job_log=outputs/slurm/status/multi_seed_all_no_synth_20260430T192814Z/task_187_attempt_3.log
2026-05-04T05:48:28Z [ERROR] Task 187: validation failed; re-queueing for retry
2026-05-04T05:48:38Z [INFO] Submitting task 187 try 1/3: group=fuzzy_train_multi_seed kind=train config=configs/fuzzy/rgb_unetpp_resnet34.yaml split=test seed=49 attempt=4
2026-05-04T05:48:38Z [INFO] Submitted task 187 (fuzzy_train_multi_seed, train, configs/fuzzy/rgb_unetpp_resnet34.yaml, seed=49) as job 820830, attempt 4
2026-05-04T05:48:39Z [INFO] Job 820822 for task 188 has left the Slurm queue; validating output
2026-05-04T05:48:39Z [ERROR] Task 188: status file reports state=failed; seed=50; message=train failed; see outputs/slurm/status/multi_seed_all_no_synth_20260430T192814Z/task_188_attempt_1.log; job_log=outputs/slurm/status/multi_seed_all_no_synth_20260430T192814Z/task_188_attempt_1.log
2026-05-04T05:48:39Z [ERROR] Task 188: validation failed; re-queueing for retry
2026-05-04T05:48:49Z [INFO] Submitting task 188 try 1/3: group=fuzzy_train_multi_seed kind=train config=configs/fuzzy/rgb_unetpp_resnet34.yaml split=test seed=50 attempt=2
2026-05-04T05:48:49Z [INFO] Submitted task 188 (fuzzy_train_multi_seed, train, configs/fuzzy/rgb_unetpp_resnet34.yaml, seed=50) as job 820831, attempt 2
2026-05-04T05:48:49Z [INFO] Job 820823 for task 189 has left the Slurm queue; validating output
2026-05-04T05:48:49Z [ERROR] Task 189: status file reports state=failed; seed=51; message=train failed; see outputs/slurm/status/multi_seed_all_no_synth_20260430T192814Z/task_189_attempt_1.log; job_log=outputs/slurm/status/multi_seed_all_no_synth_20260430T192814Z/task_189_attempt_1.log
2026-05-04T05:48:49Z [ERROR] Task 189: validation failed; re-queueing for retry
2026-05-04T05:48:59Z [INFO] Submitting task 189 try 1/3: group=fuzzy_train_multi_seed kind=train config=configs/fuzzy/rgb_unetpp_resnet34.yaml split=test seed=51 attempt=2
2026-05-04T05:48:59Z [INFO] Submitted task 189 (fuzzy_train_multi_seed, train, configs/fuzzy/rgb_unetpp_resnet34.yaml, seed=51) as job 820832, attempt 2
2026-05-04T05:48:59Z [INFO] Job 820824 for task 190 has left the Slurm queue; validating output
2026-05-04T05:49:00Z [ERROR] Task 190: status file reports state=failed; seed=42; message=train failed; see outputs/slurm/status/multi_seed_all_no_synth_20260430T192814Z/task_190_attempt_1.log; job_log=outputs/slurm/status/multi_seed_all_no_synth_20260430T192814Z/task_190_attempt_1.log
2026-05-04T05:49:00Z [ERROR] Task 190: validation failed; re-queueing for retry
2026-05-04T05:49:10Z [INFO] Submitting task 190 try 1/3: group=fuzzy_train_multi_seed kind=train config=configs/fuzzy/rgb_unetpp_resnet50.yaml split=test seed=42 attempt=2
2026-05-04T05:49:10Z [INFO] Submitted task 190 (fuzzy_train_multi_seed, train, configs/fuzzy/rgb_unetpp_resnet50.yaml, seed=42) as job 820833, attempt 2
2026-05-04T05:49:10Z [INFO] Job 820825 for task 191 has left the Slurm queue; validating output
2026-05-04T05:49:11Z [ERROR] Task 191: status file reports state=failed; seed=43; message=train failed; see outputs/slurm/status/multi_seed_all_no_synth_20260430T192814Z/task_191_attempt_1.log; job_log=outputs/slurm/status/multi_seed_all_no_synth_20260430T192814Z/task_191_attempt_1.log
2026-05-04T05:49:11Z [ERROR] Task 191: validation failed; re-queueing for retry
2026-05-04T05:49:21Z [INFO] Submitting task 191 try 1/3: group=fuzzy_train_multi_seed kind=train config=configs/fuzzy/rgb_unetpp_resnet50.yaml split=test seed=43 attempt=2
2026-05-04T05:49:21Z [INFO] Submitted task 191 (fuzzy_train_multi_seed, train, configs/fuzzy/rgb_unetpp_resnet50.yaml, seed=43) as job 820834, attempt 2
2026-05-04T05:49:21Z [INFO] Job 820826 for task 183 has left the Slurm queue; validating output
2026-05-04T05:49:21Z [ERROR] Task 183: status file reports state=failed; seed=45; message=train failed; see outputs/slurm/status/multi_seed_all_no_synth_20260430T192814Z/task_183_attempt_4.log; job_log=outputs/slurm/status/multi_seed_all_no_synth_20260430T192814Z/task_183_attempt_4.log
2026-05-04T05:49:21Z [ERROR] Task 183: permanent failure after 4 attempt(s)
2026-05-04T05:49:31Z [INFO] Submitting task 192 try 1/3: group=fuzzy_train_multi_seed kind=train config=configs/fuzzy/rgb_unetpp_resnet50.yaml split=test seed=44 attempt=1
2026-05-04T05:49:31Z [INFO] Submitted task 192 (fuzzy_train_multi_seed, train, configs/fuzzy/rgb_unetpp_resnet50.yaml, seed=44) as job 820835, attempt 1
2026-05-04T05:49:31Z [INFO] Job 820827 for task 184 has left the Slurm queue; validating output
2026-05-04T05:49:32Z [ERROR] Task 184: status file reports state=failed; seed=46; message=train failed; see outputs/slurm/status/multi_seed_all_no_synth_20260430T192814Z/task_184_attempt_4.log; job_log=outputs/slurm/status/multi_seed_all_no_synth_20260430T192814Z/task_184_attempt_4.log
2026-05-04T05:49:32Z [ERROR] Task 184: permanent failure after 4 attempt(s)
2026-05-04T05:49:42Z [INFO] Submitting task 193 try 1/3: group=fuzzy_train_multi_seed kind=train config=configs/fuzzy/rgb_unetpp_resnet50.yaml split=test seed=45 attempt=1
2026-05-04T05:49:42Z [INFO] Submitted task 193 (fuzzy_train_multi_seed, train, configs/fuzzy/rgb_unetpp_resnet50.yaml, seed=45) as job 820836, attempt 1
2026-05-04T05:49:42Z [INFO] Job 820828 for task 185 has left the Slurm queue; validating output
2026-05-04T05:49:42Z [ERROR] Task 185: status file reports state=failed; seed=47; message=train failed; see outputs/slurm/status/multi_seed_all_no_synth_20260430T192814Z/task_185_attempt_4.log; job_log=outputs/slurm/status/multi_seed_all_no_synth_20260430T192814Z/task_185_attempt_4.log
2026-05-04T05:49:42Z [ERROR] Task 185: permanent failure after 4 attempt(s)
2026-05-04T05:49:52Z [INFO] Submitting task 194 try 1/3: group=fuzzy_train_multi_seed kind=train config=configs/fuzzy/rgb_unetpp_resnet50.yaml split=test seed=46 attempt=1
2026-05-04T05:49:52Z [INFO] Submitted task 194 (fuzzy_train_multi_seed, train, configs/fuzzy/rgb_unetpp_resnet50.yaml, seed=46) as job 820837, attempt 1
2026-05-04T05:49:52Z [INFO] Job 820829 for task 186 has left the Slurm queue; validating output
2026-05-04T05:49:53Z [ERROR] Task 186: status file reports state=failed; seed=48; message=train failed; see outputs/slurm/status/multi_seed_all_no_synth_20260430T192814Z/task_186_attempt_4.log; job_log=outputs/slurm/status/multi_seed_all_no_synth_20260430T192814Z/task_186_attempt_4.log
2026-05-04T05:49:53Z [ERROR] Task 186: permanent failure after 4 attempt(s)
2026-05-04T05:50:03Z [INFO] Submitting task 195 try 1/3: group=fuzzy_train_multi_seed kind=train config=configs/fuzzy/rgb_unetpp_resnet50.yaml split=test seed=47 attempt=1
2026-05-04T05:50:03Z [INFO] Submitted task 195 (fuzzy_train_multi_seed, train, configs/fuzzy/rgb_unetpp_resnet50.yaml, seed=47) as job 820838, attempt 1
2026-05-04T05:50:03Z [INFO] Job 820830 for task 187 has left the Slurm queue; validating output
2026-05-04T05:50:03Z [ERROR] Task 187: status file reports state=failed; seed=49; message=train failed; see outputs/slurm/status/multi_seed_all_no_synth_20260430T192814Z/task_187_attempt_4.log; job_log=outputs/slurm/status/multi_seed_all_no_synth_20260430T192814Z/task_187_attempt_4.log
2026-05-04T05:50:03Z [ERROR] Task 187: permanent failure after 4 attempt(s)
2026-05-04T05:50:13Z [INFO] Submitting task 196 try 1/3: group=fuzzy_train_multi_seed kind=train config=configs/fuzzy/rgb_unetpp_resnet50.yaml split=test seed=48 attempt=1
2026-05-04T05:50:13Z [INFO] Submitted task 196 (fuzzy_train_multi_seed, train, configs/fuzzy/rgb_unetpp_resnet50.yaml, seed=48) as job 820839, attempt 1
2026-05-04T05:50:13Z [INFO] Job 820831 for task 188 has left the Slurm queue; validating output
2026-05-04T05:50:14Z [ERROR] Task 188: status file reports state=failed; seed=50; message=train failed; see outputs/slurm/status/multi_seed_all_no_synth_20260430T192814Z/task_188_attempt_2.log; job_log=outputs/slurm/status/multi_seed_all_no_synth_20260430T192814Z/task_188_attempt_2.log
2026-05-04T05:50:14Z [ERROR] Task 188: validation failed; re-queueing for retry
2026-05-04T05:50:24Z [INFO] Submitting task 188 try 1/3: group=fuzzy_train_multi_seed kind=train config=configs/fuzzy/rgb_unetpp_resnet34.yaml split=test seed=50 attempt=3
2026-05-04T05:50:24Z [INFO] Submitted task 188 (fuzzy_train_multi_seed, train, configs/fuzzy/rgb_unetpp_resnet34.yaml, seed=50) as job 820840, attempt 3
2026-05-04T05:50:34Z [INFO] Job 820832 for task 189 has left the Slurm queue; validating output
2026-05-04T05:50:34Z [ERROR] Task 189: status file reports state=failed; seed=51; message=train failed; see outputs/slurm/status/multi_seed_all_no_synth_20260430T192814Z/task_189_attempt_2.log; job_log=outputs/slurm/status/multi_seed_all_no_synth_20260430T192814Z/task_189_attempt_2.log
2026-05-04T05:50:34Z [ERROR] Task 189: validation failed; re-queueing for retry
2026-05-04T05:50:45Z [INFO] Submitting task 189 try 1/3: group=fuzzy_train_multi_seed kind=train config=configs/fuzzy/rgb_unetpp_resnet34.yaml split=test seed=51 attempt=3
2026-05-04T05:50:45Z [INFO] Submitted task 189 (fuzzy_train_multi_seed, train, configs/fuzzy/rgb_unetpp_resnet34.yaml, seed=51) as job 820841, attempt 3
2026-05-04T05:50:45Z [INFO] Job 820833 for task 190 has left the Slurm queue; validating output
2026-05-04T05:50:45Z [ERROR] Task 190: status file reports state=failed; seed=42; message=train failed; see outputs/slurm/status/multi_seed_all_no_synth_20260430T192814Z/task_190_attempt_2.log; job_log=outputs/slurm/status/multi_seed_all_no_synth_20260430T192814Z/task_190_attempt_2.log
2026-05-04T05:50:45Z [ERROR] Task 190: validation failed; re-queueing for retry
2026-05-04T05:50:55Z [INFO] Submitting task 190 try 1/3: group=fuzzy_train_multi_seed kind=train config=configs/fuzzy/rgb_unetpp_resnet50.yaml split=test seed=42 attempt=3
2026-05-04T05:50:55Z [INFO] Submitted task 190 (fuzzy_train_multi_seed, train, configs/fuzzy/rgb_unetpp_resnet50.yaml, seed=42) as job 820842, attempt 3
2026-05-04T05:50:56Z [INFO] Job 820834 for task 191 has left the Slurm queue; validating output
2026-05-04T05:50:56Z [ERROR] Task 191: status file reports state=failed; seed=43; message=train failed; see outputs/slurm/status/multi_seed_all_no_synth_20260430T192814Z/task_191_attempt_2.log; job_log=outputs/slurm/status/multi_seed_all_no_synth_20260430T192814Z/task_191_attempt_2.log
2026-05-04T05:50:56Z [ERROR] Task 191: validation failed; re-queueing for retry
2026-05-04T05:51:06Z [INFO] Submitting task 191 try 1/3: group=fuzzy_train_multi_seed kind=train config=configs/fuzzy/rgb_unetpp_resnet50.yaml split=test seed=43 attempt=3
2026-05-04T05:51:06Z [INFO] Submitted task 191 (fuzzy_train_multi_seed, train, configs/fuzzy/rgb_unetpp_resnet50.yaml, seed=43) as job 820843, attempt 3
2026-05-04T05:51:06Z [INFO] Job 820835 for task 192 has left the Slurm queue; validating output
2026-05-04T05:51:06Z [ERROR] Task 192: status file reports state=failed; seed=44; message=train failed; see outputs/slurm/status/multi_seed_all_no_synth_20260430T192814Z/task_192_attempt_1.log; job_log=outputs/slurm/status/multi_seed_all_no_synth_20260430T192814Z/task_192_attempt_1.log
2026-05-04T05:51:06Z [ERROR] Task 192: validation failed; re-queueing for retry
2026-05-04T05:51:16Z [INFO] Submitting task 192 try 1/3: group=fuzzy_train_multi_seed kind=train config=configs/fuzzy/rgb_unetpp_resnet50.yaml split=test seed=44 attempt=2
2026-05-04T05:51:16Z [INFO] Submitted task 192 (fuzzy_train_multi_seed, train, configs/fuzzy/rgb_unetpp_resnet50.yaml, seed=44) as job 820844, attempt 2
2026-05-04T05:51:16Z [INFO] Job 820836 for task 193 has left the Slurm queue; validating output
2026-05-04T05:51:16Z [ERROR] Task 193: status file reports state=failed; seed=45; message=train failed; see outputs/slurm/status/multi_seed_all_no_synth_20260430T192814Z/task_193_attempt_1.log; job_log=outputs/slurm/status/multi_seed_all_no_synth_20260430T192814Z/task_193_attempt_1.log
2026-05-04T05:51:16Z [ERROR] Task 193: validation failed; re-queueing for retry
2026-05-04T05:51:26Z [INFO] Submitting task 193 try 1/3: group=fuzzy_train_multi_seed kind=train config=configs/fuzzy/rgb_unetpp_resnet50.yaml split=test seed=45 attempt=2
2026-05-04T05:51:27Z [INFO] Submitted task 193 (fuzzy_train_multi_seed, train, configs/fuzzy/rgb_unetpp_resnet50.yaml, seed=45) as job 820845, attempt 2
2026-05-04T05:51:27Z [INFO] Job 820837 for task 194 has left the Slurm queue; validating output
2026-05-04T05:51:27Z [ERROR] Task 194: status file reports state=failed; seed=46; message=train failed; see outputs/slurm/status/multi_seed_all_no_synth_20260430T192814Z/task_194_attempt_1.log; job_log=outputs/slurm/status/multi_seed_all_no_synth_20260430T192814Z/task_194_attempt_1.log
2026-05-04T05:51:27Z [ERROR] Task 194: validation failed; re-queueing for retry
2026-05-04T05:51:37Z [INFO] Submitting task 194 try 1/3: group=fuzzy_train_multi_seed kind=train config=configs/fuzzy/rgb_unetpp_resnet50.yaml split=test seed=46 attempt=2
2026-05-04T05:51:37Z [INFO] Submitted task 194 (fuzzy_train_multi_seed, train, configs/fuzzy/rgb_unetpp_resnet50.yaml, seed=46) as job 820846, attempt 2
2026-05-04T05:51:37Z [INFO] Job 820838 for task 195 has left the Slurm queue; validating output
2026-05-04T05:51:37Z [ERROR] Task 195: status file reports state=failed; seed=47; message=train failed; see outputs/slurm/status/multi_seed_all_no_synth_20260430T192814Z/task_195_attempt_1.log; job_log=outputs/slurm/status/multi_seed_all_no_synth_20260430T192814Z/task_195_attempt_1.log
2026-05-04T05:51:37Z [ERROR] Task 195: validation failed; re-queueing for retry
2026-05-04T05:51:47Z [INFO] Submitting task 195 try 1/3: group=fuzzy_train_multi_seed kind=train config=configs/fuzzy/rgb_unetpp_resnet50.yaml split=test seed=47 attempt=2
2026-05-04T05:51:47Z [INFO] Submitted task 195 (fuzzy_train_multi_seed, train, configs/fuzzy/rgb_unetpp_resnet50.yaml, seed=47) as job 820847, attempt 2
2026-05-04T05:51:48Z [INFO] Job 820839 for task 196 has left the Slurm queue; validating output
2026-05-04T05:51:48Z [ERROR] Task 196: status file reports state=failed; seed=48; message=train failed; see outputs/slurm/status/multi_seed_all_no_synth_20260430T192814Z/task_196_attempt_1.log; job_log=outputs/slurm/status/multi_seed_all_no_synth_20260430T192814Z/task_196_attempt_1.log
2026-05-04T05:51:48Z [ERROR] Task 196: validation failed; re-queueing for retry
2026-05-04T05:51:58Z [INFO] Submitting task 196 try 1/3: group=fuzzy_train_multi_seed kind=train config=configs/fuzzy/rgb_unetpp_resnet50.yaml split=test seed=48 attempt=2
2026-05-04T05:51:58Z [INFO] Submitted task 196 (fuzzy_train_multi_seed, train, configs/fuzzy/rgb_unetpp_resnet50.yaml, seed=48) as job 820848, attempt 2
2026-05-04T05:51:58Z [INFO] Job 820840 for task 188 has left the Slurm queue; validating output
2026-05-04T05:51:58Z [ERROR] Task 188: status file reports state=failed; seed=50; message=train failed; see outputs/slurm/status/multi_seed_all_no_synth_20260430T192814Z/task_188_attempt_3.log; job_log=outputs/slurm/status/multi_seed_all_no_synth_20260430T192814Z/task_188_attempt_3.log
2026-05-04T05:51:58Z [ERROR] Task 188: validation failed; re-queueing for retry
2026-05-04T05:52:08Z [INFO] Submitting task 188 try 1/3: group=fuzzy_train_multi_seed kind=train config=configs/fuzzy/rgb_unetpp_resnet34.yaml split=test seed=50 attempt=4
2026-05-04T05:52:08Z [INFO] Submitted task 188 (fuzzy_train_multi_seed, train, configs/fuzzy/rgb_unetpp_resnet34.yaml, seed=50) as job 820849, attempt 4
2026-05-04T05:52:08Z [INFO] Job 820841 for task 189 has left the Slurm queue; validating output
2026-05-04T05:52:09Z [ERROR] Task 189: status file reports state=failed; seed=51; message=train failed; see outputs/slurm/status/multi_seed_all_no_synth_20260430T192814Z/task_189_attempt_3.log; job_log=outputs/slurm/status/multi_seed_all_no_synth_20260430T192814Z/task_189_attempt_3.log
2026-05-04T05:52:09Z [ERROR] Task 189: validation failed; re-queueing for retry
2026-05-04T05:52:19Z [INFO] Submitting task 189 try 1/3: group=fuzzy_train_multi_seed kind=train config=configs/fuzzy/rgb_unetpp_resnet34.yaml split=test seed=51 attempt=4
2026-05-04T05:52:19Z [INFO] Submitted task 189 (fuzzy_train_multi_seed, train, configs/fuzzy/rgb_unetpp_resnet34.yaml, seed=51) as job 820850, attempt 4
2026-05-04T05:52:19Z [INFO] Job 820842 for task 190 has left the Slurm queue; validating output
2026-05-04T05:52:19Z [ERROR] Task 190: status file reports state=failed; seed=42; message=train failed; see outputs/slurm/status/multi_seed_all_no_synth_20260430T192814Z/task_190_attempt_3.log; job_log=outputs/slurm/status/multi_seed_all_no_synth_20260430T192814Z/task_190_attempt_3.log
2026-05-04T05:52:19Z [ERROR] Task 190: validation failed; re-queueing for retry
2026-05-04T05:52:30Z [INFO] Submitting task 190 try 1/3: group=fuzzy_train_multi_seed kind=train config=configs/fuzzy/rgb_unetpp_resnet50.yaml split=test seed=42 attempt=4
2026-05-04T05:52:30Z [INFO] Submitted task 190 (fuzzy_train_multi_seed, train, configs/fuzzy/rgb_unetpp_resnet50.yaml, seed=42) as job 820851, attempt 4
2026-05-04T05:52:30Z [INFO] Job 820843 for task 191 has left the Slurm queue; validating output
2026-05-04T05:52:30Z [ERROR] Task 191: status file reports state=failed; seed=43; message=train failed; see outputs/slurm/status/multi_seed_all_no_synth_20260430T192814Z/task_191_attempt_3.log; job_log=outputs/slurm/status/multi_seed_all_no_synth_20260430T192814Z/task_191_attempt_3.log
2026-05-04T05:52:30Z [ERROR] Task 191: validation failed; re-queueing for retry
2026-05-04T05:52:40Z [INFO] Submitting task 191 try 1/3: group=fuzzy_train_multi_seed kind=train config=configs/fuzzy/rgb_unetpp_resnet50.yaml split=test seed=43 attempt=4
2026-05-04T05:52:41Z [INFO] Submitted task 191 (fuzzy_train_multi_seed, train, configs/fuzzy/rgb_unetpp_resnet50.yaml, seed=43) as job 820852, attempt 4
2026-05-04T05:52:41Z [INFO] Job 820844 for task 192 has left the Slurm queue; validating output
2026-05-04T05:52:41Z [ERROR] Task 192: status file reports state=failed; seed=44; message=train failed; see outputs/slurm/status/multi_seed_all_no_synth_20260430T192814Z/task_192_attempt_2.log; job_log=outputs/slurm/status/multi_seed_all_no_synth_20260430T192814Z/task_192_attempt_2.log
2026-05-04T05:52:41Z [ERROR] Task 192: validation failed; re-queueing for retry
2026-05-04T05:52:51Z [INFO] Submitting task 192 try 1/3: group=fuzzy_train_multi_seed kind=train config=configs/fuzzy/rgb_unetpp_resnet50.yaml split=test seed=44 attempt=3
2026-05-04T05:52:51Z [INFO] Submitted task 192 (fuzzy_train_multi_seed, train, configs/fuzzy/rgb_unetpp_resnet50.yaml, seed=44) as job 820853, attempt 3
2026-05-04T05:52:51Z [INFO] Job 820845 for task 193 has left the Slurm queue; validating output
2026-05-04T05:52:52Z [ERROR] Task 193: status file reports state=failed; seed=45; message=train failed; see outputs/slurm/status/multi_seed_all_no_synth_20260430T192814Z/task_193_attempt_2.log; job_log=outputs/slurm/status/multi_seed_all_no_synth_20260430T192814Z/task_193_attempt_2.log
2026-05-04T05:52:52Z [ERROR] Task 193: validation failed; re-queueing for retry
2026-05-04T05:53:02Z [INFO] Submitting task 193 try 1/3: group=fuzzy_train_multi_seed kind=train config=configs/fuzzy/rgb_unetpp_resnet50.yaml split=test seed=45 attempt=3
2026-05-04T05:53:02Z [INFO] Submitted task 193 (fuzzy_train_multi_seed, train, configs/fuzzy/rgb_unetpp_resnet50.yaml, seed=45) as job 820854, attempt 3
2026-05-04T05:53:02Z [INFO] Job 820846 for task 194 has left the Slurm queue; validating output
2026-05-04T05:53:02Z [ERROR] Task 194: status file reports state=failed; seed=46; message=train failed; see outputs/slurm/status/multi_seed_all_no_synth_20260430T192814Z/task_194_attempt_2.log; job_log=outputs/slurm/status/multi_seed_all_no_synth_20260430T192814Z/task_194_attempt_2.log
2026-05-04T05:53:02Z [ERROR] Task 194: validation failed; re-queueing for retry
2026-05-04T05:53:12Z [INFO] Submitting task 194 try 1/3: group=fuzzy_train_multi_seed kind=train config=configs/fuzzy/rgb_unetpp_resnet50.yaml split=test seed=46 attempt=3
2026-05-04T05:53:12Z [INFO] Submitted task 194 (fuzzy_train_multi_seed, train, configs/fuzzy/rgb_unetpp_resnet50.yaml, seed=46) as job 820855, attempt 3
2026-05-04T05:53:13Z [INFO] Job 820847 for task 195 has left the Slurm queue; validating output
2026-05-04T05:53:13Z [ERROR] Task 195: status file reports state=failed; seed=47; message=train failed; see outputs/slurm/status/multi_seed_all_no_synth_20260430T192814Z/task_195_attempt_2.log; job_log=outputs/slurm/status/multi_seed_all_no_synth_20260430T192814Z/task_195_attempt_2.log
2026-05-04T05:53:13Z [ERROR] Task 195: validation failed; re-queueing for retry
2026-05-04T05:53:23Z [INFO] Submitting task 195 try 1/3: group=fuzzy_train_multi_seed kind=train config=configs/fuzzy/rgb_unetpp_resnet50.yaml split=test seed=47 attempt=3
2026-05-04T05:53:23Z [INFO] Submitted task 195 (fuzzy_train_multi_seed, train, configs/fuzzy/rgb_unetpp_resnet50.yaml, seed=47) as job 820856, attempt 3
2026-05-04T05:53:23Z [INFO] Job 820848 for task 196 has left the Slurm queue; validating output
2026-05-04T05:53:23Z [ERROR] Task 196: status file reports state=failed; seed=48; message=train failed; see outputs/slurm/status/multi_seed_all_no_synth_20260430T192814Z/task_196_attempt_2.log; job_log=outputs/slurm/status/multi_seed_all_no_synth_20260430T192814Z/task_196_attempt_2.log
2026-05-04T05:53:23Z [ERROR] Task 196: validation failed; re-queueing for retry
2026-05-04T05:53:33Z [INFO] Submitting task 196 try 1/3: group=fuzzy_train_multi_seed kind=train config=configs/fuzzy/rgb_unetpp_resnet50.yaml split=test seed=48 attempt=3
2026-05-04T05:53:33Z [INFO] Submitted task 196 (fuzzy_train_multi_seed, train, configs/fuzzy/rgb_unetpp_resnet50.yaml, seed=48) as job 820857, attempt 3
2026-05-04T05:53:33Z [INFO] Job 820849 for task 188 has left the Slurm queue; validating output
2026-05-04T05:53:33Z [ERROR] Task 188: status file reports state=failed; seed=50; message=train failed; see outputs/slurm/status/multi_seed_all_no_synth_20260430T192814Z/task_188_attempt_4.log; job_log=outputs/slurm/status/multi_seed_all_no_synth_20260430T192814Z/task_188_attempt_4.log
2026-05-04T05:53:33Z [ERROR] Task 188: permanent failure after 4 attempt(s)
2026-05-04T05:53:44Z [INFO] Submitting task 197 try 1/3: group=fuzzy_train_multi_seed kind=train config=configs/fuzzy/rgb_unetpp_resnet50.yaml split=test seed=49 attempt=1
2026-05-04T05:53:44Z [INFO] Submitted task 197 (fuzzy_train_multi_seed, train, configs/fuzzy/rgb_unetpp_resnet50.yaml, seed=49) as job 820858, attempt 1
2026-05-04T05:53:44Z [INFO] Job 820850 for task 189 has left the Slurm queue; validating output
2026-05-04T05:53:44Z [ERROR] Task 189: status file reports state=failed; seed=51; message=train failed; see outputs/slurm/status/multi_seed_all_no_synth_20260430T192814Z/task_189_attempt_4.log; job_log=outputs/slurm/status/multi_seed_all_no_synth_20260430T192814Z/task_189_attempt_4.log
2026-05-04T05:53:44Z [ERROR] Task 189: permanent failure after 4 attempt(s)
2026-05-04T05:53:54Z [INFO] Submitting task 198 try 1/3: group=fuzzy_train_multi_seed kind=train config=configs/fuzzy/rgb_unetpp_resnet50.yaml split=test seed=50 attempt=1
2026-05-04T05:53:54Z [INFO] Submitted task 198 (fuzzy_train_multi_seed, train, configs/fuzzy/rgb_unetpp_resnet50.yaml, seed=50) as job 820859, attempt 1
2026-05-04T05:53:54Z [INFO] Job 820851 for task 190 has left the Slurm queue; validating output
2026-05-04T05:53:56Z [ERROR] Task 190: status file reports state=failed; seed=42; message=train failed; see outputs/slurm/status/multi_seed_all_no_synth_20260430T192814Z/task_190_attempt_4.log; job_log=outputs/slurm/status/multi_seed_all_no_synth_20260430T192814Z/task_190_attempt_4.log
2026-05-04T05:53:56Z [ERROR] Task 190: permanent failure after 4 attempt(s)
2026-05-04T05:54:06Z [INFO] Submitting task 199 try 1/3: group=fuzzy_train_multi_seed kind=train config=configs/fuzzy/rgb_unetpp_resnet50.yaml split=test seed=51 attempt=1
2026-05-04T05:54:06Z [INFO] Submitted task 199 (fuzzy_train_multi_seed, train, configs/fuzzy/rgb_unetpp_resnet50.yaml, seed=51) as job 820860, attempt 1
2026-05-04T05:54:06Z [INFO] Job 820852 for task 191 has left the Slurm queue; validating output
2026-05-04T05:54:06Z [ERROR] Task 191: status file reports state=failed; seed=43; message=train failed; see outputs/slurm/status/multi_seed_all_no_synth_20260430T192814Z/task_191_attempt_4.log; job_log=outputs/slurm/status/multi_seed_all_no_synth_20260430T192814Z/task_191_attempt_4.log
2026-05-04T05:54:06Z [ERROR] Task 191: permanent failure after 4 attempt(s)
2026-05-04T05:54:17Z [INFO] Submitting task 200 try 1/3: group=fuzzy_train_multi_seed kind=train config=configs/fuzzy/rgb_deeplabv3plus_resnet34.yaml split=test seed=42 attempt=1
2026-05-04T05:54:17Z [INFO] Submitted task 200 (fuzzy_train_multi_seed, train, configs/fuzzy/rgb_deeplabv3plus_resnet34.yaml, seed=42) as job 820861, attempt 1
2026-05-04T05:54:17Z [INFO] Job 820853 for task 192 has left the Slurm queue; validating output
2026-05-04T05:54:17Z [ERROR] Task 192: status file reports state=failed; seed=44; message=train failed; see outputs/slurm/status/multi_seed_all_no_synth_20260430T192814Z/task_192_attempt_3.log; job_log=outputs/slurm/status/multi_seed_all_no_synth_20260430T192814Z/task_192_attempt_3.log
2026-05-04T05:54:17Z [ERROR] Task 192: validation failed; re-queueing for retry
2026-05-04T05:54:27Z [INFO] Submitting task 192 try 1/3: group=fuzzy_train_multi_seed kind=train config=configs/fuzzy/rgb_unetpp_resnet50.yaml split=test seed=44 attempt=4
2026-05-04T05:54:27Z [INFO] Submitted task 192 (fuzzy_train_multi_seed, train, configs/fuzzy/rgb_unetpp_resnet50.yaml, seed=44) as job 820862, attempt 4
2026-05-04T06:35:34Z [INFO] Job 820425 for task 164 has left the Slurm queue; validating output
2026-05-04T06:35:35Z [INFO] Task 164 completed successfully
2026-05-04T06:35:45Z [INFO] Submitting task 201 try 1/3: group=fuzzy_train_multi_seed kind=train config=configs/fuzzy/rgb_deeplabv3plus_resnet34.yaml split=test seed=43 attempt=1
2026-05-04T06:35:45Z [INFO] Submitted task 201 (fuzzy_train_multi_seed, train, configs/fuzzy/rgb_deeplabv3plus_resnet34.yaml, seed=43) as job 820904, attempt 1
2026-05-04T10:34:02Z [INFO] Job 820736 for task 165 has left the Slurm queue; validating output
2026-05-04T10:34:03Z [INFO] Task 165 completed successfully
2026-05-04T10:34:13Z [INFO] Submitting task 202 try 1/3: group=fuzzy_train_multi_seed kind=train config=configs/fuzzy/rgb_deeplabv3plus_resnet34.yaml split=test seed=44 attempt=1
2026-05-04T10:34:13Z [INFO] Submitted task 202 (fuzzy_train_multi_seed, train, configs/fuzzy/rgb_deeplabv3plus_resnet34.yaml, seed=44) as job 821407, attempt 1
2026-05-04T11:26:20Z [INFO] Job 820735 for task 173 has left the Slurm queue; validating output
2026-05-04T11:26:21Z [INFO] Task 173 completed successfully
2026-05-04T11:26:31Z [INFO] Submitting task 203 try 1/3: group=fuzzy_train_multi_seed kind=train config=configs/fuzzy/rgb_deeplabv3plus_resnet34.yaml split=test seed=45 attempt=1
2026-05-04T11:26:31Z [INFO] Submitted task 203 (fuzzy_train_multi_seed, train, configs/fuzzy/rgb_deeplabv3plus_resnet34.yaml, seed=45) as job 821556, attempt 1
2026-05-04T12:41:14Z [INFO] Job 820738 for task 167 has left the Slurm queue; validating output
2026-05-04T12:41:14Z [INFO] Task 167 completed successfully
2026-05-04T12:41:25Z [INFO] Submitting task 204 try 1/3: group=fuzzy_train_multi_seed kind=train config=configs/fuzzy/rgb_deeplabv3plus_resnet34.yaml split=test seed=46 attempt=1
2026-05-04T12:41:25Z [INFO] Submitted task 204 (fuzzy_train_multi_seed, train, configs/fuzzy/rgb_deeplabv3plus_resnet34.yaml, seed=46) as job 821658, attempt 1
2026-05-04T13:39:30Z [INFO] Job 820737 for task 166 has left the Slurm queue; validating output
2026-05-04T13:39:31Z [INFO] Task 166 completed successfully
2026-05-04T13:39:41Z [INFO] Submitting task 205 try 1/3: group=fuzzy_train_multi_seed kind=train config=configs/fuzzy/rgb_deeplabv3plus_resnet34.yaml split=test seed=47 attempt=1
2026-05-04T13:39:41Z [INFO] Submitted task 205 (fuzzy_train_multi_seed, train, configs/fuzzy/rgb_deeplabv3plus_resnet34.yaml, seed=47) as job 821805, attempt 1
2026-05-04T14:36:06Z [INFO] Job 820854 for task 193 has left the Slurm queue; validating output
2026-05-04T14:36:06Z [INFO] Task 193 completed successfully
2026-05-04T14:36:16Z [INFO] Submitting task 206 try 1/3: group=fuzzy_train_multi_seed kind=train config=configs/fuzzy/rgb_deeplabv3plus_resnet34.yaml split=test seed=48 attempt=1
2026-05-04T14:36:16Z [INFO] Submitted task 206 (fuzzy_train_multi_seed, train, configs/fuzzy/rgb_deeplabv3plus_resnet34.yaml, seed=48) as job 821826, attempt 1
2026-05-04T15:18:13Z [INFO] Job 820698 for task 172 has left the Slurm queue; validating output
2026-05-04T15:18:14Z [ERROR] Task 172: missing status file outputs/slurm/status/multi_seed_all_no_synth_20260430T192814Z/task_172_attempt_1.status
2026-05-04T15:18:14Z [ERROR] Task 172: validation failed; re-queueing for retry
2026-05-04T15:18:24Z [INFO] Submitting task 172 try 1/3: group=binary_train_multi_seed kind=train config=configs/binary/rgb_real_msi_segformer_b1.yaml split=test seed=44 attempt=2
2026-05-04T15:18:24Z [INFO] Submitted task 172 (binary_train_multi_seed, train, configs/binary/rgb_real_msi_segformer_b1.yaml, seed=44) as job 821913, attempt 2
2026-05-04T15:23:12Z [INFO] Job 820855 for task 194 has left the Slurm queue; validating output
2026-05-04T15:23:14Z [INFO] Task 194 completed successfully
2026-05-04T15:23:24Z [INFO] Submitting task 207 try 1/3: group=fuzzy_train_multi_seed kind=train config=configs/fuzzy/rgb_deeplabv3plus_resnet34.yaml split=test seed=49 attempt=1
2026-05-04T15:23:24Z [INFO] Submitted task 207 (fuzzy_train_multi_seed, train, configs/fuzzy/rgb_deeplabv3plus_resnet34.yaml, seed=49) as job 821914, attempt 1
2026-05-04T17:47:42Z [INFO] Job 820814 for task 180 has left the Slurm queue; validating output
2026-05-04T17:47:42Z [ERROR] Task 180: missing status file outputs/slurm/status/multi_seed_all_no_synth_20260430T192814Z/task_180_attempt_4.status
2026-05-04T17:47:42Z [ERROR] Task 180: permanent failure after 4 attempt(s)
2026-05-04T17:47:52Z [INFO] Submitting task 208 try 1/3: group=fuzzy_train_multi_seed kind=train config=configs/fuzzy/rgb_deeplabv3plus_resnet34.yaml split=test seed=50 attempt=1
2026-05-04T17:47:53Z [INFO] Submitted task 208 (fuzzy_train_multi_seed, train, configs/fuzzy/rgb_deeplabv3plus_resnet34.yaml, seed=50) as job 821944, attempt 1
2026-05-04T18:27:52Z [INFO] Job 820857 for task 196 has left the Slurm queue; validating output
2026-05-04T18:27:53Z [INFO] Task 196 completed successfully
2026-05-04T18:28:03Z [INFO] Submitting task 209 try 1/3: group=fuzzy_train_multi_seed kind=train config=configs/fuzzy/rgb_deeplabv3plus_resnet34.yaml split=test seed=51 attempt=1
2026-05-04T18:28:03Z [INFO] Submitted task 209 (fuzzy_train_multi_seed, train, configs/fuzzy/rgb_deeplabv3plus_resnet34.yaml, seed=51) as job 821952, attempt 1
2026-05-04T19:10:07Z [INFO] Job 821407 for task 202 has left the Slurm queue; validating output
2026-05-04T19:10:07Z [ERROR] Task 202: status file reports state=failed; seed=44; message=train failed; see outputs/slurm/status/multi_seed_all_no_synth_20260430T192814Z/task_202_attempt_1.log; job_log=outputs/slurm/status/multi_seed_all_no_synth_20260430T192814Z/task_202_attempt_1.log
2026-05-04T19:10:07Z [ERROR] Task 202: validation failed; re-queueing for retry
2026-05-04T19:10:17Z [INFO] Submitting task 202 try 1/3: group=fuzzy_train_multi_seed kind=train config=configs/fuzzy/rgb_deeplabv3plus_resnet34.yaml split=test seed=44 attempt=2
2026-05-04T19:10:17Z [INFO] Submitted task 202 (fuzzy_train_multi_seed, train, configs/fuzzy/rgb_deeplabv3plus_resnet34.yaml, seed=44) as job 821971, attempt 2
2026-05-04T19:27:44Z [INFO] Job 820856 for task 195 has left the Slurm queue; validating output
2026-05-04T19:27:44Z [INFO] Task 195 completed successfully
2026-05-04T19:27:54Z [INFO] Submitting task 210 try 1/3: group=fuzzy_train_multi_seed kind=train config=configs/fuzzy/rgb_deeplabv3plus_resnet50.yaml split=test seed=42 attempt=1
2026-05-04T19:27:54Z [INFO] Submitted task 210 (fuzzy_train_multi_seed, train, configs/fuzzy/rgb_deeplabv3plus_resnet50.yaml, seed=42) as job 821974, attempt 1
2026-05-04T20:03:07Z [INFO] Job 820858 for task 197 has left the Slurm queue; validating output
2026-05-04T20:03:07Z [INFO] Task 197 completed successfully
2026-05-04T20:03:17Z [INFO] Submitting task 211 try 1/3: group=fuzzy_train_multi_seed kind=train config=configs/fuzzy/rgb_deeplabv3plus_resnet50.yaml split=test seed=43 attempt=1
2026-05-04T20:03:17Z [INFO] Submitted task 211 (fuzzy_train_multi_seed, train, configs/fuzzy/rgb_deeplabv3plus_resnet50.yaml, seed=43) as job 821981, attempt 1
2026-05-04T20:37:39Z [INFO] Job 821556 for task 203 has left the Slurm queue; validating output
2026-05-04T20:37:39Z [ERROR] Task 203: status file reports state=failed; seed=45; message=train failed; see outputs/slurm/status/multi_seed_all_no_synth_20260430T192814Z/task_203_attempt_1.log; job_log=outputs/slurm/status/multi_seed_all_no_synth_20260430T192814Z/task_203_attempt_1.log
2026-05-04T20:37:39Z [ERROR] Task 203: validation failed; re-queueing for retry
2026-05-04T20:37:49Z [INFO] Submitting task 203 try 1/3: group=fuzzy_train_multi_seed kind=train config=configs/fuzzy/rgb_deeplabv3plus_resnet34.yaml split=test seed=45 attempt=2
2026-05-04T20:37:49Z [INFO] Submitted task 203 (fuzzy_train_multi_seed, train, configs/fuzzy/rgb_deeplabv3plus_resnet34.yaml, seed=45) as job 821996, attempt 2
2026-05-04T21:41:04Z [INFO] Job 820861 for task 200 has left the Slurm queue; validating output
2026-05-04T21:41:05Z [INFO] Task 200 completed successfully
2026-05-04T21:41:15Z [INFO] Submitting task 212 try 1/3: group=fuzzy_train_multi_seed kind=train config=configs/fuzzy/rgb_deeplabv3plus_resnet50.yaml split=test seed=44 attempt=1
2026-05-04T21:41:15Z [INFO] Submitted task 212 (fuzzy_train_multi_seed, train, configs/fuzzy/rgb_deeplabv3plus_resnet50.yaml, seed=44) as job 822110, attempt 1
2026-05-04T22:56:15Z [INFO] Job 820862 for task 192 has left the Slurm queue; validating output
2026-05-04T22:56:16Z [INFO] Task 192 completed successfully
2026-05-04T22:56:26Z [INFO] Submitting task 213 try 1/3: group=fuzzy_train_multi_seed kind=train config=configs/fuzzy/rgb_deeplabv3plus_resnet50.yaml split=test seed=45 attempt=1
2026-05-04T22:56:26Z [INFO] Submitted task 213 (fuzzy_train_multi_seed, train, configs/fuzzy/rgb_deeplabv3plus_resnet50.yaml, seed=45) as job 822131, attempt 1
2026-05-04T23:29:25Z [INFO] Job 820860 for task 199 has left the Slurm queue; validating output
2026-05-04T23:29:26Z [INFO] Task 199 completed successfully
2026-05-04T23:29:36Z [INFO] Submitting task 214 try 1/3: group=fuzzy_train_multi_seed kind=train config=configs/fuzzy/rgb_deeplabv3plus_resnet50.yaml split=test seed=46 attempt=1
2026-05-04T23:29:36Z [INFO] Submitted task 214 (fuzzy_train_multi_seed, train, configs/fuzzy/rgb_deeplabv3plus_resnet50.yaml, seed=46) as job 822138, attempt 1
2026-05-05T00:11:27Z [INFO] Job 820904 for task 201 has left the Slurm queue; validating output
2026-05-05T00:11:28Z [INFO] Task 201 completed successfully
2026-05-05T00:11:38Z [INFO] Submitting task 215 try 1/3: group=fuzzy_train_multi_seed kind=train config=configs/fuzzy/rgb_deeplabv3plus_resnet50.yaml split=test seed=47 attempt=1
2026-05-05T00:11:38Z [INFO] Submitted task 215 (fuzzy_train_multi_seed, train, configs/fuzzy/rgb_deeplabv3plus_resnet50.yaml, seed=47) as job 822149, attempt 1
2026-05-05T00:52:59Z [INFO] Job 820859 for task 198 has left the Slurm queue; validating output
2026-05-05T00:53:00Z [INFO] Task 198 completed successfully
2026-05-05T00:53:10Z [INFO] Submitting task 216 try 1/3: group=fuzzy_train_multi_seed kind=train config=configs/fuzzy/rgb_deeplabv3plus_resnet50.yaml split=test seed=48 attempt=1
2026-05-05T00:53:10Z [INFO] Submitted task 216 (fuzzy_train_multi_seed, train, configs/fuzzy/rgb_deeplabv3plus_resnet50.yaml, seed=48) as job 822167, attempt 1
2026-05-05T04:28:34Z [INFO] Job 821971 for task 202 has left the Slurm queue; validating output
2026-05-05T04:28:34Z [ERROR] Task 202: status file reports state=failed; seed=44; message=train failed; see outputs/slurm/status/multi_seed_all_no_synth_20260430T192814Z/task_202_attempt_2.log; job_log=outputs/slurm/status/multi_seed_all_no_synth_20260430T192814Z/task_202_attempt_2.log
2026-05-05T04:28:34Z [ERROR] Task 202: validation failed; re-queueing for retry
2026-05-05T04:28:44Z [INFO] Submitting task 202 try 1/3: group=fuzzy_train_multi_seed kind=train config=configs/fuzzy/rgb_deeplabv3plus_resnet34.yaml split=test seed=44 attempt=3
2026-05-05T04:28:45Z [INFO] Submitted task 202 (fuzzy_train_multi_seed, train, configs/fuzzy/rgb_deeplabv3plus_resnet34.yaml, seed=44) as job 822199, attempt 3
2026-05-05T04:32:10Z [INFO] Job 821974 for task 210 has left the Slurm queue; validating output
2026-05-05T04:32:10Z [ERROR] Task 210: status file reports state=failed; seed=42; message=train failed; see outputs/slurm/status/multi_seed_all_no_synth_20260430T192814Z/task_210_attempt_1.log; job_log=outputs/slurm/status/multi_seed_all_no_synth_20260430T192814Z/task_210_attempt_1.log
2026-05-05T04:32:10Z [ERROR] Task 210: validation failed; re-queueing for retry
2026-05-05T04:32:20Z [INFO] Submitting task 210 try 1/3: group=fuzzy_train_multi_seed kind=train config=configs/fuzzy/rgb_deeplabv3plus_resnet50.yaml split=test seed=42 attempt=2
2026-05-05T04:32:20Z [INFO] Submitted task 210 (fuzzy_train_multi_seed, train, configs/fuzzy/rgb_deeplabv3plus_resnet50.yaml, seed=42) as job 822211, attempt 2
2026-05-05T04:33:12Z [INFO] Job 821981 for task 211 has left the Slurm queue; validating output
2026-05-05T04:33:12Z [ERROR] Task 211: status file reports state=failed; seed=43; message=train failed; see outputs/slurm/status/multi_seed_all_no_synth_20260430T192814Z/task_211_attempt_1.log; job_log=outputs/slurm/status/multi_seed_all_no_synth_20260430T192814Z/task_211_attempt_1.log
2026-05-05T04:33:12Z [ERROR] Task 211: validation failed; re-queueing for retry
2026-05-05T04:33:22Z [INFO] Submitting task 211 try 1/3: group=fuzzy_train_multi_seed kind=train config=configs/fuzzy/rgb_deeplabv3plus_resnet50.yaml split=test seed=43 attempt=2
2026-05-05T04:33:22Z [INFO] Submitted task 211 (fuzzy_train_multi_seed, train, configs/fuzzy/rgb_deeplabv3plus_resnet50.yaml, seed=43) as job 822212, attempt 2
2026-05-05T04:33:43Z [INFO] Job 821996 for task 203 has left the Slurm queue; validating output
2026-05-05T04:33:43Z [ERROR] Task 203: status file reports state=failed; seed=45; message=train failed; see outputs/slurm/status/multi_seed_all_no_synth_20260430T192814Z/task_203_attempt_2.log; job_log=outputs/slurm/status/multi_seed_all_no_synth_20260430T192814Z/task_203_attempt_2.log
2026-05-05T04:33:43Z [ERROR] Task 203: validation failed; re-queueing for retry
2026-05-05T04:33:53Z [INFO] Submitting task 203 try 1/3: group=fuzzy_train_multi_seed kind=train config=configs/fuzzy/rgb_deeplabv3plus_resnet34.yaml split=test seed=45 attempt=3
2026-05-05T04:33:53Z [INFO] Submitted task 203 (fuzzy_train_multi_seed, train, configs/fuzzy/rgb_deeplabv3plus_resnet34.yaml, seed=45) as job 822214, attempt 3
2026-05-05T04:34:14Z [INFO] Job 822110 for task 212 has left the Slurm queue; validating output
2026-05-05T04:34:14Z [ERROR] Task 212: status file reports state=failed; seed=44; message=train failed; see outputs/slurm/status/multi_seed_all_no_synth_20260430T192814Z/task_212_attempt_1.log; job_log=outputs/slurm/status/multi_seed_all_no_synth_20260430T192814Z/task_212_attempt_1.log
2026-05-05T04:34:14Z [ERROR] Task 212: validation failed; re-queueing for retry
2026-05-05T04:34:24Z [INFO] Submitting task 212 try 1/3: group=fuzzy_train_multi_seed kind=train config=configs/fuzzy/rgb_deeplabv3plus_resnet50.yaml split=test seed=44 attempt=2
2026-05-05T04:34:24Z [INFO] Submitted task 212 (fuzzy_train_multi_seed, train, configs/fuzzy/rgb_deeplabv3plus_resnet50.yaml, seed=44) as job 822215, attempt 2
2026-05-05T04:34:35Z [INFO] Job 822131 for task 213 has left the Slurm queue; validating output
2026-05-05T04:34:35Z [ERROR] Task 213: status file reports state=failed; seed=45; message=train failed; see outputs/slurm/status/multi_seed_all_no_synth_20260430T192814Z/task_213_attempt_1.log; job_log=outputs/slurm/status/multi_seed_all_no_synth_20260430T192814Z/task_213_attempt_1.log
2026-05-05T04:34:35Z [ERROR] Task 213: validation failed; re-queueing for retry
2026-05-05T04:34:45Z [INFO] Submitting task 213 try 1/3: group=fuzzy_train_multi_seed kind=train config=configs/fuzzy/rgb_deeplabv3plus_resnet50.yaml split=test seed=45 attempt=2
2026-05-05T04:34:45Z [INFO] Submitted task 213 (fuzzy_train_multi_seed, train, configs/fuzzy/rgb_deeplabv3plus_resnet50.yaml, seed=45) as job 822216, attempt 2
2026-05-05T06:32:09Z [INFO] Job 822199 for task 202 has left the Slurm queue; validating output
2026-05-05T06:32:10Z [ERROR] Task 202: status file reports state=failed; seed=44; message=train failed; see outputs/slurm/status/multi_seed_all_no_synth_20260430T192814Z/task_202_attempt_3.log; job_log=outputs/slurm/status/multi_seed_all_no_synth_20260430T192814Z/task_202_attempt_3.log
2026-05-05T06:32:10Z [ERROR] Task 202: validation failed; re-queueing for retry
2026-05-05T06:32:10Z [INFO] Job 821805 for task 205 has left the Slurm queue; validating output
2026-05-05T06:32:10Z [ERROR] Task 205: status file reports state=failed; seed=47; message=evaluate failed; see outputs/slurm/status/multi_seed_all_no_synth_20260430T192814Z/task_205_attempt_1.log; job_log=outputs/slurm/status/multi_seed_all_no_synth_20260430T192814Z/task_205_attempt_1.log
2026-05-05T06:32:10Z [ERROR] Task 205: validation failed; re-queueing for retry
2026-05-05T06:32:10Z [INFO] Job 822211 for task 210 has left the Slurm queue; validating output
2026-05-05T06:32:11Z [ERROR] Task 210: status file reports state=failed; seed=42; message=train failed; see outputs/slurm/status/multi_seed_all_no_synth_20260430T192814Z/task_210_attempt_2.log; job_log=outputs/slurm/status/multi_seed_all_no_synth_20260430T192814Z/task_210_attempt_2.log
2026-05-05T06:32:11Z [ERROR] Task 210: validation failed; re-queueing for retry
2026-05-05T06:32:11Z [INFO] Job 822212 for task 211 has left the Slurm queue; validating output
2026-05-05T06:32:11Z [ERROR] Task 211: status file reports state=failed; seed=43; message=train failed; see outputs/slurm/status/multi_seed_all_no_synth_20260430T192814Z/task_211_attempt_2.log; job_log=outputs/slurm/status/multi_seed_all_no_synth_20260430T192814Z/task_211_attempt_2.log
2026-05-05T06:32:11Z [ERROR] Task 211: validation failed; re-queueing for retry
2026-05-05T06:32:11Z [INFO] Job 822149 for task 215 has left the Slurm queue; validating output
2026-05-05T06:32:11Z [ERROR] Task 215: status file reports state=failed; seed=47; message=train failed; see outputs/slurm/status/multi_seed_all_no_synth_20260430T192814Z/task_215_attempt_1.log; job_log=outputs/slurm/status/multi_seed_all_no_synth_20260430T192814Z/task_215_attempt_1.log
2026-05-05T06:32:11Z [ERROR] Task 215: validation failed; re-queueing for retry
2026-05-05T06:32:11Z [INFO] Job 822167 for task 216 has left the Slurm queue; validating output
2026-05-05T06:32:11Z [ERROR] Task 216: status file reports state=failed; seed=48; message=train failed; see outputs/slurm/status/multi_seed_all_no_synth_20260430T192814Z/task_216_attempt_1.log; job_log=outputs/slurm/status/multi_seed_all_no_synth_20260430T192814Z/task_216_attempt_1.log
2026-05-05T06:32:11Z [ERROR] Task 216: validation failed; re-queueing for retry
2026-05-05T06:32:21Z [INFO] Submitting task 202 try 1/3: group=fuzzy_train_multi_seed kind=train config=configs/fuzzy/rgb_deeplabv3plus_resnet34.yaml split=test seed=44 attempt=4
2026-05-05T06:32:21Z [INFO] Submitted task 202 (fuzzy_train_multi_seed, train, configs/fuzzy/rgb_deeplabv3plus_resnet34.yaml, seed=44) as job 822264, attempt 4
2026-05-05T06:32:21Z [INFO] Submitting task 205 try 1/3: group=fuzzy_train_multi_seed kind=train config=configs/fuzzy/rgb_deeplabv3plus_resnet34.yaml split=test seed=47 attempt=2
2026-05-05T06:32:21Z [INFO] Submitted task 205 (fuzzy_train_multi_seed, train, configs/fuzzy/rgb_deeplabv3plus_resnet34.yaml, seed=47) as job 822265, attempt 2
2026-05-05T06:32:21Z [INFO] Submitting task 210 try 1/3: group=fuzzy_train_multi_seed kind=train config=configs/fuzzy/rgb_deeplabv3plus_resnet50.yaml split=test seed=42 attempt=3
2026-05-05T06:32:21Z [INFO] Submitted task 210 (fuzzy_train_multi_seed, train, configs/fuzzy/rgb_deeplabv3plus_resnet50.yaml, seed=42) as job 822266, attempt 3
2026-05-05T06:32:21Z [INFO] Submitting task 211 try 1/3: group=fuzzy_train_multi_seed kind=train config=configs/fuzzy/rgb_deeplabv3plus_resnet50.yaml split=test seed=43 attempt=3
2026-05-05T06:32:21Z [INFO] Submitted task 211 (fuzzy_train_multi_seed, train, configs/fuzzy/rgb_deeplabv3plus_resnet50.yaml, seed=43) as job 822267, attempt 3
2026-05-05T06:32:22Z [INFO] Submitting task 215 try 1/3: group=fuzzy_train_multi_seed kind=train config=configs/fuzzy/rgb_deeplabv3plus_resnet50.yaml split=test seed=47 attempt=2
2026-05-05T06:32:22Z [INFO] Submitted task 215 (fuzzy_train_multi_seed, train, configs/fuzzy/rgb_deeplabv3plus_resnet50.yaml, seed=47) as job 822268, attempt 2
2026-05-05T06:32:22Z [INFO] Submitting task 216 try 1/3: group=fuzzy_train_multi_seed kind=train config=configs/fuzzy/rgb_deeplabv3plus_resnet50.yaml split=test seed=48 attempt=2
2026-05-05T06:32:22Z [INFO] Submitted task 216 (fuzzy_train_multi_seed, train, configs/fuzzy/rgb_deeplabv3plus_resnet50.yaml, seed=48) as job 822269, attempt 2
2026-05-05T06:32:22Z [INFO] Job 822214 for task 203 has left the Slurm queue; validating output
2026-05-05T06:32:22Z [ERROR] Task 203: status file reports state=failed; seed=45; message=train failed; see outputs/slurm/status/multi_seed_all_no_synth_20260430T192814Z/task_203_attempt_3.log; job_log=outputs/slurm/status/multi_seed_all_no_synth_20260430T192814Z/task_203_attempt_3.log
2026-05-05T06:32:22Z [ERROR] Task 203: validation failed; re-queueing for retry
2026-05-05T06:32:22Z [INFO] Job 822215 for task 212 has left the Slurm queue; validating output
2026-05-05T06:32:22Z [ERROR] Task 212: status file reports state=failed; seed=44; message=train failed; see outputs/slurm/status/multi_seed_all_no_synth_20260430T192814Z/task_212_attempt_2.log; job_log=outputs/slurm/status/multi_seed_all_no_synth_20260430T192814Z/task_212_attempt_2.log
2026-05-05T06:32:22Z [ERROR] Task 212: validation failed; re-queueing for retry
2026-05-05T06:32:22Z [INFO] Job 822216 for task 213 has left the Slurm queue; validating output
2026-05-05T06:32:22Z [ERROR] Task 213: status file reports state=failed; seed=45; message=train failed; see outputs/slurm/status/multi_seed_all_no_synth_20260430T192814Z/task_213_attempt_2.log; job_log=outputs/slurm/status/multi_seed_all_no_synth_20260430T192814Z/task_213_attempt_2.log
2026-05-05T06:32:22Z [ERROR] Task 213: validation failed; re-queueing for retry
2026-05-05T06:32:32Z [INFO] Submitting task 203 try 1/3: group=fuzzy_train_multi_seed kind=train config=configs/fuzzy/rgb_deeplabv3plus_resnet34.yaml split=test seed=45 attempt=4
2026-05-05T06:32:32Z [INFO] Submitted task 203 (fuzzy_train_multi_seed, train, configs/fuzzy/rgb_deeplabv3plus_resnet34.yaml, seed=45) as job 822270, attempt 4
2026-05-05T06:32:32Z [INFO] Submitting task 212 try 1/3: group=fuzzy_train_multi_seed kind=train config=configs/fuzzy/rgb_deeplabv3plus_resnet50.yaml split=test seed=44 attempt=3
2026-05-05T06:32:32Z [INFO] Submitted task 212 (fuzzy_train_multi_seed, train, configs/fuzzy/rgb_deeplabv3plus_resnet50.yaml, seed=44) as job 822271, attempt 3
2026-05-05T06:32:32Z [INFO] Submitting task 213 try 1/3: group=fuzzy_train_multi_seed kind=train config=configs/fuzzy/rgb_deeplabv3plus_resnet50.yaml split=test seed=45 attempt=3
2026-05-05T06:32:32Z [INFO] Submitted task 213 (fuzzy_train_multi_seed, train, configs/fuzzy/rgb_deeplabv3plus_resnet50.yaml, seed=45) as job 822272, attempt 3
2026-05-05T07:16:20Z [INFO] Job 821914 for task 207 has left the Slurm queue; validating output
2026-05-05T07:16:21Z [INFO] Task 207 completed successfully
2026-05-05T07:16:31Z [INFO] Submitting task 217 try 1/3: group=fuzzy_train_multi_seed kind=train config=configs/fuzzy/rgb_deeplabv3plus_resnet50.yaml split=test seed=49 attempt=1
2026-05-05T07:16:31Z [INFO] Submitted task 217 (fuzzy_train_multi_seed, train, configs/fuzzy/rgb_deeplabv3plus_resnet50.yaml, seed=49) as job 822364, attempt 1
2026-05-05T07:38:20Z [INFO] Job 821658 for task 204 has left the Slurm queue; validating output
2026-05-05T07:38:21Z [INFO] Task 204 completed successfully
2026-05-05T07:38:31Z [INFO] Submitting task 218 try 1/3: group=fuzzy_train_multi_seed kind=train config=configs/fuzzy/rgb_deeplabv3plus_resnet50.yaml split=test seed=50 attempt=1
2026-05-05T07:38:31Z [INFO] Submitted task 218 (fuzzy_train_multi_seed, train, configs/fuzzy/rgb_deeplabv3plus_resnet50.yaml, seed=50) as job 822407, attempt 1
2026-05-05T08:41:03Z [INFO] Job 821944 for task 208 has left the Slurm queue; validating output
2026-05-05T08:41:04Z [INFO] Task 208 completed successfully
2026-05-05T08:41:14Z [INFO] Submitting task 219 try 1/3: group=fuzzy_train_multi_seed kind=train config=configs/fuzzy/rgb_deeplabv3plus_resnet50.yaml split=test seed=51 attempt=1
2026-05-05T08:41:14Z [INFO] Submitted task 219 (fuzzy_train_multi_seed, train, configs/fuzzy/rgb_deeplabv3plus_resnet50.yaml, seed=51) as job 822550, attempt 1
2026-05-05T08:42:29Z [INFO] Job 822267 for task 211 has left the Slurm queue; validating output
2026-05-05T08:42:31Z [ERROR] Task 211: status file reports state=failed; seed=43; message=train failed; see outputs/slurm/status/multi_seed_all_no_synth_20260430T192814Z/task_211_attempt_3.log; job_log=outputs/slurm/status/multi_seed_all_no_synth_20260430T192814Z/task_211_attempt_3.log
2026-05-05T08:42:31Z [ERROR] Task 211: validation failed; re-queueing for retry
2026-05-05T08:42:41Z [INFO] Submitting task 211 try 1/3: group=fuzzy_train_multi_seed kind=train config=configs/fuzzy/rgb_deeplabv3plus_resnet50.yaml split=test seed=43 attempt=4
2026-05-05T08:42:41Z [INFO] Submitted task 211 (fuzzy_train_multi_seed, train, configs/fuzzy/rgb_deeplabv3plus_resnet50.yaml, seed=43) as job 822553, attempt 4
2026-05-05T08:43:12Z [INFO] Job 821952 for task 209 has left the Slurm queue; validating output
2026-05-05T08:43:13Z [INFO] Task 209 completed successfully
2026-05-05T08:43:24Z [INFO] Submitting task 220 try 1/3: group=fuzzy_train_multi_seed kind=train config=configs/fuzzy/rgb_segformer_b0.yaml split=test seed=42 attempt=1
2026-05-05T08:43:24Z [INFO] Submitted task 220 (fuzzy_train_multi_seed, train, configs/fuzzy/rgb_segformer_b0.yaml, seed=42) as job 822555, attempt 1
2026-05-05T10:28:44Z [INFO] Job 821913 for task 172 has left the Slurm queue; validating output
2026-05-05T10:28:45Z [INFO] Task 172 completed successfully
2026-05-05T10:28:45Z [INFO] Job 821826 for task 206 has left the Slurm queue; validating output
2026-05-05T10:28:45Z [INFO] Task 206 completed successfully
2026-05-05T10:28:55Z [INFO] Submitting task 221 try 1/3: group=fuzzy_train_multi_seed kind=train config=configs/fuzzy/rgb_segformer_b0.yaml split=test seed=43 attempt=1
2026-05-05T10:28:55Z [INFO] Submitted task 221 (fuzzy_train_multi_seed, train, configs/fuzzy/rgb_segformer_b0.yaml, seed=43) as job 822730, attempt 1
2026-05-05T10:28:55Z [INFO] Submitting task 222 try 1/3: group=fuzzy_train_multi_seed kind=train config=configs/fuzzy/rgb_segformer_b0.yaml split=test seed=44 attempt=1
2026-05-05T10:28:55Z [INFO] Submitted task 222 (fuzzy_train_multi_seed, train, configs/fuzzy/rgb_segformer_b0.yaml, seed=44) as job 822731, attempt 1
2026-05-05T14:32:32Z [INFO] Job 822264 for task 202 has left the Slurm queue; validating output
2026-05-05T14:32:33Z [INFO] Task 202 completed successfully
2026-05-05T14:32:43Z [INFO] Submitting task 223 try 1/3: group=fuzzy_train_multi_seed kind=train config=configs/fuzzy/rgb_segformer_b0.yaml split=test seed=45 attempt=1
2026-05-05T14:32:43Z [INFO] Submitted task 223 (fuzzy_train_multi_seed, train, configs/fuzzy/rgb_segformer_b0.yaml, seed=45) as job 823286, attempt 1
2026-05-05T14:50:30Z [INFO] Job 822266 for task 210 has left the Slurm queue; validating output
2026-05-05T14:50:31Z [INFO] Task 210 completed successfully
2026-05-05T14:50:42Z [INFO] Submitting task 224 try 1/3: group=fuzzy_train_multi_seed kind=train config=configs/fuzzy/rgb_segformer_b0.yaml split=test seed=46 attempt=1
2026-05-05T14:50:42Z [INFO] Submitted task 224 (fuzzy_train_multi_seed, train, configs/fuzzy/rgb_segformer_b0.yaml, seed=46) as job 823305, attempt 1
2026-05-05T14:55:08Z [INFO] Job 822269 for task 216 has left the Slurm queue; validating output
2026-05-05T14:55:10Z [INFO] Task 216 completed successfully
2026-05-05T14:55:20Z [INFO] Submitting task 225 try 1/3: group=fuzzy_train_multi_seed kind=train config=configs/fuzzy/rgb_segformer_b0.yaml split=test seed=47 attempt=1
2026-05-05T14:55:20Z [INFO] Submitted task 225 (fuzzy_train_multi_seed, train, configs/fuzzy/rgb_segformer_b0.yaml, seed=47) as job 823306, attempt 1
2026-05-05T14:55:20Z [INFO] Job 822265 for task 205 has left the Slurm queue; validating output
2026-05-05T14:55:20Z [INFO] Task 205 completed successfully
2026-05-05T14:55:30Z [INFO] Submitting task 226 try 1/3: group=fuzzy_train_multi_seed kind=train config=configs/fuzzy/rgb_segformer_b0.yaml split=test seed=48 attempt=1
2026-05-05T14:55:30Z [INFO] Submitted task 226 (fuzzy_train_multi_seed, train, configs/fuzzy/rgb_segformer_b0.yaml, seed=48) as job 823307, attempt 1
2026-05-05T15:27:01Z [INFO] Job 822138 for task 214 has left the Slurm queue; validating output
2026-05-05T15:27:01Z [INFO] Task 214 completed successfully
2026-05-05T15:27:11Z [INFO] Submitting task 227 try 1/3: group=fuzzy_train_multi_seed kind=train config=configs/fuzzy/rgb_segformer_b0.yaml split=test seed=49 attempt=1
2026-05-05T15:27:11Z [INFO] Submitted task 227 (fuzzy_train_multi_seed, train, configs/fuzzy/rgb_segformer_b0.yaml, seed=49) as job 823342, attempt 1
2026-05-05T16:24:27Z [INFO] Job 822268 for task 215 has left the Slurm queue; validating output
2026-05-05T16:24:28Z [INFO] Task 215 completed successfully
2026-05-05T16:24:38Z [INFO] Submitting task 228 try 1/3: group=fuzzy_train_multi_seed kind=train config=configs/fuzzy/rgb_segformer_b0.yaml split=test seed=50 attempt=1
2026-05-05T16:24:38Z [INFO] Submitted task 228 (fuzzy_train_multi_seed, train, configs/fuzzy/rgb_segformer_b0.yaml, seed=50) as job 823369, attempt 1
2026-05-05T16:38:59Z [INFO] Job 822553 for task 211 has left the Slurm queue; validating output
2026-05-05T16:39:00Z [ERROR] Task 211: status file reports state=failed; seed=43; message=train failed; see outputs/slurm/status/multi_seed_all_no_synth_20260430T192814Z/task_211_attempt_4.log; job_log=outputs/slurm/status/multi_seed_all_no_synth_20260430T192814Z/task_211_attempt_4.log
2026-05-05T16:39:00Z [ERROR] Task 211: permanent failure after 4 attempt(s)
2026-05-05T16:39:10Z [INFO] Submitting task 229 try 1/3: group=fuzzy_train_multi_seed kind=train config=configs/fuzzy/rgb_segformer_b0.yaml split=test seed=51 attempt=1
2026-05-05T16:39:10Z [INFO] Submitted task 229 (fuzzy_train_multi_seed, train, configs/fuzzy/rgb_segformer_b0.yaml, seed=51) as job 823393, attempt 1
2026-05-05T16:51:29Z [INFO] Job 822730 for task 221 has left the Slurm queue; validating output
2026-05-05T16:51:29Z [ERROR] Task 221: status file reports state=failed; seed=43; message=train failed; see outputs/slurm/status/multi_seed_all_no_synth_20260430T192814Z/task_221_attempt_1.log; job_log=outputs/slurm/status/multi_seed_all_no_synth_20260430T192814Z/task_221_attempt_1.log
2026-05-05T16:51:29Z [ERROR] Task 221: validation failed; re-queueing for retry
2026-05-05T16:51:39Z [INFO] Submitting task 221 try 1/3: group=fuzzy_train_multi_seed kind=train config=configs/fuzzy/rgb_segformer_b0.yaml split=test seed=43 attempt=2
2026-05-05T16:51:39Z [INFO] Submitted task 221 (fuzzy_train_multi_seed, train, configs/fuzzy/rgb_segformer_b0.yaml, seed=43) as job 823421, attempt 2
2026-05-05T16:52:00Z [INFO] Job 822731 for task 222 has left the Slurm queue; validating output
2026-05-05T16:52:00Z [ERROR] Task 222: status file reports state=failed; seed=44; message=train failed; see outputs/slurm/status/multi_seed_all_no_synth_20260430T192814Z/task_222_attempt_1.log; job_log=outputs/slurm/status/multi_seed_all_no_synth_20260430T192814Z/task_222_attempt_1.log
2026-05-05T16:52:00Z [ERROR] Task 222: validation failed; re-queueing for retry
2026-05-05T16:52:10Z [INFO] Submitting task 222 try 1/3: group=fuzzy_train_multi_seed kind=train config=configs/fuzzy/rgb_segformer_b0.yaml split=test seed=44 attempt=2
2026-05-05T16:52:10Z [INFO] Submitted task 222 (fuzzy_train_multi_seed, train, configs/fuzzy/rgb_segformer_b0.yaml, seed=44) as job 823423, attempt 2
2026-05-05T17:29:27Z [INFO] Job 822271 for task 212 has left the Slurm queue; validating output
2026-05-05T17:29:27Z [INFO] Task 212 completed successfully
2026-05-05T17:29:37Z [INFO] Submitting task 230 try 1/3: group=fuzzy_train_multi_seed kind=train config=configs/fuzzy/rgb_segformer_b1.yaml split=test seed=42 attempt=1
2026-05-05T17:29:37Z [INFO] Submitted task 230 (fuzzy_train_multi_seed, train, configs/fuzzy/rgb_segformer_b1.yaml, seed=42) as job 823499, attempt 1
2026-05-05T20:07:07Z [INFO] Job 822272 for task 213 has left the Slurm queue; validating output
2026-05-05T20:07:07Z [INFO] Task 213 completed successfully
2026-05-05T20:07:17Z [INFO] Submitting task 231 try 1/3: group=fuzzy_train_multi_seed kind=train config=configs/fuzzy/rgb_segformer_b1.yaml split=test seed=43 attempt=1
2026-05-05T20:07:17Z [INFO] Submitted task 231 (fuzzy_train_multi_seed, train, configs/fuzzy/rgb_segformer_b1.yaml, seed=43) as job 823535, attempt 1
2026-05-05T20:14:29Z [INFO] Job 822270 for task 203 has left the Slurm queue; validating output
2026-05-05T20:14:29Z [INFO] Task 203 completed successfully
2026-05-05T20:14:39Z [INFO] Submitting task 232 try 1/3: group=fuzzy_train_multi_seed kind=train config=configs/fuzzy/rgb_segformer_b1.yaml split=test seed=44 attempt=1
2026-05-05T20:14:39Z [INFO] Submitted task 232 (fuzzy_train_multi_seed, train, configs/fuzzy/rgb_segformer_b1.yaml, seed=44) as job 823536, attempt 1
2026-05-05T21:23:23Z [INFO] Job 822364 for task 217 has left the Slurm queue; validating output
2026-05-05T21:23:23Z [INFO] Task 217 completed successfully
2026-05-05T21:23:33Z [INFO] Submitting task 233 try 1/3: group=fuzzy_train_multi_seed kind=train config=configs/fuzzy/rgb_segformer_b1.yaml split=test seed=45 attempt=1
2026-05-05T21:23:33Z [INFO] Submitted task 233 (fuzzy_train_multi_seed, train, configs/fuzzy/rgb_segformer_b1.yaml, seed=45) as job 823557, attempt 1
2026-05-05T21:34:15Z [INFO] Job 822550 for task 219 has left the Slurm queue; validating output
2026-05-05T21:34:15Z [ERROR] Task 219: status file reports state=failed; seed=51; message=evaluate failed; see outputs/slurm/status/multi_seed_all_no_synth_20260430T192814Z/task_219_attempt_1.log; job_log=outputs/slurm/status/multi_seed_all_no_synth_20260430T192814Z/task_219_attempt_1.log
2026-05-05T21:34:15Z [ERROR] Task 219: validation failed; re-queueing for retry
2026-05-05T21:34:15Z [INFO] Job 823286 for task 223 has left the Slurm queue; validating output
2026-05-05T21:34:15Z [ERROR] Task 223: status file reports state=failed; seed=45; message=train failed; see outputs/slurm/status/multi_seed_all_no_synth_20260430T192814Z/task_223_attempt_1.log; job_log=outputs/slurm/status/multi_seed_all_no_synth_20260430T192814Z/task_223_attempt_1.log
2026-05-05T21:34:15Z [ERROR] Task 223: validation failed; re-queueing for retry
2026-05-05T21:34:25Z [INFO] Submitting task 219 try 1/3: group=fuzzy_train_multi_seed kind=train config=configs/fuzzy/rgb_deeplabv3plus_resnet50.yaml split=test seed=51 attempt=2
2026-05-05T21:34:25Z [INFO] Submitted task 219 (fuzzy_train_multi_seed, train, configs/fuzzy/rgb_deeplabv3plus_resnet50.yaml, seed=51) as job 823565, attempt 2
2026-05-05T21:34:25Z [INFO] Submitting task 223 try 1/3: group=fuzzy_train_multi_seed kind=train config=configs/fuzzy/rgb_segformer_b0.yaml split=test seed=45 attempt=2
2026-05-05T21:34:26Z [INFO] Submitted task 223 (fuzzy_train_multi_seed, train, configs/fuzzy/rgb_segformer_b0.yaml, seed=45) as job 823566, attempt 2
2026-05-05T21:34:46Z [INFO] Job 823305 for task 224 has left the Slurm queue; validating output
2026-05-05T21:34:47Z [ERROR] Task 224: status file reports state=failed; seed=46; message=train failed; see outputs/slurm/status/multi_seed_all_no_synth_20260430T192814Z/task_224_attempt_1.log; job_log=outputs/slurm/status/multi_seed_all_no_synth_20260430T192814Z/task_224_attempt_1.log
2026-05-05T21:34:47Z [ERROR] Task 224: validation failed; re-queueing for retry
2026-05-05T21:34:57Z [INFO] Submitting task 224 try 1/3: group=fuzzy_train_multi_seed kind=train config=configs/fuzzy/rgb_segformer_b0.yaml split=test seed=46 attempt=2
2026-05-05T21:34:57Z [INFO] Submitted task 224 (fuzzy_train_multi_seed, train, configs/fuzzy/rgb_segformer_b0.yaml, seed=46) as job 823567, attempt 2
2026-05-05T21:35:17Z [INFO] Job 823306 for task 225 has left the Slurm queue; validating output
2026-05-05T21:35:18Z [ERROR] Task 225: status file reports state=failed; seed=47; message=train failed; see outputs/slurm/status/multi_seed_all_no_synth_20260430T192814Z/task_225_attempt_1.log; job_log=outputs/slurm/status/multi_seed_all_no_synth_20260430T192814Z/task_225_attempt_1.log
2026-05-05T21:35:18Z [ERROR] Task 225: validation failed; re-queueing for retry
2026-05-05T21:35:28Z [INFO] Submitting task 225 try 1/3: group=fuzzy_train_multi_seed kind=train config=configs/fuzzy/rgb_segformer_b0.yaml split=test seed=47 attempt=2
2026-05-05T21:35:28Z [INFO] Submitted task 225 (fuzzy_train_multi_seed, train, configs/fuzzy/rgb_segformer_b0.yaml, seed=47) as job 823568, attempt 2
2026-05-05T21:35:49Z [INFO] Job 823307 for task 226 has left the Slurm queue; validating output
2026-05-05T21:35:49Z [ERROR] Task 226: status file reports state=failed; seed=48; message=train failed; see outputs/slurm/status/multi_seed_all_no_synth_20260430T192814Z/task_226_attempt_1.log; job_log=outputs/slurm/status/multi_seed_all_no_synth_20260430T192814Z/task_226_attempt_1.log
2026-05-05T21:35:49Z [ERROR] Task 226: validation failed; re-queueing for retry
2026-05-05T21:35:59Z [INFO] Submitting task 226 try 1/3: group=fuzzy_train_multi_seed kind=train config=configs/fuzzy/rgb_segformer_b0.yaml split=test seed=48 attempt=2
2026-05-05T21:35:59Z [INFO] Submitted task 226 (fuzzy_train_multi_seed, train, configs/fuzzy/rgb_segformer_b0.yaml, seed=48) as job 823569, attempt 2
2026-05-05T21:44:22Z [INFO] Job 823342 for task 227 has left the Slurm queue; validating output
2026-05-05T21:44:22Z [ERROR] Task 227: status file reports state=failed; seed=49; message=train failed; see outputs/slurm/status/multi_seed_all_no_synth_20260430T192814Z/task_227_attempt_1.log; job_log=outputs/slurm/status/multi_seed_all_no_synth_20260430T192814Z/task_227_attempt_1.log
2026-05-05T21:44:22Z [ERROR] Task 227: validation failed; re-queueing for retry
2026-05-05T21:44:32Z [INFO] Submitting task 227 try 1/3: group=fuzzy_train_multi_seed kind=train config=configs/fuzzy/rgb_segformer_b0.yaml split=test seed=49 attempt=2
2026-05-05T21:44:32Z [INFO] Submitted task 227 (fuzzy_train_multi_seed, train, configs/fuzzy/rgb_segformer_b0.yaml, seed=49) as job 823586, attempt 2
2026-05-05T21:45:55Z [INFO] Job 823369 for task 228 has left the Slurm queue; validating output
2026-05-05T21:45:55Z [ERROR] Task 228: status file reports state=failed; seed=50; message=train failed; see outputs/slurm/status/multi_seed_all_no_synth_20260430T192814Z/task_228_attempt_1.log; job_log=outputs/slurm/status/multi_seed_all_no_synth_20260430T192814Z/task_228_attempt_1.log
2026-05-05T21:45:55Z [ERROR] Task 228: validation failed; re-queueing for retry
2026-05-05T21:46:05Z [INFO] Submitting task 228 try 1/3: group=fuzzy_train_multi_seed kind=train config=configs/fuzzy/rgb_segformer_b0.yaml split=test seed=50 attempt=2
2026-05-05T21:46:05Z [INFO] Submitted task 228 (fuzzy_train_multi_seed, train, configs/fuzzy/rgb_segformer_b0.yaml, seed=50) as job 823587, attempt 2
2026-05-06T00:42:26Z [INFO] Job 822407 for task 218 has left the Slurm queue; validating output
2026-05-06T00:42:26Z [INFO] Task 218 completed successfully
2026-05-06T00:42:37Z [INFO] Submitting task 234 try 1/3: group=fuzzy_train_multi_seed kind=train config=configs/fuzzy/rgb_segformer_b1.yaml split=test seed=46 attempt=1
2026-05-06T00:42:37Z [INFO] Submitted task 234 (fuzzy_train_multi_seed, train, configs/fuzzy/rgb_segformer_b1.yaml, seed=46) as job 823706, attempt 1
2026-05-06T02:05:31Z [INFO] Job 822555 for task 220 has left the Slurm queue; validating output
2026-05-06T02:05:32Z [INFO] Task 220 completed successfully
2026-05-06T02:05:42Z [INFO] Submitting task 235 try 1/3: group=fuzzy_train_multi_seed kind=train config=configs/fuzzy/rgb_segformer_b1.yaml split=test seed=47 attempt=1
2026-05-06T02:05:42Z [INFO] Submitted task 235 (fuzzy_train_multi_seed, train, configs/fuzzy/rgb_segformer_b1.yaml, seed=47) as job 823718, attempt 1
2026-05-06T05:20:14Z [INFO] Job 823499 for task 230 has left the Slurm queue; validating output
2026-05-06T05:20:16Z [ERROR] Task 230: status file reports state=failed; seed=42; message=evaluate failed; see outputs/slurm/status/multi_seed_all_no_synth_20260430T192814Z/task_230_attempt_1.log; job_log=outputs/slurm/status/multi_seed_all_no_synth_20260430T192814Z/task_230_attempt_1.log
2026-05-06T05:20:16Z [ERROR] Task 230: validation failed; re-queueing for retry
2026-05-06T05:20:26Z [INFO] Submitting task 230 try 1/3: group=fuzzy_train_multi_seed kind=train config=configs/fuzzy/rgb_segformer_b1.yaml split=test seed=42 attempt=2
2026-05-06T05:20:26Z [INFO] Submitted task 230 (fuzzy_train_multi_seed, train, configs/fuzzy/rgb_segformer_b1.yaml, seed=42) as job 823749, attempt 2
2026-05-06T05:29:40Z [INFO] Job 823393 for task 229 has left the Slurm queue; validating output
2026-05-06T05:29:40Z [ERROR] Task 229: status file reports state=failed; seed=51; message=evaluate failed; see outputs/slurm/status/multi_seed_all_no_synth_20260430T192814Z/task_229_attempt_1.log; job_log=outputs/slurm/status/multi_seed_all_no_synth_20260430T192814Z/task_229_attempt_1.log
2026-05-06T05:29:40Z [ERROR] Task 229: validation failed; re-queueing for retry
2026-05-06T05:29:51Z [INFO] Submitting task 229 try 1/3: group=fuzzy_train_multi_seed kind=train config=configs/fuzzy/rgb_segformer_b0.yaml split=test seed=51 attempt=2
2026-05-06T05:29:51Z [INFO] Submitted task 229 (fuzzy_train_multi_seed, train, configs/fuzzy/rgb_segformer_b0.yaml, seed=51) as job 823750, attempt 2
2026-05-06T08:05:58Z [INFO] Job 823423 for task 222 has left the Slurm queue; validating output
2026-05-06T08:05:58Z [INFO] Task 222 completed successfully
2026-05-06T08:06:09Z [INFO] Submitting task 236 try 1/3: group=fuzzy_train_multi_seed kind=train config=configs/fuzzy/rgb_segformer_b1.yaml split=test seed=48 attempt=1
2026-05-06T08:06:09Z [INFO] Submitted task 236 (fuzzy_train_multi_seed, train, configs/fuzzy/rgb_segformer_b1.yaml, seed=48) as job 824196, attempt 1
2026-05-06T10:33:44Z [INFO] Job 823421 for task 221 has left the Slurm queue; validating output
2026-05-06T10:33:45Z [ERROR] Task 221: missing status file outputs/slurm/status/multi_seed_all_no_synth_20260430T192814Z/task_221_attempt_2.status
2026-05-06T10:33:45Z [ERROR] Task 221: validation failed; re-queueing for retry
2026-05-06T10:33:55Z [INFO] Submitting task 221 try 1/3: group=fuzzy_train_multi_seed kind=train config=configs/fuzzy/rgb_segformer_b0.yaml split=test seed=43 attempt=3
2026-05-06T10:33:55Z [INFO] Submitted task 221 (fuzzy_train_multi_seed, train, configs/fuzzy/rgb_segformer_b0.yaml, seed=43) as job 824403, attempt 3
2026-05-06T11:05:48Z [INFO] Job 823557 for task 233 has left the Slurm queue; validating output
2026-05-06T11:05:48Z [INFO] Task 233 completed successfully
2026-05-06T11:05:58Z [INFO] Submitting task 237 try 1/3: group=fuzzy_train_multi_seed kind=train config=configs/fuzzy/rgb_segformer_b1.yaml split=test seed=49 attempt=1
2026-05-06T11:05:58Z [INFO] Submitted task 237 (fuzzy_train_multi_seed, train, configs/fuzzy/rgb_segformer_b1.yaml, seed=49) as job 824447, attempt 1
2026-05-06T11:57:52Z [INFO] Job 823567 for task 224 has left the Slurm queue; validating output
2026-05-06T11:57:52Z [INFO] Task 224 completed successfully
2026-05-06T11:58:03Z [INFO] Submitting task 238 try 1/3: group=fuzzy_train_multi_seed kind=train config=configs/fuzzy/rgb_segformer_b1.yaml split=test seed=50 attempt=1
2026-05-06T11:58:03Z [INFO] Submitted task 238 (fuzzy_train_multi_seed, train, configs/fuzzy/rgb_segformer_b1.yaml, seed=50) as job 824515, attempt 1
2026-05-06T12:35:58Z [INFO] Job 823566 for task 223 has left the Slurm queue; validating output
2026-05-06T12:35:58Z [INFO] Task 223 completed successfully
2026-05-06T12:36:08Z [INFO] Submitting task 239 try 1/3: group=fuzzy_train_multi_seed kind=train config=configs/fuzzy/rgb_segformer_b1.yaml split=test seed=51 attempt=1
2026-05-06T12:36:08Z [INFO] Submitted task 239 (fuzzy_train_multi_seed, train, configs/fuzzy/rgb_segformer_b1.yaml, seed=51) as job 824544, attempt 1
2026-05-06T14:33:16Z [INFO] Job 823535 for task 231 has left the Slurm queue; validating output
2026-05-06T14:33:16Z [ERROR] Task 231: missing status file outputs/slurm/status/multi_seed_all_no_synth_20260430T192814Z/task_231_attempt_1.status
2026-05-06T14:33:16Z [ERROR] Task 231: validation failed; re-queueing for retry
2026-05-06T14:33:16Z [INFO] Job 823536 for task 232 has left the Slurm queue; validating output
2026-05-06T14:33:16Z [ERROR] Task 232: missing status file outputs/slurm/status/multi_seed_all_no_synth_20260430T192814Z/task_232_attempt_1.status
2026-05-06T14:33:16Z [ERROR] Task 232: validation failed; re-queueing for retry
2026-05-06T14:33:26Z [INFO] Submitting task 231 try 1/3: group=fuzzy_train_multi_seed kind=train config=configs/fuzzy/rgb_segformer_b1.yaml split=test seed=43 attempt=2
2026-05-06T14:33:26Z [INFO] Submitted task 231 (fuzzy_train_multi_seed, train, configs/fuzzy/rgb_segformer_b1.yaml, seed=43) as job 824645, attempt 2
2026-05-06T14:33:26Z [INFO] Submitting task 232 try 1/3: group=fuzzy_train_multi_seed kind=train config=configs/fuzzy/rgb_segformer_b1.yaml split=test seed=44 attempt=2
2026-05-06T14:33:27Z [INFO] Submitted task 232 (fuzzy_train_multi_seed, train, configs/fuzzy/rgb_segformer_b1.yaml, seed=44) as job 824646, attempt 2
2026-05-06T14:35:50Z [INFO] Job 823565 for task 219 has left the Slurm queue; validating output
2026-05-06T14:35:50Z [ERROR] Task 219: missing status file outputs/slurm/status/multi_seed_all_no_synth_20260430T192814Z/task_219_attempt_2.status
2026-05-06T14:35:50Z [ERROR] Task 219: validation failed; re-queueing for retry
2026-05-06T14:36:00Z [INFO] Submitting task 219 try 1/3: group=fuzzy_train_multi_seed kind=train config=configs/fuzzy/rgb_deeplabv3plus_resnet50.yaml split=test seed=51 attempt=3
2026-05-06T14:36:01Z [INFO] Submitted task 219 (fuzzy_train_multi_seed, train, configs/fuzzy/rgb_deeplabv3plus_resnet50.yaml, seed=51) as job 824647, attempt 3
2026-05-06T15:38:10Z [INFO] Job 823568 for task 225 has left the Slurm queue; validating output
2026-05-06T15:38:10Z [INFO] Task 225 completed successfully
2026-05-06T15:38:21Z [INFO] Submitting task 240 try 1/3: group=fuzzy_train_multi_seed kind=train config=configs/fuzzy/real_msi_unetpp_resnet34.yaml split=test seed=42 attempt=1
2026-05-06T15:38:21Z [INFO] Submitted task 240 (fuzzy_train_multi_seed, train, configs/fuzzy/real_msi_unetpp_resnet34.yaml, seed=42) as job 824680, attempt 1
2026-05-06T15:38:31Z [INFO] Job 824196 for task 236 has left the Slurm queue; validating output
2026-05-06T15:38:32Z [ERROR] Task 236: status file reports state=failed; seed=48; message=train failed; see outputs/slurm/status/multi_seed_all_no_synth_20260430T192814Z/task_236_attempt_1.log; job_log=outputs/slurm/status/multi_seed_all_no_synth_20260430T192814Z/task_236_attempt_1.log
2026-05-06T15:38:32Z [ERROR] Task 236: validation failed; re-queueing for retry
2026-05-06T15:38:42Z [INFO] Submitting task 236 try 1/3: group=fuzzy_train_multi_seed kind=train config=configs/fuzzy/rgb_segformer_b1.yaml split=test seed=48 attempt=2
2026-05-06T15:38:42Z [INFO] Submitted task 236 (fuzzy_train_multi_seed, train, configs/fuzzy/rgb_segformer_b1.yaml, seed=48) as job 824683, attempt 2
2026-05-06T18:16:09Z [INFO] Job 823569 for task 226 has left the Slurm queue; validating output
2026-05-06T18:16:10Z [INFO] Task 226 completed successfully
2026-05-06T18:16:20Z [INFO] Submitting task 241 try 1/3: group=fuzzy_train_multi_seed kind=train config=configs/fuzzy/real_msi_unetpp_resnet34.yaml split=test seed=43 attempt=1
2026-05-06T18:16:20Z [INFO] Submitted task 241 (fuzzy_train_multi_seed, train, configs/fuzzy/real_msi_unetpp_resnet34.yaml, seed=43) as job 824808, attempt 1
2026-05-06T19:12:59Z [INFO] Job 823586 for task 227 has left the Slurm queue; validating output
2026-05-06T19:13:00Z [INFO] Task 227 completed successfully
2026-05-06T19:13:10Z [INFO] Submitting task 242 try 1/3: group=fuzzy_train_multi_seed kind=train config=configs/fuzzy/real_msi_unetpp_resnet34.yaml split=test seed=44 attempt=1
2026-05-06T19:13:10Z [INFO] Submitted task 242 (fuzzy_train_multi_seed, train, configs/fuzzy/real_msi_unetpp_resnet34.yaml, seed=44) as job 824876, attempt 1
2026-05-06T22:31:52Z [INFO] Job 823587 for task 228 has left the Slurm queue; validating output
2026-05-06T22:31:53Z [INFO] Task 228 completed successfully
2026-05-06T22:32:03Z [INFO] Submitting task 243 try 1/3: group=fuzzy_train_multi_seed kind=train config=configs/fuzzy/real_msi_unetpp_resnet34.yaml split=test seed=45 attempt=1
2026-05-06T22:32:03Z [INFO] Submitted task 243 (fuzzy_train_multi_seed, train, configs/fuzzy/real_msi_unetpp_resnet34.yaml, seed=45) as job 825017, attempt 1
2026-05-06T22:33:56Z [INFO] Job 823749 for task 230 has left the Slurm queue; validating output
2026-05-06T22:33:57Z [INFO] Task 230 completed successfully
2026-05-06T22:34:08Z [INFO] Submitting task 244 try 1/3: group=fuzzy_train_multi_seed kind=train config=configs/fuzzy/real_msi_unetpp_resnet34.yaml split=test seed=46 attempt=1
2026-05-06T22:34:08Z [INFO] Submitted task 244 (fuzzy_train_multi_seed, train, configs/fuzzy/real_msi_unetpp_resnet34.yaml, seed=46) as job 825018, attempt 1
2026-05-06T23:00:18Z [INFO] Job 823750 for task 229 has left the Slurm queue; validating output
2026-05-06T23:00:19Z [INFO] Task 229 completed successfully
2026-05-06T23:00:29Z [INFO] Submitting task 245 try 1/3: group=fuzzy_train_multi_seed kind=train config=configs/fuzzy/real_msi_unetpp_resnet34.yaml split=test seed=47 attempt=1
2026-05-06T23:00:29Z [INFO] Submitted task 245 (fuzzy_train_multi_seed, train, configs/fuzzy/real_msi_unetpp_resnet34.yaml, seed=47) as job 825023, attempt 1
2026-05-06T23:16:46Z [INFO] Job 823718 for task 235 has left the Slurm queue; validating output
2026-05-06T23:16:47Z [INFO] Task 235 completed successfully
2026-05-06T23:16:57Z [INFO] Submitting task 246 try 1/3: group=fuzzy_train_multi_seed kind=train config=configs/fuzzy/real_msi_unetpp_resnet34.yaml split=test seed=48 attempt=1
2026-05-06T23:16:57Z [INFO] Submitted task 246 (fuzzy_train_multi_seed, train, configs/fuzzy/real_msi_unetpp_resnet34.yaml, seed=48) as job 825027, attempt 1
2026-05-07T00:14:04Z [INFO] Job 824403 for task 221 has left the Slurm queue; validating output
2026-05-07T00:14:05Z [INFO] Task 221 completed successfully
2026-05-07T00:14:15Z [INFO] Submitting task 247 try 1/3: group=fuzzy_train_multi_seed kind=train config=configs/fuzzy/real_msi_unetpp_resnet34.yaml split=test seed=49 attempt=1
2026-05-07T00:14:15Z [INFO] Submitted task 247 (fuzzy_train_multi_seed, train, configs/fuzzy/real_msi_unetpp_resnet34.yaml, seed=49) as job 825040, attempt 1
2026-05-07T00:30:09Z [INFO] Job 824447 for task 237 has left the Slurm queue; validating output
2026-05-07T00:30:10Z [INFO] Task 237 completed successfully
2026-05-07T00:30:20Z [INFO] Submitting task 248 try 1/3: group=fuzzy_train_multi_seed kind=train config=configs/fuzzy/real_msi_unetpp_resnet34.yaml split=test seed=50 attempt=1
2026-05-07T00:30:20Z [INFO] Submitted task 248 (fuzzy_train_multi_seed, train, configs/fuzzy/real_msi_unetpp_resnet34.yaml, seed=50) as job 825047, attempt 1
2026-05-07T00:38:53Z [INFO] Job 823706 for task 234 has left the Slurm queue; validating output
2026-05-07T00:38:53Z [ERROR] Task 234: missing status file outputs/slurm/status/multi_seed_all_no_synth_20260430T192814Z/task_234_attempt_1.status
2026-05-07T00:38:53Z [ERROR] Task 234: validation failed; re-queueing for retry
2026-05-07T00:39:03Z [INFO] Submitting task 234 try 1/3: group=fuzzy_train_multi_seed kind=train config=configs/fuzzy/rgb_segformer_b1.yaml split=test seed=46 attempt=2
2026-05-07T00:39:03Z [INFO] Submitted task 234 (fuzzy_train_multi_seed, train, configs/fuzzy/rgb_segformer_b1.yaml, seed=46) as job 825048, attempt 2
2026-05-07T02:31:29Z [INFO] Job 824515 for task 238 has left the Slurm queue; validating output
2026-05-07T02:31:32Z [INFO] Task 238 completed successfully
2026-05-07T02:31:42Z [INFO] Submitting task 249 try 1/3: group=fuzzy_train_multi_seed kind=train config=configs/fuzzy/real_msi_unetpp_resnet34.yaml split=test seed=51 attempt=1
2026-05-07T02:31:42Z [INFO] Submitted task 249 (fuzzy_train_multi_seed, train, configs/fuzzy/real_msi_unetpp_resnet34.yaml, seed=51) as job 825154, attempt 1
2026-05-07T05:01:05Z [INFO] Job 824647 for task 219 has left the Slurm queue; validating output
2026-05-07T05:01:05Z [INFO] Task 219 completed successfully
2026-05-07T05:01:16Z [INFO] Submitting task 250 try 1/3: group=fuzzy_train_multi_seed kind=train config=configs/fuzzy/real_msi_unetpp_resnet50.yaml split=test seed=42 attempt=1
2026-05-07T05:01:16Z [INFO] Submitted task 250 (fuzzy_train_multi_seed, train, configs/fuzzy/real_msi_unetpp_resnet50.yaml, seed=42) as job 825175, attempt 1
2026-05-07T05:01:26Z [INFO] Job 824544 for task 239 has left the Slurm queue; validating output
2026-05-07T05:01:27Z [INFO] Task 239 completed successfully
2026-05-07T05:01:37Z [INFO] Submitting task 251 try 1/3: group=fuzzy_train_multi_seed kind=train config=configs/fuzzy/real_msi_unetpp_resnet50.yaml split=test seed=43 attempt=1
2026-05-07T05:01:37Z [INFO] Submitted task 251 (fuzzy_train_multi_seed, train, configs/fuzzy/real_msi_unetpp_resnet50.yaml, seed=43) as job 825176, attempt 1
2026-05-07T05:47:30Z [INFO] Job 824645 for task 231 has left the Slurm queue; validating output
2026-05-07T05:47:31Z [INFO] Task 231 completed successfully
2026-05-07T05:47:41Z [INFO] Submitting task 252 try 1/3: group=fuzzy_train_multi_seed kind=train config=configs/fuzzy/real_msi_unetpp_resnet50.yaml split=test seed=44 attempt=1
2026-05-07T05:47:41Z [INFO] Submitted task 252 (fuzzy_train_multi_seed, train, configs/fuzzy/real_msi_unetpp_resnet50.yaml, seed=44) as job 825198, attempt 1
2026-05-07T05:50:05Z [INFO] Job 824646 for task 232 has left the Slurm queue; validating output
2026-05-07T05:50:05Z [INFO] Task 232 completed successfully
2026-05-07T05:50:15Z [INFO] Submitting task 253 try 1/3: group=fuzzy_train_multi_seed kind=train config=configs/fuzzy/real_msi_unetpp_resnet50.yaml split=test seed=45 attempt=1
2026-05-07T05:50:16Z [INFO] Submitted task 253 (fuzzy_train_multi_seed, train, configs/fuzzy/real_msi_unetpp_resnet50.yaml, seed=45) as job 825199, attempt 1
2026-05-07T06:22:18Z [INFO] Job 824808 for task 241 has left the Slurm queue; validating output
2026-05-07T06:22:19Z [INFO] Task 241 completed successfully
2026-05-07T06:22:29Z [INFO] Submitting task 254 try 1/3: group=fuzzy_train_multi_seed kind=train config=configs/fuzzy/real_msi_unetpp_resnet50.yaml split=test seed=46 attempt=1
2026-05-07T06:22:29Z [INFO] Submitted task 254 (fuzzy_train_multi_seed, train, configs/fuzzy/real_msi_unetpp_resnet50.yaml, seed=46) as job 825241, attempt 1
2026-05-07T07:21:02Z [INFO] Job 824683 for task 236 has left the Slurm queue; validating output
2026-05-07T07:21:02Z [INFO] Task 236 completed successfully
2026-05-07T07:21:13Z [INFO] Submitting task 255 try 1/3: group=fuzzy_train_multi_seed kind=train config=configs/fuzzy/real_msi_unetpp_resnet50.yaml split=test seed=47 attempt=1
2026-05-07T07:21:13Z [INFO] Submitted task 255 (fuzzy_train_multi_seed, train, configs/fuzzy/real_msi_unetpp_resnet50.yaml, seed=47) as job 825439, attempt 1
2026-05-07T09:56:34Z [INFO] Job 824876 for task 242 has left the Slurm queue; validating output
2026-05-07T09:56:34Z [INFO] Task 242 completed successfully
2026-05-07T09:56:44Z [INFO] Submitting task 256 try 1/3: group=fuzzy_train_multi_seed kind=train config=configs/fuzzy/real_msi_unetpp_resnet50.yaml split=test seed=48 attempt=1
2026-05-07T09:56:44Z [INFO] Submitted task 256 (fuzzy_train_multi_seed, train, configs/fuzzy/real_msi_unetpp_resnet50.yaml, seed=48) as job 825666, attempt 1
2026-05-07T12:12:03Z [INFO] Job 825027 for task 246 has left the Slurm queue; validating output
2026-05-07T12:12:03Z [INFO] Task 246 completed successfully
2026-05-07T12:12:13Z [INFO] Submitting task 257 try 1/3: group=fuzzy_train_multi_seed kind=train config=configs/fuzzy/real_msi_unetpp_resnet50.yaml split=test seed=49 attempt=1
2026-05-07T12:12:14Z [INFO] Submitted task 257 (fuzzy_train_multi_seed, train, configs/fuzzy/real_msi_unetpp_resnet50.yaml, seed=49) as job 825938, attempt 1
2026-05-07T12:14:10Z [INFO] Job 824680 for task 240 has left the Slurm queue; validating output
2026-05-07T12:14:10Z [ERROR] Task 240: missing status file outputs/slurm/status/multi_seed_all_no_synth_20260430T192814Z/task_240_attempt_1.status
2026-05-07T12:14:11Z [ERROR] Task 240: validation failed; re-queueing for retry
2026-05-07T12:14:21Z [INFO] Submitting task 240 try 1/3: group=fuzzy_train_multi_seed kind=train config=configs/fuzzy/real_msi_unetpp_resnet34.yaml split=test seed=42 attempt=2
2026-05-07T12:14:21Z [INFO] Submitted task 240 (fuzzy_train_multi_seed, train, configs/fuzzy/real_msi_unetpp_resnet34.yaml, seed=42) as job 825939, attempt 2
2026-05-07T12:42:27Z [INFO] Job 825017 for task 243 has left the Slurm queue; validating output
2026-05-07T12:42:28Z [INFO] Task 243 completed successfully
2026-05-07T12:42:28Z [INFO] Job 825023 for task 245 has left the Slurm queue; validating output
2026-05-07T12:42:28Z [INFO] Task 245 completed successfully
2026-05-07T12:42:38Z [INFO] Submitting task 258 try 1/3: group=fuzzy_train_multi_seed kind=train config=configs/fuzzy/real_msi_unetpp_resnet50.yaml split=test seed=50 attempt=1
2026-05-07T12:42:38Z [INFO] Submitted task 258 (fuzzy_train_multi_seed, train, configs/fuzzy/real_msi_unetpp_resnet50.yaml, seed=50) as job 825977, attempt 1
2026-05-07T12:42:38Z [INFO] Submitting task 259 try 1/3: group=fuzzy_train_multi_seed kind=train config=configs/fuzzy/real_msi_unetpp_resnet50.yaml split=test seed=51 attempt=1
2026-05-07T12:42:38Z [INFO] Submitted task 259 (fuzzy_train_multi_seed, train, configs/fuzzy/real_msi_unetpp_resnet50.yaml, seed=51) as job 825978, attempt 1
2026-05-07T14:01:15Z [INFO] Job 825018 for task 244 has left the Slurm queue; validating output
2026-05-07T14:01:15Z [INFO] Task 244 completed successfully
2026-05-07T14:01:25Z [INFO] Submitting task 260 try 1/3: group=fuzzy_train_multi_seed kind=train config=configs/fuzzy/real_msi_deeplabv3plus_resnet34.yaml split=test seed=42 attempt=1
2026-05-07T14:01:25Z [INFO] Submitted task 260 (fuzzy_train_multi_seed, train, configs/fuzzy/real_msi_deeplabv3plus_resnet34.yaml, seed=42) as job 826283, attempt 1
2026-05-07T15:28:28Z [INFO] Job 825048 for task 234 has left the Slurm queue; validating output
2026-05-07T15:28:28Z [INFO] Task 234 completed successfully
2026-05-07T15:28:39Z [INFO] Submitting task 261 try 1/3: group=fuzzy_train_multi_seed kind=train config=configs/fuzzy/real_msi_deeplabv3plus_resnet34.yaml split=test seed=43 attempt=1
2026-05-07T15:28:39Z [INFO] Submitted task 261 (fuzzy_train_multi_seed, train, configs/fuzzy/real_msi_deeplabv3plus_resnet34.yaml, seed=43) as job 826446, attempt 1
2026-05-07T15:29:40Z [INFO] Job 825241 for task 254 has left the Slurm queue; validating output
2026-05-07T15:29:41Z [ERROR] Task 254: status file reports state=failed; seed=46; message=train failed; see outputs/slurm/status/multi_seed_all_no_synth_20260430T192814Z/task_254_attempt_1.log; job_log=outputs/slurm/status/multi_seed_all_no_synth_20260430T192814Z/task_254_attempt_1.log
2026-05-07T15:29:41Z [ERROR] Task 254: validation failed; re-queueing for retry
2026-05-07T15:29:51Z [INFO] Submitting task 254 try 1/3: group=fuzzy_train_multi_seed kind=train config=configs/fuzzy/real_msi_unetpp_resnet50.yaml split=test seed=46 attempt=2
2026-05-07T15:29:51Z [INFO] Submitted task 254 (fuzzy_train_multi_seed, train, configs/fuzzy/real_msi_unetpp_resnet50.yaml, seed=46) as job 826453, attempt 2
2026-05-07T15:30:02Z [INFO] Job 825439 for task 255 has left the Slurm queue; validating output
2026-05-07T15:30:02Z [ERROR] Task 255: status file reports state=failed; seed=47; message=train failed; see outputs/slurm/status/multi_seed_all_no_synth_20260430T192814Z/task_255_attempt_1.log; job_log=outputs/slurm/status/multi_seed_all_no_synth_20260430T192814Z/task_255_attempt_1.log
2026-05-07T15:30:02Z [ERROR] Task 255: validation failed; re-queueing for retry
2026-05-07T15:30:12Z [INFO] Submitting task 255 try 1/3: group=fuzzy_train_multi_seed kind=train config=configs/fuzzy/real_msi_unetpp_resnet50.yaml split=test seed=47 attempt=2
2026-05-07T15:30:12Z [INFO] Submitted task 255 (fuzzy_train_multi_seed, train, configs/fuzzy/real_msi_unetpp_resnet50.yaml, seed=47) as job 826460, attempt 2
2026-05-07T15:30:23Z [INFO] Job 825666 for task 256 has left the Slurm queue; validating output
2026-05-07T15:30:24Z [ERROR] Task 256: status file reports state=failed; seed=48; message=train failed; see outputs/slurm/status/multi_seed_all_no_synth_20260430T192814Z/task_256_attempt_1.log; job_log=outputs/slurm/status/multi_seed_all_no_synth_20260430T192814Z/task_256_attempt_1.log
2026-05-07T15:30:24Z [ERROR] Task 256: validation failed; re-queueing for retry
2026-05-07T15:30:34Z [INFO] Submitting task 256 try 1/3: group=fuzzy_train_multi_seed kind=train config=configs/fuzzy/real_msi_unetpp_resnet50.yaml split=test seed=48 attempt=2
2026-05-07T15:30:34Z [INFO] Submitted task 256 (fuzzy_train_multi_seed, train, configs/fuzzy/real_msi_unetpp_resnet50.yaml, seed=48) as job 826461, attempt 2
2026-05-07T15:30:55Z [INFO] Job 825938 for task 257 has left the Slurm queue; validating output
2026-05-07T15:30:55Z [ERROR] Task 257: status file reports state=failed; seed=49; message=train failed; see outputs/slurm/status/multi_seed_all_no_synth_20260430T192814Z/task_257_attempt_1.log; job_log=outputs/slurm/status/multi_seed_all_no_synth_20260430T192814Z/task_257_attempt_1.log
2026-05-07T15:30:55Z [ERROR] Task 257: validation failed; re-queueing for retry
2026-05-07T15:31:05Z [INFO] Submitting task 257 try 1/3: group=fuzzy_train_multi_seed kind=train config=configs/fuzzy/real_msi_unetpp_resnet50.yaml split=test seed=49 attempt=2
2026-05-07T15:31:05Z [INFO] Submitted task 257 (fuzzy_train_multi_seed, train, configs/fuzzy/real_msi_unetpp_resnet50.yaml, seed=49) as job 826464, attempt 2
2026-05-07T16:02:32Z [INFO] Job 825047 for task 248 has left the Slurm queue; validating output
2026-05-07T16:02:32Z [INFO] Task 248 completed successfully
2026-05-07T16:02:43Z [INFO] Submitting task 262 try 1/3: group=fuzzy_train_multi_seed kind=train config=configs/fuzzy/real_msi_deeplabv3plus_resnet34.yaml split=test seed=44 attempt=1
2026-05-07T16:02:43Z [INFO] Submitted task 262 (fuzzy_train_multi_seed, train, configs/fuzzy/real_msi_deeplabv3plus_resnet34.yaml, seed=44) as job 826508, attempt 1
2026-05-07T17:32:11Z [INFO] Job 825040 for task 247 has left the Slurm queue; validating output
2026-05-07T17:32:11Z [INFO] Task 247 completed successfully
2026-05-07T17:32:21Z [INFO] Submitting task 263 try 1/3: group=fuzzy_train_multi_seed kind=train config=configs/fuzzy/real_msi_deeplabv3plus_resnet34.yaml split=test seed=45 attempt=1
2026-05-07T17:32:21Z [INFO] Submitted task 263 (fuzzy_train_multi_seed, train, configs/fuzzy/real_msi_deeplabv3plus_resnet34.yaml, seed=45) as job 826575, attempt 1
2026-05-07T19:37:03Z [INFO] Job 825198 for task 252 has left the Slurm queue; validating output
2026-05-07T19:37:04Z [INFO] Task 252 completed successfully
2026-05-07T19:37:14Z [INFO] Submitting task 264 try 1/3: group=fuzzy_train_multi_seed kind=train config=configs/fuzzy/real_msi_deeplabv3plus_resnet34.yaml split=test seed=46 attempt=1
2026-05-07T19:37:14Z [INFO] Submitted task 264 (fuzzy_train_multi_seed, train, configs/fuzzy/real_msi_deeplabv3plus_resnet34.yaml, seed=46) as job 826637, attempt 1
2026-05-07T22:50:36Z [INFO] Job 825977 for task 258 has left the Slurm queue; validating output
2026-05-07T22:50:37Z [INFO] Task 258 completed successfully
2026-05-07T22:50:47Z [INFO] Submitting task 265 try 1/3: group=fuzzy_train_multi_seed kind=train config=configs/fuzzy/real_msi_deeplabv3plus_resnet34.yaml split=test seed=47 attempt=1
2026-05-07T22:50:47Z [INFO] Submitted task 265 (fuzzy_train_multi_seed, train, configs/fuzzy/real_msi_deeplabv3plus_resnet34.yaml, seed=47) as job 826691, attempt 1
2026-05-07T22:54:02Z [INFO] Job 825175 for task 250 has left the Slurm queue; validating output
2026-05-07T22:54:03Z [INFO] Task 250 completed successfully
2026-05-07T22:54:13Z [INFO] Submitting task 266 try 1/3: group=fuzzy_train_multi_seed kind=train config=configs/fuzzy/real_msi_deeplabv3plus_resnet34.yaml split=test seed=48 attempt=1
2026-05-07T22:54:13Z [INFO] Submitted task 266 (fuzzy_train_multi_seed, train, configs/fuzzy/real_msi_deeplabv3plus_resnet34.yaml, seed=48) as job 826692, attempt 1
2026-05-07T23:09:32Z [INFO] Job 825199 for task 253 has left the Slurm queue; validating output
2026-05-07T23:09:33Z [ERROR] Task 253: status file reports state=failed; seed=45; message=train failed; see outputs/slurm/status/multi_seed_all_no_synth_20260430T192814Z/task_253_attempt_1.log; job_log=outputs/slurm/status/multi_seed_all_no_synth_20260430T192814Z/task_253_attempt_1.log
2026-05-07T23:09:33Z [ERROR] Task 253: validation failed; re-queueing for retry
2026-05-07T23:09:43Z [INFO] Submitting task 253 try 1/3: group=fuzzy_train_multi_seed kind=train config=configs/fuzzy/real_msi_unetpp_resnet50.yaml split=test seed=45 attempt=2
2026-05-07T23:09:43Z [INFO] Submitted task 253 (fuzzy_train_multi_seed, train, configs/fuzzy/real_msi_unetpp_resnet50.yaml, seed=45) as job 826693, attempt 2
2026-05-07T23:09:53Z [INFO] Job 826460 for task 255 has left the Slurm queue; validating output
2026-05-07T23:09:53Z [ERROR] Task 255: status file reports state=failed; seed=47; message=train failed; see outputs/slurm/status/multi_seed_all_no_synth_20260430T192814Z/task_255_attempt_2.log; job_log=outputs/slurm/status/multi_seed_all_no_synth_20260430T192814Z/task_255_attempt_2.log
2026-05-07T23:09:53Z [ERROR] Task 255: validation failed; re-queueing for retry
2026-05-07T23:10:04Z [INFO] Submitting task 255 try 1/3: group=fuzzy_train_multi_seed kind=train config=configs/fuzzy/real_msi_unetpp_resnet50.yaml split=test seed=47 attempt=3
2026-05-07T23:10:04Z [INFO] Submitted task 255 (fuzzy_train_multi_seed, train, configs/fuzzy/real_msi_unetpp_resnet50.yaml, seed=47) as job 826694, attempt 3
2026-05-07T23:10:04Z [INFO] Job 826461 for task 256 has left the Slurm queue; validating output
2026-05-07T23:10:04Z [ERROR] Task 256: status file reports state=failed; seed=48; message=train failed; see outputs/slurm/status/multi_seed_all_no_synth_20260430T192814Z/task_256_attempt_2.log; job_log=outputs/slurm/status/multi_seed_all_no_synth_20260430T192814Z/task_256_attempt_2.log
2026-05-07T23:10:04Z [ERROR] Task 256: validation failed; re-queueing for retry
2026-05-07T23:10:14Z [INFO] Submitting task 256 try 1/3: group=fuzzy_train_multi_seed kind=train config=configs/fuzzy/real_msi_unetpp_resnet50.yaml split=test seed=48 attempt=3
2026-05-07T23:10:14Z [INFO] Submitted task 256 (fuzzy_train_multi_seed, train, configs/fuzzy/real_msi_unetpp_resnet50.yaml, seed=48) as job 826695, attempt 3
2026-05-07T23:10:14Z [INFO] Job 826464 for task 257 has left the Slurm queue; validating output
2026-05-07T23:10:14Z [ERROR] Task 257: status file reports state=failed; seed=49; message=train failed; see outputs/slurm/status/multi_seed_all_no_synth_20260430T192814Z/task_257_attempt_2.log; job_log=outputs/slurm/status/multi_seed_all_no_synth_20260430T192814Z/task_257_attempt_2.log
2026-05-07T23:10:14Z [ERROR] Task 257: validation failed; re-queueing for retry
2026-05-07T23:10:24Z [INFO] Submitting task 257 try 1/3: group=fuzzy_train_multi_seed kind=train config=configs/fuzzy/real_msi_unetpp_resnet50.yaml split=test seed=49 attempt=3
2026-05-07T23:10:25Z [INFO] Submitted task 257 (fuzzy_train_multi_seed, train, configs/fuzzy/real_msi_unetpp_resnet50.yaml, seed=49) as job 826696, attempt 3
2026-05-07T23:10:35Z [INFO] Job 826508 for task 262 has left the Slurm queue; validating output
2026-05-07T23:10:35Z [ERROR] Task 262: status file reports state=failed; seed=44; message=train failed; see outputs/slurm/status/multi_seed_all_no_synth_20260430T192814Z/task_262_attempt_1.log; job_log=outputs/slurm/status/multi_seed_all_no_synth_20260430T192814Z/task_262_attempt_1.log
2026-05-07T23:10:35Z [ERROR] Task 262: validation failed; re-queueing for retry
2026-05-07T23:10:45Z [INFO] Submitting task 262 try 1/3: group=fuzzy_train_multi_seed kind=train config=configs/fuzzy/real_msi_deeplabv3plus_resnet34.yaml split=test seed=44 attempt=2
2026-05-07T23:10:45Z [INFO] Submitted task 262 (fuzzy_train_multi_seed, train, configs/fuzzy/real_msi_deeplabv3plus_resnet34.yaml, seed=44) as job 826697, attempt 2
2026-05-07T23:10:45Z [INFO] Job 826575 for task 263 has left the Slurm queue; validating output
2026-05-07T23:10:46Z [ERROR] Task 263: status file reports state=failed; seed=45; message=train failed; see outputs/slurm/status/multi_seed_all_no_synth_20260430T192814Z/task_263_attempt_1.log; job_log=outputs/slurm/status/multi_seed_all_no_synth_20260430T192814Z/task_263_attempt_1.log
2026-05-07T23:10:46Z [ERROR] Task 263: validation failed; re-queueing for retry
2026-05-07T23:10:56Z [INFO] Submitting task 263 try 1/3: group=fuzzy_train_multi_seed kind=train config=configs/fuzzy/real_msi_deeplabv3plus_resnet34.yaml split=test seed=45 attempt=2
2026-05-07T23:10:56Z [INFO] Submitted task 263 (fuzzy_train_multi_seed, train, configs/fuzzy/real_msi_deeplabv3plus_resnet34.yaml, seed=45) as job 826698, attempt 2
2026-05-07T23:10:56Z [INFO] Job 826637 for task 264 has left the Slurm queue; validating output
2026-05-07T23:10:56Z [ERROR] Task 264: status file reports state=failed; seed=46; message=train failed; see outputs/slurm/status/multi_seed_all_no_synth_20260430T192814Z/task_264_attempt_1.log; job_log=outputs/slurm/status/multi_seed_all_no_synth_20260430T192814Z/task_264_attempt_1.log
2026-05-07T23:10:56Z [ERROR] Task 264: validation failed; re-queueing for retry
2026-05-07T23:11:06Z [INFO] Submitting task 264 try 1/3: group=fuzzy_train_multi_seed kind=train config=configs/fuzzy/real_msi_deeplabv3plus_resnet34.yaml split=test seed=46 attempt=2
2026-05-07T23:11:06Z [INFO] Submitted task 264 (fuzzy_train_multi_seed, train, configs/fuzzy/real_msi_deeplabv3plus_resnet34.yaml, seed=46) as job 826699, attempt 2
2026-05-08T00:07:05Z [INFO] Job 825176 for task 251 has left the Slurm queue; validating output
2026-05-08T00:07:06Z [INFO] Task 251 completed successfully
2026-05-08T00:07:16Z [INFO] Submitting task 267 try 1/3: group=fuzzy_train_multi_seed kind=train config=configs/fuzzy/real_msi_deeplabv3plus_resnet34.yaml split=test seed=49 attempt=1
2026-05-08T00:07:16Z [INFO] Submitted task 267 (fuzzy_train_multi_seed, train, configs/fuzzy/real_msi_deeplabv3plus_resnet34.yaml, seed=49) as job 826704, attempt 1
2026-05-08T00:12:28Z [INFO] Job 825154 for task 249 has left the Slurm queue; validating output
2026-05-08T00:12:28Z [ERROR] Task 249: missing status file outputs/slurm/status/multi_seed_all_no_synth_20260430T192814Z/task_249_attempt_1.status
2026-05-08T00:12:28Z [ERROR] Task 249: validation failed; re-queueing for retry
2026-05-08T00:12:39Z [INFO] Submitting task 249 try 1/3: group=fuzzy_train_multi_seed kind=train config=configs/fuzzy/real_msi_unetpp_resnet34.yaml split=test seed=51 attempt=2
2026-05-08T00:12:39Z [INFO] Submitted task 249 (fuzzy_train_multi_seed, train, configs/fuzzy/real_msi_unetpp_resnet34.yaml, seed=51) as job 826705, attempt 2
2026-05-08T00:17:36Z [INFO] Job 826693 for task 253 has left the Slurm queue; validating output
2026-05-08T00:17:37Z [ERROR] Task 253: status file reports state=failed; seed=45; message=train failed; see outputs/slurm/status/multi_seed_all_no_synth_20260430T192814Z/task_253_attempt_2.log; job_log=outputs/slurm/status/multi_seed_all_no_synth_20260430T192814Z/task_253_attempt_2.log
2026-05-08T00:17:37Z [ERROR] Task 253: validation failed; re-queueing for retry
2026-05-08T00:17:47Z [INFO] Submitting task 253 try 1/3: group=fuzzy_train_multi_seed kind=train config=configs/fuzzy/real_msi_unetpp_resnet50.yaml split=test seed=45 attempt=3
2026-05-08T00:17:47Z [INFO] Submitted task 253 (fuzzy_train_multi_seed, train, configs/fuzzy/real_msi_unetpp_resnet50.yaml, seed=45) as job 826708, attempt 3
2026-05-08T00:18:07Z [INFO] Job 826694 for task 255 has left the Slurm queue; validating output
2026-05-08T00:18:08Z [ERROR] Task 255: status file reports state=failed; seed=47; message=train failed; see outputs/slurm/status/multi_seed_all_no_synth_20260430T192814Z/task_255_attempt_3.log; job_log=outputs/slurm/status/multi_seed_all_no_synth_20260430T192814Z/task_255_attempt_3.log
2026-05-08T00:18:08Z [ERROR] Task 255: validation failed; re-queueing for retry
2026-05-08T00:18:18Z [INFO] Submitting task 255 try 1/3: group=fuzzy_train_multi_seed kind=train config=configs/fuzzy/real_msi_unetpp_resnet50.yaml split=test seed=47 attempt=4
2026-05-08T00:18:18Z [INFO] Submitted task 255 (fuzzy_train_multi_seed, train, configs/fuzzy/real_msi_unetpp_resnet50.yaml, seed=47) as job 826709, attempt 4
2026-05-08T00:18:38Z [INFO] Job 826695 for task 256 has left the Slurm queue; validating output
2026-05-08T00:18:38Z [ERROR] Task 256: status file reports state=failed; seed=48; message=train failed; see outputs/slurm/status/multi_seed_all_no_synth_20260430T192814Z/task_256_attempt_3.log; job_log=outputs/slurm/status/multi_seed_all_no_synth_20260430T192814Z/task_256_attempt_3.log
2026-05-08T00:18:38Z [ERROR] Task 256: validation failed; re-queueing for retry
2026-05-08T00:18:49Z [INFO] Submitting task 256 try 1/3: group=fuzzy_train_multi_seed kind=train config=configs/fuzzy/real_msi_unetpp_resnet50.yaml split=test seed=48 attempt=4
2026-05-08T00:18:49Z [INFO] Submitted task 256 (fuzzy_train_multi_seed, train, configs/fuzzy/real_msi_unetpp_resnet50.yaml, seed=48) as job 826710, attempt 4
2026-05-08T00:19:09Z [INFO] Job 826696 for task 257 has left the Slurm queue; validating output
2026-05-08T00:19:09Z [ERROR] Task 257: status file reports state=failed; seed=49; message=train failed; see outputs/slurm/status/multi_seed_all_no_synth_20260430T192814Z/task_257_attempt_3.log; job_log=outputs/slurm/status/multi_seed_all_no_synth_20260430T192814Z/task_257_attempt_3.log
2026-05-08T00:19:09Z [ERROR] Task 257: validation failed; re-queueing for retry
2026-05-08T00:19:20Z [INFO] Submitting task 257 try 1/3: group=fuzzy_train_multi_seed kind=train config=configs/fuzzy/real_msi_unetpp_resnet50.yaml split=test seed=49 attempt=4
2026-05-08T00:19:20Z [INFO] Submitted task 257 (fuzzy_train_multi_seed, train, configs/fuzzy/real_msi_unetpp_resnet50.yaml, seed=49) as job 826711, attempt 4
2026-05-08T00:19:40Z [INFO] Job 826697 for task 262 has left the Slurm queue; validating output
2026-05-08T00:19:41Z [ERROR] Task 262: status file reports state=failed; seed=44; message=train failed; see outputs/slurm/status/multi_seed_all_no_synth_20260430T192814Z/task_262_attempt_2.log; job_log=outputs/slurm/status/multi_seed_all_no_synth_20260430T192814Z/task_262_attempt_2.log
2026-05-08T00:19:41Z [ERROR] Task 262: validation failed; re-queueing for retry
2026-05-08T00:19:51Z [INFO] Submitting task 262 try 1/3: group=fuzzy_train_multi_seed kind=train config=configs/fuzzy/real_msi_deeplabv3plus_resnet34.yaml split=test seed=44 attempt=3
2026-05-08T00:19:51Z [INFO] Submitted task 262 (fuzzy_train_multi_seed, train, configs/fuzzy/real_msi_deeplabv3plus_resnet34.yaml, seed=44) as job 826712, attempt 3
2026-05-08T00:20:01Z [INFO] Job 826698 for task 263 has left the Slurm queue; validating output
2026-05-08T00:20:01Z [ERROR] Task 263: status file reports state=failed; seed=45; message=train failed; see outputs/slurm/status/multi_seed_all_no_synth_20260430T192814Z/task_263_attempt_2.log; job_log=outputs/slurm/status/multi_seed_all_no_synth_20260430T192814Z/task_263_attempt_2.log
2026-05-08T00:20:01Z [ERROR] Task 263: validation failed; re-queueing for retry
2026-05-08T00:20:11Z [INFO] Submitting task 263 try 1/3: group=fuzzy_train_multi_seed kind=train config=configs/fuzzy/real_msi_deeplabv3plus_resnet34.yaml split=test seed=45 attempt=3
2026-05-08T00:20:11Z [INFO] Submitted task 263 (fuzzy_train_multi_seed, train, configs/fuzzy/real_msi_deeplabv3plus_resnet34.yaml, seed=45) as job 826713, attempt 3
2026-05-08T00:20:32Z [INFO] Job 826699 for task 264 has left the Slurm queue; validating output
2026-05-08T00:20:32Z [ERROR] Task 264: status file reports state=failed; seed=46; message=train failed; see outputs/slurm/status/multi_seed_all_no_synth_20260430T192814Z/task_264_attempt_2.log; job_log=outputs/slurm/status/multi_seed_all_no_synth_20260430T192814Z/task_264_attempt_2.log
2026-05-08T00:20:32Z [ERROR] Task 264: validation failed; re-queueing for retry
2026-05-08T00:20:42Z [INFO] Submitting task 264 try 1/3: group=fuzzy_train_multi_seed kind=train config=configs/fuzzy/real_msi_deeplabv3plus_resnet34.yaml split=test seed=46 attempt=3
2026-05-08T00:20:42Z [INFO] Submitted task 264 (fuzzy_train_multi_seed, train, configs/fuzzy/real_msi_deeplabv3plus_resnet34.yaml, seed=46) as job 826714, attempt 3
2026-05-08T00:21:34Z [INFO] Job 826704 for task 267 has left the Slurm queue; validating output
2026-05-08T00:21:34Z [ERROR] Task 267: status file reports state=failed; seed=49; message=train failed; see outputs/slurm/status/multi_seed_all_no_synth_20260430T192814Z/task_267_attempt_1.log; job_log=outputs/slurm/status/multi_seed_all_no_synth_20260430T192814Z/task_267_attempt_1.log
2026-05-08T00:21:34Z [ERROR] Task 267: validation failed; re-queueing for retry
2026-05-08T00:21:44Z [INFO] Submitting task 267 try 1/3: group=fuzzy_train_multi_seed kind=train config=configs/fuzzy/real_msi_deeplabv3plus_resnet34.yaml split=test seed=49 attempt=2
2026-05-08T00:21:45Z [INFO] Submitted task 267 (fuzzy_train_multi_seed, train, configs/fuzzy/real_msi_deeplabv3plus_resnet34.yaml, seed=49) as job 826715, attempt 2
2026-05-08T00:22:05Z [INFO] Job 826705 for task 249 has left the Slurm queue; validating output
2026-05-08T00:22:05Z [ERROR] Task 249: status file reports state=failed; seed=51; message=train failed; see outputs/slurm/status/multi_seed_all_no_synth_20260430T192814Z/task_249_attempt_2.log; job_log=outputs/slurm/status/multi_seed_all_no_synth_20260430T192814Z/task_249_attempt_2.log
2026-05-08T00:22:05Z [ERROR] Task 249: validation failed; re-queueing for retry
2026-05-08T00:22:15Z [INFO] Submitting task 249 try 1/3: group=fuzzy_train_multi_seed kind=train config=configs/fuzzy/real_msi_unetpp_resnet34.yaml split=test seed=51 attempt=3
2026-05-08T00:22:16Z [INFO] Submitted task 249 (fuzzy_train_multi_seed, train, configs/fuzzy/real_msi_unetpp_resnet34.yaml, seed=51) as job 826716, attempt 3
2026-05-08T00:22:36Z [INFO] Job 826708 for task 253 has left the Slurm queue; validating output
2026-05-08T00:22:37Z [ERROR] Task 253: status file reports state=failed; seed=45; message=train failed; see outputs/slurm/status/multi_seed_all_no_synth_20260430T192814Z/task_253_attempt_3.log; job_log=outputs/slurm/status/multi_seed_all_no_synth_20260430T192814Z/task_253_attempt_3.log
2026-05-08T00:22:37Z [ERROR] Task 253: validation failed; re-queueing for retry
2026-05-08T00:22:47Z [INFO] Submitting task 253 try 1/3: group=fuzzy_train_multi_seed kind=train config=configs/fuzzy/real_msi_unetpp_resnet50.yaml split=test seed=45 attempt=4
2026-05-08T00:22:47Z [INFO] Submitted task 253 (fuzzy_train_multi_seed, train, configs/fuzzy/real_msi_unetpp_resnet50.yaml, seed=45) as job 826717, attempt 4
2026-05-08T00:23:07Z [INFO] Job 826709 for task 255 has left the Slurm queue; validating output
2026-05-08T00:23:08Z [ERROR] Task 255: status file reports state=failed; seed=47; message=train failed; see outputs/slurm/status/multi_seed_all_no_synth_20260430T192814Z/task_255_attempt_4.log; job_log=outputs/slurm/status/multi_seed_all_no_synth_20260430T192814Z/task_255_attempt_4.log
2026-05-08T00:23:08Z [ERROR] Task 255: permanent failure after 4 attempt(s)
2026-05-08T00:23:18Z [INFO] Submitting task 268 try 1/3: group=fuzzy_train_multi_seed kind=train config=configs/fuzzy/real_msi_deeplabv3plus_resnet34.yaml split=test seed=50 attempt=1
2026-05-08T00:23:18Z [INFO] Submitted task 268 (fuzzy_train_multi_seed, train, configs/fuzzy/real_msi_deeplabv3plus_resnet34.yaml, seed=50) as job 826718, attempt 1
2026-05-08T00:23:38Z [INFO] Job 826710 for task 256 has left the Slurm queue; validating output
2026-05-08T00:23:39Z [ERROR] Task 256: status file reports state=failed; seed=48; message=train failed; see outputs/slurm/status/multi_seed_all_no_synth_20260430T192814Z/task_256_attempt_4.log; job_log=outputs/slurm/status/multi_seed_all_no_synth_20260430T192814Z/task_256_attempt_4.log
2026-05-08T00:23:39Z [ERROR] Task 256: permanent failure after 4 attempt(s)
2026-05-08T00:23:49Z [INFO] Submitting task 269 try 1/3: group=fuzzy_train_multi_seed kind=train config=configs/fuzzy/real_msi_deeplabv3plus_resnet34.yaml split=test seed=51 attempt=1
2026-05-08T00:23:49Z [INFO] Submitted task 269 (fuzzy_train_multi_seed, train, configs/fuzzy/real_msi_deeplabv3plus_resnet34.yaml, seed=51) as job 826719, attempt 1
2026-05-08T00:24:10Z [INFO] Job 826711 for task 257 has left the Slurm queue; validating output
2026-05-08T00:24:10Z [ERROR] Task 257: status file reports state=failed; seed=49; message=train failed; see outputs/slurm/status/multi_seed_all_no_synth_20260430T192814Z/task_257_attempt_4.log; job_log=outputs/slurm/status/multi_seed_all_no_synth_20260430T192814Z/task_257_attempt_4.log
2026-05-08T00:24:10Z [ERROR] Task 257: permanent failure after 4 attempt(s)
2026-05-08T00:24:20Z [INFO] Submitting task 270 try 1/3: group=fuzzy_train_multi_seed kind=train config=configs/fuzzy/real_msi_deeplabv3plus_resnet50.yaml split=test seed=42 attempt=1
2026-05-08T00:24:20Z [INFO] Submitted task 270 (fuzzy_train_multi_seed, train, configs/fuzzy/real_msi_deeplabv3plus_resnet50.yaml, seed=42) as job 826721, attempt 1
2026-05-08T00:24:31Z [INFO] Job 826712 for task 262 has left the Slurm queue; validating output
2026-05-08T00:24:31Z [ERROR] Task 262: status file reports state=failed; seed=44; message=train failed; see outputs/slurm/status/multi_seed_all_no_synth_20260430T192814Z/task_262_attempt_3.log; job_log=outputs/slurm/status/multi_seed_all_no_synth_20260430T192814Z/task_262_attempt_3.log
2026-05-08T00:24:31Z [ERROR] Task 262: validation failed; re-queueing for retry
2026-05-08T00:24:41Z [INFO] Submitting task 262 try 1/3: group=fuzzy_train_multi_seed kind=train config=configs/fuzzy/real_msi_deeplabv3plus_resnet34.yaml split=test seed=44 attempt=4
2026-05-08T00:24:41Z [INFO] Submitted task 262 (fuzzy_train_multi_seed, train, configs/fuzzy/real_msi_deeplabv3plus_resnet34.yaml, seed=44) as job 826722, attempt 4
2026-05-08T00:25:02Z [INFO] Job 826713 for task 263 has left the Slurm queue; validating output
2026-05-08T00:25:02Z [ERROR] Task 263: status file reports state=failed; seed=45; message=train failed; see outputs/slurm/status/multi_seed_all_no_synth_20260430T192814Z/task_263_attempt_3.log; job_log=outputs/slurm/status/multi_seed_all_no_synth_20260430T192814Z/task_263_attempt_3.log
2026-05-08T00:25:02Z [ERROR] Task 263: validation failed; re-queueing for retry
2026-05-08T00:25:12Z [INFO] Submitting task 263 try 1/3: group=fuzzy_train_multi_seed kind=train config=configs/fuzzy/real_msi_deeplabv3plus_resnet34.yaml split=test seed=45 attempt=4
2026-05-08T00:25:12Z [INFO] Submitted task 263 (fuzzy_train_multi_seed, train, configs/fuzzy/real_msi_deeplabv3plus_resnet34.yaml, seed=45) as job 826723, attempt 4
2026-05-08T00:25:33Z [INFO] Job 826714 for task 264 has left the Slurm queue; validating output
2026-05-08T00:25:33Z [ERROR] Task 264: status file reports state=failed; seed=46; message=train failed; see outputs/slurm/status/multi_seed_all_no_synth_20260430T192814Z/task_264_attempt_3.log; job_log=outputs/slurm/status/multi_seed_all_no_synth_20260430T192814Z/task_264_attempt_3.log
2026-05-08T00:25:33Z [ERROR] Task 264: validation failed; re-queueing for retry
2026-05-08T00:25:43Z [INFO] Submitting task 264 try 1/3: group=fuzzy_train_multi_seed kind=train config=configs/fuzzy/real_msi_deeplabv3plus_resnet34.yaml split=test seed=46 attempt=4
2026-05-08T00:25:43Z [INFO] Submitted task 264 (fuzzy_train_multi_seed, train, configs/fuzzy/real_msi_deeplabv3plus_resnet34.yaml, seed=46) as job 826724, attempt 4
2026-05-08T00:26:04Z [INFO] Job 826715 for task 267 has left the Slurm queue; validating output
2026-05-08T00:26:04Z [ERROR] Task 267: status file reports state=failed; seed=49; message=train failed; see outputs/slurm/status/multi_seed_all_no_synth_20260430T192814Z/task_267_attempt_2.log; job_log=outputs/slurm/status/multi_seed_all_no_synth_20260430T192814Z/task_267_attempt_2.log
2026-05-08T00:26:04Z [ERROR] Task 267: validation failed; re-queueing for retry
2026-05-08T00:26:14Z [INFO] Submitting task 267 try 1/3: group=fuzzy_train_multi_seed kind=train config=configs/fuzzy/real_msi_deeplabv3plus_resnet34.yaml split=test seed=49 attempt=3
2026-05-08T00:26:14Z [INFO] Submitted task 267 (fuzzy_train_multi_seed, train, configs/fuzzy/real_msi_deeplabv3plus_resnet34.yaml, seed=49) as job 826725, attempt 3
2026-05-08T00:26:35Z [INFO] Job 826716 for task 249 has left the Slurm queue; validating output
2026-05-08T00:26:35Z [ERROR] Task 249: status file reports state=failed; seed=51; message=train failed; see outputs/slurm/status/multi_seed_all_no_synth_20260430T192814Z/task_249_attempt_3.log; job_log=outputs/slurm/status/multi_seed_all_no_synth_20260430T192814Z/task_249_attempt_3.log
2026-05-08T00:26:35Z [ERROR] Task 249: validation failed; re-queueing for retry
2026-05-08T00:26:45Z [INFO] Submitting task 249 try 1/3: group=fuzzy_train_multi_seed kind=train config=configs/fuzzy/real_msi_unetpp_resnet34.yaml split=test seed=51 attempt=4
2026-05-08T00:26:45Z [INFO] Submitted task 249 (fuzzy_train_multi_seed, train, configs/fuzzy/real_msi_unetpp_resnet34.yaml, seed=51) as job 826726, attempt 4
2026-05-08T00:27:06Z [INFO] Job 826717 for task 253 has left the Slurm queue; validating output
2026-05-08T00:27:06Z [ERROR] Task 253: status file reports state=failed; seed=45; message=train failed; see outputs/slurm/status/multi_seed_all_no_synth_20260430T192814Z/task_253_attempt_4.log; job_log=outputs/slurm/status/multi_seed_all_no_synth_20260430T192814Z/task_253_attempt_4.log
2026-05-08T00:27:06Z [ERROR] Task 253: permanent failure after 4 attempt(s)
2026-05-08T00:27:16Z [INFO] Submitting task 271 try 1/3: group=fuzzy_train_multi_seed kind=train config=configs/fuzzy/real_msi_deeplabv3plus_resnet50.yaml split=test seed=43 attempt=1
2026-05-08T00:27:16Z [INFO] Submitted task 271 (fuzzy_train_multi_seed, train, configs/fuzzy/real_msi_deeplabv3plus_resnet50.yaml, seed=43) as job 826727, attempt 1
2026-05-08T00:27:37Z [INFO] Job 826718 for task 268 has left the Slurm queue; validating output
2026-05-08T00:27:37Z [ERROR] Task 268: status file reports state=failed; seed=50; message=train failed; see outputs/slurm/status/multi_seed_all_no_synth_20260430T192814Z/task_268_attempt_1.log; job_log=outputs/slurm/status/multi_seed_all_no_synth_20260430T192814Z/task_268_attempt_1.log
2026-05-08T00:27:37Z [ERROR] Task 268: validation failed; re-queueing for retry
2026-05-08T00:27:48Z [INFO] Submitting task 268 try 1/3: group=fuzzy_train_multi_seed kind=train config=configs/fuzzy/real_msi_deeplabv3plus_resnet34.yaml split=test seed=50 attempt=2
2026-05-08T00:27:48Z [INFO] Submitted task 268 (fuzzy_train_multi_seed, train, configs/fuzzy/real_msi_deeplabv3plus_resnet34.yaml, seed=50) as job 826728, attempt 2
2026-05-08T00:28:08Z [INFO] Job 826719 for task 269 has left the Slurm queue; validating output
2026-05-08T00:28:08Z [ERROR] Task 269: status file reports state=failed; seed=51; message=train failed; see outputs/slurm/status/multi_seed_all_no_synth_20260430T192814Z/task_269_attempt_1.log; job_log=outputs/slurm/status/multi_seed_all_no_synth_20260430T192814Z/task_269_attempt_1.log
2026-05-08T00:28:08Z [ERROR] Task 269: validation failed; re-queueing for retry
2026-05-08T00:28:18Z [INFO] Submitting task 269 try 1/3: group=fuzzy_train_multi_seed kind=train config=configs/fuzzy/real_msi_deeplabv3plus_resnet34.yaml split=test seed=51 attempt=2
2026-05-08T00:28:18Z [INFO] Submitted task 269 (fuzzy_train_multi_seed, train, configs/fuzzy/real_msi_deeplabv3plus_resnet34.yaml, seed=51) as job 826729, attempt 2
2026-05-08T00:28:39Z [INFO] Job 826721 for task 270 has left the Slurm queue; validating output
2026-05-08T00:28:39Z [ERROR] Task 270: status file reports state=failed; seed=42; message=train failed; see outputs/slurm/status/multi_seed_all_no_synth_20260430T192814Z/task_270_attempt_1.log; job_log=outputs/slurm/status/multi_seed_all_no_synth_20260430T192814Z/task_270_attempt_1.log
2026-05-08T00:28:39Z [ERROR] Task 270: validation failed; re-queueing for retry
2026-05-08T00:28:49Z [INFO] Submitting task 270 try 1/3: group=fuzzy_train_multi_seed kind=train config=configs/fuzzy/real_msi_deeplabv3plus_resnet50.yaml split=test seed=42 attempt=2
2026-05-08T00:28:49Z [INFO] Submitted task 270 (fuzzy_train_multi_seed, train, configs/fuzzy/real_msi_deeplabv3plus_resnet50.yaml, seed=42) as job 826730, attempt 2
2026-05-08T00:29:00Z [INFO] Job 826722 for task 262 has left the Slurm queue; validating output
2026-05-08T00:29:00Z [ERROR] Task 262: status file reports state=failed; seed=44; message=train failed; see outputs/slurm/status/multi_seed_all_no_synth_20260430T192814Z/task_262_attempt_4.log; job_log=outputs/slurm/status/multi_seed_all_no_synth_20260430T192814Z/task_262_attempt_4.log
2026-05-08T00:29:00Z [ERROR] Task 262: permanent failure after 4 attempt(s)
2026-05-08T00:29:10Z [INFO] Submitting task 272 try 1/3: group=fuzzy_train_multi_seed kind=train config=configs/fuzzy/real_msi_deeplabv3plus_resnet50.yaml split=test seed=44 attempt=1
2026-05-08T00:29:10Z [INFO] Submitted task 272 (fuzzy_train_multi_seed, train, configs/fuzzy/real_msi_deeplabv3plus_resnet50.yaml, seed=44) as job 826731, attempt 1
2026-05-08T00:29:31Z [INFO] Job 826723 for task 263 has left the Slurm queue; validating output
2026-05-08T00:29:31Z [ERROR] Task 263: status file reports state=failed; seed=45; message=train failed; see outputs/slurm/status/multi_seed_all_no_synth_20260430T192814Z/task_263_attempt_4.log; job_log=outputs/slurm/status/multi_seed_all_no_synth_20260430T192814Z/task_263_attempt_4.log
2026-05-08T00:29:31Z [ERROR] Task 263: permanent failure after 4 attempt(s)
2026-05-08T00:29:41Z [INFO] Submitting task 273 try 1/3: group=fuzzy_train_multi_seed kind=train config=configs/fuzzy/real_msi_deeplabv3plus_resnet50.yaml split=test seed=45 attempt=1
2026-05-08T00:29:41Z [INFO] Submitted task 273 (fuzzy_train_multi_seed, train, configs/fuzzy/real_msi_deeplabv3plus_resnet50.yaml, seed=45) as job 826732, attempt 1
2026-05-08T00:30:02Z [INFO] Job 826724 for task 264 has left the Slurm queue; validating output
2026-05-08T00:30:02Z [ERROR] Task 264: status file reports state=failed; seed=46; message=train failed; see outputs/slurm/status/multi_seed_all_no_synth_20260430T192814Z/task_264_attempt_4.log; job_log=outputs/slurm/status/multi_seed_all_no_synth_20260430T192814Z/task_264_attempt_4.log
2026-05-08T00:30:02Z [ERROR] Task 264: permanent failure after 4 attempt(s)
2026-05-08T00:30:12Z [INFO] Submitting task 274 try 1/3: group=fuzzy_train_multi_seed kind=train config=configs/fuzzy/real_msi_deeplabv3plus_resnet50.yaml split=test seed=46 attempt=1
2026-05-08T00:30:12Z [INFO] Submitted task 274 (fuzzy_train_multi_seed, train, configs/fuzzy/real_msi_deeplabv3plus_resnet50.yaml, seed=46) as job 826733, attempt 1
2026-05-08T00:30:32Z [INFO] Job 826725 for task 267 has left the Slurm queue; validating output
2026-05-08T00:30:33Z [ERROR] Task 267: status file reports state=failed; seed=49; message=train failed; see outputs/slurm/status/multi_seed_all_no_synth_20260430T192814Z/task_267_attempt_3.log; job_log=outputs/slurm/status/multi_seed_all_no_synth_20260430T192814Z/task_267_attempt_3.log
2026-05-08T00:30:33Z [ERROR] Task 267: validation failed; re-queueing for retry
2026-05-08T00:30:43Z [INFO] Submitting task 267 try 1/3: group=fuzzy_train_multi_seed kind=train config=configs/fuzzy/real_msi_deeplabv3plus_resnet34.yaml split=test seed=49 attempt=4
2026-05-08T00:30:43Z [INFO] Submitted task 267 (fuzzy_train_multi_seed, train, configs/fuzzy/real_msi_deeplabv3plus_resnet34.yaml, seed=49) as job 826734, attempt 4
2026-05-08T00:31:04Z [INFO] Job 826726 for task 249 has left the Slurm queue; validating output
2026-05-08T00:31:04Z [ERROR] Task 249: status file reports state=failed; seed=51; message=train failed; see outputs/slurm/status/multi_seed_all_no_synth_20260430T192814Z/task_249_attempt_4.log; job_log=outputs/slurm/status/multi_seed_all_no_synth_20260430T192814Z/task_249_attempt_4.log
2026-05-08T00:31:04Z [ERROR] Task 249: permanent failure after 4 attempt(s)
2026-05-08T00:31:14Z [INFO] Submitting task 275 try 1/3: group=fuzzy_train_multi_seed kind=train config=configs/fuzzy/real_msi_deeplabv3plus_resnet50.yaml split=test seed=47 attempt=1
2026-05-08T00:31:14Z [INFO] Submitted task 275 (fuzzy_train_multi_seed, train, configs/fuzzy/real_msi_deeplabv3plus_resnet50.yaml, seed=47) as job 826735, attempt 1
2026-05-08T00:31:35Z [INFO] Job 826727 for task 271 has left the Slurm queue; validating output
2026-05-08T00:31:36Z [ERROR] Task 271: status file reports state=failed; seed=43; message=train failed; see outputs/slurm/status/multi_seed_all_no_synth_20260430T192814Z/task_271_attempt_1.log; job_log=outputs/slurm/status/multi_seed_all_no_synth_20260430T192814Z/task_271_attempt_1.log
2026-05-08T00:31:36Z [ERROR] Task 271: validation failed; re-queueing for retry
2026-05-08T00:31:46Z [INFO] Submitting task 271 try 1/3: group=fuzzy_train_multi_seed kind=train config=configs/fuzzy/real_msi_deeplabv3plus_resnet50.yaml split=test seed=43 attempt=2
2026-05-08T00:31:46Z [INFO] Submitted task 271 (fuzzy_train_multi_seed, train, configs/fuzzy/real_msi_deeplabv3plus_resnet50.yaml, seed=43) as job 826736, attempt 2
2026-05-08T00:32:06Z [INFO] Job 826728 for task 268 has left the Slurm queue; validating output
2026-05-08T00:32:06Z [ERROR] Task 268: status file reports state=failed; seed=50; message=train failed; see outputs/slurm/status/multi_seed_all_no_synth_20260430T192814Z/task_268_attempt_2.log; job_log=outputs/slurm/status/multi_seed_all_no_synth_20260430T192814Z/task_268_attempt_2.log
2026-05-08T00:32:06Z [ERROR] Task 268: validation failed; re-queueing for retry
2026-05-08T00:32:17Z [INFO] Submitting task 268 try 1/3: group=fuzzy_train_multi_seed kind=train config=configs/fuzzy/real_msi_deeplabv3plus_resnet34.yaml split=test seed=50 attempt=3
2026-05-08T00:32:17Z [INFO] Submitted task 268 (fuzzy_train_multi_seed, train, configs/fuzzy/real_msi_deeplabv3plus_resnet34.yaml, seed=50) as job 826737, attempt 3
2026-05-08T00:32:37Z [INFO] Job 826729 for task 269 has left the Slurm queue; validating output
2026-05-08T00:32:37Z [ERROR] Task 269: status file reports state=failed; seed=51; message=train failed; see outputs/slurm/status/multi_seed_all_no_synth_20260430T192814Z/task_269_attempt_2.log; job_log=outputs/slurm/status/multi_seed_all_no_synth_20260430T192814Z/task_269_attempt_2.log
2026-05-08T00:32:37Z [ERROR] Task 269: validation failed; re-queueing for retry
2026-05-08T00:32:47Z [INFO] Submitting task 269 try 1/3: group=fuzzy_train_multi_seed kind=train config=configs/fuzzy/real_msi_deeplabv3plus_resnet34.yaml split=test seed=51 attempt=3
2026-05-08T00:32:47Z [INFO] Submitted task 269 (fuzzy_train_multi_seed, train, configs/fuzzy/real_msi_deeplabv3plus_resnet34.yaml, seed=51) as job 826738, attempt 3
2026-05-08T00:33:08Z [INFO] Job 826730 for task 270 has left the Slurm queue; validating output
2026-05-08T00:33:08Z [ERROR] Task 270: status file reports state=failed; seed=42; message=train failed; see outputs/slurm/status/multi_seed_all_no_synth_20260430T192814Z/task_270_attempt_2.log; job_log=outputs/slurm/status/multi_seed_all_no_synth_20260430T192814Z/task_270_attempt_2.log
2026-05-08T00:33:08Z [ERROR] Task 270: validation failed; re-queueing for retry
2026-05-08T00:33:18Z [INFO] Submitting task 270 try 1/3: group=fuzzy_train_multi_seed kind=train config=configs/fuzzy/real_msi_deeplabv3plus_resnet50.yaml split=test seed=42 attempt=3
2026-05-08T00:33:18Z [INFO] Submitted task 270 (fuzzy_train_multi_seed, train, configs/fuzzy/real_msi_deeplabv3plus_resnet50.yaml, seed=42) as job 826739, attempt 3
2026-05-08T00:33:39Z [INFO] Job 826731 for task 272 has left the Slurm queue; validating output
2026-05-08T00:33:39Z [ERROR] Task 272: status file reports state=failed; seed=44; message=train failed; see outputs/slurm/status/multi_seed_all_no_synth_20260430T192814Z/task_272_attempt_1.log; job_log=outputs/slurm/status/multi_seed_all_no_synth_20260430T192814Z/task_272_attempt_1.log
2026-05-08T00:33:39Z [ERROR] Task 272: validation failed; re-queueing for retry
2026-05-08T00:33:49Z [INFO] Submitting task 272 try 1/3: group=fuzzy_train_multi_seed kind=train config=configs/fuzzy/real_msi_deeplabv3plus_resnet50.yaml split=test seed=44 attempt=2
2026-05-08T00:33:49Z [INFO] Submitted task 272 (fuzzy_train_multi_seed, train, configs/fuzzy/real_msi_deeplabv3plus_resnet50.yaml, seed=44) as job 826740, attempt 2
2026-05-08T00:34:10Z [INFO] Job 826732 for task 273 has left the Slurm queue; validating output
2026-05-08T00:34:10Z [ERROR] Task 273: status file reports state=failed; seed=45; message=train failed; see outputs/slurm/status/multi_seed_all_no_synth_20260430T192814Z/task_273_attempt_1.log; job_log=outputs/slurm/status/multi_seed_all_no_synth_20260430T192814Z/task_273_attempt_1.log
2026-05-08T00:34:10Z [ERROR] Task 273: validation failed; re-queueing for retry
2026-05-08T00:34:20Z [INFO] Submitting task 273 try 1/3: group=fuzzy_train_multi_seed kind=train config=configs/fuzzy/real_msi_deeplabv3plus_resnet50.yaml split=test seed=45 attempt=2
2026-05-08T00:34:20Z [INFO] Submitted task 273 (fuzzy_train_multi_seed, train, configs/fuzzy/real_msi_deeplabv3plus_resnet50.yaml, seed=45) as job 826741, attempt 2
2026-05-08T00:34:41Z [INFO] Job 826733 for task 274 has left the Slurm queue; validating output
2026-05-08T00:34:41Z [ERROR] Task 274: status file reports state=failed; seed=46; message=train failed; see outputs/slurm/status/multi_seed_all_no_synth_20260430T192814Z/task_274_attempt_1.log; job_log=outputs/slurm/status/multi_seed_all_no_synth_20260430T192814Z/task_274_attempt_1.log
2026-05-08T00:34:41Z [ERROR] Task 274: validation failed; re-queueing for retry
2026-05-08T00:34:51Z [INFO] Submitting task 274 try 1/3: group=fuzzy_train_multi_seed kind=train config=configs/fuzzy/real_msi_deeplabv3plus_resnet50.yaml split=test seed=46 attempt=2
2026-05-08T00:34:51Z [INFO] Submitted task 274 (fuzzy_train_multi_seed, train, configs/fuzzy/real_msi_deeplabv3plus_resnet50.yaml, seed=46) as job 826742, attempt 2
2026-05-08T00:35:12Z [INFO] Job 826734 for task 267 has left the Slurm queue; validating output
2026-05-08T00:35:12Z [ERROR] Task 267: status file reports state=failed; seed=49; message=train failed; see outputs/slurm/status/multi_seed_all_no_synth_20260430T192814Z/task_267_attempt_4.log; job_log=outputs/slurm/status/multi_seed_all_no_synth_20260430T192814Z/task_267_attempt_4.log
2026-05-08T00:35:12Z [ERROR] Task 267: permanent failure after 4 attempt(s)
2026-05-08T00:35:22Z [INFO] Submitting task 276 try 1/3: group=fuzzy_train_multi_seed kind=train config=configs/fuzzy/real_msi_deeplabv3plus_resnet50.yaml split=test seed=48 attempt=1
2026-05-08T00:35:22Z [INFO] Submitted task 276 (fuzzy_train_multi_seed, train, configs/fuzzy/real_msi_deeplabv3plus_resnet50.yaml, seed=48) as job 826743, attempt 1
2026-05-08T00:35:33Z [INFO] Job 826735 for task 275 has left the Slurm queue; validating output
2026-05-08T00:35:33Z [ERROR] Task 275: status file reports state=failed; seed=47; message=train failed; see outputs/slurm/status/multi_seed_all_no_synth_20260430T192814Z/task_275_attempt_1.log; job_log=outputs/slurm/status/multi_seed_all_no_synth_20260430T192814Z/task_275_attempt_1.log
2026-05-08T00:35:33Z [ERROR] Task 275: validation failed; re-queueing for retry
2026-05-08T00:35:43Z [INFO] Submitting task 275 try 1/3: group=fuzzy_train_multi_seed kind=train config=configs/fuzzy/real_msi_deeplabv3plus_resnet50.yaml split=test seed=47 attempt=2
2026-05-08T00:35:43Z [INFO] Submitted task 275 (fuzzy_train_multi_seed, train, configs/fuzzy/real_msi_deeplabv3plus_resnet50.yaml, seed=47) as job 826744, attempt 2
2026-05-08T00:36:03Z [INFO] Job 826736 for task 271 has left the Slurm queue; validating output
2026-05-08T00:36:04Z [ERROR] Task 271: status file reports state=failed; seed=43; message=train failed; see outputs/slurm/status/multi_seed_all_no_synth_20260430T192814Z/task_271_attempt_2.log; job_log=outputs/slurm/status/multi_seed_all_no_synth_20260430T192814Z/task_271_attempt_2.log
2026-05-08T00:36:04Z [ERROR] Task 271: validation failed; re-queueing for retry
2026-05-08T00:36:14Z [INFO] Submitting task 271 try 1/3: group=fuzzy_train_multi_seed kind=train config=configs/fuzzy/real_msi_deeplabv3plus_resnet50.yaml split=test seed=43 attempt=3
2026-05-08T00:36:14Z [INFO] Submitted task 271 (fuzzy_train_multi_seed, train, configs/fuzzy/real_msi_deeplabv3plus_resnet50.yaml, seed=43) as job 826745, attempt 3
2026-05-08T00:36:34Z [INFO] Job 826737 for task 268 has left the Slurm queue; validating output
2026-05-08T00:36:34Z [ERROR] Task 268: status file reports state=failed; seed=50; message=train failed; see outputs/slurm/status/multi_seed_all_no_synth_20260430T192814Z/task_268_attempt_3.log; job_log=outputs/slurm/status/multi_seed_all_no_synth_20260430T192814Z/task_268_attempt_3.log
2026-05-08T00:36:34Z [ERROR] Task 268: validation failed; re-queueing for retry
2026-05-08T00:36:45Z [INFO] Submitting task 268 try 1/3: group=fuzzy_train_multi_seed kind=train config=configs/fuzzy/real_msi_deeplabv3plus_resnet34.yaml split=test seed=50 attempt=4
2026-05-08T00:36:45Z [INFO] Submitted task 268 (fuzzy_train_multi_seed, train, configs/fuzzy/real_msi_deeplabv3plus_resnet34.yaml, seed=50) as job 826746, attempt 4
2026-05-08T00:37:05Z [INFO] Job 826738 for task 269 has left the Slurm queue; validating output
2026-05-08T00:37:07Z [ERROR] Task 269: status file reports state=failed; seed=51; message=train failed; see outputs/slurm/status/multi_seed_all_no_synth_20260430T192814Z/task_269_attempt_3.log; job_log=outputs/slurm/status/multi_seed_all_no_synth_20260430T192814Z/task_269_attempt_3.log
2026-05-08T00:37:07Z [ERROR] Task 269: validation failed; re-queueing for retry
2026-05-08T00:37:17Z [INFO] Submitting task 269 try 1/3: group=fuzzy_train_multi_seed kind=train config=configs/fuzzy/real_msi_deeplabv3plus_resnet34.yaml split=test seed=51 attempt=4
2026-05-08T00:37:17Z [INFO] Submitted task 269 (fuzzy_train_multi_seed, train, configs/fuzzy/real_msi_deeplabv3plus_resnet34.yaml, seed=51) as job 826747, attempt 4
2026-05-08T00:37:37Z [INFO] Job 826739 for task 270 has left the Slurm queue; validating output
2026-05-08T00:37:38Z [ERROR] Task 270: status file reports state=failed; seed=42; message=train failed; see outputs/slurm/status/multi_seed_all_no_synth_20260430T192814Z/task_270_attempt_3.log; job_log=outputs/slurm/status/multi_seed_all_no_synth_20260430T192814Z/task_270_attempt_3.log
2026-05-08T00:37:38Z [ERROR] Task 270: validation failed; re-queueing for retry
2026-05-08T00:37:48Z [INFO] Submitting task 270 try 1/3: group=fuzzy_train_multi_seed kind=train config=configs/fuzzy/real_msi_deeplabv3plus_resnet50.yaml split=test seed=42 attempt=4
2026-05-08T00:37:48Z [INFO] Submitted task 270 (fuzzy_train_multi_seed, train, configs/fuzzy/real_msi_deeplabv3plus_resnet50.yaml, seed=42) as job 826748, attempt 4
2026-05-08T00:38:09Z [INFO] Job 826740 for task 272 has left the Slurm queue; validating output
2026-05-08T00:38:09Z [ERROR] Task 272: status file reports state=failed; seed=44; message=train failed; see outputs/slurm/status/multi_seed_all_no_synth_20260430T192814Z/task_272_attempt_2.log; job_log=outputs/slurm/status/multi_seed_all_no_synth_20260430T192814Z/task_272_attempt_2.log
2026-05-08T00:38:09Z [ERROR] Task 272: validation failed; re-queueing for retry
2026-05-08T00:38:19Z [INFO] Submitting task 272 try 1/3: group=fuzzy_train_multi_seed kind=train config=configs/fuzzy/real_msi_deeplabv3plus_resnet50.yaml split=test seed=44 attempt=3
2026-05-08T00:38:19Z [INFO] Submitted task 272 (fuzzy_train_multi_seed, train, configs/fuzzy/real_msi_deeplabv3plus_resnet50.yaml, seed=44) as job 826749, attempt 3
2026-05-08T00:38:39Z [INFO] Job 826741 for task 273 has left the Slurm queue; validating output
2026-05-08T00:38:39Z [ERROR] Task 273: status file reports state=failed; seed=45; message=train failed; see outputs/slurm/status/multi_seed_all_no_synth_20260430T192814Z/task_273_attempt_2.log; job_log=outputs/slurm/status/multi_seed_all_no_synth_20260430T192814Z/task_273_attempt_2.log
2026-05-08T00:38:39Z [ERROR] Task 273: validation failed; re-queueing for retry
2026-05-08T00:38:50Z [INFO] Submitting task 273 try 1/3: group=fuzzy_train_multi_seed kind=train config=configs/fuzzy/real_msi_deeplabv3plus_resnet50.yaml split=test seed=45 attempt=3
2026-05-08T00:38:50Z [INFO] Submitted task 273 (fuzzy_train_multi_seed, train, configs/fuzzy/real_msi_deeplabv3plus_resnet50.yaml, seed=45) as job 826750, attempt 3
2026-05-08T00:39:10Z [INFO] Job 826742 for task 274 has left the Slurm queue; validating output
2026-05-08T00:39:11Z [ERROR] Task 274: status file reports state=failed; seed=46; message=train failed; see outputs/slurm/status/multi_seed_all_no_synth_20260430T192814Z/task_274_attempt_2.log; job_log=outputs/slurm/status/multi_seed_all_no_synth_20260430T192814Z/task_274_attempt_2.log
2026-05-08T00:39:11Z [ERROR] Task 274: validation failed; re-queueing for retry
2026-05-08T00:39:21Z [INFO] Submitting task 274 try 1/3: group=fuzzy_train_multi_seed kind=train config=configs/fuzzy/real_msi_deeplabv3plus_resnet50.yaml split=test seed=46 attempt=3
2026-05-08T00:39:21Z [INFO] Submitted task 274 (fuzzy_train_multi_seed, train, configs/fuzzy/real_msi_deeplabv3plus_resnet50.yaml, seed=46) as job 826751, attempt 3
2026-05-08T00:39:41Z [INFO] Job 826743 for task 276 has left the Slurm queue; validating output
2026-05-08T00:39:41Z [ERROR] Task 276: status file reports state=failed; seed=48; message=train failed; see outputs/slurm/status/multi_seed_all_no_synth_20260430T192814Z/task_276_attempt_1.log; job_log=outputs/slurm/status/multi_seed_all_no_synth_20260430T192814Z/task_276_attempt_1.log
2026-05-08T00:39:41Z [ERROR] Task 276: validation failed; re-queueing for retry
2026-05-08T00:39:51Z [INFO] Submitting task 276 try 1/3: group=fuzzy_train_multi_seed kind=train config=configs/fuzzy/real_msi_deeplabv3plus_resnet50.yaml split=test seed=48 attempt=2
2026-05-08T00:39:52Z [INFO] Submitted task 276 (fuzzy_train_multi_seed, train, configs/fuzzy/real_msi_deeplabv3plus_resnet50.yaml, seed=48) as job 826752, attempt 2
2026-05-08T00:40:02Z [INFO] Job 826744 for task 275 has left the Slurm queue; validating output
2026-05-08T00:40:02Z [ERROR] Task 275: status file reports state=failed; seed=47; message=train failed; see outputs/slurm/status/multi_seed_all_no_synth_20260430T192814Z/task_275_attempt_2.log; job_log=outputs/slurm/status/multi_seed_all_no_synth_20260430T192814Z/task_275_attempt_2.log
2026-05-08T00:40:02Z [ERROR] Task 275: validation failed; re-queueing for retry
2026-05-08T00:40:12Z [INFO] Submitting task 275 try 1/3: group=fuzzy_train_multi_seed kind=train config=configs/fuzzy/real_msi_deeplabv3plus_resnet50.yaml split=test seed=47 attempt=3
2026-05-08T00:40:12Z [INFO] Submitted task 275 (fuzzy_train_multi_seed, train, configs/fuzzy/real_msi_deeplabv3plus_resnet50.yaml, seed=47) as job 826753, attempt 3
2026-05-08T00:40:33Z [INFO] Job 826745 for task 271 has left the Slurm queue; validating output
2026-05-08T00:40:33Z [ERROR] Task 271: status file reports state=failed; seed=43; message=train failed; see outputs/slurm/status/multi_seed_all_no_synth_20260430T192814Z/task_271_attempt_3.log; job_log=outputs/slurm/status/multi_seed_all_no_synth_20260430T192814Z/task_271_attempt_3.log
2026-05-08T00:40:33Z [ERROR] Task 271: validation failed; re-queueing for retry
2026-05-08T00:40:43Z [INFO] Submitting task 271 try 1/3: group=fuzzy_train_multi_seed kind=train config=configs/fuzzy/real_msi_deeplabv3plus_resnet50.yaml split=test seed=43 attempt=4
2026-05-08T00:40:43Z [INFO] Submitted task 271 (fuzzy_train_multi_seed, train, configs/fuzzy/real_msi_deeplabv3plus_resnet50.yaml, seed=43) as job 826754, attempt 4
2026-05-08T00:41:04Z [INFO] Job 826746 for task 268 has left the Slurm queue; validating output
2026-05-08T00:41:04Z [ERROR] Task 268: status file reports state=failed; seed=50; message=train failed; see outputs/slurm/status/multi_seed_all_no_synth_20260430T192814Z/task_268_attempt_4.log; job_log=outputs/slurm/status/multi_seed_all_no_synth_20260430T192814Z/task_268_attempt_4.log
2026-05-08T00:41:04Z [ERROR] Task 268: permanent failure after 4 attempt(s)
2026-05-08T00:41:14Z [INFO] Submitting task 277 try 1/3: group=fuzzy_train_multi_seed kind=train config=configs/fuzzy/real_msi_deeplabv3plus_resnet50.yaml split=test seed=49 attempt=1
2026-05-08T00:41:14Z [INFO] Submitted task 277 (fuzzy_train_multi_seed, train, configs/fuzzy/real_msi_deeplabv3plus_resnet50.yaml, seed=49) as job 826755, attempt 1
2026-05-08T00:41:35Z [INFO] Job 826747 for task 269 has left the Slurm queue; validating output
2026-05-08T00:41:36Z [ERROR] Task 269: status file reports state=failed; seed=51; message=train failed; see outputs/slurm/status/multi_seed_all_no_synth_20260430T192814Z/task_269_attempt_4.log; job_log=outputs/slurm/status/multi_seed_all_no_synth_20260430T192814Z/task_269_attempt_4.log
2026-05-08T00:41:36Z [ERROR] Task 269: permanent failure after 4 attempt(s)
2026-05-08T00:41:46Z [INFO] Submitting task 278 try 1/3: group=fuzzy_train_multi_seed kind=train config=configs/fuzzy/real_msi_deeplabv3plus_resnet50.yaml split=test seed=50 attempt=1
2026-05-08T00:41:46Z [INFO] Submitted task 278 (fuzzy_train_multi_seed, train, configs/fuzzy/real_msi_deeplabv3plus_resnet50.yaml, seed=50) as job 826756, attempt 1
2026-05-08T00:42:07Z [INFO] Job 826748 for task 270 has left the Slurm queue; validating output
2026-05-08T00:42:08Z [ERROR] Task 270: status file reports state=failed; seed=42; message=train failed; see outputs/slurm/status/multi_seed_all_no_synth_20260430T192814Z/task_270_attempt_4.log; job_log=outputs/slurm/status/multi_seed_all_no_synth_20260430T192814Z/task_270_attempt_4.log
2026-05-08T00:42:08Z [ERROR] Task 270: permanent failure after 4 attempt(s)
2026-05-08T00:42:18Z [INFO] Submitting task 279 try 1/3: group=fuzzy_train_multi_seed kind=train config=configs/fuzzy/real_msi_deeplabv3plus_resnet50.yaml split=test seed=51 attempt=1
2026-05-08T00:42:18Z [INFO] Submitted task 279 (fuzzy_train_multi_seed, train, configs/fuzzy/real_msi_deeplabv3plus_resnet50.yaml, seed=51) as job 826757, attempt 1
2026-05-08T00:42:38Z [INFO] Job 826749 for task 272 has left the Slurm queue; validating output
2026-05-08T00:42:38Z [ERROR] Task 272: status file reports state=failed; seed=44; message=train failed; see outputs/slurm/status/multi_seed_all_no_synth_20260430T192814Z/task_272_attempt_3.log; job_log=outputs/slurm/status/multi_seed_all_no_synth_20260430T192814Z/task_272_attempt_3.log
2026-05-08T00:42:38Z [ERROR] Task 272: validation failed; re-queueing for retry
2026-05-08T00:42:49Z [INFO] Submitting task 272 try 1/3: group=fuzzy_train_multi_seed kind=train config=configs/fuzzy/real_msi_deeplabv3plus_resnet50.yaml split=test seed=44 attempt=4
2026-05-08T00:42:49Z [INFO] Submitted task 272 (fuzzy_train_multi_seed, train, configs/fuzzy/real_msi_deeplabv3plus_resnet50.yaml, seed=44) as job 826758, attempt 4
2026-05-08T00:43:09Z [INFO] Job 826750 for task 273 has left the Slurm queue; validating output
2026-05-08T00:43:10Z [ERROR] Task 273: status file reports state=failed; seed=45; message=train failed; see outputs/slurm/status/multi_seed_all_no_synth_20260430T192814Z/task_273_attempt_3.log; job_log=outputs/slurm/status/multi_seed_all_no_synth_20260430T192814Z/task_273_attempt_3.log
2026-05-08T00:43:10Z [ERROR] Task 273: validation failed; re-queueing for retry
2026-05-08T00:43:20Z [INFO] Submitting task 273 try 1/3: group=fuzzy_train_multi_seed kind=train config=configs/fuzzy/real_msi_deeplabv3plus_resnet50.yaml split=test seed=45 attempt=4
2026-05-08T00:43:20Z [INFO] Submitted task 273 (fuzzy_train_multi_seed, train, configs/fuzzy/real_msi_deeplabv3plus_resnet50.yaml, seed=45) as job 826759, attempt 4
2026-05-08T00:43:41Z [INFO] Job 826751 for task 274 has left the Slurm queue; validating output
2026-05-08T00:43:41Z [ERROR] Task 274: status file reports state=failed; seed=46; message=train failed; see outputs/slurm/status/multi_seed_all_no_synth_20260430T192814Z/task_274_attempt_3.log; job_log=outputs/slurm/status/multi_seed_all_no_synth_20260430T192814Z/task_274_attempt_3.log
2026-05-08T00:43:41Z [ERROR] Task 274: validation failed; re-queueing for retry
2026-05-08T00:43:51Z [INFO] Submitting task 274 try 1/3: group=fuzzy_train_multi_seed kind=train config=configs/fuzzy/real_msi_deeplabv3plus_resnet50.yaml split=test seed=46 attempt=4
2026-05-08T00:43:51Z [INFO] Submitted task 274 (fuzzy_train_multi_seed, train, configs/fuzzy/real_msi_deeplabv3plus_resnet50.yaml, seed=46) as job 826760, attempt 4
2026-05-08T00:44:02Z [INFO] Job 826752 for task 276 has left the Slurm queue; validating output
2026-05-08T00:44:02Z [ERROR] Task 276: status file reports state=failed; seed=48; message=train failed; see outputs/slurm/status/multi_seed_all_no_synth_20260430T192814Z/task_276_attempt_2.log; job_log=outputs/slurm/status/multi_seed_all_no_synth_20260430T192814Z/task_276_attempt_2.log
2026-05-08T00:44:02Z [ERROR] Task 276: validation failed; re-queueing for retry
2026-05-08T00:44:12Z [INFO] Submitting task 276 try 1/3: group=fuzzy_train_multi_seed kind=train config=configs/fuzzy/real_msi_deeplabv3plus_resnet50.yaml split=test seed=48 attempt=3
2026-05-08T00:44:12Z [INFO] Submitted task 276 (fuzzy_train_multi_seed, train, configs/fuzzy/real_msi_deeplabv3plus_resnet50.yaml, seed=48) as job 826761, attempt 3
2026-05-08T00:44:32Z [INFO] Job 826753 for task 275 has left the Slurm queue; validating output
2026-05-08T00:44:33Z [ERROR] Task 275: status file reports state=failed; seed=47; message=train failed; see outputs/slurm/status/multi_seed_all_no_synth_20260430T192814Z/task_275_attempt_3.log; job_log=outputs/slurm/status/multi_seed_all_no_synth_20260430T192814Z/task_275_attempt_3.log
2026-05-08T00:44:33Z [ERROR] Task 275: validation failed; re-queueing for retry
2026-05-08T00:44:43Z [INFO] Submitting task 275 try 1/3: group=fuzzy_train_multi_seed kind=train config=configs/fuzzy/real_msi_deeplabv3plus_resnet50.yaml split=test seed=47 attempt=4
2026-05-08T00:44:43Z [INFO] Submitted task 275 (fuzzy_train_multi_seed, train, configs/fuzzy/real_msi_deeplabv3plus_resnet50.yaml, seed=47) as job 826762, attempt 4
2026-05-08T00:45:03Z [INFO] Job 826754 for task 271 has left the Slurm queue; validating output
2026-05-08T00:45:03Z [ERROR] Task 271: status file reports state=failed; seed=43; message=train failed; see outputs/slurm/status/multi_seed_all_no_synth_20260430T192814Z/task_271_attempt_4.log; job_log=outputs/slurm/status/multi_seed_all_no_synth_20260430T192814Z/task_271_attempt_4.log
2026-05-08T00:45:03Z [ERROR] Task 271: permanent failure after 4 attempt(s)
2026-05-08T00:45:14Z [INFO] Submitting task 280 try 1/3: group=fuzzy_train_multi_seed kind=train config=configs/fuzzy/real_msi_segformer_b0.yaml split=test seed=42 attempt=1
2026-05-08T00:45:14Z [INFO] Submitted task 280 (fuzzy_train_multi_seed, train, configs/fuzzy/real_msi_segformer_b0.yaml, seed=42) as job 826763, attempt 1
2026-05-08T00:45:34Z [INFO] Job 826755 for task 277 has left the Slurm queue; validating output
2026-05-08T00:45:35Z [ERROR] Task 277: status file reports state=failed; seed=49; message=train failed; see outputs/slurm/status/multi_seed_all_no_synth_20260430T192814Z/task_277_attempt_1.log; job_log=outputs/slurm/status/multi_seed_all_no_synth_20260430T192814Z/task_277_attempt_1.log
2026-05-08T00:45:35Z [ERROR] Task 277: validation failed; re-queueing for retry
2026-05-08T00:45:45Z [INFO] Submitting task 277 try 1/3: group=fuzzy_train_multi_seed kind=train config=configs/fuzzy/real_msi_deeplabv3plus_resnet50.yaml split=test seed=49 attempt=2
2026-05-08T00:45:45Z [INFO] Submitted task 277 (fuzzy_train_multi_seed, train, configs/fuzzy/real_msi_deeplabv3plus_resnet50.yaml, seed=49) as job 826764, attempt 2
2026-05-08T00:46:06Z [INFO] Job 826756 for task 278 has left the Slurm queue; validating output
2026-05-08T00:46:06Z [ERROR] Task 278: status file reports state=failed; seed=50; message=train failed; see outputs/slurm/status/multi_seed_all_no_synth_20260430T192814Z/task_278_attempt_1.log; job_log=outputs/slurm/status/multi_seed_all_no_synth_20260430T192814Z/task_278_attempt_1.log
2026-05-08T00:46:06Z [ERROR] Task 278: validation failed; re-queueing for retry
2026-05-08T00:46:16Z [INFO] Submitting task 278 try 1/3: group=fuzzy_train_multi_seed kind=train config=configs/fuzzy/real_msi_deeplabv3plus_resnet50.yaml split=test seed=50 attempt=2
2026-05-08T00:46:16Z [INFO] Submitted task 278 (fuzzy_train_multi_seed, train, configs/fuzzy/real_msi_deeplabv3plus_resnet50.yaml, seed=50) as job 826765, attempt 2
2026-05-08T00:46:37Z [INFO] Job 826757 for task 279 has left the Slurm queue; validating output
2026-05-08T00:46:37Z [ERROR] Task 279: status file reports state=failed; seed=51; message=train failed; see outputs/slurm/status/multi_seed_all_no_synth_20260430T192814Z/task_279_attempt_1.log; job_log=outputs/slurm/status/multi_seed_all_no_synth_20260430T192814Z/task_279_attempt_1.log
2026-05-08T00:46:37Z [ERROR] Task 279: validation failed; re-queueing for retry
2026-05-08T00:46:47Z [INFO] Submitting task 279 try 1/3: group=fuzzy_train_multi_seed kind=train config=configs/fuzzy/real_msi_deeplabv3plus_resnet50.yaml split=test seed=51 attempt=2
2026-05-08T00:46:47Z [INFO] Submitted task 279 (fuzzy_train_multi_seed, train, configs/fuzzy/real_msi_deeplabv3plus_resnet50.yaml, seed=51) as job 826766, attempt 2
2026-05-08T00:47:07Z [INFO] Job 826758 for task 272 has left the Slurm queue; validating output
2026-05-08T00:47:07Z [ERROR] Task 272: status file reports state=failed; seed=44; message=train failed; see outputs/slurm/status/multi_seed_all_no_synth_20260430T192814Z/task_272_attempt_4.log; job_log=outputs/slurm/status/multi_seed_all_no_synth_20260430T192814Z/task_272_attempt_4.log
2026-05-08T00:47:08Z [ERROR] Task 272: permanent failure after 4 attempt(s)
2026-05-08T00:47:18Z [INFO] Submitting task 281 try 1/3: group=fuzzy_train_multi_seed kind=train config=configs/fuzzy/real_msi_segformer_b0.yaml split=test seed=43 attempt=1
2026-05-08T00:47:18Z [INFO] Submitted task 281 (fuzzy_train_multi_seed, train, configs/fuzzy/real_msi_segformer_b0.yaml, seed=43) as job 826767, attempt 1
2026-05-08T00:47:38Z [INFO] Job 826759 for task 273 has left the Slurm queue; validating output
2026-05-08T00:47:39Z [ERROR] Task 273: status file reports state=failed; seed=45; message=train failed; see outputs/slurm/status/multi_seed_all_no_synth_20260430T192814Z/task_273_attempt_4.log; job_log=outputs/slurm/status/multi_seed_all_no_synth_20260430T192814Z/task_273_attempt_4.log
2026-05-08T00:47:39Z [ERROR] Task 273: permanent failure after 4 attempt(s)
2026-05-08T00:47:49Z [INFO] Submitting task 282 try 1/3: group=fuzzy_train_multi_seed kind=train config=configs/fuzzy/real_msi_segformer_b0.yaml split=test seed=44 attempt=1
2026-05-08T00:47:49Z [INFO] Submitted task 282 (fuzzy_train_multi_seed, train, configs/fuzzy/real_msi_segformer_b0.yaml, seed=44) as job 826768, attempt 1
2026-05-08T00:48:10Z [INFO] Job 826760 for task 274 has left the Slurm queue; validating output
2026-05-08T00:48:10Z [ERROR] Task 274: status file reports state=failed; seed=46; message=train failed; see outputs/slurm/status/multi_seed_all_no_synth_20260430T192814Z/task_274_attempt_4.log; job_log=outputs/slurm/status/multi_seed_all_no_synth_20260430T192814Z/task_274_attempt_4.log
2026-05-08T00:48:10Z [ERROR] Task 274: permanent failure after 4 attempt(s)
2026-05-08T00:48:20Z [INFO] Submitting task 283 try 1/3: group=fuzzy_train_multi_seed kind=train config=configs/fuzzy/real_msi_segformer_b0.yaml split=test seed=45 attempt=1
2026-05-08T00:48:21Z [INFO] Submitted task 283 (fuzzy_train_multi_seed, train, configs/fuzzy/real_msi_segformer_b0.yaml, seed=45) as job 826769, attempt 1
2026-05-08T00:48:31Z [INFO] Job 826761 for task 276 has left the Slurm queue; validating output
2026-05-08T00:48:31Z [ERROR] Task 276: status file reports state=failed; seed=48; message=train failed; see outputs/slurm/status/multi_seed_all_no_synth_20260430T192814Z/task_276_attempt_3.log; job_log=outputs/slurm/status/multi_seed_all_no_synth_20260430T192814Z/task_276_attempt_3.log
2026-05-08T00:48:31Z [ERROR] Task 276: validation failed; re-queueing for retry
2026-05-08T00:48:41Z [INFO] Submitting task 276 try 1/3: group=fuzzy_train_multi_seed kind=train config=configs/fuzzy/real_msi_deeplabv3plus_resnet50.yaml split=test seed=48 attempt=4
2026-05-08T00:48:41Z [INFO] Submitted task 276 (fuzzy_train_multi_seed, train, configs/fuzzy/real_msi_deeplabv3plus_resnet50.yaml, seed=48) as job 826770, attempt 4
2026-05-08T00:49:12Z [INFO] Job 826762 for task 275 has left the Slurm queue; validating output
2026-05-08T00:49:13Z [ERROR] Task 275: status file reports state=failed; seed=47; message=train failed; see outputs/slurm/status/multi_seed_all_no_synth_20260430T192814Z/task_275_attempt_4.log; job_log=outputs/slurm/status/multi_seed_all_no_synth_20260430T192814Z/task_275_attempt_4.log
2026-05-08T00:49:13Z [ERROR] Task 275: permanent failure after 4 attempt(s)
2026-05-08T00:49:23Z [INFO] Submitting task 284 try 1/3: group=fuzzy_train_multi_seed kind=train config=configs/fuzzy/real_msi_segformer_b0.yaml split=test seed=46 attempt=1
2026-05-08T00:49:23Z [INFO] Submitted task 284 (fuzzy_train_multi_seed, train, configs/fuzzy/real_msi_segformer_b0.yaml, seed=46) as job 826771, attempt 1
2026-05-08T00:49:33Z [INFO] Job 826763 for task 280 has left the Slurm queue; validating output
2026-05-08T00:49:33Z [ERROR] Task 280: status file reports state=failed; seed=42; message=train failed; see outputs/slurm/status/multi_seed_all_no_synth_20260430T192814Z/task_280_attempt_1.log; job_log=outputs/slurm/status/multi_seed_all_no_synth_20260430T192814Z/task_280_attempt_1.log
2026-05-08T00:49:33Z [ERROR] Task 280: validation failed; re-queueing for retry
2026-05-08T00:49:43Z [INFO] Submitting task 280 try 1/3: group=fuzzy_train_multi_seed kind=train config=configs/fuzzy/real_msi_segformer_b0.yaml split=test seed=42 attempt=2
2026-05-08T00:49:43Z [INFO] Submitted task 280 (fuzzy_train_multi_seed, train, configs/fuzzy/real_msi_segformer_b0.yaml, seed=42) as job 826772, attempt 2
2026-05-08T00:50:04Z [INFO] Job 826764 for task 277 has left the Slurm queue; validating output
2026-05-08T00:50:04Z [ERROR] Task 277: status file reports state=failed; seed=49; message=train failed; see outputs/slurm/status/multi_seed_all_no_synth_20260430T192814Z/task_277_attempt_2.log; job_log=outputs/slurm/status/multi_seed_all_no_synth_20260430T192814Z/task_277_attempt_2.log
2026-05-08T00:50:04Z [ERROR] Task 277: validation failed; re-queueing for retry
2026-05-08T00:50:14Z [INFO] Submitting task 277 try 1/3: group=fuzzy_train_multi_seed kind=train config=configs/fuzzy/real_msi_deeplabv3plus_resnet50.yaml split=test seed=49 attempt=3
2026-05-08T00:50:14Z [INFO] Submitted task 277 (fuzzy_train_multi_seed, train, configs/fuzzy/real_msi_deeplabv3plus_resnet50.yaml, seed=49) as job 826773, attempt 3
2026-05-08T00:50:35Z [INFO] Job 826765 for task 278 has left the Slurm queue; validating output
2026-05-08T00:50:35Z [ERROR] Task 278: status file reports state=failed; seed=50; message=train failed; see outputs/slurm/status/multi_seed_all_no_synth_20260430T192814Z/task_278_attempt_2.log; job_log=outputs/slurm/status/multi_seed_all_no_synth_20260430T192814Z/task_278_attempt_2.log
2026-05-08T00:50:35Z [ERROR] Task 278: validation failed; re-queueing for retry
2026-05-08T00:50:45Z [INFO] Submitting task 278 try 1/3: group=fuzzy_train_multi_seed kind=train config=configs/fuzzy/real_msi_deeplabv3plus_resnet50.yaml split=test seed=50 attempt=3
2026-05-08T00:50:45Z [INFO] Submitted task 278 (fuzzy_train_multi_seed, train, configs/fuzzy/real_msi_deeplabv3plus_resnet50.yaml, seed=50) as job 826774, attempt 3
2026-05-08T00:51:06Z [INFO] Job 826766 for task 279 has left the Slurm queue; validating output
2026-05-08T00:51:06Z [ERROR] Task 279: status file reports state=failed; seed=51; message=train failed; see outputs/slurm/status/multi_seed_all_no_synth_20260430T192814Z/task_279_attempt_2.log; job_log=outputs/slurm/status/multi_seed_all_no_synth_20260430T192814Z/task_279_attempt_2.log
2026-05-08T00:51:06Z [ERROR] Task 279: validation failed; re-queueing for retry
2026-05-08T00:51:16Z [INFO] Submitting task 279 try 1/3: group=fuzzy_train_multi_seed kind=train config=configs/fuzzy/real_msi_deeplabv3plus_resnet50.yaml split=test seed=51 attempt=3
2026-05-08T00:51:16Z [INFO] Submitted task 279 (fuzzy_train_multi_seed, train, configs/fuzzy/real_msi_deeplabv3plus_resnet50.yaml, seed=51) as job 826775, attempt 3
2026-05-08T00:51:37Z [INFO] Job 826767 for task 281 has left the Slurm queue; validating output
2026-05-08T00:51:37Z [ERROR] Task 281: status file reports state=failed; seed=43; message=train failed; see outputs/slurm/status/multi_seed_all_no_synth_20260430T192814Z/task_281_attempt_1.log; job_log=outputs/slurm/status/multi_seed_all_no_synth_20260430T192814Z/task_281_attempt_1.log
2026-05-08T00:51:37Z [ERROR] Task 281: validation failed; re-queueing for retry
2026-05-08T00:51:48Z [INFO] Submitting task 281 try 1/3: group=fuzzy_train_multi_seed kind=train config=configs/fuzzy/real_msi_segformer_b0.yaml split=test seed=43 attempt=2
2026-05-08T00:51:48Z [INFO] Submitted task 281 (fuzzy_train_multi_seed, train, configs/fuzzy/real_msi_segformer_b0.yaml, seed=43) as job 826776, attempt 2
2026-05-08T00:52:08Z [INFO] Job 826768 for task 282 has left the Slurm queue; validating output
2026-05-08T00:52:08Z [ERROR] Task 282: status file reports state=failed; seed=44; message=train failed; see outputs/slurm/status/multi_seed_all_no_synth_20260430T192814Z/task_282_attempt_1.log; job_log=outputs/slurm/status/multi_seed_all_no_synth_20260430T192814Z/task_282_attempt_1.log
2026-05-08T00:52:08Z [ERROR] Task 282: validation failed; re-queueing for retry
2026-05-08T00:52:18Z [INFO] Submitting task 282 try 1/3: group=fuzzy_train_multi_seed kind=train config=configs/fuzzy/real_msi_segformer_b0.yaml split=test seed=44 attempt=2
2026-05-08T00:52:18Z [INFO] Submitted task 282 (fuzzy_train_multi_seed, train, configs/fuzzy/real_msi_segformer_b0.yaml, seed=44) as job 826777, attempt 2
2026-05-08T00:52:39Z [INFO] Job 826769 for task 283 has left the Slurm queue; validating output
2026-05-08T00:52:40Z [ERROR] Task 283: status file reports state=failed; seed=45; message=train failed; see outputs/slurm/status/multi_seed_all_no_synth_20260430T192814Z/task_283_attempt_1.log; job_log=outputs/slurm/status/multi_seed_all_no_synth_20260430T192814Z/task_283_attempt_1.log
2026-05-08T00:52:40Z [ERROR] Task 283: validation failed; re-queueing for retry
2026-05-08T00:52:50Z [INFO] Submitting task 283 try 1/3: group=fuzzy_train_multi_seed kind=train config=configs/fuzzy/real_msi_segformer_b0.yaml split=test seed=45 attempt=2
2026-05-08T00:52:50Z [INFO] Submitted task 283 (fuzzy_train_multi_seed, train, configs/fuzzy/real_msi_segformer_b0.yaml, seed=45) as job 826778, attempt 2
2026-05-08T00:53:10Z [INFO] Job 826770 for task 276 has left the Slurm queue; validating output
2026-05-08T00:53:11Z [ERROR] Task 276: status file reports state=failed; seed=48; message=train failed; see outputs/slurm/status/multi_seed_all_no_synth_20260430T192814Z/task_276_attempt_4.log; job_log=outputs/slurm/status/multi_seed_all_no_synth_20260430T192814Z/task_276_attempt_4.log
2026-05-08T00:53:11Z [ERROR] Task 276: permanent failure after 4 attempt(s)
2026-05-08T00:53:21Z [INFO] Submitting task 285 try 1/3: group=fuzzy_train_multi_seed kind=train config=configs/fuzzy/real_msi_segformer_b0.yaml split=test seed=47 attempt=1
2026-05-08T00:53:21Z [INFO] Submitted task 285 (fuzzy_train_multi_seed, train, configs/fuzzy/real_msi_segformer_b0.yaml, seed=47) as job 826779, attempt 1
2026-05-08T00:53:41Z [INFO] Job 826771 for task 284 has left the Slurm queue; validating output
2026-05-08T00:53:41Z [ERROR] Task 284: status file reports state=failed; seed=46; message=train failed; see outputs/slurm/status/multi_seed_all_no_synth_20260430T192814Z/task_284_attempt_1.log; job_log=outputs/slurm/status/multi_seed_all_no_synth_20260430T192814Z/task_284_attempt_1.log
2026-05-08T00:53:42Z [ERROR] Task 284: validation failed; re-queueing for retry
2026-05-08T00:53:52Z [INFO] Submitting task 284 try 1/3: group=fuzzy_train_multi_seed kind=train config=configs/fuzzy/real_msi_segformer_b0.yaml split=test seed=46 attempt=2
2026-05-08T00:53:52Z [INFO] Submitted task 284 (fuzzy_train_multi_seed, train, configs/fuzzy/real_msi_segformer_b0.yaml, seed=46) as job 826780, attempt 2
2026-05-08T00:54:02Z [INFO] Job 826772 for task 280 has left the Slurm queue; validating output
2026-05-08T00:54:02Z [ERROR] Task 280: status file reports state=failed; seed=42; message=train failed; see outputs/slurm/status/multi_seed_all_no_synth_20260430T192814Z/task_280_attempt_2.log; job_log=outputs/slurm/status/multi_seed_all_no_synth_20260430T192814Z/task_280_attempt_2.log
2026-05-08T00:54:02Z [ERROR] Task 280: validation failed; re-queueing for retry
2026-05-08T00:54:12Z [INFO] Submitting task 280 try 1/3: group=fuzzy_train_multi_seed kind=train config=configs/fuzzy/real_msi_segformer_b0.yaml split=test seed=42 attempt=3
2026-05-08T00:54:12Z [INFO] Submitted task 280 (fuzzy_train_multi_seed, train, configs/fuzzy/real_msi_segformer_b0.yaml, seed=42) as job 826781, attempt 3
2026-05-08T00:54:33Z [INFO] Job 826773 for task 277 has left the Slurm queue; validating output
2026-05-08T00:54:33Z [ERROR] Task 277: status file reports state=failed; seed=49; message=train failed; see outputs/slurm/status/multi_seed_all_no_synth_20260430T192814Z/task_277_attempt_3.log; job_log=outputs/slurm/status/multi_seed_all_no_synth_20260430T192814Z/task_277_attempt_3.log
2026-05-08T00:54:33Z [ERROR] Task 277: validation failed; re-queueing for retry
2026-05-08T00:54:43Z [INFO] Submitting task 277 try 1/3: group=fuzzy_train_multi_seed kind=train config=configs/fuzzy/real_msi_deeplabv3plus_resnet50.yaml split=test seed=49 attempt=4
2026-05-08T00:54:43Z [INFO] Submitted task 277 (fuzzy_train_multi_seed, train, configs/fuzzy/real_msi_deeplabv3plus_resnet50.yaml, seed=49) as job 826782, attempt 4
2026-05-08T00:55:04Z [INFO] Job 826774 for task 278 has left the Slurm queue; validating output
2026-05-08T00:55:04Z [ERROR] Task 278: status file reports state=failed; seed=50; message=train failed; see outputs/slurm/status/multi_seed_all_no_synth_20260430T192814Z/task_278_attempt_3.log; job_log=outputs/slurm/status/multi_seed_all_no_synth_20260430T192814Z/task_278_attempt_3.log
2026-05-08T00:55:04Z [ERROR] Task 278: validation failed; re-queueing for retry
2026-05-08T00:55:14Z [INFO] Submitting task 278 try 1/3: group=fuzzy_train_multi_seed kind=train config=configs/fuzzy/real_msi_deeplabv3plus_resnet50.yaml split=test seed=50 attempt=4
2026-05-08T00:55:14Z [INFO] Submitted task 278 (fuzzy_train_multi_seed, train, configs/fuzzy/real_msi_deeplabv3plus_resnet50.yaml, seed=50) as job 826783, attempt 4
2026-05-08T00:55:35Z [INFO] Job 826775 for task 279 has left the Slurm queue; validating output
2026-05-08T00:55:35Z [ERROR] Task 279: status file reports state=failed; seed=51; message=train failed; see outputs/slurm/status/multi_seed_all_no_synth_20260430T192814Z/task_279_attempt_3.log; job_log=outputs/slurm/status/multi_seed_all_no_synth_20260430T192814Z/task_279_attempt_3.log
2026-05-08T00:55:35Z [ERROR] Task 279: validation failed; re-queueing for retry
2026-05-08T00:55:46Z [INFO] Submitting task 279 try 1/3: group=fuzzy_train_multi_seed kind=train config=configs/fuzzy/real_msi_deeplabv3plus_resnet50.yaml split=test seed=51 attempt=4
2026-05-08T00:55:46Z [INFO] Submitted task 279 (fuzzy_train_multi_seed, train, configs/fuzzy/real_msi_deeplabv3plus_resnet50.yaml, seed=51) as job 826784, attempt 4
2026-05-08T00:56:06Z [INFO] Job 826776 for task 281 has left the Slurm queue; validating output
2026-05-08T00:56:07Z [ERROR] Task 281: status file reports state=failed; seed=43; message=train failed; see outputs/slurm/status/multi_seed_all_no_synth_20260430T192814Z/task_281_attempt_2.log; job_log=outputs/slurm/status/multi_seed_all_no_synth_20260430T192814Z/task_281_attempt_2.log
2026-05-08T00:56:07Z [ERROR] Task 281: validation failed; re-queueing for retry
2026-05-08T00:56:17Z [INFO] Submitting task 281 try 1/3: group=fuzzy_train_multi_seed kind=train config=configs/fuzzy/real_msi_segformer_b0.yaml split=test seed=43 attempt=3
2026-05-08T00:56:17Z [INFO] Submitted task 281 (fuzzy_train_multi_seed, train, configs/fuzzy/real_msi_segformer_b0.yaml, seed=43) as job 826785, attempt 3
2026-05-08T00:56:37Z [INFO] Job 826777 for task 282 has left the Slurm queue; validating output
2026-05-08T00:56:37Z [ERROR] Task 282: status file reports state=failed; seed=44; message=train failed; see outputs/slurm/status/multi_seed_all_no_synth_20260430T192814Z/task_282_attempt_2.log; job_log=outputs/slurm/status/multi_seed_all_no_synth_20260430T192814Z/task_282_attempt_2.log
2026-05-08T00:56:37Z [ERROR] Task 282: validation failed; re-queueing for retry
2026-05-08T00:56:48Z [INFO] Submitting task 282 try 1/3: group=fuzzy_train_multi_seed kind=train config=configs/fuzzy/real_msi_segformer_b0.yaml split=test seed=44 attempt=3
2026-05-08T00:56:48Z [INFO] Submitted task 282 (fuzzy_train_multi_seed, train, configs/fuzzy/real_msi_segformer_b0.yaml, seed=44) as job 826786, attempt 3
2026-05-08T00:57:08Z [INFO] Job 826778 for task 283 has left the Slurm queue; validating output
2026-05-08T00:57:08Z [ERROR] Task 283: status file reports state=failed; seed=45; message=train failed; see outputs/slurm/status/multi_seed_all_no_synth_20260430T192814Z/task_283_attempt_2.log; job_log=outputs/slurm/status/multi_seed_all_no_synth_20260430T192814Z/task_283_attempt_2.log
2026-05-08T00:57:08Z [ERROR] Task 283: validation failed; re-queueing for retry
2026-05-08T00:57:18Z [INFO] Submitting task 283 try 1/3: group=fuzzy_train_multi_seed kind=train config=configs/fuzzy/real_msi_segformer_b0.yaml split=test seed=45 attempt=3
2026-05-08T00:57:18Z [INFO] Submitted task 283 (fuzzy_train_multi_seed, train, configs/fuzzy/real_msi_segformer_b0.yaml, seed=45) as job 826787, attempt 3
2026-05-08T00:57:39Z [INFO] Job 826779 for task 285 has left the Slurm queue; validating output
2026-05-08T00:57:40Z [ERROR] Task 285: status file reports state=failed; seed=47; message=train failed; see outputs/slurm/status/multi_seed_all_no_synth_20260430T192814Z/task_285_attempt_1.log; job_log=outputs/slurm/status/multi_seed_all_no_synth_20260430T192814Z/task_285_attempt_1.log
2026-05-08T00:57:40Z [ERROR] Task 285: validation failed; re-queueing for retry
2026-05-08T00:57:50Z [INFO] Submitting task 285 try 1/3: group=fuzzy_train_multi_seed kind=train config=configs/fuzzy/real_msi_segformer_b0.yaml split=test seed=47 attempt=2
2026-05-08T00:57:50Z [INFO] Submitted task 285 (fuzzy_train_multi_seed, train, configs/fuzzy/real_msi_segformer_b0.yaml, seed=47) as job 826788, attempt 2
2026-05-08T00:58:10Z [INFO] Job 826780 for task 284 has left the Slurm queue; validating output
2026-05-08T00:58:10Z [ERROR] Task 284: status file reports state=failed; seed=46; message=train failed; see outputs/slurm/status/multi_seed_all_no_synth_20260430T192814Z/task_284_attempt_2.log; job_log=outputs/slurm/status/multi_seed_all_no_synth_20260430T192814Z/task_284_attempt_2.log
2026-05-08T00:58:10Z [ERROR] Task 284: validation failed; re-queueing for retry
2026-05-08T00:58:21Z [INFO] Submitting task 284 try 1/3: group=fuzzy_train_multi_seed kind=train config=configs/fuzzy/real_msi_segformer_b0.yaml split=test seed=46 attempt=3
2026-05-08T00:58:21Z [INFO] Submitted task 284 (fuzzy_train_multi_seed, train, configs/fuzzy/real_msi_segformer_b0.yaml, seed=46) as job 826789, attempt 3
2026-05-08T00:58:41Z [INFO] Job 826781 for task 280 has left the Slurm queue; validating output
2026-05-08T00:58:41Z [ERROR] Task 280: status file reports state=failed; seed=42; message=train failed; see outputs/slurm/status/multi_seed_all_no_synth_20260430T192814Z/task_280_attempt_3.log; job_log=outputs/slurm/status/multi_seed_all_no_synth_20260430T192814Z/task_280_attempt_3.log
2026-05-08T00:58:41Z [ERROR] Task 280: validation failed; re-queueing for retry
2026-05-08T00:58:51Z [INFO] Submitting task 280 try 1/3: group=fuzzy_train_multi_seed kind=train config=configs/fuzzy/real_msi_segformer_b0.yaml split=test seed=42 attempt=4
2026-05-08T00:58:51Z [INFO] Submitted task 280 (fuzzy_train_multi_seed, train, configs/fuzzy/real_msi_segformer_b0.yaml, seed=42) as job 826790, attempt 4
2026-05-08T00:59:02Z [INFO] Job 826283 for task 260 has left the Slurm queue; validating output
2026-05-08T00:59:02Z [INFO] Task 260 completed successfully
2026-05-08T00:59:02Z [INFO] Job 826782 for task 277 has left the Slurm queue; validating output
2026-05-08T00:59:02Z [ERROR] Task 277: status file reports state=failed; seed=49; message=train failed; see outputs/slurm/status/multi_seed_all_no_synth_20260430T192814Z/task_277_attempt_4.log; job_log=outputs/slurm/status/multi_seed_all_no_synth_20260430T192814Z/task_277_attempt_4.log
2026-05-08T00:59:02Z [ERROR] Task 277: permanent failure after 4 attempt(s)
2026-05-08T00:59:12Z [INFO] Submitting task 286 try 1/3: group=fuzzy_train_multi_seed kind=train config=configs/fuzzy/real_msi_segformer_b0.yaml split=test seed=48 attempt=1
2026-05-08T00:59:12Z [INFO] Submitted task 286 (fuzzy_train_multi_seed, train, configs/fuzzy/real_msi_segformer_b0.yaml, seed=48) as job 826791, attempt 1
2026-05-08T00:59:12Z [INFO] Submitting task 287 try 1/3: group=fuzzy_train_multi_seed kind=train config=configs/fuzzy/real_msi_segformer_b0.yaml split=test seed=49 attempt=1
2026-05-08T00:59:12Z [INFO] Submitted task 287 (fuzzy_train_multi_seed, train, configs/fuzzy/real_msi_segformer_b0.yaml, seed=49) as job 826792, attempt 1
2026-05-08T00:59:33Z [INFO] Job 826784 for task 279 has left the Slurm queue; validating output
2026-05-08T00:59:33Z [ERROR] Task 279: status file reports state=failed; seed=51; message=train failed; see outputs/slurm/status/multi_seed_all_no_synth_20260430T192814Z/task_279_attempt_4.log; job_log=outputs/slurm/status/multi_seed_all_no_synth_20260430T192814Z/task_279_attempt_4.log
2026-05-08T00:59:33Z [ERROR] Task 279: permanent failure after 4 attempt(s)
2026-05-08T00:59:43Z [INFO] Submitting task 288 try 1/3: group=fuzzy_train_multi_seed kind=train config=configs/fuzzy/real_msi_segformer_b0.yaml split=test seed=50 attempt=1
2026-05-08T00:59:43Z [INFO] Submitted task 288 (fuzzy_train_multi_seed, train, configs/fuzzy/real_msi_segformer_b0.yaml, seed=50) as job 826793, attempt 1
2026-05-08T01:00:55Z [INFO] Job 826785 for task 281 has left the Slurm queue; validating output
2026-05-08T01:00:57Z [ERROR] Task 281: status file reports state=failed; seed=43; message=train failed; see outputs/slurm/status/multi_seed_all_no_synth_20260430T192814Z/task_281_attempt_3.log; job_log=outputs/slurm/status/multi_seed_all_no_synth_20260430T192814Z/task_281_attempt_3.log
2026-05-08T01:00:57Z [ERROR] Task 281: validation failed; re-queueing for retry
2026-05-08T01:01:07Z [INFO] Submitting task 281 try 1/3: group=fuzzy_train_multi_seed kind=train config=configs/fuzzy/real_msi_segformer_b0.yaml split=test seed=43 attempt=4
2026-05-08T01:01:07Z [INFO] Submitted task 281 (fuzzy_train_multi_seed, train, configs/fuzzy/real_msi_segformer_b0.yaml, seed=43) as job 826794, attempt 4
2026-05-08T01:01:38Z [INFO] Job 826786 for task 282 has left the Slurm queue; validating output
2026-05-08T01:01:38Z [ERROR] Task 282: status file reports state=failed; seed=44; message=train failed; see outputs/slurm/status/multi_seed_all_no_synth_20260430T192814Z/task_282_attempt_3.log; job_log=outputs/slurm/status/multi_seed_all_no_synth_20260430T192814Z/task_282_attempt_3.log
2026-05-08T01:01:38Z [ERROR] Task 282: validation failed; re-queueing for retry
2026-05-08T01:01:48Z [INFO] Submitting task 282 try 1/3: group=fuzzy_train_multi_seed kind=train config=configs/fuzzy/real_msi_segformer_b0.yaml split=test seed=44 attempt=4
2026-05-08T01:01:48Z [INFO] Submitted task 282 (fuzzy_train_multi_seed, train, configs/fuzzy/real_msi_segformer_b0.yaml, seed=44) as job 826795, attempt 4
2026-05-08T01:02:09Z [INFO] Job 826787 for task 283 has left the Slurm queue; validating output
2026-05-08T01:02:09Z [ERROR] Task 283: status file reports state=failed; seed=45; message=train failed; see outputs/slurm/status/multi_seed_all_no_synth_20260430T192814Z/task_283_attempt_3.log; job_log=outputs/slurm/status/multi_seed_all_no_synth_20260430T192814Z/task_283_attempt_3.log
2026-05-08T01:02:09Z [ERROR] Task 283: validation failed; re-queueing for retry
2026-05-08T01:02:20Z [INFO] Submitting task 283 try 1/3: group=fuzzy_train_multi_seed kind=train config=configs/fuzzy/real_msi_segformer_b0.yaml split=test seed=45 attempt=4
2026-05-08T01:02:20Z [INFO] Submitted task 283 (fuzzy_train_multi_seed, train, configs/fuzzy/real_msi_segformer_b0.yaml, seed=45) as job 826796, attempt 4
2026-05-08T01:02:40Z [INFO] Job 826788 for task 285 has left the Slurm queue; validating output
2026-05-08T01:02:40Z [ERROR] Task 285: status file reports state=failed; seed=47; message=train failed; see outputs/slurm/status/multi_seed_all_no_synth_20260430T192814Z/task_285_attempt_2.log; job_log=outputs/slurm/status/multi_seed_all_no_synth_20260430T192814Z/task_285_attempt_2.log
2026-05-08T01:02:40Z [ERROR] Task 285: validation failed; re-queueing for retry
2026-05-08T01:02:50Z [INFO] Submitting task 285 try 1/3: group=fuzzy_train_multi_seed kind=train config=configs/fuzzy/real_msi_segformer_b0.yaml split=test seed=47 attempt=3
2026-05-08T01:02:50Z [INFO] Submitted task 285 (fuzzy_train_multi_seed, train, configs/fuzzy/real_msi_segformer_b0.yaml, seed=47) as job 826797, attempt 3
2026-05-08T01:03:11Z [INFO] Job 826789 for task 284 has left the Slurm queue; validating output
2026-05-08T01:03:11Z [ERROR] Task 284: status file reports state=failed; seed=46; message=train failed; see outputs/slurm/status/multi_seed_all_no_synth_20260430T192814Z/task_284_attempt_3.log; job_log=outputs/slurm/status/multi_seed_all_no_synth_20260430T192814Z/task_284_attempt_3.log
2026-05-08T01:03:11Z [ERROR] Task 284: validation failed; re-queueing for retry
2026-05-08T01:03:21Z [INFO] Submitting task 284 try 1/3: group=fuzzy_train_multi_seed kind=train config=configs/fuzzy/real_msi_segformer_b0.yaml split=test seed=46 attempt=4
2026-05-08T01:03:21Z [INFO] Submitted task 284 (fuzzy_train_multi_seed, train, configs/fuzzy/real_msi_segformer_b0.yaml, seed=46) as job 826798, attempt 4
2026-05-08T01:03:42Z [INFO] Job 826790 for task 280 has left the Slurm queue; validating output
2026-05-08T01:03:42Z [ERROR] Task 280: status file reports state=failed; seed=42; message=train failed; see outputs/slurm/status/multi_seed_all_no_synth_20260430T192814Z/task_280_attempt_4.log; job_log=outputs/slurm/status/multi_seed_all_no_synth_20260430T192814Z/task_280_attempt_4.log
2026-05-08T01:03:42Z [ERROR] Task 280: permanent failure after 4 attempt(s)
2026-05-08T01:03:53Z [INFO] Submitting task 289 try 1/3: group=fuzzy_train_multi_seed kind=train config=configs/fuzzy/real_msi_segformer_b0.yaml split=test seed=51 attempt=1
2026-05-08T01:03:53Z [INFO] Submitted task 289 (fuzzy_train_multi_seed, train, configs/fuzzy/real_msi_segformer_b0.yaml, seed=51) as job 826799, attempt 1
2026-05-08T01:04:03Z [INFO] Job 826791 for task 286 has left the Slurm queue; validating output
2026-05-08T01:04:03Z [ERROR] Task 286: status file reports state=failed; seed=48; message=train failed; see outputs/slurm/status/multi_seed_all_no_synth_20260430T192814Z/task_286_attempt_1.log; job_log=outputs/slurm/status/multi_seed_all_no_synth_20260430T192814Z/task_286_attempt_1.log
2026-05-08T01:04:03Z [ERROR] Task 286: validation failed; re-queueing for retry
2026-05-08T01:04:13Z [INFO] Submitting task 286 try 1/3: group=fuzzy_train_multi_seed kind=train config=configs/fuzzy/real_msi_segformer_b0.yaml split=test seed=48 attempt=2
2026-05-08T01:04:13Z [INFO] Submitted task 286 (fuzzy_train_multi_seed, train, configs/fuzzy/real_msi_segformer_b0.yaml, seed=48) as job 826800, attempt 2
2026-05-08T01:04:34Z [INFO] Job 826792 for task 287 has left the Slurm queue; validating output
2026-05-08T01:04:34Z [ERROR] Task 287: status file reports state=failed; seed=49; message=train failed; see outputs/slurm/status/multi_seed_all_no_synth_20260430T192814Z/task_287_attempt_1.log; job_log=outputs/slurm/status/multi_seed_all_no_synth_20260430T192814Z/task_287_attempt_1.log
2026-05-08T01:04:34Z [ERROR] Task 287: validation failed; re-queueing for retry
2026-05-08T01:04:44Z [INFO] Submitting task 287 try 1/3: group=fuzzy_train_multi_seed kind=train config=configs/fuzzy/real_msi_segformer_b0.yaml split=test seed=49 attempt=2
2026-05-08T01:04:44Z [INFO] Submitted task 287 (fuzzy_train_multi_seed, train, configs/fuzzy/real_msi_segformer_b0.yaml, seed=49) as job 826801, attempt 2
2026-05-08T01:05:05Z [INFO] Job 826793 for task 288 has left the Slurm queue; validating output
2026-05-08T01:05:05Z [ERROR] Task 288: status file reports state=failed; seed=50; message=train failed; see outputs/slurm/status/multi_seed_all_no_synth_20260430T192814Z/task_288_attempt_1.log; job_log=outputs/slurm/status/multi_seed_all_no_synth_20260430T192814Z/task_288_attempt_1.log
2026-05-08T01:05:05Z [ERROR] Task 288: validation failed; re-queueing for retry
2026-05-08T01:05:15Z [INFO] Submitting task 288 try 1/3: group=fuzzy_train_multi_seed kind=train config=configs/fuzzy/real_msi_segformer_b0.yaml split=test seed=50 attempt=2
2026-05-08T01:05:15Z [INFO] Submitted task 288 (fuzzy_train_multi_seed, train, configs/fuzzy/real_msi_segformer_b0.yaml, seed=50) as job 826802, attempt 2
2026-05-08T01:05:36Z [INFO] Job 826794 for task 281 has left the Slurm queue; validating output
2026-05-08T01:05:36Z [ERROR] Task 281: status file reports state=failed; seed=43; message=train failed; see outputs/slurm/status/multi_seed_all_no_synth_20260430T192814Z/task_281_attempt_4.log; job_log=outputs/slurm/status/multi_seed_all_no_synth_20260430T192814Z/task_281_attempt_4.log
2026-05-08T01:05:36Z [ERROR] Task 281: permanent failure after 4 attempt(s)
2026-05-08T01:05:46Z [INFO] Submitting task 290 try 1/3: group=fuzzy_train_multi_seed kind=train config=configs/fuzzy/real_msi_segformer_b1.yaml split=test seed=42 attempt=1
2026-05-08T01:05:46Z [INFO] Submitted task 290 (fuzzy_train_multi_seed, train, configs/fuzzy/real_msi_segformer_b1.yaml, seed=42) as job 826803, attempt 1
2026-05-08T01:06:07Z [INFO] Job 826795 for task 282 has left the Slurm queue; validating output
2026-05-08T01:06:07Z [ERROR] Task 282: status file reports state=failed; seed=44; message=train failed; see outputs/slurm/status/multi_seed_all_no_synth_20260430T192814Z/task_282_attempt_4.log; job_log=outputs/slurm/status/multi_seed_all_no_synth_20260430T192814Z/task_282_attempt_4.log
2026-05-08T01:06:07Z [ERROR] Task 282: permanent failure after 4 attempt(s)
2026-05-08T01:06:18Z [INFO] Submitting task 291 try 1/3: group=fuzzy_train_multi_seed kind=train config=configs/fuzzy/real_msi_segformer_b1.yaml split=test seed=43 attempt=1
2026-05-08T01:06:18Z [INFO] Submitted task 291 (fuzzy_train_multi_seed, train, configs/fuzzy/real_msi_segformer_b1.yaml, seed=43) as job 826804, attempt 1
2026-05-08T01:06:38Z [INFO] Job 826796 for task 283 has left the Slurm queue; validating output
2026-05-08T01:06:38Z [ERROR] Task 283: status file reports state=failed; seed=45; message=train failed; see outputs/slurm/status/multi_seed_all_no_synth_20260430T192814Z/task_283_attempt_4.log; job_log=outputs/slurm/status/multi_seed_all_no_synth_20260430T192814Z/task_283_attempt_4.log
2026-05-08T01:06:38Z [ERROR] Task 283: permanent failure after 4 attempt(s)
2026-05-08T01:06:48Z [INFO] Submitting task 292 try 1/3: group=fuzzy_train_multi_seed kind=train config=configs/fuzzy/real_msi_segformer_b1.yaml split=test seed=44 attempt=1
2026-05-08T01:06:48Z [INFO] Submitted task 292 (fuzzy_train_multi_seed, train, configs/fuzzy/real_msi_segformer_b1.yaml, seed=44) as job 826805, attempt 1
2026-05-08T01:07:09Z [INFO] Job 826797 for task 285 has left the Slurm queue; validating output
2026-05-08T01:07:09Z [ERROR] Task 285: status file reports state=failed; seed=47; message=train failed; see outputs/slurm/status/multi_seed_all_no_synth_20260430T192814Z/task_285_attempt_3.log; job_log=outputs/slurm/status/multi_seed_all_no_synth_20260430T192814Z/task_285_attempt_3.log
2026-05-08T01:07:09Z [ERROR] Task 285: validation failed; re-queueing for retry
2026-05-08T01:07:19Z [INFO] Submitting task 285 try 1/3: group=fuzzy_train_multi_seed kind=train config=configs/fuzzy/real_msi_segformer_b0.yaml split=test seed=47 attempt=4
2026-05-08T01:07:19Z [INFO] Submitted task 285 (fuzzy_train_multi_seed, train, configs/fuzzy/real_msi_segformer_b0.yaml, seed=47) as job 826806, attempt 4
2026-05-08T01:07:40Z [INFO] Job 826798 for task 284 has left the Slurm queue; validating output
2026-05-08T01:07:40Z [ERROR] Task 284: status file reports state=failed; seed=46; message=train failed; see outputs/slurm/status/multi_seed_all_no_synth_20260430T192814Z/task_284_attempt_4.log; job_log=outputs/slurm/status/multi_seed_all_no_synth_20260430T192814Z/task_284_attempt_4.log
2026-05-08T01:07:40Z [ERROR] Task 284: permanent failure after 4 attempt(s)
2026-05-08T01:07:50Z [INFO] Submitting task 293 try 1/3: group=fuzzy_train_multi_seed kind=train config=configs/fuzzy/real_msi_segformer_b1.yaml split=test seed=45 attempt=1
2026-05-08T01:07:50Z [INFO] Submitted task 293 (fuzzy_train_multi_seed, train, configs/fuzzy/real_msi_segformer_b1.yaml, seed=45) as job 826807, attempt 1
2026-05-08T01:08:11Z [INFO] Job 826799 for task 289 has left the Slurm queue; validating output
2026-05-08T01:08:11Z [ERROR] Task 289: status file reports state=failed; seed=51; message=train failed; see outputs/slurm/status/multi_seed_all_no_synth_20260430T192814Z/task_289_attempt_1.log; job_log=outputs/slurm/status/multi_seed_all_no_synth_20260430T192814Z/task_289_attempt_1.log
2026-05-08T01:08:11Z [ERROR] Task 289: validation failed; re-queueing for retry
2026-05-08T01:08:21Z [INFO] Submitting task 289 try 1/3: group=fuzzy_train_multi_seed kind=train config=configs/fuzzy/real_msi_segformer_b0.yaml split=test seed=51 attempt=2
2026-05-08T01:08:22Z [INFO] Submitted task 289 (fuzzy_train_multi_seed, train, configs/fuzzy/real_msi_segformer_b0.yaml, seed=51) as job 826808, attempt 2
2026-05-08T01:08:42Z [INFO] Job 826800 for task 286 has left the Slurm queue; validating output
2026-05-08T01:08:42Z [ERROR] Task 286: status file reports state=failed; seed=48; message=train failed; see outputs/slurm/status/multi_seed_all_no_synth_20260430T192814Z/task_286_attempt_2.log; job_log=outputs/slurm/status/multi_seed_all_no_synth_20260430T192814Z/task_286_attempt_2.log
2026-05-08T01:08:42Z [ERROR] Task 286: validation failed; re-queueing for retry
2026-05-08T01:08:52Z [INFO] Submitting task 286 try 1/3: group=fuzzy_train_multi_seed kind=train config=configs/fuzzy/real_msi_segformer_b0.yaml split=test seed=48 attempt=3
2026-05-08T01:08:52Z [INFO] Submitted task 286 (fuzzy_train_multi_seed, train, configs/fuzzy/real_msi_segformer_b0.yaml, seed=48) as job 826809, attempt 3
2026-05-08T01:09:03Z [INFO] Job 826801 for task 287 has left the Slurm queue; validating output
2026-05-08T01:09:03Z [ERROR] Task 287: status file reports state=failed; seed=49; message=train failed; see outputs/slurm/status/multi_seed_all_no_synth_20260430T192814Z/task_287_attempt_2.log; job_log=outputs/slurm/status/multi_seed_all_no_synth_20260430T192814Z/task_287_attempt_2.log
2026-05-08T01:09:03Z [ERROR] Task 287: validation failed; re-queueing for retry
2026-05-08T01:09:13Z [INFO] Submitting task 287 try 1/3: group=fuzzy_train_multi_seed kind=train config=configs/fuzzy/real_msi_segformer_b0.yaml split=test seed=49 attempt=3
2026-05-08T01:09:13Z [INFO] Submitted task 287 (fuzzy_train_multi_seed, train, configs/fuzzy/real_msi_segformer_b0.yaml, seed=49) as job 826810, attempt 3
2026-05-08T01:09:34Z [INFO] Job 826802 for task 288 has left the Slurm queue; validating output
2026-05-08T01:09:34Z [ERROR] Task 288: status file reports state=failed; seed=50; message=train failed; see outputs/slurm/status/multi_seed_all_no_synth_20260430T192814Z/task_288_attempt_2.log; job_log=outputs/slurm/status/multi_seed_all_no_synth_20260430T192814Z/task_288_attempt_2.log
2026-05-08T01:09:34Z [ERROR] Task 288: validation failed; re-queueing for retry
2026-05-08T01:09:44Z [INFO] Submitting task 288 try 1/3: group=fuzzy_train_multi_seed kind=train config=configs/fuzzy/real_msi_segformer_b0.yaml split=test seed=50 attempt=3
2026-05-08T01:09:44Z [INFO] Submitted task 288 (fuzzy_train_multi_seed, train, configs/fuzzy/real_msi_segformer_b0.yaml, seed=50) as job 826811, attempt 3
2026-05-08T01:10:05Z [INFO] Job 826803 for task 290 has left the Slurm queue; validating output
2026-05-08T01:10:05Z [ERROR] Task 290: status file reports state=failed; seed=42; message=train failed; see outputs/slurm/status/multi_seed_all_no_synth_20260430T192814Z/task_290_attempt_1.log; job_log=outputs/slurm/status/multi_seed_all_no_synth_20260430T192814Z/task_290_attempt_1.log
2026-05-08T01:10:05Z [ERROR] Task 290: validation failed; re-queueing for retry
2026-05-08T01:10:15Z [INFO] Submitting task 290 try 1/3: group=fuzzy_train_multi_seed kind=train config=configs/fuzzy/real_msi_segformer_b1.yaml split=test seed=42 attempt=2
2026-05-08T01:10:15Z [INFO] Submitted task 290 (fuzzy_train_multi_seed, train, configs/fuzzy/real_msi_segformer_b1.yaml, seed=42) as job 826812, attempt 2
2026-05-08T01:10:36Z [INFO] Job 826804 for task 291 has left the Slurm queue; validating output
2026-05-08T01:10:36Z [ERROR] Task 291: status file reports state=failed; seed=43; message=train failed; see outputs/slurm/status/multi_seed_all_no_synth_20260430T192814Z/task_291_attempt_1.log; job_log=outputs/slurm/status/multi_seed_all_no_synth_20260430T192814Z/task_291_attempt_1.log
2026-05-08T01:10:36Z [ERROR] Task 291: validation failed; re-queueing for retry
2026-05-08T01:10:46Z [INFO] Submitting task 291 try 1/3: group=fuzzy_train_multi_seed kind=train config=configs/fuzzy/real_msi_segformer_b1.yaml split=test seed=43 attempt=2
2026-05-08T01:10:46Z [INFO] Submitted task 291 (fuzzy_train_multi_seed, train, configs/fuzzy/real_msi_segformer_b1.yaml, seed=43) as job 826813, attempt 2
2026-05-08T01:11:07Z [INFO] Job 826805 for task 292 has left the Slurm queue; validating output
2026-05-08T01:11:07Z [ERROR] Task 292: status file reports state=failed; seed=44; message=train failed; see outputs/slurm/status/multi_seed_all_no_synth_20260430T192814Z/task_292_attempt_1.log; job_log=outputs/slurm/status/multi_seed_all_no_synth_20260430T192814Z/task_292_attempt_1.log
2026-05-08T01:11:07Z [ERROR] Task 292: validation failed; re-queueing for retry
2026-05-08T01:11:17Z [INFO] Submitting task 292 try 1/3: group=fuzzy_train_multi_seed kind=train config=configs/fuzzy/real_msi_segformer_b1.yaml split=test seed=44 attempt=2
2026-05-08T01:11:17Z [INFO] Submitted task 292 (fuzzy_train_multi_seed, train, configs/fuzzy/real_msi_segformer_b1.yaml, seed=44) as job 826814, attempt 2
2026-05-08T01:11:38Z [INFO] Job 826806 for task 285 has left the Slurm queue; validating output
2026-05-08T01:11:39Z [ERROR] Task 285: status file reports state=failed; seed=47; message=train failed; see outputs/slurm/status/multi_seed_all_no_synth_20260430T192814Z/task_285_attempt_4.log; job_log=outputs/slurm/status/multi_seed_all_no_synth_20260430T192814Z/task_285_attempt_4.log
2026-05-08T01:11:39Z [ERROR] Task 285: permanent failure after 4 attempt(s)
2026-05-08T01:11:49Z [INFO] Submitting task 294 try 1/3: group=fuzzy_train_multi_seed kind=train config=configs/fuzzy/real_msi_segformer_b1.yaml split=test seed=46 attempt=1
2026-05-08T01:11:49Z [INFO] Submitted task 294 (fuzzy_train_multi_seed, train, configs/fuzzy/real_msi_segformer_b1.yaml, seed=46) as job 826815, attempt 1
2026-05-08T01:12:10Z [INFO] Job 826807 for task 293 has left the Slurm queue; validating output
2026-05-08T01:12:10Z [ERROR] Task 293: status file reports state=failed; seed=45; message=train failed; see outputs/slurm/status/multi_seed_all_no_synth_20260430T192814Z/task_293_attempt_1.log; job_log=outputs/slurm/status/multi_seed_all_no_synth_20260430T192814Z/task_293_attempt_1.log
2026-05-08T01:12:10Z [ERROR] Task 293: validation failed; re-queueing for retry
2026-05-08T01:12:20Z [INFO] Submitting task 293 try 1/3: group=fuzzy_train_multi_seed kind=train config=configs/fuzzy/real_msi_segformer_b1.yaml split=test seed=45 attempt=2
2026-05-08T01:12:20Z [INFO] Submitted task 293 (fuzzy_train_multi_seed, train, configs/fuzzy/real_msi_segformer_b1.yaml, seed=45) as job 826816, attempt 2
2026-05-08T01:12:41Z [INFO] Job 826808 for task 289 has left the Slurm queue; validating output
2026-05-08T01:12:41Z [ERROR] Task 289: status file reports state=failed; seed=51; message=train failed; see outputs/slurm/status/multi_seed_all_no_synth_20260430T192814Z/task_289_attempt_2.log; job_log=outputs/slurm/status/multi_seed_all_no_synth_20260430T192814Z/task_289_attempt_2.log
2026-05-08T01:12:41Z [ERROR] Task 289: validation failed; re-queueing for retry
2026-05-08T01:12:51Z [INFO] Submitting task 289 try 1/3: group=fuzzy_train_multi_seed kind=train config=configs/fuzzy/real_msi_segformer_b0.yaml split=test seed=51 attempt=3
2026-05-08T01:12:52Z [INFO] Submitted task 289 (fuzzy_train_multi_seed, train, configs/fuzzy/real_msi_segformer_b0.yaml, seed=51) as job 826817, attempt 3
2026-05-08T01:13:12Z [INFO] Job 826809 for task 286 has left the Slurm queue; validating output
2026-05-08T01:13:13Z [ERROR] Task 286: status file reports state=failed; seed=48; message=train failed; see outputs/slurm/status/multi_seed_all_no_synth_20260430T192814Z/task_286_attempt_3.log; job_log=outputs/slurm/status/multi_seed_all_no_synth_20260430T192814Z/task_286_attempt_3.log
2026-05-08T01:13:13Z [ERROR] Task 286: validation failed; re-queueing for retry
2026-05-08T01:13:23Z [INFO] Submitting task 286 try 1/3: group=fuzzy_train_multi_seed kind=train config=configs/fuzzy/real_msi_segformer_b0.yaml split=test seed=48 attempt=4
2026-05-08T01:13:23Z [INFO] Submitted task 286 (fuzzy_train_multi_seed, train, configs/fuzzy/real_msi_segformer_b0.yaml, seed=48) as job 826818, attempt 4
2026-05-08T01:13:33Z [INFO] Job 826810 for task 287 has left the Slurm queue; validating output
2026-05-08T01:13:34Z [ERROR] Task 287: status file reports state=failed; seed=49; message=train failed; see outputs/slurm/status/multi_seed_all_no_synth_20260430T192814Z/task_287_attempt_3.log; job_log=outputs/slurm/status/multi_seed_all_no_synth_20260430T192814Z/task_287_attempt_3.log
2026-05-08T01:13:34Z [ERROR] Task 287: validation failed; re-queueing for retry
2026-05-08T01:13:44Z [INFO] Submitting task 287 try 1/3: group=fuzzy_train_multi_seed kind=train config=configs/fuzzy/real_msi_segformer_b0.yaml split=test seed=49 attempt=4
2026-05-08T01:13:44Z [INFO] Submitted task 287 (fuzzy_train_multi_seed, train, configs/fuzzy/real_msi_segformer_b0.yaml, seed=49) as job 826819, attempt 4
2026-05-08T01:14:04Z [INFO] Job 826811 for task 288 has left the Slurm queue; validating output
2026-05-08T01:14:05Z [ERROR] Task 288: status file reports state=failed; seed=50; message=train failed; see outputs/slurm/status/multi_seed_all_no_synth_20260430T192814Z/task_288_attempt_3.log; job_log=outputs/slurm/status/multi_seed_all_no_synth_20260430T192814Z/task_288_attempt_3.log
2026-05-08T01:14:05Z [ERROR] Task 288: validation failed; re-queueing for retry
2026-05-08T01:14:15Z [INFO] Submitting task 288 try 1/3: group=fuzzy_train_multi_seed kind=train config=configs/fuzzy/real_msi_segformer_b0.yaml split=test seed=50 attempt=4
2026-05-08T01:14:15Z [INFO] Submitted task 288 (fuzzy_train_multi_seed, train, configs/fuzzy/real_msi_segformer_b0.yaml, seed=50) as job 826820, attempt 4
2026-05-08T01:14:35Z [INFO] Job 826812 for task 290 has left the Slurm queue; validating output
2026-05-08T01:14:36Z [ERROR] Task 290: status file reports state=failed; seed=42; message=train failed; see outputs/slurm/status/multi_seed_all_no_synth_20260430T192814Z/task_290_attempt_2.log; job_log=outputs/slurm/status/multi_seed_all_no_synth_20260430T192814Z/task_290_attempt_2.log
2026-05-08T01:14:36Z [ERROR] Task 290: validation failed; re-queueing for retry
2026-05-08T01:14:46Z [INFO] Submitting task 290 try 1/3: group=fuzzy_train_multi_seed kind=train config=configs/fuzzy/real_msi_segformer_b1.yaml split=test seed=42 attempt=3
2026-05-08T01:14:46Z [INFO] Submitted task 290 (fuzzy_train_multi_seed, train, configs/fuzzy/real_msi_segformer_b1.yaml, seed=42) as job 826821, attempt 3
2026-05-08T01:15:07Z [INFO] Job 826813 for task 291 has left the Slurm queue; validating output
2026-05-08T01:15:07Z [ERROR] Task 291: status file reports state=failed; seed=43; message=train failed; see outputs/slurm/status/multi_seed_all_no_synth_20260430T192814Z/task_291_attempt_2.log; job_log=outputs/slurm/status/multi_seed_all_no_synth_20260430T192814Z/task_291_attempt_2.log
2026-05-08T01:15:07Z [ERROR] Task 291: validation failed; re-queueing for retry
2026-05-08T01:15:17Z [INFO] Submitting task 291 try 1/3: group=fuzzy_train_multi_seed kind=train config=configs/fuzzy/real_msi_segformer_b1.yaml split=test seed=43 attempt=3
2026-05-08T01:15:17Z [INFO] Submitted task 291 (fuzzy_train_multi_seed, train, configs/fuzzy/real_msi_segformer_b1.yaml, seed=43) as job 826822, attempt 3
2026-05-08T01:15:38Z [INFO] Job 826814 for task 292 has left the Slurm queue; validating output
2026-05-08T01:15:38Z [ERROR] Task 292: status file reports state=failed; seed=44; message=train failed; see outputs/slurm/status/multi_seed_all_no_synth_20260430T192814Z/task_292_attempt_2.log; job_log=outputs/slurm/status/multi_seed_all_no_synth_20260430T192814Z/task_292_attempt_2.log
2026-05-08T01:15:38Z [ERROR] Task 292: validation failed; re-queueing for retry
2026-05-08T01:15:48Z [INFO] Submitting task 292 try 1/3: group=fuzzy_train_multi_seed kind=train config=configs/fuzzy/real_msi_segformer_b1.yaml split=test seed=44 attempt=3
2026-05-08T01:15:49Z [INFO] Submitted task 292 (fuzzy_train_multi_seed, train, configs/fuzzy/real_msi_segformer_b1.yaml, seed=44) as job 826823, attempt 3
2026-05-08T01:16:09Z [INFO] Job 826815 for task 294 has left the Slurm queue; validating output
2026-05-08T01:16:09Z [ERROR] Task 294: status file reports state=failed; seed=46; message=train failed; see outputs/slurm/status/multi_seed_all_no_synth_20260430T192814Z/task_294_attempt_1.log; job_log=outputs/slurm/status/multi_seed_all_no_synth_20260430T192814Z/task_294_attempt_1.log
2026-05-08T01:16:09Z [ERROR] Task 294: validation failed; re-queueing for retry
2026-05-08T01:16:19Z [INFO] Submitting task 294 try 1/3: group=fuzzy_train_multi_seed kind=train config=configs/fuzzy/real_msi_segformer_b1.yaml split=test seed=46 attempt=2
2026-05-08T01:16:20Z [INFO] Submitted task 294 (fuzzy_train_multi_seed, train, configs/fuzzy/real_msi_segformer_b1.yaml, seed=46) as job 826824, attempt 2
2026-05-08T01:16:40Z [INFO] Job 826816 for task 293 has left the Slurm queue; validating output
2026-05-08T01:16:40Z [ERROR] Task 293: status file reports state=failed; seed=45; message=train failed; see outputs/slurm/status/multi_seed_all_no_synth_20260430T192814Z/task_293_attempt_2.log; job_log=outputs/slurm/status/multi_seed_all_no_synth_20260430T192814Z/task_293_attempt_2.log
2026-05-08T01:16:40Z [ERROR] Task 293: validation failed; re-queueing for retry
2026-05-08T01:16:50Z [INFO] Submitting task 293 try 1/3: group=fuzzy_train_multi_seed kind=train config=configs/fuzzy/real_msi_segformer_b1.yaml split=test seed=45 attempt=3
2026-05-08T01:16:50Z [INFO] Submitted task 293 (fuzzy_train_multi_seed, train, configs/fuzzy/real_msi_segformer_b1.yaml, seed=45) as job 826825, attempt 3
2026-05-08T01:17:11Z [INFO] Job 826817 for task 289 has left the Slurm queue; validating output
2026-05-08T01:17:11Z [ERROR] Task 289: status file reports state=failed; seed=51; message=train failed; see outputs/slurm/status/multi_seed_all_no_synth_20260430T192814Z/task_289_attempt_3.log; job_log=outputs/slurm/status/multi_seed_all_no_synth_20260430T192814Z/task_289_attempt_3.log
2026-05-08T01:17:11Z [ERROR] Task 289: validation failed; re-queueing for retry
2026-05-08T01:17:21Z [INFO] Submitting task 289 try 1/3: group=fuzzy_train_multi_seed kind=train config=configs/fuzzy/real_msi_segformer_b0.yaml split=test seed=51 attempt=4
2026-05-08T01:17:21Z [INFO] Submitted task 289 (fuzzy_train_multi_seed, train, configs/fuzzy/real_msi_segformer_b0.yaml, seed=51) as job 826826, attempt 4
2026-05-08T01:17:32Z [INFO] Job 826818 for task 286 has left the Slurm queue; validating output
2026-05-08T01:17:32Z [ERROR] Task 286: status file reports state=failed; seed=48; message=train failed; see outputs/slurm/status/multi_seed_all_no_synth_20260430T192814Z/task_286_attempt_4.log; job_log=outputs/slurm/status/multi_seed_all_no_synth_20260430T192814Z/task_286_attempt_4.log
2026-05-08T01:17:32Z [ERROR] Task 286: permanent failure after 4 attempt(s)
2026-05-08T01:17:42Z [INFO] Submitting task 295 try 1/3: group=fuzzy_train_multi_seed kind=train config=configs/fuzzy/real_msi_segformer_b1.yaml split=test seed=47 attempt=1
2026-05-08T01:17:42Z [INFO] Submitted task 295 (fuzzy_train_multi_seed, train, configs/fuzzy/real_msi_segformer_b1.yaml, seed=47) as job 826827, attempt 1
2026-05-08T01:18:03Z [INFO] Job 826819 for task 287 has left the Slurm queue; validating output
2026-05-08T01:18:03Z [ERROR] Task 287: status file reports state=failed; seed=49; message=train failed; see outputs/slurm/status/multi_seed_all_no_synth_20260430T192814Z/task_287_attempt_4.log; job_log=outputs/slurm/status/multi_seed_all_no_synth_20260430T192814Z/task_287_attempt_4.log
2026-05-08T01:18:03Z [ERROR] Task 287: permanent failure after 4 attempt(s)
2026-05-08T01:18:13Z [INFO] Submitting task 296 try 1/3: group=fuzzy_train_multi_seed kind=train config=configs/fuzzy/real_msi_segformer_b1.yaml split=test seed=48 attempt=1
2026-05-08T01:18:13Z [INFO] Submitted task 296 (fuzzy_train_multi_seed, train, configs/fuzzy/real_msi_segformer_b1.yaml, seed=48) as job 826828, attempt 1
2026-05-08T01:18:33Z [INFO] Job 826820 for task 288 has left the Slurm queue; validating output
2026-05-08T01:18:34Z [ERROR] Task 288: status file reports state=failed; seed=50; message=train failed; see outputs/slurm/status/multi_seed_all_no_synth_20260430T192814Z/task_288_attempt_4.log; job_log=outputs/slurm/status/multi_seed_all_no_synth_20260430T192814Z/task_288_attempt_4.log
2026-05-08T01:18:34Z [ERROR] Task 288: permanent failure after 4 attempt(s)
2026-05-08T01:18:44Z [INFO] Submitting task 297 try 1/3: group=fuzzy_train_multi_seed kind=train config=configs/fuzzy/real_msi_segformer_b1.yaml split=test seed=49 attempt=1
2026-05-08T01:18:44Z [INFO] Submitted task 297 (fuzzy_train_multi_seed, train, configs/fuzzy/real_msi_segformer_b1.yaml, seed=49) as job 826829, attempt 1
2026-05-08T01:19:05Z [INFO] Job 826821 for task 290 has left the Slurm queue; validating output
2026-05-08T01:19:05Z [ERROR] Task 290: status file reports state=failed; seed=42; message=train failed; see outputs/slurm/status/multi_seed_all_no_synth_20260430T192814Z/task_290_attempt_3.log; job_log=outputs/slurm/status/multi_seed_all_no_synth_20260430T192814Z/task_290_attempt_3.log
2026-05-08T01:19:05Z [ERROR] Task 290: validation failed; re-queueing for retry
2026-05-08T01:19:15Z [INFO] Submitting task 290 try 1/3: group=fuzzy_train_multi_seed kind=train config=configs/fuzzy/real_msi_segformer_b1.yaml split=test seed=42 attempt=4
2026-05-08T01:19:15Z [INFO] Submitted task 290 (fuzzy_train_multi_seed, train, configs/fuzzy/real_msi_segformer_b1.yaml, seed=42) as job 826830, attempt 4
2026-05-08T01:19:36Z [INFO] Job 826822 for task 291 has left the Slurm queue; validating output
2026-05-08T01:19:38Z [ERROR] Task 291: status file reports state=failed; seed=43; message=train failed; see outputs/slurm/status/multi_seed_all_no_synth_20260430T192814Z/task_291_attempt_3.log; job_log=outputs/slurm/status/multi_seed_all_no_synth_20260430T192814Z/task_291_attempt_3.log
2026-05-08T01:19:38Z [ERROR] Task 291: validation failed; re-queueing for retry
2026-05-08T01:19:48Z [INFO] Submitting task 291 try 1/3: group=fuzzy_train_multi_seed kind=train config=configs/fuzzy/real_msi_segformer_b1.yaml split=test seed=43 attempt=4
2026-05-08T01:19:48Z [INFO] Submitted task 291 (fuzzy_train_multi_seed, train, configs/fuzzy/real_msi_segformer_b1.yaml, seed=43) as job 826831, attempt 4
2026-05-08T01:20:09Z [INFO] Job 826823 for task 292 has left the Slurm queue; validating output
2026-05-08T01:20:09Z [ERROR] Task 292: status file reports state=failed; seed=44; message=train failed; see outputs/slurm/status/multi_seed_all_no_synth_20260430T192814Z/task_292_attempt_3.log; job_log=outputs/slurm/status/multi_seed_all_no_synth_20260430T192814Z/task_292_attempt_3.log
2026-05-08T01:20:09Z [ERROR] Task 292: validation failed; re-queueing for retry
2026-05-08T01:20:19Z [INFO] Submitting task 292 try 1/3: group=fuzzy_train_multi_seed kind=train config=configs/fuzzy/real_msi_segformer_b1.yaml split=test seed=44 attempt=4
2026-05-08T01:20:19Z [INFO] Submitted task 292 (fuzzy_train_multi_seed, train, configs/fuzzy/real_msi_segformer_b1.yaml, seed=44) as job 826832, attempt 4
2026-05-08T01:20:40Z [INFO] Job 826824 for task 294 has left the Slurm queue; validating output
2026-05-08T01:20:40Z [ERROR] Task 294: status file reports state=failed; seed=46; message=train failed; see outputs/slurm/status/multi_seed_all_no_synth_20260430T192814Z/task_294_attempt_2.log; job_log=outputs/slurm/status/multi_seed_all_no_synth_20260430T192814Z/task_294_attempt_2.log
2026-05-08T01:20:40Z [ERROR] Task 294: validation failed; re-queueing for retry
2026-05-08T01:20:50Z [INFO] Submitting task 294 try 1/3: group=fuzzy_train_multi_seed kind=train config=configs/fuzzy/real_msi_segformer_b1.yaml split=test seed=46 attempt=3
2026-05-08T01:20:50Z [INFO] Submitted task 294 (fuzzy_train_multi_seed, train, configs/fuzzy/real_msi_segformer_b1.yaml, seed=46) as job 826833, attempt 3
2026-05-08T01:21:11Z [INFO] Job 826825 for task 293 has left the Slurm queue; validating output
2026-05-08T01:21:11Z [ERROR] Task 293: status file reports state=failed; seed=45; message=train failed; see outputs/slurm/status/multi_seed_all_no_synth_20260430T192814Z/task_293_attempt_3.log; job_log=outputs/slurm/status/multi_seed_all_no_synth_20260430T192814Z/task_293_attempt_3.log
2026-05-08T01:21:11Z [ERROR] Task 293: validation failed; re-queueing for retry
2026-05-08T01:21:21Z [INFO] Submitting task 293 try 1/3: group=fuzzy_train_multi_seed kind=train config=configs/fuzzy/real_msi_segformer_b1.yaml split=test seed=45 attempt=4
2026-05-08T01:21:21Z [INFO] Submitted task 293 (fuzzy_train_multi_seed, train, configs/fuzzy/real_msi_segformer_b1.yaml, seed=45) as job 826834, attempt 4
2026-05-08T01:21:32Z [INFO] Job 826826 for task 289 has left the Slurm queue; validating output
2026-05-08T01:21:32Z [ERROR] Task 289: status file reports state=failed; seed=51; message=train failed; see outputs/slurm/status/multi_seed_all_no_synth_20260430T192814Z/task_289_attempt_4.log; job_log=outputs/slurm/status/multi_seed_all_no_synth_20260430T192814Z/task_289_attempt_4.log
2026-05-08T01:21:32Z [ERROR] Task 289: permanent failure after 4 attempt(s)
2026-05-08T01:21:42Z [INFO] Submitting task 298 try 1/3: group=fuzzy_train_multi_seed kind=train config=configs/fuzzy/real_msi_segformer_b1.yaml split=test seed=50 attempt=1
2026-05-08T01:21:42Z [INFO] Submitted task 298 (fuzzy_train_multi_seed, train, configs/fuzzy/real_msi_segformer_b1.yaml, seed=50) as job 826835, attempt 1
2026-05-08T01:22:13Z [INFO] Job 826827 for task 295 has left the Slurm queue; validating output
2026-05-08T01:22:14Z [ERROR] Task 295: status file reports state=failed; seed=47; message=train failed; see outputs/slurm/status/multi_seed_all_no_synth_20260430T192814Z/task_295_attempt_1.log; job_log=outputs/slurm/status/multi_seed_all_no_synth_20260430T192814Z/task_295_attempt_1.log
2026-05-08T01:22:14Z [ERROR] Task 295: validation failed; re-queueing for retry
2026-05-08T01:22:24Z [INFO] Submitting task 295 try 1/3: group=fuzzy_train_multi_seed kind=train config=configs/fuzzy/real_msi_segformer_b1.yaml split=test seed=47 attempt=2
2026-05-08T01:22:24Z [INFO] Submitted task 295 (fuzzy_train_multi_seed, train, configs/fuzzy/real_msi_segformer_b1.yaml, seed=47) as job 826836, attempt 2
2026-05-08T01:22:35Z [INFO] Job 826828 for task 296 has left the Slurm queue; validating output
2026-05-08T01:22:35Z [ERROR] Task 296: status file reports state=failed; seed=48; message=train failed; see outputs/slurm/status/multi_seed_all_no_synth_20260430T192814Z/task_296_attempt_1.log; job_log=outputs/slurm/status/multi_seed_all_no_synth_20260430T192814Z/task_296_attempt_1.log
2026-05-08T01:22:35Z [ERROR] Task 296: validation failed; re-queueing for retry
2026-05-08T01:22:45Z [INFO] Submitting task 296 try 1/3: group=fuzzy_train_multi_seed kind=train config=configs/fuzzy/real_msi_segformer_b1.yaml split=test seed=48 attempt=2
2026-05-08T01:22:45Z [INFO] Submitted task 296 (fuzzy_train_multi_seed, train, configs/fuzzy/real_msi_segformer_b1.yaml, seed=48) as job 826837, attempt 2
2026-05-08T01:23:06Z [INFO] Job 826829 for task 297 has left the Slurm queue; validating output
2026-05-08T01:23:06Z [ERROR] Task 297: status file reports state=failed; seed=49; message=train failed; see outputs/slurm/status/multi_seed_all_no_synth_20260430T192814Z/task_297_attempt_1.log; job_log=outputs/slurm/status/multi_seed_all_no_synth_20260430T192814Z/task_297_attempt_1.log
2026-05-08T01:23:06Z [ERROR] Task 297: validation failed; re-queueing for retry
2026-05-08T01:23:16Z [INFO] Submitting task 297 try 1/3: group=fuzzy_train_multi_seed kind=train config=configs/fuzzy/real_msi_segformer_b1.yaml split=test seed=49 attempt=2
2026-05-08T01:23:16Z [INFO] Submitted task 297 (fuzzy_train_multi_seed, train, configs/fuzzy/real_msi_segformer_b1.yaml, seed=49) as job 826838, attempt 2
2026-05-08T01:23:37Z [INFO] Job 826830 for task 290 has left the Slurm queue; validating output
2026-05-08T01:23:37Z [ERROR] Task 290: status file reports state=failed; seed=42; message=train failed; see outputs/slurm/status/multi_seed_all_no_synth_20260430T192814Z/task_290_attempt_4.log; job_log=outputs/slurm/status/multi_seed_all_no_synth_20260430T192814Z/task_290_attempt_4.log
2026-05-08T01:23:37Z [ERROR] Task 290: permanent failure after 4 attempt(s)
2026-05-08T01:23:47Z [INFO] Submitting task 299 try 1/3: group=fuzzy_train_multi_seed kind=train config=configs/fuzzy/real_msi_segformer_b1.yaml split=test seed=51 attempt=1
2026-05-08T01:23:47Z [INFO] Submitted task 299 (fuzzy_train_multi_seed, train, configs/fuzzy/real_msi_segformer_b1.yaml, seed=51) as job 826839, attempt 1
2026-05-08T01:24:08Z [INFO] Job 826831 for task 291 has left the Slurm queue; validating output
2026-05-08T01:24:08Z [ERROR] Task 291: status file reports state=failed; seed=43; message=train failed; see outputs/slurm/status/multi_seed_all_no_synth_20260430T192814Z/task_291_attempt_4.log; job_log=outputs/slurm/status/multi_seed_all_no_synth_20260430T192814Z/task_291_attempt_4.log
2026-05-08T01:24:08Z [ERROR] Task 291: permanent failure after 4 attempt(s)
2026-05-08T01:24:18Z [INFO] Submitting task 300 try 1/3: group=fuzzy_train_multi_seed kind=train config=configs/fuzzy/rgb_real_msi_unetpp_resnet34.yaml split=test seed=42 attempt=1
2026-05-08T01:24:18Z [INFO] Submitted task 300 (fuzzy_train_multi_seed, train, configs/fuzzy/rgb_real_msi_unetpp_resnet34.yaml, seed=42) as job 826840, attempt 1
2026-05-08T01:24:39Z [INFO] Job 826832 for task 292 has left the Slurm queue; validating output
2026-05-08T01:24:39Z [ERROR] Task 292: status file reports state=failed; seed=44; message=train failed; see outputs/slurm/status/multi_seed_all_no_synth_20260430T192814Z/task_292_attempt_4.log; job_log=outputs/slurm/status/multi_seed_all_no_synth_20260430T192814Z/task_292_attempt_4.log
2026-05-08T01:24:39Z [ERROR] Task 292: permanent failure after 4 attempt(s)
2026-05-08T01:24:49Z [INFO] Submitting task 301 try 1/3: group=fuzzy_train_multi_seed kind=train config=configs/fuzzy/rgb_real_msi_unetpp_resnet34.yaml split=test seed=43 attempt=1
2026-05-08T01:24:49Z [INFO] Submitted task 301 (fuzzy_train_multi_seed, train, configs/fuzzy/rgb_real_msi_unetpp_resnet34.yaml, seed=43) as job 826841, attempt 1
2026-05-08T01:25:10Z [INFO] Job 826833 for task 294 has left the Slurm queue; validating output
2026-05-08T01:25:10Z [ERROR] Task 294: status file reports state=failed; seed=46; message=train failed; see outputs/slurm/status/multi_seed_all_no_synth_20260430T192814Z/task_294_attempt_3.log; job_log=outputs/slurm/status/multi_seed_all_no_synth_20260430T192814Z/task_294_attempt_3.log
2026-05-08T01:25:10Z [ERROR] Task 294: validation failed; re-queueing for retry
2026-05-08T01:25:20Z [INFO] Submitting task 294 try 1/3: group=fuzzy_train_multi_seed kind=train config=configs/fuzzy/real_msi_segformer_b1.yaml split=test seed=46 attempt=4
2026-05-08T01:25:20Z [INFO] Submitted task 294 (fuzzy_train_multi_seed, train, configs/fuzzy/real_msi_segformer_b1.yaml, seed=46) as job 826842, attempt 4
2026-05-08T01:25:41Z [INFO] Job 826834 for task 293 has left the Slurm queue; validating output
2026-05-08T01:25:41Z [ERROR] Task 293: status file reports state=failed; seed=45; message=train failed; see outputs/slurm/status/multi_seed_all_no_synth_20260430T192814Z/task_293_attempt_4.log; job_log=outputs/slurm/status/multi_seed_all_no_synth_20260430T192814Z/task_293_attempt_4.log
2026-05-08T01:25:41Z [ERROR] Task 293: permanent failure after 4 attempt(s)
2026-05-08T01:25:51Z [INFO] Submitting task 302 try 1/3: group=fuzzy_train_multi_seed kind=train config=configs/fuzzy/rgb_real_msi_unetpp_resnet34.yaml split=test seed=44 attempt=1
2026-05-08T01:25:51Z [INFO] Submitted task 302 (fuzzy_train_multi_seed, train, configs/fuzzy/rgb_real_msi_unetpp_resnet34.yaml, seed=44) as job 826843, attempt 1
2026-05-08T01:26:02Z [INFO] Job 826835 for task 298 has left the Slurm queue; validating output
2026-05-08T01:26:03Z [ERROR] Task 298: status file reports state=failed; seed=50; message=train failed; see outputs/slurm/status/multi_seed_all_no_synth_20260430T192814Z/task_298_attempt_1.log; job_log=outputs/slurm/status/multi_seed_all_no_synth_20260430T192814Z/task_298_attempt_1.log
2026-05-08T01:26:03Z [ERROR] Task 298: validation failed; re-queueing for retry
2026-05-08T01:26:13Z [INFO] Submitting task 298 try 1/3: group=fuzzy_train_multi_seed kind=train config=configs/fuzzy/real_msi_segformer_b1.yaml split=test seed=50 attempt=2
2026-05-08T01:26:13Z [INFO] Submitted task 298 (fuzzy_train_multi_seed, train, configs/fuzzy/real_msi_segformer_b1.yaml, seed=50) as job 826844, attempt 2
2026-05-08T01:26:34Z [INFO] Job 826836 for task 295 has left the Slurm queue; validating output
2026-05-08T01:26:34Z [ERROR] Task 295: status file reports state=failed; seed=47; message=train failed; see outputs/slurm/status/multi_seed_all_no_synth_20260430T192814Z/task_295_attempt_2.log; job_log=outputs/slurm/status/multi_seed_all_no_synth_20260430T192814Z/task_295_attempt_2.log
2026-05-08T01:26:34Z [ERROR] Task 295: validation failed; re-queueing for retry
2026-05-08T01:26:44Z [INFO] Submitting task 295 try 1/3: group=fuzzy_train_multi_seed kind=train config=configs/fuzzy/real_msi_segformer_b1.yaml split=test seed=47 attempt=3
2026-05-08T01:26:44Z [INFO] Submitted task 295 (fuzzy_train_multi_seed, train, configs/fuzzy/real_msi_segformer_b1.yaml, seed=47) as job 826845, attempt 3
2026-05-08T01:27:05Z [INFO] Job 826837 for task 296 has left the Slurm queue; validating output
2026-05-08T01:27:05Z [ERROR] Task 296: status file reports state=failed; seed=48; message=train failed; see outputs/slurm/status/multi_seed_all_no_synth_20260430T192814Z/task_296_attempt_2.log; job_log=outputs/slurm/status/multi_seed_all_no_synth_20260430T192814Z/task_296_attempt_2.log
2026-05-08T01:27:05Z [ERROR] Task 296: validation failed; re-queueing for retry
2026-05-08T01:27:15Z [INFO] Submitting task 296 try 1/3: group=fuzzy_train_multi_seed kind=train config=configs/fuzzy/real_msi_segformer_b1.yaml split=test seed=48 attempt=3
2026-05-08T01:27:15Z [INFO] Submitted task 296 (fuzzy_train_multi_seed, train, configs/fuzzy/real_msi_segformer_b1.yaml, seed=48) as job 826846, attempt 3
2026-05-08T01:27:36Z [INFO] Job 826838 for task 297 has left the Slurm queue; validating output
2026-05-08T01:27:37Z [ERROR] Task 297: status file reports state=failed; seed=49; message=train failed; see outputs/slurm/status/multi_seed_all_no_synth_20260430T192814Z/task_297_attempt_2.log; job_log=outputs/slurm/status/multi_seed_all_no_synth_20260430T192814Z/task_297_attempt_2.log
2026-05-08T01:27:37Z [ERROR] Task 297: validation failed; re-queueing for retry
2026-05-08T01:27:47Z [INFO] Submitting task 297 try 1/3: group=fuzzy_train_multi_seed kind=train config=configs/fuzzy/real_msi_segformer_b1.yaml split=test seed=49 attempt=3
2026-05-08T01:27:47Z [INFO] Submitted task 297 (fuzzy_train_multi_seed, train, configs/fuzzy/real_msi_segformer_b1.yaml, seed=49) as job 826847, attempt 3
2026-05-08T01:28:08Z [INFO] Job 826839 for task 299 has left the Slurm queue; validating output
2026-05-08T01:28:08Z [ERROR] Task 299: status file reports state=failed; seed=51; message=train failed; see outputs/slurm/status/multi_seed_all_no_synth_20260430T192814Z/task_299_attempt_1.log; job_log=outputs/slurm/status/multi_seed_all_no_synth_20260430T192814Z/task_299_attempt_1.log
2026-05-08T01:28:08Z [ERROR] Task 299: validation failed; re-queueing for retry
2026-05-08T01:28:18Z [INFO] Submitting task 299 try 1/3: group=fuzzy_train_multi_seed kind=train config=configs/fuzzy/real_msi_segformer_b1.yaml split=test seed=51 attempt=2
2026-05-08T01:28:18Z [INFO] Submitted task 299 (fuzzy_train_multi_seed, train, configs/fuzzy/real_msi_segformer_b1.yaml, seed=51) as job 826848, attempt 2
2026-05-08T01:36:20Z [INFO] Job 825978 for task 259 has left the Slurm queue; validating output
2026-05-08T01:36:21Z [INFO] Task 259 completed successfully
2026-05-08T01:36:31Z [INFO] Submitting task 303 try 1/3: group=fuzzy_train_multi_seed kind=train config=configs/fuzzy/rgb_real_msi_unetpp_resnet34.yaml split=test seed=45 attempt=1
2026-05-08T01:36:31Z [INFO] Submitted task 303 (fuzzy_train_multi_seed, train, configs/fuzzy/rgb_real_msi_unetpp_resnet34.yaml, seed=45) as job 826849, attempt 1
2026-05-08T02:29:06Z [INFO] Job 825939 for task 240 has left the Slurm queue; validating output
2026-05-08T02:29:07Z [INFO] Task 240 completed successfully
2026-05-08T02:29:17Z [INFO] Submitting task 304 try 1/3: group=fuzzy_train_multi_seed kind=train config=configs/fuzzy/rgb_real_msi_unetpp_resnet34.yaml split=test seed=46 attempt=1
2026-05-08T02:29:17Z [INFO] Submitted task 304 (fuzzy_train_multi_seed, train, configs/fuzzy/rgb_real_msi_unetpp_resnet34.yaml, seed=46) as job 826870, attempt 1
2026-05-08T04:30:25Z [INFO] Job 826446 for task 261 has left the Slurm queue; validating output
2026-05-08T04:30:26Z [INFO] Task 261 completed successfully
2026-05-08T04:30:36Z [INFO] Submitting task 305 try 1/3: group=fuzzy_train_multi_seed kind=train config=configs/fuzzy/rgb_real_msi_unetpp_resnet34.yaml split=test seed=47 attempt=1
2026-05-08T04:30:36Z [INFO] Submitted task 305 (fuzzy_train_multi_seed, train, configs/fuzzy/rgb_real_msi_unetpp_resnet34.yaml, seed=47) as job 826905, attempt 1
2026-05-08T05:09:53Z [INFO] Job 826692 for task 266 has left the Slurm queue; validating output
2026-05-08T05:09:54Z [INFO] Task 266 completed successfully
2026-05-08T05:10:04Z [INFO] Submitting task 306 try 1/3: group=fuzzy_train_multi_seed kind=train config=configs/fuzzy/rgb_real_msi_unetpp_resnet34.yaml split=test seed=48 attempt=1
2026-05-08T05:10:04Z [INFO] Submitted task 306 (fuzzy_train_multi_seed, train, configs/fuzzy/rgb_real_msi_unetpp_resnet34.yaml, seed=48) as job 826909, attempt 1
2026-05-08T06:39:27Z [INFO] Job 826691 for task 265 has left the Slurm queue; validating output
2026-05-08T06:39:28Z [INFO] Task 265 completed successfully
2026-05-08T06:39:38Z [INFO] Submitting task 307 try 1/3: group=fuzzy_train_multi_seed kind=train config=configs/fuzzy/rgb_real_msi_unetpp_resnet34.yaml split=test seed=49 attempt=1
2026-05-08T06:39:38Z [INFO] Submitted task 307 (fuzzy_train_multi_seed, train, configs/fuzzy/rgb_real_msi_unetpp_resnet34.yaml, seed=49) as job 826991, attempt 1
2026-05-08T10:14:00Z [INFO] Job 826841 for task 301 has left the Slurm queue; validating output
2026-05-08T10:14:01Z [INFO] Task 301 completed successfully
2026-05-08T10:14:11Z [INFO] Submitting task 308 try 1/3: group=fuzzy_train_multi_seed kind=train config=configs/fuzzy/rgb_real_msi_unetpp_resnet34.yaml split=test seed=50 attempt=1
2026-05-08T10:14:11Z [INFO] Submitted task 308 (fuzzy_train_multi_seed, train, configs/fuzzy/rgb_real_msi_unetpp_resnet34.yaml, seed=50) as job 827276, attempt 1
2026-05-08T10:54:06Z [INFO] Job 826453 for task 254 has left the Slurm queue; validating output
2026-05-08T10:54:07Z [ERROR] Task 254: missing status file outputs/slurm/status/multi_seed_all_no_synth_20260430T192814Z/task_254_attempt_2.status
2026-05-08T10:54:07Z [ERROR] Task 254: validation failed; re-queueing for retry
2026-05-08T10:54:17Z [INFO] Submitting task 254 try 1/3: group=fuzzy_train_multi_seed kind=train config=configs/fuzzy/real_msi_unetpp_resnet50.yaml split=test seed=46 attempt=3
2026-05-08T10:54:17Z [INFO] Submitted task 254 (fuzzy_train_multi_seed, train, configs/fuzzy/real_msi_unetpp_resnet50.yaml, seed=46) as job 827371, attempt 3
2026-05-08T11:42:38Z [INFO] Job 826783 for task 278 has left the Slurm queue; validating output
2026-05-08T11:42:39Z [INFO] Task 278 completed successfully
2026-05-08T11:42:49Z [INFO] Submitting task 309 try 1/3: group=fuzzy_train_multi_seed kind=train config=configs/fuzzy/rgb_real_msi_unetpp_resnet34.yaml split=test seed=51 attempt=1
2026-05-08T11:42:49Z [INFO] Submitted task 309 (fuzzy_train_multi_seed, train, configs/fuzzy/rgb_real_msi_unetpp_resnet34.yaml, seed=51) as job 827433, attempt 1
2026-05-08T12:36:47Z [INFO] Job 826845 for task 295 has left the Slurm queue; validating output
2026-05-08T12:36:48Z [INFO] Task 295 completed successfully
2026-05-08T12:36:58Z [INFO] Submitting task 310 try 1/3: group=fuzzy_train_multi_seed kind=train config=configs/fuzzy/rgb_real_msi_unetpp_resnet50.yaml split=test seed=42 attempt=1
2026-05-08T12:36:58Z [INFO] Submitted task 310 (fuzzy_train_multi_seed, train, configs/fuzzy/rgb_real_msi_unetpp_resnet50.yaml, seed=42) as job 827508, attempt 1
2026-05-08T12:46:24Z [INFO] Job 826840 for task 300 has left the Slurm queue; validating output
2026-05-08T12:46:24Z [INFO] Task 300 completed successfully
2026-05-08T12:46:34Z [INFO] Submitting task 311 try 1/3: group=fuzzy_train_multi_seed kind=train config=configs/fuzzy/rgb_real_msi_unetpp_resnet50.yaml split=test seed=43 attempt=1
2026-05-08T12:46:34Z [INFO] Submitted task 311 (fuzzy_train_multi_seed, train, configs/fuzzy/rgb_real_msi_unetpp_resnet50.yaml, seed=43) as job 827517, attempt 1
2026-05-08T12:55:39Z [INFO] Job 826844 for task 298 has left the Slurm queue; validating output
2026-05-08T12:55:40Z [INFO] Task 298 completed successfully
2026-05-08T12:55:50Z [INFO] Submitting task 312 try 1/3: group=fuzzy_train_multi_seed kind=train config=configs/fuzzy/rgb_real_msi_unetpp_resnet50.yaml split=test seed=44 attempt=1
2026-05-08T12:55:50Z [INFO] Submitted task 312 (fuzzy_train_multi_seed, train, configs/fuzzy/rgb_real_msi_unetpp_resnet50.yaml, seed=44) as job 827521, attempt 1
2026-05-08T13:56:59Z [INFO] Job 826842 for task 294 has left the Slurm queue; validating output
2026-05-08T13:57:01Z [INFO] Task 294 completed successfully
2026-05-08T13:57:11Z [INFO] Submitting task 313 try 1/3: group=fuzzy_train_multi_seed kind=train config=configs/fuzzy/rgb_real_msi_unetpp_resnet50.yaml split=test seed=45 attempt=1
2026-05-08T13:57:11Z [INFO] Submitted task 313 (fuzzy_train_multi_seed, train, configs/fuzzy/rgb_real_msi_unetpp_resnet50.yaml, seed=45) as job 827656, attempt 1
2026-05-08T16:22:43Z [INFO] Job 826846 for task 296 has left the Slurm queue; validating output
2026-05-08T16:22:43Z [INFO] Task 296 completed successfully
2026-05-08T16:22:53Z [INFO] Submitting task 314 try 1/3: group=fuzzy_train_multi_seed kind=train config=configs/fuzzy/rgb_real_msi_unetpp_resnet50.yaml split=test seed=46 attempt=1
2026-05-08T16:22:53Z [INFO] Submitted task 314 (fuzzy_train_multi_seed, train, configs/fuzzy/rgb_real_msi_unetpp_resnet50.yaml, seed=46) as job 827796, attempt 1
2026-05-08T16:30:45Z [INFO] Job 826843 for task 302 has left the Slurm queue; validating output
2026-05-08T16:30:45Z [ERROR] Task 302: missing status file outputs/slurm/status/multi_seed_all_no_synth_20260430T192814Z/task_302_attempt_1.status
2026-05-08T16:30:45Z [ERROR] Task 302: validation failed; re-queueing for retry
2026-05-08T16:30:56Z [INFO] Submitting task 302 try 1/3: group=fuzzy_train_multi_seed kind=train config=configs/fuzzy/rgb_real_msi_unetpp_resnet34.yaml split=test seed=44 attempt=2
2026-05-08T16:30:56Z [INFO] Submitted task 302 (fuzzy_train_multi_seed, train, configs/fuzzy/rgb_real_msi_unetpp_resnet34.yaml, seed=44) as job 827807, attempt 2
2026-05-08T19:00:02Z [INFO] Job 826847 for task 297 has left the Slurm queue; validating output
2026-05-08T19:00:03Z [INFO] Task 297 completed successfully
2026-05-08T19:00:13Z [INFO] Submitting task 315 try 1/3: group=fuzzy_train_multi_seed kind=train config=configs/fuzzy/rgb_real_msi_unetpp_resnet50.yaml split=test seed=47 attempt=1
2026-05-08T19:00:13Z [INFO] Submitted task 315 (fuzzy_train_multi_seed, train, configs/fuzzy/rgb_real_msi_unetpp_resnet50.yaml, seed=47) as job 827943, attempt 1
2026-05-08T20:16:46Z [INFO] Job 826848 for task 299 has left the Slurm queue; validating output
2026-05-08T20:16:47Z [INFO] Task 299 completed successfully
2026-05-08T20:16:57Z [INFO] Submitting task 316 try 1/3: group=fuzzy_train_multi_seed kind=train config=configs/fuzzy/rgb_real_msi_unetpp_resnet50.yaml split=test seed=48 attempt=1
2026-05-08T20:16:57Z [INFO] Submitted task 316 (fuzzy_train_multi_seed, train, configs/fuzzy/rgb_real_msi_unetpp_resnet50.yaml, seed=48) as job 827983, attempt 1
2026-05-09T00:31:08Z [INFO] Job 826909 for task 306 has left the Slurm queue; validating output
2026-05-09T00:31:09Z [INFO] Task 306 completed successfully
2026-05-09T00:31:19Z [INFO] Submitting task 317 try 1/3: group=fuzzy_train_multi_seed kind=train config=configs/fuzzy/rgb_real_msi_unetpp_resnet50.yaml split=test seed=49 attempt=1
2026-05-09T00:31:19Z [INFO] Submitted task 317 (fuzzy_train_multi_seed, train, configs/fuzzy/rgb_real_msi_unetpp_resnet50.yaml, seed=49) as job 828206, attempt 1
2026-05-09T00:37:08Z [INFO] Job 826849 for task 303 has left the Slurm queue; validating output
2026-05-09T00:37:08Z [ERROR] Task 303: missing status file outputs/slurm/status/multi_seed_all_no_synth_20260430T192814Z/task_303_attempt_1.status
2026-05-09T00:37:08Z [ERROR] Task 303: validation failed; re-queueing for retry
2026-05-09T00:37:19Z [INFO] Submitting task 303 try 1/3: group=fuzzy_train_multi_seed kind=train config=configs/fuzzy/rgb_real_msi_unetpp_resnet34.yaml split=test seed=45 attempt=2
2026-05-09T00:37:19Z [INFO] Submitted task 303 (fuzzy_train_multi_seed, train, configs/fuzzy/rgb_real_msi_unetpp_resnet34.yaml, seed=45) as job 828219, attempt 2
2026-05-09T00:46:43Z [INFO] Job 826870 for task 304 has left the Slurm queue; validating output
2026-05-09T00:46:43Z [ERROR] Task 304: missing status file outputs/slurm/status/multi_seed_all_no_synth_20260430T192814Z/task_304_attempt_1.status
2026-05-09T00:46:43Z [ERROR] Task 304: validation failed; re-queueing for retry
2026-05-09T00:46:53Z [INFO] Submitting task 304 try 1/3: group=fuzzy_train_multi_seed kind=train config=configs/fuzzy/rgb_real_msi_unetpp_resnet34.yaml split=test seed=46 attempt=2
2026-05-09T00:46:53Z [INFO] Submitted task 304 (fuzzy_train_multi_seed, train, configs/fuzzy/rgb_real_msi_unetpp_resnet34.yaml, seed=46) as job 828239, attempt 2
2026-05-09T00:46:53Z [INFO] Job 827521 for task 312 has left the Slurm queue; validating output
2026-05-09T00:46:54Z [ERROR] Task 312: status file reports state=failed; seed=44; message=train failed; see outputs/slurm/status/multi_seed_all_no_synth_20260430T192814Z/task_312_attempt_1.log; job_log=outputs/slurm/status/multi_seed_all_no_synth_20260430T192814Z/task_312_attempt_1.log
2026-05-09T00:46:54Z [ERROR] Task 312: validation failed; re-queueing for retry
2026-05-09T00:47:04Z [INFO] Submitting task 312 try 1/3: group=fuzzy_train_multi_seed kind=train config=configs/fuzzy/rgb_real_msi_unetpp_resnet50.yaml split=test seed=44 attempt=2
2026-05-09T00:47:04Z [INFO] Submitted task 312 (fuzzy_train_multi_seed, train, configs/fuzzy/rgb_real_msi_unetpp_resnet50.yaml, seed=44) as job 828240, attempt 2
2026-05-09T00:56:17Z [INFO] Job 826905 for task 305 has left the Slurm queue; validating output
2026-05-09T00:56:18Z [ERROR] Task 305: missing status file outputs/slurm/status/multi_seed_all_no_synth_20260430T192814Z/task_305_attempt_1.status
2026-05-09T00:56:18Z [ERROR] Task 305: validation failed; re-queueing for retry
2026-05-09T00:56:28Z [INFO] Submitting task 305 try 1/3: group=fuzzy_train_multi_seed kind=train config=configs/fuzzy/rgb_real_msi_unetpp_resnet34.yaml split=test seed=47 attempt=2
2026-05-09T00:56:28Z [INFO] Submitted task 305 (fuzzy_train_multi_seed, train, configs/fuzzy/rgb_real_msi_unetpp_resnet34.yaml, seed=47) as job 828260, attempt 2
2026-05-09T03:21:42Z [INFO] Job 827276 for task 308 has left the Slurm queue; validating output
2026-05-09T03:21:43Z [INFO] Task 308 completed successfully
2026-05-09T03:21:53Z [INFO] Submitting task 318 try 1/3: group=fuzzy_train_multi_seed kind=train config=configs/fuzzy/rgb_real_msi_unetpp_resnet50.yaml split=test seed=50 attempt=1
2026-05-09T03:21:53Z [INFO] Submitted task 318 (fuzzy_train_multi_seed, train, configs/fuzzy/rgb_real_msi_unetpp_resnet50.yaml, seed=50) as job 828701, attempt 1
2026-05-09T04:13:49Z [INFO] Job 826991 for task 307 has left the Slurm queue; validating output
2026-05-09T04:13:50Z [INFO] Task 307 completed successfully
2026-05-09T04:14:00Z [INFO] Submitting task 319 try 1/3: group=fuzzy_train_multi_seed kind=train config=configs/fuzzy/rgb_real_msi_unetpp_resnet50.yaml split=test seed=51 attempt=1
2026-05-09T04:14:01Z [INFO] Submitted task 319 (fuzzy_train_multi_seed, train, configs/fuzzy/rgb_real_msi_unetpp_resnet50.yaml, seed=51) as job 828820, attempt 1
2026-05-09T07:00:13Z [INFO] Job 827371 for task 254 has left the Slurm queue; validating output
2026-05-09T07:00:14Z [ERROR] Task 254: missing status file outputs/slurm/status/multi_seed_all_no_synth_20260430T192814Z/task_254_attempt_3.status
2026-05-09T07:00:14Z [ERROR] Task 254: validation failed; re-queueing for retry
2026-05-09T07:00:24Z [INFO] Submitting task 254 try 1/3: group=fuzzy_train_multi_seed kind=train config=configs/fuzzy/real_msi_unetpp_resnet50.yaml split=test seed=46 attempt=4
2026-05-09T07:00:24Z [INFO] Submitted task 254 (fuzzy_train_multi_seed, train, configs/fuzzy/real_msi_unetpp_resnet50.yaml, seed=46) as job 829418, attempt 4
2026-05-09T07:41:44Z [INFO] Job 827433 for task 309 has left the Slurm queue; validating output
2026-05-09T07:41:45Z [INFO] Task 309 completed successfully
2026-05-09T07:41:55Z [INFO] Submitting task 320 try 1/3: group=fuzzy_train_multi_seed kind=train config=configs/fuzzy/rgb_real_msi_deeplabv3plus_resnet34.yaml split=test seed=42 attempt=1
2026-05-09T07:41:55Z [INFO] Submitted task 320 (fuzzy_train_multi_seed, train, configs/fuzzy/rgb_real_msi_deeplabv3plus_resnet34.yaml, seed=42) as job 829571, attempt 1
2026-05-09T12:16:15Z [INFO] Job 827508 for task 310 has left the Slurm queue; validating output
2026-05-09T12:16:15Z [INFO] Task 310 completed successfully
2026-05-09T12:16:26Z [INFO] Submitting task 321 try 1/3: group=fuzzy_train_multi_seed kind=train config=configs/fuzzy/rgb_real_msi_deeplabv3plus_resnet34.yaml split=test seed=43 attempt=1
2026-05-09T12:16:26Z [INFO] Submitted task 321 (fuzzy_train_multi_seed, train, configs/fuzzy/rgb_real_msi_deeplabv3plus_resnet34.yaml, seed=43) as job 829946, attempt 1
2026-05-09T12:20:01Z [INFO] Job 827517 for task 311 has left the Slurm queue; validating output
2026-05-09T12:20:02Z [INFO] Task 311 completed successfully
2026-05-09T12:20:12Z [INFO] Submitting task 322 try 1/3: group=fuzzy_train_multi_seed kind=train config=configs/fuzzy/rgb_real_msi_deeplabv3plus_resnet34.yaml split=test seed=44 attempt=1
2026-05-09T12:20:12Z [INFO] Submitted task 322 (fuzzy_train_multi_seed, train, configs/fuzzy/rgb_real_msi_deeplabv3plus_resnet34.yaml, seed=44) as job 829948, attempt 1
2026-05-09T12:47:16Z [INFO] Job 827656 for task 313 has left the Slurm queue; validating output
2026-05-09T12:47:16Z [ERROR] Task 313: missing status file outputs/slurm/status/multi_seed_all_no_synth_20260430T192814Z/task_313_attempt_1.status
2026-05-09T12:47:16Z [ERROR] Task 313: validation failed; re-queueing for retry
2026-05-09T12:47:26Z [INFO] Submitting task 313 try 1/3: group=fuzzy_train_multi_seed kind=train config=configs/fuzzy/rgb_real_msi_unetpp_resnet50.yaml split=test seed=45 attempt=2
2026-05-09T12:47:26Z [INFO] Submitted task 313 (fuzzy_train_multi_seed, train, configs/fuzzy/rgb_real_msi_unetpp_resnet50.yaml, seed=45) as job 829954, attempt 2
2026-05-09T12:56:40Z [INFO] Job 827796 for task 314 has left the Slurm queue; validating output
2026-05-09T12:56:40Z [ERROR] Task 314: missing status file outputs/slurm/status/multi_seed_all_no_synth_20260430T192814Z/task_314_attempt_1.status
2026-05-09T12:56:40Z [ERROR] Task 314: validation failed; re-queueing for retry
2026-05-09T12:56:51Z [INFO] Submitting task 314 try 1/3: group=fuzzy_train_multi_seed kind=train config=configs/fuzzy/rgb_real_msi_unetpp_resnet50.yaml split=test seed=46 attempt=2
2026-05-09T12:56:51Z [INFO] Submitted task 314 (fuzzy_train_multi_seed, train, configs/fuzzy/rgb_real_msi_unetpp_resnet50.yaml, seed=46) as job 829957, attempt 2
2026-05-09T15:21:38Z [INFO] Job 827807 for task 302 has left the Slurm queue; validating output
2026-05-09T15:21:39Z [ERROR] Task 302: missing status file outputs/slurm/status/multi_seed_all_no_synth_20260430T192814Z/task_302_attempt_2.status
2026-05-09T15:21:39Z [ERROR] Task 302: validation failed; re-queueing for retry
2026-05-09T15:21:49Z [INFO] Submitting task 302 try 1/3: group=fuzzy_train_multi_seed kind=train config=configs/fuzzy/rgb_real_msi_unetpp_resnet34.yaml split=test seed=44 attempt=3
2026-05-09T15:21:49Z [INFO] Submitted task 302 (fuzzy_train_multi_seed, train, configs/fuzzy/rgb_real_msi_unetpp_resnet34.yaml, seed=44) as job 830099, attempt 3
2026-05-09T16:14:11Z [INFO] Job 827943 for task 315 has left the Slurm queue; validating output
2026-05-09T16:14:11Z [ERROR] Task 315: missing status file outputs/slurm/status/multi_seed_all_no_synth_20260430T192814Z/task_315_attempt_1.status
2026-05-09T16:14:11Z [ERROR] Task 315: validation failed; re-queueing for retry
2026-05-09T16:14:21Z [INFO] Submitting task 315 try 1/3: group=fuzzy_train_multi_seed kind=train config=configs/fuzzy/rgb_real_msi_unetpp_resnet50.yaml split=test seed=47 attempt=2
2026-05-09T16:14:21Z [INFO] Submitted task 315 (fuzzy_train_multi_seed, train, configs/fuzzy/rgb_real_msi_unetpp_resnet50.yaml, seed=47) as job 830155, attempt 2
2026-05-09T19:00:13Z [INFO] Job 827983 for task 316 has left the Slurm queue; validating output
2026-05-09T19:00:14Z [ERROR] Task 316: missing status file outputs/slurm/status/multi_seed_all_no_synth_20260430T192814Z/task_316_attempt_1.status
2026-05-09T19:00:14Z [ERROR] Task 316: validation failed; re-queueing for retry
2026-05-09T19:00:24Z [INFO] Submitting task 316 try 1/3: group=fuzzy_train_multi_seed kind=train config=configs/fuzzy/rgb_real_msi_unetpp_resnet50.yaml split=test seed=48 attempt=2
2026-05-09T19:00:24Z [INFO] Submitted task 316 (fuzzy_train_multi_seed, train, configs/fuzzy/rgb_real_msi_unetpp_resnet50.yaml, seed=48) as job 830248, attempt 2
2026-05-09T19:42:16Z [INFO] Job 828206 for task 317 has left the Slurm queue; validating output
2026-05-09T19:42:16Z [ERROR] Task 317: missing status file outputs/slurm/status/multi_seed_all_no_synth_20260430T192814Z/task_317_attempt_1.status
2026-05-09T19:42:16Z [ERROR] Task 317: validation failed; re-queueing for retry
2026-05-09T19:42:26Z [INFO] Submitting task 317 try 1/3: group=fuzzy_train_multi_seed kind=train config=configs/fuzzy/rgb_real_msi_unetpp_resnet50.yaml split=test seed=49 attempt=2
2026-05-09T19:42:26Z [INFO] Submitted task 317 (fuzzy_train_multi_seed, train, configs/fuzzy/rgb_real_msi_unetpp_resnet50.yaml, seed=49) as job 830300, attempt 2
2026-05-09T22:14:21Z [INFO] Job 828240 for task 312 has left the Slurm queue; validating output
2026-05-09T22:14:22Z [INFO] Task 312 completed successfully
2026-05-09T22:14:32Z [INFO] Submitting task 323 try 1/3: group=fuzzy_train_multi_seed kind=train config=configs/fuzzy/rgb_real_msi_deeplabv3plus_resnet34.yaml split=test seed=45 attempt=1
2026-05-09T22:14:32Z [INFO] Submitted task 323 (fuzzy_train_multi_seed, train, configs/fuzzy/rgb_real_msi_deeplabv3plus_resnet34.yaml, seed=45) as job 830380, attempt 1
2026-05-09T22:14:33Z [INFO] Job 829946 for task 321 has left the Slurm queue; validating output
2026-05-09T22:14:33Z [ERROR] Task 321: status file reports state=failed; seed=43; message=train failed; see outputs/slurm/status/multi_seed_all_no_synth_20260430T192814Z/task_321_attempt_1.log; job_log=outputs/slurm/status/multi_seed_all_no_synth_20260430T192814Z/task_321_attempt_1.log
2026-05-09T22:14:33Z [ERROR] Task 321: validation failed; re-queueing for retry
2026-05-09T22:14:43Z [INFO] Submitting task 321 try 1/3: group=fuzzy_train_multi_seed kind=train config=configs/fuzzy/rgb_real_msi_deeplabv3plus_resnet34.yaml split=test seed=43 attempt=2
2026-05-09T22:14:43Z [INFO] Submitted task 321 (fuzzy_train_multi_seed, train, configs/fuzzy/rgb_real_msi_deeplabv3plus_resnet34.yaml, seed=43) as job 830381, attempt 2
2026-05-09T22:14:43Z [INFO] Job 829948 for task 322 has left the Slurm queue; validating output
2026-05-09T22:14:43Z [ERROR] Task 322: status file reports state=failed; seed=44; message=train failed; see outputs/slurm/status/multi_seed_all_no_synth_20260430T192814Z/task_322_attempt_1.log; job_log=outputs/slurm/status/multi_seed_all_no_synth_20260430T192814Z/task_322_attempt_1.log
2026-05-09T22:14:43Z [ERROR] Task 322: validation failed; re-queueing for retry
2026-05-09T22:14:53Z [INFO] Submitting task 322 try 1/3: group=fuzzy_train_multi_seed kind=train config=configs/fuzzy/rgb_real_msi_deeplabv3plus_resnet34.yaml split=test seed=44 attempt=2
2026-05-09T22:14:53Z [INFO] Submitted task 322 (fuzzy_train_multi_seed, train, configs/fuzzy/rgb_real_msi_deeplabv3plus_resnet34.yaml, seed=44) as job 830382, attempt 2
2026-05-09T22:15:04Z [INFO] Job 829954 for task 313 has left the Slurm queue; validating output
2026-05-09T22:15:04Z [ERROR] Task 313: status file reports state=failed; seed=45; message=train failed; see outputs/slurm/status/multi_seed_all_no_synth_20260430T192814Z/task_313_attempt_2.log; job_log=outputs/slurm/status/multi_seed_all_no_synth_20260430T192814Z/task_313_attempt_2.log
2026-05-09T22:15:04Z [ERROR] Task 313: validation failed; re-queueing for retry
2026-05-09T22:15:14Z [INFO] Submitting task 313 try 1/3: group=fuzzy_train_multi_seed kind=train config=configs/fuzzy/rgb_real_msi_unetpp_resnet50.yaml split=test seed=45 attempt=3
2026-05-09T22:15:14Z [INFO] Submitted task 313 (fuzzy_train_multi_seed, train, configs/fuzzy/rgb_real_msi_unetpp_resnet50.yaml, seed=45) as job 830384, attempt 3
2026-05-09T22:15:14Z [INFO] Job 829957 for task 314 has left the Slurm queue; validating output
2026-05-09T22:15:14Z [ERROR] Task 314: status file reports state=failed; seed=46; message=train failed; see outputs/slurm/status/multi_seed_all_no_synth_20260430T192814Z/task_314_attempt_2.log; job_log=outputs/slurm/status/multi_seed_all_no_synth_20260430T192814Z/task_314_attempt_2.log
2026-05-09T22:15:14Z [ERROR] Task 314: validation failed; re-queueing for retry
2026-05-09T22:15:24Z [INFO] Submitting task 314 try 1/3: group=fuzzy_train_multi_seed kind=train config=configs/fuzzy/rgb_real_msi_unetpp_resnet50.yaml split=test seed=46 attempt=3
2026-05-09T22:15:24Z [INFO] Submitted task 314 (fuzzy_train_multi_seed, train, configs/fuzzy/rgb_real_msi_unetpp_resnet50.yaml, seed=46) as job 830385, attempt 3
2026-05-09T22:15:25Z [INFO] Job 830099 for task 302 has left the Slurm queue; validating output
2026-05-09T22:15:25Z [ERROR] Task 302: status file reports state=failed; seed=44; message=train failed; see outputs/slurm/status/multi_seed_all_no_synth_20260430T192814Z/task_302_attempt_3.log; job_log=outputs/slurm/status/multi_seed_all_no_synth_20260430T192814Z/task_302_attempt_3.log
2026-05-09T22:15:25Z [ERROR] Task 302: validation failed; re-queueing for retry
2026-05-09T22:15:35Z [INFO] Submitting task 302 try 1/3: group=fuzzy_train_multi_seed kind=train config=configs/fuzzy/rgb_real_msi_unetpp_resnet34.yaml split=test seed=44 attempt=4
2026-05-09T22:15:35Z [INFO] Submitted task 302 (fuzzy_train_multi_seed, train, configs/fuzzy/rgb_real_msi_unetpp_resnet34.yaml, seed=44) as job 830386, attempt 4
2026-05-09T22:15:45Z [INFO] Job 830155 for task 315 has left the Slurm queue; validating output
2026-05-09T22:15:45Z [ERROR] Task 315: status file reports state=failed; seed=47; message=train failed; see outputs/slurm/status/multi_seed_all_no_synth_20260430T192814Z/task_315_attempt_2.log; job_log=outputs/slurm/status/multi_seed_all_no_synth_20260430T192814Z/task_315_attempt_2.log
2026-05-09T22:15:45Z [ERROR] Task 315: validation failed; re-queueing for retry
2026-05-09T22:15:56Z [INFO] Submitting task 315 try 1/3: group=fuzzy_train_multi_seed kind=train config=configs/fuzzy/rgb_real_msi_unetpp_resnet50.yaml split=test seed=47 attempt=3
2026-05-09T22:15:56Z [INFO] Submitted task 315 (fuzzy_train_multi_seed, train, configs/fuzzy/rgb_real_msi_unetpp_resnet50.yaml, seed=47) as job 830387, attempt 3
2026-05-09T22:15:56Z [INFO] Job 830248 for task 316 has left the Slurm queue; validating output
2026-05-09T22:15:56Z [ERROR] Task 316: status file reports state=failed; seed=48; message=train failed; see outputs/slurm/status/multi_seed_all_no_synth_20260430T192814Z/task_316_attempt_2.log; job_log=outputs/slurm/status/multi_seed_all_no_synth_20260430T192814Z/task_316_attempt_2.log
2026-05-09T22:15:56Z [ERROR] Task 316: validation failed; re-queueing for retry
2026-05-09T22:16:06Z [INFO] Submitting task 316 try 1/3: group=fuzzy_train_multi_seed kind=train config=configs/fuzzy/rgb_real_msi_unetpp_resnet50.yaml split=test seed=48 attempt=3
2026-05-09T22:16:06Z [INFO] Submitted task 316 (fuzzy_train_multi_seed, train, configs/fuzzy/rgb_real_msi_unetpp_resnet50.yaml, seed=48) as job 830388, attempt 3
2026-05-09T22:16:06Z [INFO] Job 830300 for task 317 has left the Slurm queue; validating output
2026-05-09T22:16:06Z [ERROR] Task 317: status file reports state=failed; seed=49; message=train failed; see outputs/slurm/status/multi_seed_all_no_synth_20260430T192814Z/task_317_attempt_2.log; job_log=outputs/slurm/status/multi_seed_all_no_synth_20260430T192814Z/task_317_attempt_2.log
2026-05-09T22:16:06Z [ERROR] Task 317: validation failed; re-queueing for retry
2026-05-09T22:16:16Z [INFO] Submitting task 317 try 1/3: group=fuzzy_train_multi_seed kind=train config=configs/fuzzy/rgb_real_msi_unetpp_resnet50.yaml split=test seed=49 attempt=3
2026-05-09T22:16:16Z [INFO] Submitted task 317 (fuzzy_train_multi_seed, train, configs/fuzzy/rgb_real_msi_unetpp_resnet50.yaml, seed=49) as job 830389, attempt 3
2026-05-09T23:50:57Z [INFO] Job 828239 for task 304 has left the Slurm queue; validating output
2026-05-09T23:50:58Z [INFO] Task 304 completed successfully
2026-05-09T23:51:08Z [INFO] Submitting task 324 try 1/3: group=fuzzy_train_multi_seed kind=train config=configs/fuzzy/rgb_real_msi_deeplabv3plus_resnet34.yaml split=test seed=46 attempt=1
2026-05-09T23:51:09Z [INFO] Submitted task 324 (fuzzy_train_multi_seed, train, configs/fuzzy/rgb_real_msi_deeplabv3plus_resnet34.yaml, seed=46) as job 830413, attempt 1
2026-05-09T23:51:40Z [INFO] Job 830381 for task 321 has left the Slurm queue; validating output
2026-05-09T23:51:40Z [ERROR] Task 321: status file reports state=failed; seed=43; message=train failed; see outputs/slurm/status/multi_seed_all_no_synth_20260430T192814Z/task_321_attempt_2.log; job_log=outputs/slurm/status/multi_seed_all_no_synth_20260430T192814Z/task_321_attempt_2.log
2026-05-09T23:51:40Z [ERROR] Task 321: validation failed; re-queueing for retry
2026-05-09T23:51:50Z [INFO] Submitting task 321 try 1/3: group=fuzzy_train_multi_seed kind=train config=configs/fuzzy/rgb_real_msi_deeplabv3plus_resnet34.yaml split=test seed=43 attempt=3
2026-05-09T23:51:50Z [INFO] Submitted task 321 (fuzzy_train_multi_seed, train, configs/fuzzy/rgb_real_msi_deeplabv3plus_resnet34.yaml, seed=43) as job 830414, attempt 3
2026-05-09T23:52:11Z [INFO] Job 830382 for task 322 has left the Slurm queue; validating output
2026-05-09T23:52:11Z [ERROR] Task 322: status file reports state=failed; seed=44; message=train failed; see outputs/slurm/status/multi_seed_all_no_synth_20260430T192814Z/task_322_attempt_2.log; job_log=outputs/slurm/status/multi_seed_all_no_synth_20260430T192814Z/task_322_attempt_2.log
2026-05-09T23:52:11Z [ERROR] Task 322: validation failed; re-queueing for retry
2026-05-09T23:52:21Z [INFO] Submitting task 322 try 1/3: group=fuzzy_train_multi_seed kind=train config=configs/fuzzy/rgb_real_msi_deeplabv3plus_resnet34.yaml split=test seed=44 attempt=3
2026-05-09T23:52:21Z [INFO] Submitted task 322 (fuzzy_train_multi_seed, train, configs/fuzzy/rgb_real_msi_deeplabv3plus_resnet34.yaml, seed=44) as job 830415, attempt 3
2026-05-09T23:52:31Z [INFO] Job 830384 for task 313 has left the Slurm queue; validating output
2026-05-09T23:52:31Z [ERROR] Task 313: status file reports state=failed; seed=45; message=train failed; see outputs/slurm/status/multi_seed_all_no_synth_20260430T192814Z/task_313_attempt_3.log; job_log=outputs/slurm/status/multi_seed_all_no_synth_20260430T192814Z/task_313_attempt_3.log
2026-05-09T23:52:31Z [ERROR] Task 313: validation failed; re-queueing for retry
2026-05-09T23:52:41Z [INFO] Submitting task 313 try 1/3: group=fuzzy_train_multi_seed kind=train config=configs/fuzzy/rgb_real_msi_unetpp_resnet50.yaml split=test seed=45 attempt=4
2026-05-09T23:52:41Z [INFO] Submitted task 313 (fuzzy_train_multi_seed, train, configs/fuzzy/rgb_real_msi_unetpp_resnet50.yaml, seed=45) as job 830417, attempt 4
2026-05-09T23:53:02Z [INFO] Job 830385 for task 314 has left the Slurm queue; validating output
2026-05-09T23:53:03Z [ERROR] Task 314: status file reports state=failed; seed=46; message=train failed; see outputs/slurm/status/multi_seed_all_no_synth_20260430T192814Z/task_314_attempt_3.log; job_log=outputs/slurm/status/multi_seed_all_no_synth_20260430T192814Z/task_314_attempt_3.log
2026-05-09T23:53:03Z [ERROR] Task 314: validation failed; re-queueing for retry
2026-05-09T23:53:13Z [INFO] Submitting task 314 try 1/3: group=fuzzy_train_multi_seed kind=train config=configs/fuzzy/rgb_real_msi_unetpp_resnet50.yaml split=test seed=46 attempt=4
2026-05-09T23:53:13Z [INFO] Submitted task 314 (fuzzy_train_multi_seed, train, configs/fuzzy/rgb_real_msi_unetpp_resnet50.yaml, seed=46) as job 830418, attempt 4
2026-05-09T23:53:33Z [INFO] Job 830386 for task 302 has left the Slurm queue; validating output
2026-05-09T23:53:34Z [ERROR] Task 302: status file reports state=failed; seed=44; message=train failed; see outputs/slurm/status/multi_seed_all_no_synth_20260430T192814Z/task_302_attempt_4.log; job_log=outputs/slurm/status/multi_seed_all_no_synth_20260430T192814Z/task_302_attempt_4.log
2026-05-09T23:53:34Z [ERROR] Task 302: permanent failure after 4 attempt(s)
2026-05-09T23:53:44Z [INFO] Submitting task 325 try 1/3: group=fuzzy_train_multi_seed kind=train config=configs/fuzzy/rgb_real_msi_deeplabv3plus_resnet34.yaml split=test seed=47 attempt=1
2026-05-09T23:53:44Z [INFO] Submitted task 325 (fuzzy_train_multi_seed, train, configs/fuzzy/rgb_real_msi_deeplabv3plus_resnet34.yaml, seed=47) as job 830419, attempt 1
2026-05-09T23:54:04Z [INFO] Job 830387 for task 315 has left the Slurm queue; validating output
2026-05-09T23:54:05Z [ERROR] Task 315: status file reports state=failed; seed=47; message=train failed; see outputs/slurm/status/multi_seed_all_no_synth_20260430T192814Z/task_315_attempt_3.log; job_log=outputs/slurm/status/multi_seed_all_no_synth_20260430T192814Z/task_315_attempt_3.log
2026-05-09T23:54:05Z [ERROR] Task 315: validation failed; re-queueing for retry
2026-05-09T23:54:15Z [INFO] Submitting task 315 try 1/3: group=fuzzy_train_multi_seed kind=train config=configs/fuzzy/rgb_real_msi_unetpp_resnet50.yaml split=test seed=47 attempt=4
2026-05-09T23:54:15Z [INFO] Submitted task 315 (fuzzy_train_multi_seed, train, configs/fuzzy/rgb_real_msi_unetpp_resnet50.yaml, seed=47) as job 830420, attempt 4
2026-05-09T23:54:36Z [INFO] Job 830388 for task 316 has left the Slurm queue; validating output
2026-05-09T23:54:36Z [ERROR] Task 316: status file reports state=failed; seed=48; message=train failed; see outputs/slurm/status/multi_seed_all_no_synth_20260430T192814Z/task_316_attempt_3.log; job_log=outputs/slurm/status/multi_seed_all_no_synth_20260430T192814Z/task_316_attempt_3.log
2026-05-09T23:54:36Z [ERROR] Task 316: validation failed; re-queueing for retry
2026-05-09T23:54:46Z [INFO] Submitting task 316 try 1/3: group=fuzzy_train_multi_seed kind=train config=configs/fuzzy/rgb_real_msi_unetpp_resnet50.yaml split=test seed=48 attempt=4
2026-05-09T23:54:46Z [INFO] Submitted task 316 (fuzzy_train_multi_seed, train, configs/fuzzy/rgb_real_msi_unetpp_resnet50.yaml, seed=48) as job 830421, attempt 4
2026-05-09T23:55:07Z [INFO] Job 830389 for task 317 has left the Slurm queue; validating output
2026-05-09T23:55:07Z [ERROR] Task 317: status file reports state=failed; seed=49; message=train failed; see outputs/slurm/status/multi_seed_all_no_synth_20260430T192814Z/task_317_attempt_3.log; job_log=outputs/slurm/status/multi_seed_all_no_synth_20260430T192814Z/task_317_attempt_3.log
2026-05-09T23:55:07Z [ERROR] Task 317: validation failed; re-queueing for retry
2026-05-09T23:55:17Z [INFO] Submitting task 317 try 1/3: group=fuzzy_train_multi_seed kind=train config=configs/fuzzy/rgb_real_msi_unetpp_resnet50.yaml split=test seed=49 attempt=4
2026-05-09T23:55:17Z [INFO] Submitted task 317 (fuzzy_train_multi_seed, train, configs/fuzzy/rgb_real_msi_unetpp_resnet50.yaml, seed=49) as job 830422, attempt 4
2026-05-10T00:01:48Z [INFO] Job 828219 for task 303 has left the Slurm queue; validating output
2026-05-10T00:01:48Z [INFO] Task 303 completed successfully
2026-05-10T00:01:58Z [INFO] Submitting task 326 try 1/3: group=fuzzy_train_multi_seed kind=train config=configs/fuzzy/rgb_real_msi_deeplabv3plus_resnet34.yaml split=test seed=48 attempt=1
2026-05-10T00:01:58Z [INFO] Submitted task 326 (fuzzy_train_multi_seed, train, configs/fuzzy/rgb_real_msi_deeplabv3plus_resnet34.yaml, seed=48) as job 830423, attempt 1
2026-05-10T00:36:17Z [INFO] Job 828701 for task 318 has left the Slurm queue; validating output
2026-05-10T00:36:18Z [INFO] Task 318 completed successfully
2026-05-10T00:36:28Z [INFO] Submitting task 327 try 1/3: group=fuzzy_train_multi_seed kind=train config=configs/fuzzy/rgb_real_msi_deeplabv3plus_resnet34.yaml split=test seed=49 attempt=1
2026-05-10T00:36:28Z [INFO] Submitted task 327 (fuzzy_train_multi_seed, train, configs/fuzzy/rgb_real_msi_deeplabv3plus_resnet34.yaml, seed=49) as job 830432, attempt 1
2026-05-10T00:36:59Z [INFO] Job 830415 for task 322 has left the Slurm queue; validating output
2026-05-10T00:37:00Z [ERROR] Task 322: status file reports state=failed; seed=44; message=train failed; see outputs/slurm/status/multi_seed_all_no_synth_20260430T192814Z/task_322_attempt_3.log; job_log=outputs/slurm/status/multi_seed_all_no_synth_20260430T192814Z/task_322_attempt_3.log
2026-05-10T00:37:00Z [ERROR] Task 322: validation failed; re-queueing for retry
2026-05-10T00:37:10Z [INFO] Submitting task 322 try 1/3: group=fuzzy_train_multi_seed kind=train config=configs/fuzzy/rgb_real_msi_deeplabv3plus_resnet34.yaml split=test seed=44 attempt=4
2026-05-10T00:37:10Z [INFO] Submitted task 322 (fuzzy_train_multi_seed, train, configs/fuzzy/rgb_real_msi_deeplabv3plus_resnet34.yaml, seed=44) as job 830434, attempt 4
2026-05-10T00:37:10Z [INFO] Job 830417 for task 313 has left the Slurm queue; validating output
2026-05-10T00:37:10Z [ERROR] Task 313: status file reports state=failed; seed=45; message=train failed; see outputs/slurm/status/multi_seed_all_no_synth_20260430T192814Z/task_313_attempt_4.log; job_log=outputs/slurm/status/multi_seed_all_no_synth_20260430T192814Z/task_313_attempt_4.log
2026-05-10T00:37:10Z [ERROR] Task 313: permanent failure after 4 attempt(s)
2026-05-10T00:37:21Z [INFO] Submitting task 328 try 1/3: group=fuzzy_train_multi_seed kind=train config=configs/fuzzy/rgb_real_msi_deeplabv3plus_resnet34.yaml split=test seed=50 attempt=1
2026-05-10T00:37:21Z [INFO] Submitted task 328 (fuzzy_train_multi_seed, train, configs/fuzzy/rgb_real_msi_deeplabv3plus_resnet34.yaml, seed=50) as job 830435, attempt 1
2026-05-10T00:37:31Z [INFO] Job 830418 for task 314 has left the Slurm queue; validating output
2026-05-10T00:37:32Z [ERROR] Task 314: status file reports state=failed; seed=46; message=train failed; see outputs/slurm/status/multi_seed_all_no_synth_20260430T192814Z/task_314_attempt_4.log; job_log=outputs/slurm/status/multi_seed_all_no_synth_20260430T192814Z/task_314_attempt_4.log
2026-05-10T00:37:32Z [ERROR] Task 314: permanent failure after 4 attempt(s)
2026-05-10T00:37:42Z [INFO] Submitting task 329 try 1/3: group=fuzzy_train_multi_seed kind=train config=configs/fuzzy/rgb_real_msi_deeplabv3plus_resnet34.yaml split=test seed=51 attempt=1
2026-05-10T00:37:42Z [INFO] Submitted task 329 (fuzzy_train_multi_seed, train, configs/fuzzy/rgb_real_msi_deeplabv3plus_resnet34.yaml, seed=51) as job 830441, attempt 1
2026-05-10T00:37:42Z [INFO] Job 830419 for task 325 has left the Slurm queue; validating output
2026-05-10T00:37:42Z [ERROR] Task 325: status file reports state=failed; seed=47; message=train failed; see outputs/slurm/status/multi_seed_all_no_synth_20260430T192814Z/task_325_attempt_1.log; job_log=outputs/slurm/status/multi_seed_all_no_synth_20260430T192814Z/task_325_attempt_1.log
2026-05-10T00:37:42Z [ERROR] Task 325: validation failed; re-queueing for retry
2026-05-10T00:37:52Z [INFO] Submitting task 325 try 1/3: group=fuzzy_train_multi_seed kind=train config=configs/fuzzy/rgb_real_msi_deeplabv3plus_resnet34.yaml split=test seed=47 attempt=2
2026-05-10T00:37:52Z [INFO] Submitted task 325 (fuzzy_train_multi_seed, train, configs/fuzzy/rgb_real_msi_deeplabv3plus_resnet34.yaml, seed=47) as job 830442, attempt 2
2026-05-10T00:37:52Z [INFO] Job 830420 for task 315 has left the Slurm queue; validating output
2026-05-10T00:37:53Z [ERROR] Task 315: status file reports state=failed; seed=47; message=train failed; see outputs/slurm/status/multi_seed_all_no_synth_20260430T192814Z/task_315_attempt_4.log; job_log=outputs/slurm/status/multi_seed_all_no_synth_20260430T192814Z/task_315_attempt_4.log
2026-05-10T00:37:53Z [ERROR] Task 315: permanent failure after 4 attempt(s)
2026-05-10T00:38:03Z [INFO] Submitting task 330 try 1/3: group=fuzzy_train_multi_seed kind=train config=configs/fuzzy/rgb_real_msi_deeplabv3plus_resnet50.yaml split=test seed=42 attempt=1
2026-05-10T00:38:03Z [INFO] Submitted task 330 (fuzzy_train_multi_seed, train, configs/fuzzy/rgb_real_msi_deeplabv3plus_resnet50.yaml, seed=42) as job 830443, attempt 1
2026-05-10T00:38:03Z [INFO] Job 830421 for task 316 has left the Slurm queue; validating output
2026-05-10T00:38:03Z [ERROR] Task 316: status file reports state=failed; seed=48; message=train failed; see outputs/slurm/status/multi_seed_all_no_synth_20260430T192814Z/task_316_attempt_4.log; job_log=outputs/slurm/status/multi_seed_all_no_synth_20260430T192814Z/task_316_attempt_4.log
2026-05-10T00:38:03Z [ERROR] Task 316: permanent failure after 4 attempt(s)
2026-05-10T00:38:13Z [INFO] Submitting task 331 try 1/3: group=fuzzy_train_multi_seed kind=train config=configs/fuzzy/rgb_real_msi_deeplabv3plus_resnet50.yaml split=test seed=43 attempt=1
2026-05-10T00:38:14Z [INFO] Submitted task 331 (fuzzy_train_multi_seed, train, configs/fuzzy/rgb_real_msi_deeplabv3plus_resnet50.yaml, seed=43) as job 830444, attempt 1
2026-05-10T00:38:24Z [INFO] Job 830422 for task 317 has left the Slurm queue; validating output
2026-05-10T00:38:24Z [ERROR] Task 317: status file reports state=failed; seed=49; message=train failed; see outputs/slurm/status/multi_seed_all_no_synth_20260430T192814Z/task_317_attempt_4.log; job_log=outputs/slurm/status/multi_seed_all_no_synth_20260430T192814Z/task_317_attempt_4.log
2026-05-10T00:38:24Z [ERROR] Task 317: permanent failure after 4 attempt(s)
2026-05-10T00:38:34Z [INFO] Submitting task 332 try 1/3: group=fuzzy_train_multi_seed kind=train config=configs/fuzzy/rgb_real_msi_deeplabv3plus_resnet50.yaml split=test seed=44 attempt=1
2026-05-10T00:38:34Z [INFO] Submitted task 332 (fuzzy_train_multi_seed, train, configs/fuzzy/rgb_real_msi_deeplabv3plus_resnet50.yaml, seed=44) as job 830445, attempt 1
2026-05-10T00:38:34Z [INFO] Job 830423 for task 326 has left the Slurm queue; validating output
2026-05-10T00:38:34Z [ERROR] Task 326: status file reports state=failed; seed=48; message=train failed; see outputs/slurm/status/multi_seed_all_no_synth_20260430T192814Z/task_326_attempt_1.log; job_log=outputs/slurm/status/multi_seed_all_no_synth_20260430T192814Z/task_326_attempt_1.log
2026-05-10T00:38:34Z [ERROR] Task 326: validation failed; re-queueing for retry
2026-05-10T00:38:45Z [INFO] Submitting task 326 try 1/3: group=fuzzy_train_multi_seed kind=train config=configs/fuzzy/rgb_real_msi_deeplabv3plus_resnet34.yaml split=test seed=48 attempt=2
2026-05-10T00:38:45Z [INFO] Submitted task 326 (fuzzy_train_multi_seed, train, configs/fuzzy/rgb_real_msi_deeplabv3plus_resnet34.yaml, seed=48) as job 830446, attempt 2
2026-05-10T00:39:36Z [INFO] Job 830432 for task 327 has left the Slurm queue; validating output
2026-05-10T00:39:36Z [ERROR] Task 327: status file reports state=failed; seed=49; message=train failed; see outputs/slurm/status/multi_seed_all_no_synth_20260430T192814Z/task_327_attempt_1.log; job_log=outputs/slurm/status/multi_seed_all_no_synth_20260430T192814Z/task_327_attempt_1.log
2026-05-10T00:39:36Z [ERROR] Task 327: validation failed; re-queueing for retry
2026-05-10T00:39:46Z [INFO] Submitting task 327 try 1/3: group=fuzzy_train_multi_seed kind=train config=configs/fuzzy/rgb_real_msi_deeplabv3plus_resnet34.yaml split=test seed=49 attempt=2
2026-05-10T00:39:46Z [INFO] Submitted task 327 (fuzzy_train_multi_seed, train, configs/fuzzy/rgb_real_msi_deeplabv3plus_resnet34.yaml, seed=49) as job 830448, attempt 2
2026-05-10T00:40:38Z [INFO] Job 830434 for task 322 has left the Slurm queue; validating output
2026-05-10T00:40:38Z [ERROR] Task 322: status file reports state=failed; seed=44; message=train failed; see outputs/slurm/status/multi_seed_all_no_synth_20260430T192814Z/task_322_attempt_4.log; job_log=outputs/slurm/status/multi_seed_all_no_synth_20260430T192814Z/task_322_attempt_4.log
2026-05-10T00:40:38Z [ERROR] Task 322: permanent failure after 4 attempt(s)
2026-05-10T00:40:48Z [INFO] Submitting task 333 try 1/3: group=fuzzy_train_multi_seed kind=train config=configs/fuzzy/rgb_real_msi_deeplabv3plus_resnet50.yaml split=test seed=45 attempt=1
2026-05-10T00:40:48Z [INFO] Submitted task 333 (fuzzy_train_multi_seed, train, configs/fuzzy/rgb_real_msi_deeplabv3plus_resnet50.yaml, seed=45) as job 830450, attempt 1
2026-05-10T00:41:09Z [INFO] Job 830435 for task 328 has left the Slurm queue; validating output
2026-05-10T00:41:09Z [ERROR] Task 328: status file reports state=failed; seed=50; message=train failed; see outputs/slurm/status/multi_seed_all_no_synth_20260430T192814Z/task_328_attempt_1.log; job_log=outputs/slurm/status/multi_seed_all_no_synth_20260430T192814Z/task_328_attempt_1.log
2026-05-10T00:41:09Z [ERROR] Task 328: validation failed; re-queueing for retry
2026-05-10T00:41:19Z [INFO] Submitting task 328 try 1/3: group=fuzzy_train_multi_seed kind=train config=configs/fuzzy/rgb_real_msi_deeplabv3plus_resnet34.yaml split=test seed=50 attempt=2
2026-05-10T00:41:19Z [INFO] Submitted task 328 (fuzzy_train_multi_seed, train, configs/fuzzy/rgb_real_msi_deeplabv3plus_resnet34.yaml, seed=50) as job 830451, attempt 2
2026-05-10T00:41:40Z [INFO] Job 830441 for task 329 has left the Slurm queue; validating output
2026-05-10T00:41:40Z [ERROR] Task 329: status file reports state=failed; seed=51; message=train failed; see outputs/slurm/status/multi_seed_all_no_synth_20260430T192814Z/task_329_attempt_1.log; job_log=outputs/slurm/status/multi_seed_all_no_synth_20260430T192814Z/task_329_attempt_1.log
2026-05-10T00:41:40Z [ERROR] Task 329: validation failed; re-queueing for retry
2026-05-10T00:41:50Z [INFO] Submitting task 329 try 1/3: group=fuzzy_train_multi_seed kind=train config=configs/fuzzy/rgb_real_msi_deeplabv3plus_resnet34.yaml split=test seed=51 attempt=2
2026-05-10T00:41:50Z [INFO] Submitted task 329 (fuzzy_train_multi_seed, train, configs/fuzzy/rgb_real_msi_deeplabv3plus_resnet34.yaml, seed=51) as job 830452, attempt 2
2026-05-10T00:42:01Z [INFO] Job 830442 for task 325 has left the Slurm queue; validating output
2026-05-10T00:42:01Z [ERROR] Task 325: status file reports state=failed; seed=47; message=train failed; see outputs/slurm/status/multi_seed_all_no_synth_20260430T192814Z/task_325_attempt_2.log; job_log=outputs/slurm/status/multi_seed_all_no_synth_20260430T192814Z/task_325_attempt_2.log
2026-05-10T00:42:01Z [ERROR] Task 325: validation failed; re-queueing for retry
2026-05-10T00:42:11Z [INFO] Submitting task 325 try 1/3: group=fuzzy_train_multi_seed kind=train config=configs/fuzzy/rgb_real_msi_deeplabv3plus_resnet34.yaml split=test seed=47 attempt=3
2026-05-10T00:42:11Z [INFO] Submitted task 325 (fuzzy_train_multi_seed, train, configs/fuzzy/rgb_real_msi_deeplabv3plus_resnet34.yaml, seed=47) as job 830453, attempt 3
2026-05-10T00:42:32Z [INFO] Job 830443 for task 330 has left the Slurm queue; validating output
2026-05-10T00:42:33Z [ERROR] Task 330: status file reports state=failed; seed=42; message=train failed; see outputs/slurm/status/multi_seed_all_no_synth_20260430T192814Z/task_330_attempt_1.log; job_log=outputs/slurm/status/multi_seed_all_no_synth_20260430T192814Z/task_330_attempt_1.log
2026-05-10T00:42:33Z [ERROR] Task 330: validation failed; re-queueing for retry
2026-05-10T00:42:43Z [INFO] Submitting task 330 try 1/3: group=fuzzy_train_multi_seed kind=train config=configs/fuzzy/rgb_real_msi_deeplabv3plus_resnet50.yaml split=test seed=42 attempt=2
2026-05-10T00:42:43Z [INFO] Submitted task 330 (fuzzy_train_multi_seed, train, configs/fuzzy/rgb_real_msi_deeplabv3plus_resnet50.yaml, seed=42) as job 830454, attempt 2
2026-05-10T00:43:04Z [INFO] Job 830444 for task 331 has left the Slurm queue; validating output
2026-05-10T00:43:04Z [ERROR] Task 331: status file reports state=failed; seed=43; message=train failed; see outputs/slurm/status/multi_seed_all_no_synth_20260430T192814Z/task_331_attempt_1.log; job_log=outputs/slurm/status/multi_seed_all_no_synth_20260430T192814Z/task_331_attempt_1.log
2026-05-10T00:43:04Z [ERROR] Task 331: validation failed; re-queueing for retry
2026-05-10T00:43:14Z [INFO] Submitting task 331 try 1/3: group=fuzzy_train_multi_seed kind=train config=configs/fuzzy/rgb_real_msi_deeplabv3plus_resnet50.yaml split=test seed=43 attempt=2
2026-05-10T00:43:14Z [INFO] Submitted task 331 (fuzzy_train_multi_seed, train, configs/fuzzy/rgb_real_msi_deeplabv3plus_resnet50.yaml, seed=43) as job 830456, attempt 2
2026-05-10T00:43:36Z [INFO] Job 830445 for task 332 has left the Slurm queue; validating output
2026-05-10T00:43:36Z [ERROR] Task 332: status file reports state=failed; seed=44; message=train failed; see outputs/slurm/status/multi_seed_all_no_synth_20260430T192814Z/task_332_attempt_1.log; job_log=outputs/slurm/status/multi_seed_all_no_synth_20260430T192814Z/task_332_attempt_1.log
2026-05-10T00:43:36Z [ERROR] Task 332: validation failed; re-queueing for retry
2026-05-10T00:43:46Z [INFO] Submitting task 332 try 1/3: group=fuzzy_train_multi_seed kind=train config=configs/fuzzy/rgb_real_msi_deeplabv3plus_resnet50.yaml split=test seed=44 attempt=2
2026-05-10T00:43:46Z [INFO] Submitted task 332 (fuzzy_train_multi_seed, train, configs/fuzzy/rgb_real_msi_deeplabv3plus_resnet50.yaml, seed=44) as job 830457, attempt 2
2026-05-10T00:44:07Z [INFO] Job 830446 for task 326 has left the Slurm queue; validating output
2026-05-10T00:44:07Z [ERROR] Task 326: status file reports state=failed; seed=48; message=train failed; see outputs/slurm/status/multi_seed_all_no_synth_20260430T192814Z/task_326_attempt_2.log; job_log=outputs/slurm/status/multi_seed_all_no_synth_20260430T192814Z/task_326_attempt_2.log
2026-05-10T00:44:07Z [ERROR] Task 326: validation failed; re-queueing for retry
2026-05-10T00:44:17Z [INFO] Submitting task 326 try 1/3: group=fuzzy_train_multi_seed kind=train config=configs/fuzzy/rgb_real_msi_deeplabv3plus_resnet34.yaml split=test seed=48 attempt=3
2026-05-10T00:44:17Z [INFO] Submitted task 326 (fuzzy_train_multi_seed, train, configs/fuzzy/rgb_real_msi_deeplabv3plus_resnet34.yaml, seed=48) as job 830460, attempt 3
2026-05-10T00:45:09Z [INFO] Job 830448 for task 327 has left the Slurm queue; validating output
2026-05-10T00:45:09Z [ERROR] Task 327: status file reports state=failed; seed=49; message=train failed; see outputs/slurm/status/multi_seed_all_no_synth_20260430T192814Z/task_327_attempt_2.log; job_log=outputs/slurm/status/multi_seed_all_no_synth_20260430T192814Z/task_327_attempt_2.log
2026-05-10T00:45:09Z [ERROR] Task 327: validation failed; re-queueing for retry
2026-05-10T00:45:19Z [INFO] Submitting task 327 try 1/3: group=fuzzy_train_multi_seed kind=train config=configs/fuzzy/rgb_real_msi_deeplabv3plus_resnet34.yaml split=test seed=49 attempt=3
2026-05-10T00:45:19Z [INFO] Submitted task 327 (fuzzy_train_multi_seed, train, configs/fuzzy/rgb_real_msi_deeplabv3plus_resnet34.yaml, seed=49) as job 830464, attempt 3
2026-05-10T00:46:11Z [INFO] Job 830450 for task 333 has left the Slurm queue; validating output
2026-05-10T00:46:11Z [ERROR] Task 333: status file reports state=failed; seed=45; message=train failed; see outputs/slurm/status/multi_seed_all_no_synth_20260430T192814Z/task_333_attempt_1.log; job_log=outputs/slurm/status/multi_seed_all_no_synth_20260430T192814Z/task_333_attempt_1.log
2026-05-10T00:46:11Z [ERROR] Task 333: validation failed; re-queueing for retry
2026-05-10T00:46:21Z [INFO] Submitting task 333 try 1/3: group=fuzzy_train_multi_seed kind=train config=configs/fuzzy/rgb_real_msi_deeplabv3plus_resnet50.yaml split=test seed=45 attempt=2
2026-05-10T00:46:21Z [INFO] Submitted task 333 (fuzzy_train_multi_seed, train, configs/fuzzy/rgb_real_msi_deeplabv3plus_resnet50.yaml, seed=45) as job 830466, attempt 2
2026-05-10T00:46:31Z [INFO] Job 830451 for task 328 has left the Slurm queue; validating output
2026-05-10T00:46:31Z [ERROR] Task 328: status file reports state=failed; seed=50; message=train failed; see outputs/slurm/status/multi_seed_all_no_synth_20260430T192814Z/task_328_attempt_2.log; job_log=outputs/slurm/status/multi_seed_all_no_synth_20260430T192814Z/task_328_attempt_2.log
2026-05-10T00:46:31Z [ERROR] Task 328: validation failed; re-queueing for retry
2026-05-10T00:46:41Z [INFO] Submitting task 328 try 1/3: group=fuzzy_train_multi_seed kind=train config=configs/fuzzy/rgb_real_msi_deeplabv3plus_resnet34.yaml split=test seed=50 attempt=3
2026-05-10T00:46:41Z [INFO] Submitted task 328 (fuzzy_train_multi_seed, train, configs/fuzzy/rgb_real_msi_deeplabv3plus_resnet34.yaml, seed=50) as job 830467, attempt 3
2026-05-10T00:47:02Z [INFO] Job 830452 for task 329 has left the Slurm queue; validating output
2026-05-10T00:47:02Z [ERROR] Task 329: status file reports state=failed; seed=51; message=train failed; see outputs/slurm/status/multi_seed_all_no_synth_20260430T192814Z/task_329_attempt_2.log; job_log=outputs/slurm/status/multi_seed_all_no_synth_20260430T192814Z/task_329_attempt_2.log
2026-05-10T00:47:02Z [ERROR] Task 329: validation failed; re-queueing for retry
2026-05-10T00:47:12Z [INFO] Submitting task 329 try 1/3: group=fuzzy_train_multi_seed kind=train config=configs/fuzzy/rgb_real_msi_deeplabv3plus_resnet34.yaml split=test seed=51 attempt=3
2026-05-10T00:47:12Z [INFO] Submitted task 329 (fuzzy_train_multi_seed, train, configs/fuzzy/rgb_real_msi_deeplabv3plus_resnet34.yaml, seed=51) as job 830468, attempt 3
2026-05-10T00:47:33Z [INFO] Job 830453 for task 325 has left the Slurm queue; validating output
2026-05-10T00:47:33Z [ERROR] Task 325: status file reports state=failed; seed=47; message=train failed; see outputs/slurm/status/multi_seed_all_no_synth_20260430T192814Z/task_325_attempt_3.log; job_log=outputs/slurm/status/multi_seed_all_no_synth_20260430T192814Z/task_325_attempt_3.log
2026-05-10T00:47:33Z [ERROR] Task 325: validation failed; re-queueing for retry
2026-05-10T00:47:43Z [INFO] Submitting task 325 try 1/3: group=fuzzy_train_multi_seed kind=train config=configs/fuzzy/rgb_real_msi_deeplabv3plus_resnet34.yaml split=test seed=47 attempt=4
2026-05-10T00:47:43Z [INFO] Submitted task 325 (fuzzy_train_multi_seed, train, configs/fuzzy/rgb_real_msi_deeplabv3plus_resnet34.yaml, seed=47) as job 830469, attempt 4
2026-05-10T00:48:04Z [INFO] Job 830454 for task 330 has left the Slurm queue; validating output
2026-05-10T00:48:04Z [ERROR] Task 330: status file reports state=failed; seed=42; message=train failed; see outputs/slurm/status/multi_seed_all_no_synth_20260430T192814Z/task_330_attempt_2.log; job_log=outputs/slurm/status/multi_seed_all_no_synth_20260430T192814Z/task_330_attempt_2.log
2026-05-10T00:48:04Z [ERROR] Task 330: validation failed; re-queueing for retry
2026-05-10T00:48:14Z [INFO] Submitting task 330 try 1/3: group=fuzzy_train_multi_seed kind=train config=configs/fuzzy/rgb_real_msi_deeplabv3plus_resnet50.yaml split=test seed=42 attempt=3
2026-05-10T00:48:14Z [INFO] Submitted task 330 (fuzzy_train_multi_seed, train, configs/fuzzy/rgb_real_msi_deeplabv3plus_resnet50.yaml, seed=42) as job 830470, attempt 3
2026-05-10T00:48:35Z [INFO] Job 830456 for task 331 has left the Slurm queue; validating output
2026-05-10T00:48:36Z [ERROR] Task 331: status file reports state=failed; seed=43; message=train failed; see outputs/slurm/status/multi_seed_all_no_synth_20260430T192814Z/task_331_attempt_2.log; job_log=outputs/slurm/status/multi_seed_all_no_synth_20260430T192814Z/task_331_attempt_2.log
2026-05-10T00:48:36Z [ERROR] Task 331: validation failed; re-queueing for retry
2026-05-10T00:48:46Z [INFO] Submitting task 331 try 1/3: group=fuzzy_train_multi_seed kind=train config=configs/fuzzy/rgb_real_msi_deeplabv3plus_resnet50.yaml split=test seed=43 attempt=3
2026-05-10T00:48:46Z [INFO] Submitted task 331 (fuzzy_train_multi_seed, train, configs/fuzzy/rgb_real_msi_deeplabv3plus_resnet50.yaml, seed=43) as job 830471, attempt 3
2026-05-10T00:49:07Z [INFO] Job 830457 for task 332 has left the Slurm queue; validating output
2026-05-10T00:49:07Z [ERROR] Task 332: status file reports state=failed; seed=44; message=train failed; see outputs/slurm/status/multi_seed_all_no_synth_20260430T192814Z/task_332_attempt_2.log; job_log=outputs/slurm/status/multi_seed_all_no_synth_20260430T192814Z/task_332_attempt_2.log
2026-05-10T00:49:07Z [ERROR] Task 332: validation failed; re-queueing for retry
2026-05-10T00:49:17Z [INFO] Submitting task 332 try 1/3: group=fuzzy_train_multi_seed kind=train config=configs/fuzzy/rgb_real_msi_deeplabv3plus_resnet50.yaml split=test seed=44 attempt=3
2026-05-10T00:49:17Z [INFO] Submitted task 332 (fuzzy_train_multi_seed, train, configs/fuzzy/rgb_real_msi_deeplabv3plus_resnet50.yaml, seed=44) as job 830472, attempt 3
2026-05-10T00:49:37Z [INFO] Job 830460 for task 326 has left the Slurm queue; validating output
2026-05-10T00:49:37Z [ERROR] Task 326: status file reports state=failed; seed=48; message=train failed; see outputs/slurm/status/multi_seed_all_no_synth_20260430T192814Z/task_326_attempt_3.log; job_log=outputs/slurm/status/multi_seed_all_no_synth_20260430T192814Z/task_326_attempt_3.log
2026-05-10T00:49:37Z [ERROR] Task 326: validation failed; re-queueing for retry
2026-05-10T00:49:48Z [INFO] Submitting task 326 try 1/3: group=fuzzy_train_multi_seed kind=train config=configs/fuzzy/rgb_real_msi_deeplabv3plus_resnet34.yaml split=test seed=48 attempt=4
2026-05-10T00:49:48Z [INFO] Submitted task 326 (fuzzy_train_multi_seed, train, configs/fuzzy/rgb_real_msi_deeplabv3plus_resnet34.yaml, seed=48) as job 830475, attempt 4
2026-05-10T00:50:39Z [INFO] Job 830464 for task 327 has left the Slurm queue; validating output
2026-05-10T00:50:39Z [ERROR] Task 327: status file reports state=failed; seed=49; message=train failed; see outputs/slurm/status/multi_seed_all_no_synth_20260430T192814Z/task_327_attempt_3.log; job_log=outputs/slurm/status/multi_seed_all_no_synth_20260430T192814Z/task_327_attempt_3.log
2026-05-10T00:50:39Z [ERROR] Task 327: validation failed; re-queueing for retry
2026-05-10T00:50:49Z [INFO] Submitting task 327 try 1/3: group=fuzzy_train_multi_seed kind=train config=configs/fuzzy/rgb_real_msi_deeplabv3plus_resnet34.yaml split=test seed=49 attempt=4
2026-05-10T00:50:49Z [INFO] Submitted task 327 (fuzzy_train_multi_seed, train, configs/fuzzy/rgb_real_msi_deeplabv3plus_resnet34.yaml, seed=49) as job 830477, attempt 4
2026-05-10T00:51:31Z [INFO] Job 830466 for task 333 has left the Slurm queue; validating output
2026-05-10T00:51:31Z [ERROR] Task 333: status file reports state=failed; seed=45; message=train failed; see outputs/slurm/status/multi_seed_all_no_synth_20260430T192814Z/task_333_attempt_2.log; job_log=outputs/slurm/status/multi_seed_all_no_synth_20260430T192814Z/task_333_attempt_2.log
2026-05-10T00:51:31Z [ERROR] Task 333: validation failed; re-queueing for retry
2026-05-10T00:51:41Z [INFO] Submitting task 333 try 1/3: group=fuzzy_train_multi_seed kind=train config=configs/fuzzy/rgb_real_msi_deeplabv3plus_resnet50.yaml split=test seed=45 attempt=3
2026-05-10T00:51:41Z [INFO] Submitted task 333 (fuzzy_train_multi_seed, train, configs/fuzzy/rgb_real_msi_deeplabv3plus_resnet50.yaml, seed=45) as job 830479, attempt 3
2026-05-10T00:52:12Z [INFO] Job 830467 for task 328 has left the Slurm queue; validating output
2026-05-10T00:52:12Z [ERROR] Task 328: status file reports state=failed; seed=50; message=train failed; see outputs/slurm/status/multi_seed_all_no_synth_20260430T192814Z/task_328_attempt_3.log; job_log=outputs/slurm/status/multi_seed_all_no_synth_20260430T192814Z/task_328_attempt_3.log
2026-05-10T00:52:12Z [ERROR] Task 328: validation failed; re-queueing for retry
2026-05-10T00:52:22Z [INFO] Submitting task 328 try 1/3: group=fuzzy_train_multi_seed kind=train config=configs/fuzzy/rgb_real_msi_deeplabv3plus_resnet34.yaml split=test seed=50 attempt=4
2026-05-10T00:52:22Z [INFO] Submitted task 328 (fuzzy_train_multi_seed, train, configs/fuzzy/rgb_real_msi_deeplabv3plus_resnet34.yaml, seed=50) as job 830480, attempt 4
2026-05-10T00:52:32Z [INFO] Job 830468 for task 329 has left the Slurm queue; validating output
2026-05-10T00:52:33Z [ERROR] Task 329: status file reports state=failed; seed=51; message=train failed; see outputs/slurm/status/multi_seed_all_no_synth_20260430T192814Z/task_329_attempt_3.log; job_log=outputs/slurm/status/multi_seed_all_no_synth_20260430T192814Z/task_329_attempt_3.log
2026-05-10T00:52:33Z [ERROR] Task 329: validation failed; re-queueing for retry
2026-05-10T00:52:43Z [INFO] Submitting task 329 try 1/3: group=fuzzy_train_multi_seed kind=train config=configs/fuzzy/rgb_real_msi_deeplabv3plus_resnet34.yaml split=test seed=51 attempt=4
2026-05-10T00:52:43Z [INFO] Submitted task 329 (fuzzy_train_multi_seed, train, configs/fuzzy/rgb_real_msi_deeplabv3plus_resnet34.yaml, seed=51) as job 830481, attempt 4
2026-05-10T00:53:03Z [INFO] Job 830469 for task 325 has left the Slurm queue; validating output
2026-05-10T00:53:04Z [ERROR] Task 325: status file reports state=failed; seed=47; message=train failed; see outputs/slurm/status/multi_seed_all_no_synth_20260430T192814Z/task_325_attempt_4.log; job_log=outputs/slurm/status/multi_seed_all_no_synth_20260430T192814Z/task_325_attempt_4.log
2026-05-10T00:53:04Z [ERROR] Task 325: permanent failure after 4 attempt(s)
2026-05-10T00:53:14Z [INFO] Submitting task 334 try 1/3: group=fuzzy_train_multi_seed kind=train config=configs/fuzzy/rgb_real_msi_deeplabv3plus_resnet50.yaml split=test seed=46 attempt=1
2026-05-10T00:53:14Z [INFO] Submitted task 334 (fuzzy_train_multi_seed, train, configs/fuzzy/rgb_real_msi_deeplabv3plus_resnet50.yaml, seed=46) as job 830482, attempt 1
2026-05-10T00:53:34Z [INFO] Job 830470 for task 330 has left the Slurm queue; validating output
2026-05-10T00:53:35Z [ERROR] Task 330: status file reports state=failed; seed=42; message=train failed; see outputs/slurm/status/multi_seed_all_no_synth_20260430T192814Z/task_330_attempt_3.log; job_log=outputs/slurm/status/multi_seed_all_no_synth_20260430T192814Z/task_330_attempt_3.log
2026-05-10T00:53:35Z [ERROR] Task 330: validation failed; re-queueing for retry
2026-05-10T00:53:45Z [INFO] Submitting task 330 try 1/3: group=fuzzy_train_multi_seed kind=train config=configs/fuzzy/rgb_real_msi_deeplabv3plus_resnet50.yaml split=test seed=42 attempt=4
2026-05-10T00:53:45Z [INFO] Submitted task 330 (fuzzy_train_multi_seed, train, configs/fuzzy/rgb_real_msi_deeplabv3plus_resnet50.yaml, seed=42) as job 830483, attempt 4
2026-05-10T00:54:05Z [INFO] Job 830471 for task 331 has left the Slurm queue; validating output
2026-05-10T00:54:06Z [ERROR] Task 331: status file reports state=failed; seed=43; message=train failed; see outputs/slurm/status/multi_seed_all_no_synth_20260430T192814Z/task_331_attempt_3.log; job_log=outputs/slurm/status/multi_seed_all_no_synth_20260430T192814Z/task_331_attempt_3.log
2026-05-10T00:54:06Z [ERROR] Task 331: validation failed; re-queueing for retry
2026-05-10T00:54:16Z [INFO] Submitting task 331 try 1/3: group=fuzzy_train_multi_seed kind=train config=configs/fuzzy/rgb_real_msi_deeplabv3plus_resnet50.yaml split=test seed=43 attempt=4
2026-05-10T00:54:16Z [INFO] Submitted task 331 (fuzzy_train_multi_seed, train, configs/fuzzy/rgb_real_msi_deeplabv3plus_resnet50.yaml, seed=43) as job 830484, attempt 4
2026-05-10T00:54:37Z [INFO] Job 830472 for task 332 has left the Slurm queue; validating output
2026-05-10T00:54:37Z [ERROR] Task 332: status file reports state=failed; seed=44; message=train failed; see outputs/slurm/status/multi_seed_all_no_synth_20260430T192814Z/task_332_attempt_3.log; job_log=outputs/slurm/status/multi_seed_all_no_synth_20260430T192814Z/task_332_attempt_3.log
2026-05-10T00:54:37Z [ERROR] Task 332: validation failed; re-queueing for retry
2026-05-10T00:54:47Z [INFO] Submitting task 332 try 1/3: group=fuzzy_train_multi_seed kind=train config=configs/fuzzy/rgb_real_msi_deeplabv3plus_resnet50.yaml split=test seed=44 attempt=4
2026-05-10T00:54:47Z [INFO] Submitted task 332 (fuzzy_train_multi_seed, train, configs/fuzzy/rgb_real_msi_deeplabv3plus_resnet50.yaml, seed=44) as job 830485, attempt 4
2026-05-10T00:55:07Z [INFO] Job 830475 for task 326 has left the Slurm queue; validating output
2026-05-10T00:55:08Z [ERROR] Task 326: status file reports state=failed; seed=48; message=train failed; see outputs/slurm/status/multi_seed_all_no_synth_20260430T192814Z/task_326_attempt_4.log; job_log=outputs/slurm/status/multi_seed_all_no_synth_20260430T192814Z/task_326_attempt_4.log
2026-05-10T00:55:08Z [ERROR] Task 326: permanent failure after 4 attempt(s)
2026-05-10T00:55:18Z [INFO] Submitting task 335 try 1/3: group=fuzzy_train_multi_seed kind=train config=configs/fuzzy/rgb_real_msi_deeplabv3plus_resnet50.yaml split=test seed=47 attempt=1
2026-05-10T00:55:18Z [INFO] Submitted task 335 (fuzzy_train_multi_seed, train, configs/fuzzy/rgb_real_msi_deeplabv3plus_resnet50.yaml, seed=47) as job 830486, attempt 1
2026-05-10T00:56:09Z [INFO] Job 830477 for task 327 has left the Slurm queue; validating output
2026-05-10T00:56:09Z [ERROR] Task 327: status file reports state=failed; seed=49; message=train failed; see outputs/slurm/status/multi_seed_all_no_synth_20260430T192814Z/task_327_attempt_4.log; job_log=outputs/slurm/status/multi_seed_all_no_synth_20260430T192814Z/task_327_attempt_4.log
2026-05-10T00:56:09Z [ERROR] Task 327: permanent failure after 4 attempt(s)
2026-05-10T00:56:20Z [INFO] Submitting task 336 try 1/3: group=fuzzy_train_multi_seed kind=train config=configs/fuzzy/rgb_real_msi_deeplabv3plus_resnet50.yaml split=test seed=48 attempt=1
2026-05-10T00:56:20Z [INFO] Submitted task 336 (fuzzy_train_multi_seed, train, configs/fuzzy/rgb_real_msi_deeplabv3plus_resnet50.yaml, seed=48) as job 830488, attempt 1
2026-05-10T00:57:11Z [INFO] Job 828260 for task 305 has left the Slurm queue; validating output
2026-05-10T00:57:11Z [ERROR] Task 305: missing status file outputs/slurm/status/multi_seed_all_no_synth_20260430T192814Z/task_305_attempt_2.status
2026-05-10T00:57:11Z [ERROR] Task 305: validation failed; re-queueing for retry
2026-05-10T00:57:11Z [INFO] Job 830479 for task 333 has left the Slurm queue; validating output
2026-05-10T00:57:12Z [ERROR] Task 333: status file reports state=failed; seed=45; message=train failed; see outputs/slurm/status/multi_seed_all_no_synth_20260430T192814Z/task_333_attempt_3.log; job_log=outputs/slurm/status/multi_seed_all_no_synth_20260430T192814Z/task_333_attempt_3.log
2026-05-10T00:57:12Z [ERROR] Task 333: validation failed; re-queueing for retry
2026-05-10T00:57:22Z [INFO] Submitting task 305 try 1/3: group=fuzzy_train_multi_seed kind=train config=configs/fuzzy/rgb_real_msi_unetpp_resnet34.yaml split=test seed=47 attempt=3
2026-05-10T00:57:22Z [INFO] Submitted task 305 (fuzzy_train_multi_seed, train, configs/fuzzy/rgb_real_msi_unetpp_resnet34.yaml, seed=47) as job 830490, attempt 3
2026-05-10T00:57:22Z [INFO] Submitting task 333 try 1/3: group=fuzzy_train_multi_seed kind=train config=configs/fuzzy/rgb_real_msi_deeplabv3plus_resnet50.yaml split=test seed=45 attempt=4
2026-05-10T00:57:22Z [INFO] Submitted task 333 (fuzzy_train_multi_seed, train, configs/fuzzy/rgb_real_msi_deeplabv3plus_resnet50.yaml, seed=45) as job 830491, attempt 4
2026-05-10T00:57:43Z [INFO] Job 830480 for task 328 has left the Slurm queue; validating output
2026-05-10T00:57:43Z [ERROR] Task 328: status file reports state=failed; seed=50; message=train failed; see outputs/slurm/status/multi_seed_all_no_synth_20260430T192814Z/task_328_attempt_4.log; job_log=outputs/slurm/status/multi_seed_all_no_synth_20260430T192814Z/task_328_attempt_4.log
2026-05-10T00:57:43Z [ERROR] Task 328: permanent failure after 4 attempt(s)
2026-05-10T00:57:53Z [INFO] Submitting task 337 try 1/3: group=fuzzy_train_multi_seed kind=train config=configs/fuzzy/rgb_real_msi_deeplabv3plus_resnet50.yaml split=test seed=49 attempt=1
2026-05-10T00:57:53Z [INFO] Submitted task 337 (fuzzy_train_multi_seed, train, configs/fuzzy/rgb_real_msi_deeplabv3plus_resnet50.yaml, seed=49) as job 830492, attempt 1
2026-05-10T00:58:03Z [INFO] Job 830482 for task 334 has left the Slurm queue; validating output
2026-05-10T00:58:03Z [ERROR] Task 334: status file reports state=failed; seed=46; message=train failed; see outputs/slurm/status/multi_seed_all_no_synth_20260430T192814Z/task_334_attempt_1.log; job_log=outputs/slurm/status/multi_seed_all_no_synth_20260430T192814Z/task_334_attempt_1.log
2026-05-10T00:58:03Z [ERROR] Task 334: validation failed; re-queueing for retry
2026-05-10T00:58:14Z [INFO] Submitting task 334 try 1/3: group=fuzzy_train_multi_seed kind=train config=configs/fuzzy/rgb_real_msi_deeplabv3plus_resnet50.yaml split=test seed=46 attempt=2
2026-05-10T00:58:14Z [INFO] Submitted task 334 (fuzzy_train_multi_seed, train, configs/fuzzy/rgb_real_msi_deeplabv3plus_resnet50.yaml, seed=46) as job 830493, attempt 2
2026-05-10T00:58:34Z [INFO] Job 830483 for task 330 has left the Slurm queue; validating output
2026-05-10T00:58:34Z [ERROR] Task 330: status file reports state=failed; seed=42; message=train failed; see outputs/slurm/status/multi_seed_all_no_synth_20260430T192814Z/task_330_attempt_4.log; job_log=outputs/slurm/status/multi_seed_all_no_synth_20260430T192814Z/task_330_attempt_4.log
2026-05-10T00:58:34Z [ERROR] Task 330: permanent failure after 4 attempt(s)
2026-05-10T00:58:44Z [INFO] Submitting task 338 try 1/3: group=fuzzy_train_multi_seed kind=train config=configs/fuzzy/rgb_real_msi_deeplabv3plus_resnet50.yaml split=test seed=50 attempt=1
2026-05-10T00:58:44Z [INFO] Submitted task 338 (fuzzy_train_multi_seed, train, configs/fuzzy/rgb_real_msi_deeplabv3plus_resnet50.yaml, seed=50) as job 830494, attempt 1
2026-05-10T00:59:05Z [INFO] Job 830484 for task 331 has left the Slurm queue; validating output
2026-05-10T00:59:05Z [ERROR] Task 331: status file reports state=failed; seed=43; message=train failed; see outputs/slurm/status/multi_seed_all_no_synth_20260430T192814Z/task_331_attempt_4.log; job_log=outputs/slurm/status/multi_seed_all_no_synth_20260430T192814Z/task_331_attempt_4.log
2026-05-10T00:59:05Z [ERROR] Task 331: permanent failure after 4 attempt(s)
2026-05-10T00:59:15Z [INFO] Submitting task 339 try 1/3: group=fuzzy_train_multi_seed kind=train config=configs/fuzzy/rgb_real_msi_deeplabv3plus_resnet50.yaml split=test seed=51 attempt=1
2026-05-10T00:59:15Z [INFO] Submitted task 339 (fuzzy_train_multi_seed, train, configs/fuzzy/rgb_real_msi_deeplabv3plus_resnet50.yaml, seed=51) as job 830495, attempt 1
2026-05-10T00:59:36Z [INFO] Job 830485 for task 332 has left the Slurm queue; validating output
2026-05-10T00:59:36Z [ERROR] Task 332: status file reports state=failed; seed=44; message=train failed; see outputs/slurm/status/multi_seed_all_no_synth_20260430T192814Z/task_332_attempt_4.log; job_log=outputs/slurm/status/multi_seed_all_no_synth_20260430T192814Z/task_332_attempt_4.log
2026-05-10T00:59:36Z [ERROR] Task 332: permanent failure after 4 attempt(s)
2026-05-10T00:59:46Z [INFO] Submitting task 340 try 1/3: group=fuzzy_train_multi_seed kind=train config=configs/fuzzy/rgb_real_msi_segformer_b0.yaml split=test seed=42 attempt=1
2026-05-10T00:59:46Z [INFO] Submitted task 340 (fuzzy_train_multi_seed, train, configs/fuzzy/rgb_real_msi_segformer_b0.yaml, seed=42) as job 830496, attempt 1
2026-05-10T01:00:07Z [INFO] Job 830486 for task 335 has left the Slurm queue; validating output
2026-05-10T01:00:07Z [ERROR] Task 335: status file reports state=failed; seed=47; message=train failed; see outputs/slurm/status/multi_seed_all_no_synth_20260430T192814Z/task_335_attempt_1.log; job_log=outputs/slurm/status/multi_seed_all_no_synth_20260430T192814Z/task_335_attempt_1.log
2026-05-10T01:00:07Z [ERROR] Task 335: validation failed; re-queueing for retry
2026-05-10T01:00:17Z [INFO] Submitting task 335 try 1/3: group=fuzzy_train_multi_seed kind=train config=configs/fuzzy/rgb_real_msi_deeplabv3plus_resnet50.yaml split=test seed=47 attempt=2
2026-05-10T01:00:17Z [INFO] Submitted task 335 (fuzzy_train_multi_seed, train, configs/fuzzy/rgb_real_msi_deeplabv3plus_resnet50.yaml, seed=47) as job 830497, attempt 2
2026-05-10T01:58:08Z [INFO] Job 830488 for task 336 has left the Slurm queue; validating output
2026-05-10T01:58:08Z [ERROR] Task 336: status file reports state=failed; seed=48; message=train failed; see outputs/slurm/status/multi_seed_all_no_synth_20260430T192814Z/task_336_attempt_1.log; job_log=outputs/slurm/status/multi_seed_all_no_synth_20260430T192814Z/task_336_attempt_1.log
2026-05-10T01:58:08Z [ERROR] Task 336: validation failed; re-queueing for retry
2026-05-10T01:58:19Z [INFO] Submitting task 336 try 1/3: group=fuzzy_train_multi_seed kind=train config=configs/fuzzy/rgb_real_msi_deeplabv3plus_resnet50.yaml split=test seed=48 attempt=2
2026-05-10T01:58:19Z [INFO] Submitted task 336 (fuzzy_train_multi_seed, train, configs/fuzzy/rgb_real_msi_deeplabv3plus_resnet50.yaml, seed=48) as job 830504, attempt 2
2026-05-10T01:59:10Z [INFO] Job 830490 for task 305 has left the Slurm queue; validating output
2026-05-10T01:59:10Z [ERROR] Task 305: status file reports state=failed; seed=47; message=train failed; see outputs/slurm/status/multi_seed_all_no_synth_20260430T192814Z/task_305_attempt_3.log; job_log=outputs/slurm/status/multi_seed_all_no_synth_20260430T192814Z/task_305_attempt_3.log
2026-05-10T01:59:10Z [ERROR] Task 305: validation failed; re-queueing for retry
2026-05-10T01:59:20Z [INFO] Submitting task 305 try 1/3: group=fuzzy_train_multi_seed kind=train config=configs/fuzzy/rgb_real_msi_unetpp_resnet34.yaml split=test seed=47 attempt=4
2026-05-10T01:59:20Z [INFO] Submitted task 305 (fuzzy_train_multi_seed, train, configs/fuzzy/rgb_real_msi_unetpp_resnet34.yaml, seed=47) as job 830506, attempt 4
2026-05-10T01:59:41Z [INFO] Job 830491 for task 333 has left the Slurm queue; validating output
2026-05-10T01:59:41Z [ERROR] Task 333: status file reports state=failed; seed=45; message=train failed; see outputs/slurm/status/multi_seed_all_no_synth_20260430T192814Z/task_333_attempt_4.log; job_log=outputs/slurm/status/multi_seed_all_no_synth_20260430T192814Z/task_333_attempt_4.log
2026-05-10T01:59:41Z [ERROR] Task 333: permanent failure after 4 attempt(s)
2026-05-10T01:59:51Z [INFO] Submitting task 341 try 1/3: group=fuzzy_train_multi_seed kind=train config=configs/fuzzy/rgb_real_msi_segformer_b0.yaml split=test seed=43 attempt=1
2026-05-10T01:59:51Z [INFO] Submitted task 341 (fuzzy_train_multi_seed, train, configs/fuzzy/rgb_real_msi_segformer_b0.yaml, seed=43) as job 830507, attempt 1
2026-05-10T02:00:02Z [INFO] Job 830492 for task 337 has left the Slurm queue; validating output
2026-05-10T02:00:02Z [ERROR] Task 337: status file reports state=failed; seed=49; message=train failed; see outputs/slurm/status/multi_seed_all_no_synth_20260430T192814Z/task_337_attempt_1.log; job_log=outputs/slurm/status/multi_seed_all_no_synth_20260430T192814Z/task_337_attempt_1.log
2026-05-10T02:00:02Z [ERROR] Task 337: validation failed; re-queueing for retry
2026-05-10T02:00:12Z [INFO] Submitting task 337 try 1/3: group=fuzzy_train_multi_seed kind=train config=configs/fuzzy/rgb_real_msi_deeplabv3plus_resnet50.yaml split=test seed=49 attempt=2
2026-05-10T02:00:13Z [INFO] Submitted task 337 (fuzzy_train_multi_seed, train, configs/fuzzy/rgb_real_msi_deeplabv3plus_resnet50.yaml, seed=49) as job 830508, attempt 2
2026-05-10T02:00:33Z [INFO] Job 830493 for task 334 has left the Slurm queue; validating output
2026-05-10T02:00:34Z [ERROR] Task 334: status file reports state=failed; seed=46; message=train failed; see outputs/slurm/status/multi_seed_all_no_synth_20260430T192814Z/task_334_attempt_2.log; job_log=outputs/slurm/status/multi_seed_all_no_synth_20260430T192814Z/task_334_attempt_2.log
2026-05-10T02:00:34Z [ERROR] Task 334: validation failed; re-queueing for retry
2026-05-10T02:00:44Z [INFO] Submitting task 334 try 1/3: group=fuzzy_train_multi_seed kind=train config=configs/fuzzy/rgb_real_msi_deeplabv3plus_resnet50.yaml split=test seed=46 attempt=3
2026-05-10T02:00:44Z [INFO] Submitted task 334 (fuzzy_train_multi_seed, train, configs/fuzzy/rgb_real_msi_deeplabv3plus_resnet50.yaml, seed=46) as job 830509, attempt 3
2026-05-10T02:01:05Z [INFO] Job 830494 for task 338 has left the Slurm queue; validating output
2026-05-10T02:01:05Z [ERROR] Task 338: status file reports state=failed; seed=50; message=train failed; see outputs/slurm/status/multi_seed_all_no_synth_20260430T192814Z/task_338_attempt_1.log; job_log=outputs/slurm/status/multi_seed_all_no_synth_20260430T192814Z/task_338_attempt_1.log
2026-05-10T02:01:05Z [ERROR] Task 338: validation failed; re-queueing for retry
2026-05-10T02:01:15Z [INFO] Submitting task 338 try 1/3: group=fuzzy_train_multi_seed kind=train config=configs/fuzzy/rgb_real_msi_deeplabv3plus_resnet50.yaml split=test seed=50 attempt=2
2026-05-10T02:01:15Z [INFO] Submitted task 338 (fuzzy_train_multi_seed, train, configs/fuzzy/rgb_real_msi_deeplabv3plus_resnet50.yaml, seed=50) as job 830510, attempt 2
2026-05-10T02:01:36Z [INFO] Job 830495 for task 339 has left the Slurm queue; validating output
2026-05-10T02:01:36Z [ERROR] Task 339: status file reports state=failed; seed=51; message=train failed; see outputs/slurm/status/multi_seed_all_no_synth_20260430T192814Z/task_339_attempt_1.log; job_log=outputs/slurm/status/multi_seed_all_no_synth_20260430T192814Z/task_339_attempt_1.log
2026-05-10T02:01:37Z [ERROR] Task 339: validation failed; re-queueing for retry
2026-05-10T02:01:47Z [INFO] Submitting task 339 try 1/3: group=fuzzy_train_multi_seed kind=train config=configs/fuzzy/rgb_real_msi_deeplabv3plus_resnet50.yaml split=test seed=51 attempt=2
2026-05-10T02:01:47Z [INFO] Submitted task 339 (fuzzy_train_multi_seed, train, configs/fuzzy/rgb_real_msi_deeplabv3plus_resnet50.yaml, seed=51) as job 830511, attempt 2
2026-05-10T02:02:07Z [INFO] Job 830496 for task 340 has left the Slurm queue; validating output
2026-05-10T02:02:07Z [ERROR] Task 340: status file reports state=failed; seed=42; message=train failed; see outputs/slurm/status/multi_seed_all_no_synth_20260430T192814Z/task_340_attempt_1.log; job_log=outputs/slurm/status/multi_seed_all_no_synth_20260430T192814Z/task_340_attempt_1.log
2026-05-10T02:02:07Z [ERROR] Task 340: validation failed; re-queueing for retry
2026-05-10T02:02:17Z [INFO] Submitting task 340 try 1/3: group=fuzzy_train_multi_seed kind=train config=configs/fuzzy/rgb_real_msi_segformer_b0.yaml split=test seed=42 attempt=2
2026-05-10T02:02:18Z [INFO] Submitted task 340 (fuzzy_train_multi_seed, train, configs/fuzzy/rgb_real_msi_segformer_b0.yaml, seed=42) as job 830512, attempt 2
2026-05-10T02:02:38Z [INFO] Job 830497 for task 335 has left the Slurm queue; validating output
2026-05-10T02:02:39Z [ERROR] Task 335: status file reports state=failed; seed=47; message=train failed; see outputs/slurm/status/multi_seed_all_no_synth_20260430T192814Z/task_335_attempt_2.log; job_log=outputs/slurm/status/multi_seed_all_no_synth_20260430T192814Z/task_335_attempt_2.log
2026-05-10T02:02:39Z [ERROR] Task 335: validation failed; re-queueing for retry
2026-05-10T02:02:49Z [INFO] Submitting task 335 try 1/3: group=fuzzy_train_multi_seed kind=train config=configs/fuzzy/rgb_real_msi_deeplabv3plus_resnet50.yaml split=test seed=47 attempt=3
2026-05-10T02:02:49Z [INFO] Submitted task 335 (fuzzy_train_multi_seed, train, configs/fuzzy/rgb_real_msi_deeplabv3plus_resnet50.yaml, seed=47) as job 830513, attempt 3
2026-05-10T02:05:13Z [INFO] Job 830504 for task 336 has left the Slurm queue; validating output
2026-05-10T02:05:13Z [ERROR] Task 336: status file reports state=failed; seed=48; message=train failed; see outputs/slurm/status/multi_seed_all_no_synth_20260430T192814Z/task_336_attempt_2.log; job_log=outputs/slurm/status/multi_seed_all_no_synth_20260430T192814Z/task_336_attempt_2.log
2026-05-10T02:05:13Z [ERROR] Task 336: validation failed; re-queueing for retry
2026-05-10T02:05:23Z [INFO] Submitting task 336 try 1/3: group=fuzzy_train_multi_seed kind=train config=configs/fuzzy/rgb_real_msi_deeplabv3plus_resnet50.yaml split=test seed=48 attempt=3
2026-05-10T02:05:23Z [INFO] Submitted task 336 (fuzzy_train_multi_seed, train, configs/fuzzy/rgb_real_msi_deeplabv3plus_resnet50.yaml, seed=48) as job 830516, attempt 3
2026-05-10T02:06:04Z [INFO] Job 830506 for task 305 has left the Slurm queue; validating output
2026-05-10T02:06:05Z [ERROR] Task 305: status file reports state=failed; seed=47; message=train failed; see outputs/slurm/status/multi_seed_all_no_synth_20260430T192814Z/task_305_attempt_4.log; job_log=outputs/slurm/status/multi_seed_all_no_synth_20260430T192814Z/task_305_attempt_4.log
2026-05-10T02:06:05Z [ERROR] Task 305: permanent failure after 4 attempt(s)
2026-05-10T02:06:15Z [INFO] Submitting task 342 try 1/3: group=fuzzy_train_multi_seed kind=train config=configs/fuzzy/rgb_real_msi_segformer_b0.yaml split=test seed=44 attempt=1
2026-05-10T02:06:15Z [INFO] Submitted task 342 (fuzzy_train_multi_seed, train, configs/fuzzy/rgb_real_msi_segformer_b0.yaml, seed=44) as job 830517, attempt 1
2026-05-10T02:06:36Z [INFO] Job 830507 for task 341 has left the Slurm queue; validating output
2026-05-10T02:06:36Z [ERROR] Task 341: status file reports state=failed; seed=43; message=train failed; see outputs/slurm/status/multi_seed_all_no_synth_20260430T192814Z/task_341_attempt_1.log; job_log=outputs/slurm/status/multi_seed_all_no_synth_20260430T192814Z/task_341_attempt_1.log
2026-05-10T02:06:36Z [ERROR] Task 341: validation failed; re-queueing for retry
2026-05-10T02:06:46Z [INFO] Submitting task 341 try 1/3: group=fuzzy_train_multi_seed kind=train config=configs/fuzzy/rgb_real_msi_segformer_b0.yaml split=test seed=43 attempt=2
2026-05-10T02:06:46Z [INFO] Submitted task 341 (fuzzy_train_multi_seed, train, configs/fuzzy/rgb_real_msi_segformer_b0.yaml, seed=43) as job 830518, attempt 2
2026-05-10T02:07:07Z [INFO] Job 830508 for task 337 has left the Slurm queue; validating output
2026-05-10T02:07:07Z [ERROR] Task 337: status file reports state=failed; seed=49; message=train failed; see outputs/slurm/status/multi_seed_all_no_synth_20260430T192814Z/task_337_attempt_2.log; job_log=outputs/slurm/status/multi_seed_all_no_synth_20260430T192814Z/task_337_attempt_2.log
2026-05-10T02:07:07Z [ERROR] Task 337: validation failed; re-queueing for retry
2026-05-10T02:07:17Z [INFO] Submitting task 337 try 1/3: group=fuzzy_train_multi_seed kind=train config=configs/fuzzy/rgb_real_msi_deeplabv3plus_resnet50.yaml split=test seed=49 attempt=3
2026-05-10T02:07:17Z [INFO] Submitted task 337 (fuzzy_train_multi_seed, train, configs/fuzzy/rgb_real_msi_deeplabv3plus_resnet50.yaml, seed=49) as job 830519, attempt 3
2026-05-10T02:07:37Z [INFO] Job 830509 for task 334 has left the Slurm queue; validating output
2026-05-10T02:07:38Z [ERROR] Task 334: status file reports state=failed; seed=46; message=train failed; see outputs/slurm/status/multi_seed_all_no_synth_20260430T192814Z/task_334_attempt_3.log; job_log=outputs/slurm/status/multi_seed_all_no_synth_20260430T192814Z/task_334_attempt_3.log
2026-05-10T02:07:38Z [ERROR] Task 334: validation failed; re-queueing for retry
2026-05-10T02:07:48Z [INFO] Submitting task 334 try 1/3: group=fuzzy_train_multi_seed kind=train config=configs/fuzzy/rgb_real_msi_deeplabv3plus_resnet50.yaml split=test seed=46 attempt=4
2026-05-10T02:07:48Z [INFO] Submitted task 334 (fuzzy_train_multi_seed, train, configs/fuzzy/rgb_real_msi_deeplabv3plus_resnet50.yaml, seed=46) as job 830520, attempt 4
2026-05-10T02:08:10Z [INFO] Job 830510 for task 338 has left the Slurm queue; validating output
2026-05-10T02:08:11Z [ERROR] Task 338: status file reports state=failed; seed=50; message=train failed; see outputs/slurm/status/multi_seed_all_no_synth_20260430T192814Z/task_338_attempt_2.log; job_log=outputs/slurm/status/multi_seed_all_no_synth_20260430T192814Z/task_338_attempt_2.log
2026-05-10T02:08:11Z [ERROR] Task 338: validation failed; re-queueing for retry
2026-05-10T02:08:21Z [INFO] Submitting task 338 try 1/3: group=fuzzy_train_multi_seed kind=train config=configs/fuzzy/rgb_real_msi_deeplabv3plus_resnet50.yaml split=test seed=50 attempt=3
2026-05-10T02:08:21Z [INFO] Submitted task 338 (fuzzy_train_multi_seed, train, configs/fuzzy/rgb_real_msi_deeplabv3plus_resnet50.yaml, seed=50) as job 830521, attempt 3
2026-05-10T02:08:42Z [INFO] Job 830511 for task 339 has left the Slurm queue; validating output
2026-05-10T02:08:42Z [ERROR] Task 339: status file reports state=failed; seed=51; message=train failed; see outputs/slurm/status/multi_seed_all_no_synth_20260430T192814Z/task_339_attempt_2.log; job_log=outputs/slurm/status/multi_seed_all_no_synth_20260430T192814Z/task_339_attempt_2.log
2026-05-10T02:08:42Z [ERROR] Task 339: validation failed; re-queueing for retry
2026-05-10T02:08:52Z [INFO] Submitting task 339 try 1/3: group=fuzzy_train_multi_seed kind=train config=configs/fuzzy/rgb_real_msi_deeplabv3plus_resnet50.yaml split=test seed=51 attempt=3
2026-05-10T02:08:52Z [INFO] Submitted task 339 (fuzzy_train_multi_seed, train, configs/fuzzy/rgb_real_msi_deeplabv3plus_resnet50.yaml, seed=51) as job 830522, attempt 3
2026-05-10T02:09:03Z [INFO] Job 830512 for task 340 has left the Slurm queue; validating output
2026-05-10T02:09:03Z [ERROR] Task 340: status file reports state=failed; seed=42; message=train failed; see outputs/slurm/status/multi_seed_all_no_synth_20260430T192814Z/task_340_attempt_2.log; job_log=outputs/slurm/status/multi_seed_all_no_synth_20260430T192814Z/task_340_attempt_2.log
2026-05-10T02:09:03Z [ERROR] Task 340: validation failed; re-queueing for retry
2026-05-10T02:09:13Z [INFO] Submitting task 340 try 1/3: group=fuzzy_train_multi_seed kind=train config=configs/fuzzy/rgb_real_msi_segformer_b0.yaml split=test seed=42 attempt=3
2026-05-10T02:09:13Z [INFO] Submitted task 340 (fuzzy_train_multi_seed, train, configs/fuzzy/rgb_real_msi_segformer_b0.yaml, seed=42) as job 830523, attempt 3
2026-05-10T02:09:33Z [INFO] Job 830513 for task 335 has left the Slurm queue; validating output
2026-05-10T02:09:33Z [ERROR] Task 335: status file reports state=failed; seed=47; message=train failed; see outputs/slurm/status/multi_seed_all_no_synth_20260430T192814Z/task_335_attempt_3.log; job_log=outputs/slurm/status/multi_seed_all_no_synth_20260430T192814Z/task_335_attempt_3.log
2026-05-10T02:09:33Z [ERROR] Task 335: validation failed; re-queueing for retry
2026-05-10T02:09:44Z [INFO] Submitting task 335 try 1/3: group=fuzzy_train_multi_seed kind=train config=configs/fuzzy/rgb_real_msi_deeplabv3plus_resnet50.yaml split=test seed=47 attempt=4
2026-05-10T02:09:44Z [INFO] Submitted task 335 (fuzzy_train_multi_seed, train, configs/fuzzy/rgb_real_msi_deeplabv3plus_resnet50.yaml, seed=47) as job 830524, attempt 4
2026-05-10T02:11:06Z [INFO] Job 830516 for task 336 has left the Slurm queue; validating output
2026-05-10T02:11:06Z [ERROR] Task 336: status file reports state=failed; seed=48; message=train failed; see outputs/slurm/status/multi_seed_all_no_synth_20260430T192814Z/task_336_attempt_3.log; job_log=outputs/slurm/status/multi_seed_all_no_synth_20260430T192814Z/task_336_attempt_3.log
2026-05-10T02:11:06Z [ERROR] Task 336: validation failed; re-queueing for retry
2026-05-10T02:11:17Z [INFO] Submitting task 336 try 1/3: group=fuzzy_train_multi_seed kind=train config=configs/fuzzy/rgb_real_msi_deeplabv3plus_resnet50.yaml split=test seed=48 attempt=4
2026-05-10T02:11:17Z [INFO] Submitted task 336 (fuzzy_train_multi_seed, train, configs/fuzzy/rgb_real_msi_deeplabv3plus_resnet50.yaml, seed=48) as job 830529, attempt 4
2026-05-10T02:11:37Z [INFO] Job 830517 for task 342 has left the Slurm queue; validating output
2026-05-10T02:11:37Z [ERROR] Task 342: status file reports state=failed; seed=44; message=train failed; see outputs/slurm/status/multi_seed_all_no_synth_20260430T192814Z/task_342_attempt_1.log; job_log=outputs/slurm/status/multi_seed_all_no_synth_20260430T192814Z/task_342_attempt_1.log
2026-05-10T02:11:37Z [ERROR] Task 342: validation failed; re-queueing for retry
2026-05-10T02:11:47Z [INFO] Submitting task 342 try 1/3: group=fuzzy_train_multi_seed kind=train config=configs/fuzzy/rgb_real_msi_segformer_b0.yaml split=test seed=44 attempt=2
2026-05-10T02:11:47Z [INFO] Submitted task 342 (fuzzy_train_multi_seed, train, configs/fuzzy/rgb_real_msi_segformer_b0.yaml, seed=44) as job 830530, attempt 2
2026-05-10T02:12:08Z [INFO] Job 830518 for task 341 has left the Slurm queue; validating output
2026-05-10T02:12:08Z [ERROR] Task 341: status file reports state=failed; seed=43; message=train failed; see outputs/slurm/status/multi_seed_all_no_synth_20260430T192814Z/task_341_attempt_2.log; job_log=outputs/slurm/status/multi_seed_all_no_synth_20260430T192814Z/task_341_attempt_2.log
2026-05-10T02:12:08Z [ERROR] Task 341: validation failed; re-queueing for retry
2026-05-10T02:12:18Z [INFO] Submitting task 341 try 1/3: group=fuzzy_train_multi_seed kind=train config=configs/fuzzy/rgb_real_msi_segformer_b0.yaml split=test seed=43 attempt=3
2026-05-10T02:12:18Z [INFO] Submitted task 341 (fuzzy_train_multi_seed, train, configs/fuzzy/rgb_real_msi_segformer_b0.yaml, seed=43) as job 830531, attempt 3
2026-05-10T02:12:39Z [INFO] Job 830519 for task 337 has left the Slurm queue; validating output
2026-05-10T02:12:39Z [ERROR] Task 337: status file reports state=failed; seed=49; message=train failed; see outputs/slurm/status/multi_seed_all_no_synth_20260430T192814Z/task_337_attempt_3.log; job_log=outputs/slurm/status/multi_seed_all_no_synth_20260430T192814Z/task_337_attempt_3.log
2026-05-10T02:12:39Z [ERROR] Task 337: validation failed; re-queueing for retry
2026-05-10T02:12:49Z [INFO] Submitting task 337 try 1/3: group=fuzzy_train_multi_seed kind=train config=configs/fuzzy/rgb_real_msi_deeplabv3plus_resnet50.yaml split=test seed=49 attempt=4
2026-05-10T02:12:49Z [INFO] Submitted task 337 (fuzzy_train_multi_seed, train, configs/fuzzy/rgb_real_msi_deeplabv3plus_resnet50.yaml, seed=49) as job 830532, attempt 4
2026-05-10T02:13:10Z [INFO] Job 830520 for task 334 has left the Slurm queue; validating output
2026-05-10T02:13:10Z [ERROR] Task 334: status file reports state=failed; seed=46; message=train failed; see outputs/slurm/status/multi_seed_all_no_synth_20260430T192814Z/task_334_attempt_4.log; job_log=outputs/slurm/status/multi_seed_all_no_synth_20260430T192814Z/task_334_attempt_4.log
2026-05-10T02:13:10Z [ERROR] Task 334: permanent failure after 4 attempt(s)
2026-05-10T02:13:20Z [INFO] Submitting task 343 try 1/3: group=fuzzy_train_multi_seed kind=train config=configs/fuzzy/rgb_real_msi_segformer_b0.yaml split=test seed=45 attempt=1
2026-05-10T02:13:20Z [INFO] Submitted task 343 (fuzzy_train_multi_seed, train, configs/fuzzy/rgb_real_msi_segformer_b0.yaml, seed=45) as job 830533, attempt 1
2026-05-10T02:13:41Z [INFO] Job 830521 for task 338 has left the Slurm queue; validating output
2026-05-10T02:13:41Z [ERROR] Task 338: status file reports state=failed; seed=50; message=train failed; see outputs/slurm/status/multi_seed_all_no_synth_20260430T192814Z/task_338_attempt_3.log; job_log=outputs/slurm/status/multi_seed_all_no_synth_20260430T192814Z/task_338_attempt_3.log
2026-05-10T02:13:41Z [ERROR] Task 338: validation failed; re-queueing for retry
2026-05-10T02:13:51Z [INFO] Submitting task 338 try 1/3: group=fuzzy_train_multi_seed kind=train config=configs/fuzzy/rgb_real_msi_deeplabv3plus_resnet50.yaml split=test seed=50 attempt=4
2026-05-10T02:13:51Z [INFO] Submitted task 338 (fuzzy_train_multi_seed, train, configs/fuzzy/rgb_real_msi_deeplabv3plus_resnet50.yaml, seed=50) as job 830534, attempt 4
2026-05-10T02:14:12Z [INFO] Job 830522 for task 339 has left the Slurm queue; validating output
2026-05-10T02:14:12Z [ERROR] Task 339: status file reports state=failed; seed=51; message=train failed; see outputs/slurm/status/multi_seed_all_no_synth_20260430T192814Z/task_339_attempt_3.log; job_log=outputs/slurm/status/multi_seed_all_no_synth_20260430T192814Z/task_339_attempt_3.log
2026-05-10T02:14:12Z [ERROR] Task 339: validation failed; re-queueing for retry
2026-05-10T02:14:22Z [INFO] Submitting task 339 try 1/3: group=fuzzy_train_multi_seed kind=train config=configs/fuzzy/rgb_real_msi_deeplabv3plus_resnet50.yaml split=test seed=51 attempt=4
2026-05-10T02:14:22Z [INFO] Submitted task 339 (fuzzy_train_multi_seed, train, configs/fuzzy/rgb_real_msi_deeplabv3plus_resnet50.yaml, seed=51) as job 830535, attempt 4
2026-05-10T02:14:33Z [INFO] Job 830523 for task 340 has left the Slurm queue; validating output
2026-05-10T02:14:33Z [ERROR] Task 340: status file reports state=failed; seed=42; message=train failed; see outputs/slurm/status/multi_seed_all_no_synth_20260430T192814Z/task_340_attempt_3.log; job_log=outputs/slurm/status/multi_seed_all_no_synth_20260430T192814Z/task_340_attempt_3.log
2026-05-10T02:14:33Z [ERROR] Task 340: validation failed; re-queueing for retry
2026-05-10T02:14:43Z [INFO] Submitting task 340 try 1/3: group=fuzzy_train_multi_seed kind=train config=configs/fuzzy/rgb_real_msi_segformer_b0.yaml split=test seed=42 attempt=4
2026-05-10T02:14:43Z [INFO] Submitted task 340 (fuzzy_train_multi_seed, train, configs/fuzzy/rgb_real_msi_segformer_b0.yaml, seed=42) as job 830536, attempt 4
2026-05-10T02:15:03Z [INFO] Job 830524 for task 335 has left the Slurm queue; validating output
2026-05-10T02:15:03Z [ERROR] Task 335: status file reports state=failed; seed=47; message=train failed; see outputs/slurm/status/multi_seed_all_no_synth_20260430T192814Z/task_335_attempt_4.log; job_log=outputs/slurm/status/multi_seed_all_no_synth_20260430T192814Z/task_335_attempt_4.log
2026-05-10T02:15:03Z [ERROR] Task 335: permanent failure after 4 attempt(s)
2026-05-10T02:15:14Z [INFO] Submitting task 344 try 1/3: group=fuzzy_train_multi_seed kind=train config=configs/fuzzy/rgb_real_msi_segformer_b0.yaml split=test seed=46 attempt=1
2026-05-10T02:15:14Z [INFO] Submitted task 344 (fuzzy_train_multi_seed, train, configs/fuzzy/rgb_real_msi_segformer_b0.yaml, seed=46) as job 830537, attempt 1
2026-05-10T04:14:42Z [INFO] Job 828820 for task 319 has left the Slurm queue; validating output
2026-05-10T04:14:42Z [ERROR] Task 319: missing status file outputs/slurm/status/multi_seed_all_no_synth_20260430T192814Z/task_319_attempt_1.status
2026-05-10T04:14:42Z [ERROR] Task 319: validation failed; re-queueing for retry
2026-05-10T04:14:53Z [INFO] Submitting task 319 try 1/3: group=fuzzy_train_multi_seed kind=train config=configs/fuzzy/rgb_real_msi_unetpp_resnet50.yaml split=test seed=51 attempt=2
2026-05-10T04:14:53Z [INFO] Submitted task 319 (fuzzy_train_multi_seed, train, configs/fuzzy/rgb_real_msi_unetpp_resnet50.yaml, seed=51) as job 830577, attempt 2
2026-05-10T04:36:26Z [INFO] Job 829571 for task 320 has left the Slurm queue; validating output
2026-05-10T04:36:27Z [INFO] Task 320 completed successfully
2026-05-10T04:36:37Z [INFO] Submitting task 345 try 1/3: group=fuzzy_train_multi_seed kind=train config=configs/fuzzy/rgb_real_msi_segformer_b0.yaml split=test seed=47 attempt=1
2026-05-10T04:36:37Z [INFO] Submitted task 345 (fuzzy_train_multi_seed, train, configs/fuzzy/rgb_real_msi_segformer_b0.yaml, seed=47) as job 830585, attempt 1
2026-05-10T05:53:21Z [INFO] Job 830380 for task 323 has left the Slurm queue; validating output
2026-05-10T05:53:22Z [INFO] Task 323 completed successfully
2026-05-10T05:53:32Z [INFO] Submitting task 346 try 1/3: group=fuzzy_train_multi_seed kind=train config=configs/fuzzy/rgb_real_msi_segformer_b0.yaml split=test seed=48 attempt=1
2026-05-10T05:53:32Z [INFO] Submitted task 346 (fuzzy_train_multi_seed, train, configs/fuzzy/rgb_real_msi_segformer_b0.yaml, seed=48) as job 830843, attempt 1
2026-05-10T07:00:42Z [INFO] Job 829418 for task 254 has left the Slurm queue; validating output
2026-05-10T07:00:43Z [ERROR] Task 254: missing status file outputs/slurm/status/multi_seed_all_no_synth_20260430T192814Z/task_254_attempt_4.status
2026-05-10T07:00:43Z [ERROR] Task 254: permanent failure after 4 attempt(s)
2026-05-10T07:00:53Z [INFO] Submitting task 347 try 1/3: group=fuzzy_train_multi_seed kind=train config=configs/fuzzy/rgb_real_msi_segformer_b0.yaml split=test seed=49 attempt=1
2026-05-10T07:00:53Z [INFO] Submitted task 347 (fuzzy_train_multi_seed, train, configs/fuzzy/rgb_real_msi_segformer_b0.yaml, seed=49) as job 831084, attempt 1
2026-05-10T08:40:10Z [INFO] Job 830481 for task 329 has left the Slurm queue; validating output
2026-05-10T08:40:11Z [INFO] Task 329 completed successfully
2026-05-10T08:40:21Z [INFO] Submitting task 348 try 1/3: group=fuzzy_train_multi_seed kind=train config=configs/fuzzy/rgb_real_msi_segformer_b0.yaml split=test seed=50 attempt=1
2026-05-10T08:40:21Z [INFO] Submitted task 348 (fuzzy_train_multi_seed, train, configs/fuzzy/rgb_real_msi_segformer_b0.yaml, seed=50) as job 831454, attempt 1
2026-05-10T09:03:08Z [INFO] Job 830414 for task 321 has left the Slurm queue; validating output
2026-05-10T09:03:08Z [INFO] Task 321 completed successfully
2026-05-10T09:03:18Z [INFO] Submitting task 349 try 1/3: group=fuzzy_train_multi_seed kind=train config=configs/fuzzy/rgb_real_msi_segformer_b0.yaml split=test seed=51 attempt=1
2026-05-10T09:03:19Z [INFO] Submitted task 349 (fuzzy_train_multi_seed, train, configs/fuzzy/rgb_real_msi_segformer_b0.yaml, seed=51) as job 831555, attempt 1
2026-05-10T12:20:10Z [INFO] Job 830413 for task 324 has left the Slurm queue; validating output
2026-05-10T12:20:11Z [ERROR] Task 324: missing status file outputs/slurm/status/multi_seed_all_no_synth_20260430T192814Z/task_324_attempt_1.status
2026-05-10T12:20:11Z [ERROR] Task 324: validation failed; re-queueing for retry
2026-05-10T12:20:21Z [INFO] Submitting task 324 try 1/3: group=fuzzy_train_multi_seed kind=train config=configs/fuzzy/rgb_real_msi_deeplabv3plus_resnet34.yaml split=test seed=46 attempt=2
2026-05-10T12:20:21Z [INFO] Submitted task 324 (fuzzy_train_multi_seed, train, configs/fuzzy/rgb_real_msi_deeplabv3plus_resnet34.yaml, seed=46) as job 831999, attempt 2
2026-05-10T12:20:21Z [INFO] Job 830531 for task 341 has left the Slurm queue; validating output
2026-05-10T12:20:22Z [INFO] Task 341 completed successfully
2026-05-10T12:20:32Z [INFO] Submitting task 350 try 1/3: group=fuzzy_train_multi_seed kind=train config=configs/fuzzy/rgb_real_msi_segformer_b1.yaml split=test seed=42 attempt=1
2026-05-10T12:20:32Z [INFO] Submitted task 350 (fuzzy_train_multi_seed, train, configs/fuzzy/rgb_real_msi_segformer_b1.yaml, seed=42) as job 832000, attempt 1
2026-05-10T12:55:59Z [INFO] Job 830529 for task 336 has left the Slurm queue; validating output
2026-05-10T12:55:59Z [INFO] Task 336 completed successfully
2026-05-10T12:56:09Z [INFO] Submitting task 351 try 1/3: group=fuzzy_train_multi_seed kind=train config=configs/fuzzy/rgb_real_msi_segformer_b1.yaml split=test seed=43 attempt=1
2026-05-10T12:56:09Z [INFO] Submitted task 351 (fuzzy_train_multi_seed, train, configs/fuzzy/rgb_real_msi_segformer_b1.yaml, seed=43) as job 832020, attempt 1
2026-05-10T14:30:35Z [INFO] Job 830533 for task 343 has left the Slurm queue; validating output
2026-05-10T14:30:36Z [INFO] Task 343 completed successfully
2026-05-10T14:30:46Z [INFO] Submitting task 352 try 1/3: group=fuzzy_train_multi_seed kind=train config=configs/fuzzy/rgb_real_msi_segformer_b1.yaml split=test seed=44 attempt=1
2026-05-10T14:30:46Z [INFO] Submitted task 352 (fuzzy_train_multi_seed, train, configs/fuzzy/rgb_real_msi_segformer_b1.yaml, seed=44) as job 832284, attempt 1
2026-05-10T14:34:01Z [INFO] Job 830532 for task 337 has left the Slurm queue; validating output
2026-05-10T14:34:01Z [ERROR] Task 337: status file reports state=failed; seed=49; message=job exited before producing a successful status; job_log=outputs/slurm/status/multi_seed_all_no_synth_20260430T192814Z/task_337_attempt_4.log
2026-05-10T14:34:01Z [ERROR] Task 337: permanent failure after 4 attempt(s)
2026-05-10T14:34:11Z [INFO] Submitting task 353 try 1/3: group=fuzzy_train_multi_seed kind=train config=configs/fuzzy/rgb_real_msi_segformer_b1.yaml split=test seed=45 attempt=1
2026-05-10T14:34:11Z [INFO] Submitted task 353 (fuzzy_train_multi_seed, train, configs/fuzzy/rgb_real_msi_segformer_b1.yaml, seed=45) as job 832285, attempt 1
2026-05-10T16:15:11Z [INFO] Job 830530 for task 342 has left the Slurm queue; validating output
2026-05-10T16:15:12Z [ERROR] Task 342: missing status file outputs/slurm/status/multi_seed_all_no_synth_20260430T192814Z/task_342_attempt_2.status
2026-05-10T16:15:12Z [ERROR] Task 342: validation failed; re-queueing for retry
2026-05-10T16:15:22Z [INFO] Submitting task 342 try 1/3: group=fuzzy_train_multi_seed kind=train config=configs/fuzzy/rgb_real_msi_segformer_b0.yaml split=test seed=44 attempt=3
2026-05-10T16:15:22Z [INFO] Submitted task 342 (fuzzy_train_multi_seed, train, configs/fuzzy/rgb_real_msi_segformer_b0.yaml, seed=44) as job 832312, attempt 3
2026-05-10T16:47:21Z [INFO] Job 830535 for task 339 has left the Slurm queue; validating output
2026-05-10T16:47:21Z [INFO] Task 339 completed successfully
2026-05-10T16:47:32Z [INFO] Submitting task 354 try 1/3: group=fuzzy_train_multi_seed kind=train config=configs/fuzzy/rgb_real_msi_segformer_b1.yaml split=test seed=46 attempt=1
2026-05-10T16:47:32Z [INFO] Submitted task 354 (fuzzy_train_multi_seed, train, configs/fuzzy/rgb_real_msi_segformer_b1.yaml, seed=46) as job 832313, attempt 1
2026-05-10T17:44:00Z [INFO] Job 830534 for task 338 has left the Slurm queue; validating output
2026-05-10T17:44:00Z [INFO] Task 338 completed successfully
2026-05-10T17:44:10Z [INFO] Submitting task 355 try 1/3: group=fuzzy_train_multi_seed kind=train config=configs/fuzzy/rgb_real_msi_segformer_b1.yaml split=test seed=47 attempt=1
2026-05-10T17:44:10Z [INFO] Submitted task 355 (fuzzy_train_multi_seed, train, configs/fuzzy/rgb_real_msi_segformer_b1.yaml, seed=47) as job 832360, attempt 1
2026-05-10T21:35:14Z [INFO] Job 830537 for task 344 has left the Slurm queue; validating output
2026-05-10T21:35:15Z [INFO] Task 344 completed successfully
2026-05-10T21:35:25Z [INFO] Submitting task 356 try 1/3: group=fuzzy_train_multi_seed kind=train config=configs/fuzzy/rgb_real_msi_segformer_b1.yaml split=test seed=48 attempt=1
2026-05-10T21:35:26Z [INFO] Submitted task 356 (fuzzy_train_multi_seed, train, configs/fuzzy/rgb_real_msi_segformer_b1.yaml, seed=48) as job 832457, attempt 1
2026-05-10T23:42:58Z [INFO] Job 830577 for task 319 has left the Slurm queue; validating output
2026-05-10T23:42:58Z [INFO] Task 319 completed successfully
2026-05-10T23:43:09Z [INFO] Submitting task 357 try 1/3: group=fuzzy_train_multi_seed kind=train config=configs/fuzzy/rgb_real_msi_segformer_b1.yaml split=test seed=49 attempt=1
2026-05-10T23:43:09Z [INFO] Submitted task 357 (fuzzy_train_multi_seed, train, configs/fuzzy/rgb_real_msi_segformer_b1.yaml, seed=49) as job 832480, attempt 1
2026-05-11T00:20:19Z [INFO] Job 830536 for task 340 has left the Slurm queue; validating output
2026-05-11T00:20:20Z [ERROR] Task 340: missing status file outputs/slurm/status/multi_seed_all_no_synth_20260430T192814Z/task_340_attempt_4.status
2026-05-11T00:20:20Z [ERROR] Task 340: permanent failure after 4 attempt(s)
2026-05-11T00:20:30Z [INFO] Submitting task 358 try 1/3: group=fuzzy_train_multi_seed kind=train config=configs/fuzzy/rgb_real_msi_segformer_b1.yaml split=test seed=50 attempt=1
2026-05-11T00:20:30Z [INFO] Submitted task 358 (fuzzy_train_multi_seed, train, configs/fuzzy/rgb_real_msi_segformer_b1.yaml, seed=50) as job 832520, attempt 1
2026-05-11T00:36:25Z [INFO] Job 832020 for task 351 has left the Slurm queue; validating output
2026-05-11T00:36:25Z [ERROR] Task 351: status file reports state=failed; seed=43; message=train failed; see outputs/slurm/status/multi_seed_all_no_synth_20260430T192814Z/task_351_attempt_1.log; job_log=outputs/slurm/status/multi_seed_all_no_synth_20260430T192814Z/task_351_attempt_1.log
2026-05-11T00:36:25Z [ERROR] Task 351: validation failed; re-queueing for retry
2026-05-11T00:36:25Z [INFO] Job 832284 for task 352 has left the Slurm queue; validating output
2026-05-11T00:36:25Z [ERROR] Task 352: status file reports state=failed; seed=44; message=train failed; see outputs/slurm/status/multi_seed_all_no_synth_20260430T192814Z/task_352_attempt_1.log; job_log=outputs/slurm/status/multi_seed_all_no_synth_20260430T192814Z/task_352_attempt_1.log
2026-05-11T00:36:25Z [ERROR] Task 352: validation failed; re-queueing for retry
2026-05-11T00:36:36Z [INFO] Submitting task 351 try 1/3: group=fuzzy_train_multi_seed kind=train config=configs/fuzzy/rgb_real_msi_segformer_b1.yaml split=test seed=43 attempt=2
2026-05-11T00:36:36Z [INFO] Submitted task 351 (fuzzy_train_multi_seed, train, configs/fuzzy/rgb_real_msi_segformer_b1.yaml, seed=43) as job 832522, attempt 2
2026-05-11T00:36:36Z [INFO] Submitting task 352 try 1/3: group=fuzzy_train_multi_seed kind=train config=configs/fuzzy/rgb_real_msi_segformer_b1.yaml split=test seed=44 attempt=2
2026-05-11T00:36:36Z [INFO] Submitted task 352 (fuzzy_train_multi_seed, train, configs/fuzzy/rgb_real_msi_segformer_b1.yaml, seed=44) as job 832523, attempt 2
2026-05-11T00:36:46Z [INFO] Job 832312 for task 342 has left the Slurm queue; validating output
2026-05-11T00:36:46Z [ERROR] Task 342: status file reports state=failed; seed=44; message=train failed; see outputs/slurm/status/multi_seed_all_no_synth_20260430T192814Z/task_342_attempt_3.log; job_log=outputs/slurm/status/multi_seed_all_no_synth_20260430T192814Z/task_342_attempt_3.log
2026-05-11T00:36:46Z [ERROR] Task 342: validation failed; re-queueing for retry
2026-05-11T00:36:46Z [INFO] Job 832285 for task 353 has left the Slurm queue; validating output
2026-05-11T00:36:46Z [ERROR] Task 353: status file reports state=failed; seed=45; message=train failed; see outputs/slurm/status/multi_seed_all_no_synth_20260430T192814Z/task_353_attempt_1.log; job_log=outputs/slurm/status/multi_seed_all_no_synth_20260430T192814Z/task_353_attempt_1.log
2026-05-11T00:36:46Z [ERROR] Task 353: validation failed; re-queueing for retry
2026-05-11T00:36:46Z [INFO] Job 832313 for task 354 has left the Slurm queue; validating output
2026-05-11T00:36:46Z [ERROR] Task 354: status file reports state=failed; seed=46; message=train failed; see outputs/slurm/status/multi_seed_all_no_synth_20260430T192814Z/task_354_attempt_1.log; job_log=outputs/slurm/status/multi_seed_all_no_synth_20260430T192814Z/task_354_attempt_1.log
2026-05-11T00:36:46Z [ERROR] Task 354: validation failed; re-queueing for retry
2026-05-11T00:36:46Z [INFO] Job 832360 for task 355 has left the Slurm queue; validating output
2026-05-11T00:36:46Z [ERROR] Task 355: status file reports state=failed; seed=47; message=train failed; see outputs/slurm/status/multi_seed_all_no_synth_20260430T192814Z/task_355_attempt_1.log; job_log=outputs/slurm/status/multi_seed_all_no_synth_20260430T192814Z/task_355_attempt_1.log
2026-05-11T00:36:46Z [ERROR] Task 355: validation failed; re-queueing for retry
2026-05-11T00:36:57Z [INFO] Submitting task 342 try 1/3: group=fuzzy_train_multi_seed kind=train config=configs/fuzzy/rgb_real_msi_segformer_b0.yaml split=test seed=44 attempt=4
2026-05-11T00:36:57Z [INFO] Submitted task 342 (fuzzy_train_multi_seed, train, configs/fuzzy/rgb_real_msi_segformer_b0.yaml, seed=44) as job 832524, attempt 4
2026-05-11T00:36:57Z [INFO] Submitting task 353 try 1/3: group=fuzzy_train_multi_seed kind=train config=configs/fuzzy/rgb_real_msi_segformer_b1.yaml split=test seed=45 attempt=2
2026-05-11T00:36:57Z [INFO] Submitted task 353 (fuzzy_train_multi_seed, train, configs/fuzzy/rgb_real_msi_segformer_b1.yaml, seed=45) as job 832525, attempt 2
2026-05-11T00:36:57Z [INFO] Submitting task 354 try 1/3: group=fuzzy_train_multi_seed kind=train config=configs/fuzzy/rgb_real_msi_segformer_b1.yaml split=test seed=46 attempt=2
2026-05-11T00:36:57Z [INFO] Submitted task 354 (fuzzy_train_multi_seed, train, configs/fuzzy/rgb_real_msi_segformer_b1.yaml, seed=46) as job 832526, attempt 2
2026-05-11T00:36:57Z [INFO] Submitting task 355 try 1/3: group=fuzzy_train_multi_seed kind=train config=configs/fuzzy/rgb_real_msi_segformer_b1.yaml split=test seed=47 attempt=2
2026-05-11T00:36:57Z [INFO] Submitted task 355 (fuzzy_train_multi_seed, train, configs/fuzzy/rgb_real_msi_segformer_b1.yaml, seed=47) as job 832527, attempt 2
2026-05-11T01:40:03Z [INFO] Job 830585 for task 345 has left the Slurm queue; validating output
2026-05-11T01:40:03Z [INFO] Task 345 completed successfully
2026-05-11T01:40:14Z [INFO] Submitting task 359 try 1/3: group=fuzzy_train_multi_seed kind=train config=configs/fuzzy/rgb_real_msi_segformer_b1.yaml split=test seed=51 attempt=1
2026-05-11T01:40:14Z [INFO] Submitted task 359 (fuzzy_train_multi_seed, train, configs/fuzzy/rgb_real_msi_segformer_b1.yaml, seed=51) as job 832545, attempt 1
2026-05-11T02:18:07Z [INFO] Job 831454 for task 348 has left the Slurm queue; validating output
2026-05-11T02:18:08Z [INFO] Task 348 completed successfully
2026-05-11T02:21:03Z [INFO] Job 832520 for task 358 has left the Slurm queue; validating output
2026-05-11T02:21:03Z [ERROR] Task 358: status file reports state=failed; seed=50; message=train failed; see outputs/slurm/status/multi_seed_all_no_synth_20260430T192814Z/task_358_attempt_1.log; job_log=outputs/slurm/status/multi_seed_all_no_synth_20260430T192814Z/task_358_attempt_1.log
2026-05-11T02:21:03Z [ERROR] Task 358: validation failed; re-queueing for retry
2026-05-11T02:21:13Z [INFO] Submitting task 358 try 1/3: group=fuzzy_train_multi_seed kind=train config=configs/fuzzy/rgb_real_msi_segformer_b1.yaml split=test seed=50 attempt=2
2026-05-11T02:21:13Z [INFO] Submitted task 358 (fuzzy_train_multi_seed, train, configs/fuzzy/rgb_real_msi_segformer_b1.yaml, seed=50) as job 832554, attempt 2
2026-05-11T02:21:34Z [INFO] Job 832522 for task 351 has left the Slurm queue; validating output
2026-05-11T02:21:34Z [ERROR] Task 351: status file reports state=failed; seed=43; message=train failed; see outputs/slurm/status/multi_seed_all_no_synth_20260430T192814Z/task_351_attempt_2.log; job_log=outputs/slurm/status/multi_seed_all_no_synth_20260430T192814Z/task_351_attempt_2.log
2026-05-11T02:21:34Z [ERROR] Task 351: validation failed; re-queueing for retry
2026-05-11T02:21:44Z [INFO] Submitting task 351 try 1/3: group=fuzzy_train_multi_seed kind=train config=configs/fuzzy/rgb_real_msi_segformer_b1.yaml split=test seed=43 attempt=3
2026-05-11T02:21:44Z [INFO] Submitted task 351 (fuzzy_train_multi_seed, train, configs/fuzzy/rgb_real_msi_segformer_b1.yaml, seed=43) as job 832555, attempt 3
2026-05-11T02:21:54Z [INFO] Job 832523 for task 352 has left the Slurm queue; validating output
2026-05-11T02:21:54Z [ERROR] Task 352: status file reports state=failed; seed=44; message=train failed; see outputs/slurm/status/multi_seed_all_no_synth_20260430T192814Z/task_352_attempt_2.log; job_log=outputs/slurm/status/multi_seed_all_no_synth_20260430T192814Z/task_352_attempt_2.log
2026-05-11T02:21:54Z [ERROR] Task 352: validation failed; re-queueing for retry
2026-05-11T02:22:04Z [INFO] Submitting task 352 try 1/3: group=fuzzy_train_multi_seed kind=train config=configs/fuzzy/rgb_real_msi_segformer_b1.yaml split=test seed=44 attempt=3
2026-05-11T02:22:05Z [INFO] Submitted task 352 (fuzzy_train_multi_seed, train, configs/fuzzy/rgb_real_msi_segformer_b1.yaml, seed=44) as job 832556, attempt 3
2026-05-11T02:22:25Z [INFO] Job 832524 for task 342 has left the Slurm queue; validating output
2026-05-11T02:22:25Z [ERROR] Task 342: status file reports state=failed; seed=44; message=train failed; see outputs/slurm/status/multi_seed_all_no_synth_20260430T192814Z/task_342_attempt_4.log; job_log=outputs/slurm/status/multi_seed_all_no_synth_20260430T192814Z/task_342_attempt_4.log
2026-05-11T02:22:25Z [ERROR] Task 342: permanent failure after 4 attempt(s)
2026-05-11T02:22:56Z [INFO] Job 832525 for task 353 has left the Slurm queue; validating output
2026-05-11T02:22:56Z [ERROR] Task 353: status file reports state=failed; seed=45; message=train failed; see outputs/slurm/status/multi_seed_all_no_synth_20260430T192814Z/task_353_attempt_2.log; job_log=outputs/slurm/status/multi_seed_all_no_synth_20260430T192814Z/task_353_attempt_2.log
2026-05-11T02:22:56Z [ERROR] Task 353: validation failed; re-queueing for retry
2026-05-11T02:23:06Z [INFO] Submitting task 353 try 1/3: group=fuzzy_train_multi_seed kind=train config=configs/fuzzy/rgb_real_msi_segformer_b1.yaml split=test seed=45 attempt=3
2026-05-11T02:23:07Z [INFO] Submitted task 353 (fuzzy_train_multi_seed, train, configs/fuzzy/rgb_real_msi_segformer_b1.yaml, seed=45) as job 832557, attempt 3
2026-05-11T02:23:27Z [INFO] Job 832526 for task 354 has left the Slurm queue; validating output
2026-05-11T02:23:27Z [ERROR] Task 354: status file reports state=failed; seed=46; message=train failed; see outputs/slurm/status/multi_seed_all_no_synth_20260430T192814Z/task_354_attempt_2.log; job_log=outputs/slurm/status/multi_seed_all_no_synth_20260430T192814Z/task_354_attempt_2.log
2026-05-11T02:23:27Z [ERROR] Task 354: validation failed; re-queueing for retry
2026-05-11T02:23:37Z [INFO] Submitting task 354 try 1/3: group=fuzzy_train_multi_seed kind=train config=configs/fuzzy/rgb_real_msi_segformer_b1.yaml split=test seed=46 attempt=3
2026-05-11T02:23:37Z [INFO] Submitted task 354 (fuzzy_train_multi_seed, train, configs/fuzzy/rgb_real_msi_segformer_b1.yaml, seed=46) as job 832558, attempt 3
2026-05-11T02:23:58Z [INFO] Job 832527 for task 355 has left the Slurm queue; validating output
2026-05-11T02:23:58Z [ERROR] Task 355: status file reports state=failed; seed=47; message=train failed; see outputs/slurm/status/multi_seed_all_no_synth_20260430T192814Z/task_355_attempt_2.log; job_log=outputs/slurm/status/multi_seed_all_no_synth_20260430T192814Z/task_355_attempt_2.log
2026-05-11T02:23:58Z [ERROR] Task 355: validation failed; re-queueing for retry
2026-05-11T02:24:09Z [INFO] Submitting task 355 try 1/3: group=fuzzy_train_multi_seed kind=train config=configs/fuzzy/rgb_real_msi_segformer_b1.yaml split=test seed=47 attempt=3
2026-05-11T02:24:09Z [INFO] Submitted task 355 (fuzzy_train_multi_seed, train, configs/fuzzy/rgb_real_msi_segformer_b1.yaml, seed=47) as job 832559, attempt 3
2026-05-11T02:24:29Z [INFO] Job 832545 for task 359 has left the Slurm queue; validating output
2026-05-11T02:24:29Z [ERROR] Task 359: status file reports state=failed; seed=51; message=train failed; see outputs/slurm/status/multi_seed_all_no_synth_20260430T192814Z/task_359_attempt_1.log; job_log=outputs/slurm/status/multi_seed_all_no_synth_20260430T192814Z/task_359_attempt_1.log
2026-05-11T02:24:29Z [ERROR] Task 359: validation failed; re-queueing for retry
2026-05-11T02:24:39Z [INFO] Submitting task 359 try 1/3: group=fuzzy_train_multi_seed kind=train config=configs/fuzzy/rgb_real_msi_segformer_b1.yaml split=test seed=51 attempt=2
2026-05-11T02:24:39Z [INFO] Submitted task 359 (fuzzy_train_multi_seed, train, configs/fuzzy/rgb_real_msi_segformer_b1.yaml, seed=51) as job 832560, attempt 2
2026-05-11T02:34:23Z [INFO] Job 830843 for task 346 has left the Slurm queue; validating output
2026-05-11T02:34:23Z [ERROR] Task 346: missing status file outputs/slurm/status/multi_seed_all_no_synth_20260430T192814Z/task_346_attempt_1.status
2026-05-11T02:34:23Z [ERROR] Task 346: validation failed; re-queueing for retry
2026-05-11T02:34:34Z [INFO] Submitting task 346 try 1/3: group=fuzzy_train_multi_seed kind=train config=configs/fuzzy/rgb_real_msi_segformer_b0.yaml split=test seed=48 attempt=2
2026-05-11T02:34:34Z [INFO] Submitted task 346 (fuzzy_train_multi_seed, train, configs/fuzzy/rgb_real_msi_segformer_b0.yaml, seed=48) as job 832563, attempt 2
2026-05-11T02:35:15Z [INFO] Job 832554 for task 358 has left the Slurm queue; validating output
2026-05-11T02:35:15Z [ERROR] Task 358: status file reports state=failed; seed=50; message=train failed; see outputs/slurm/status/multi_seed_all_no_synth_20260430T192814Z/task_358_attempt_2.log; job_log=outputs/slurm/status/multi_seed_all_no_synth_20260430T192814Z/task_358_attempt_2.log
2026-05-11T02:35:15Z [ERROR] Task 358: validation failed; re-queueing for retry
2026-05-11T02:35:25Z [INFO] Submitting task 358 try 1/3: group=fuzzy_train_multi_seed kind=train config=configs/fuzzy/rgb_real_msi_segformer_b1.yaml split=test seed=50 attempt=3
2026-05-11T02:35:25Z [INFO] Submitted task 358 (fuzzy_train_multi_seed, train, configs/fuzzy/rgb_real_msi_segformer_b1.yaml, seed=50) as job 832565, attempt 3
2026-05-11T02:35:46Z [INFO] Job 832555 for task 351 has left the Slurm queue; validating output
2026-05-11T02:35:46Z [ERROR] Task 351: status file reports state=failed; seed=43; message=train failed; see outputs/slurm/status/multi_seed_all_no_synth_20260430T192814Z/task_351_attempt_3.log; job_log=outputs/slurm/status/multi_seed_all_no_synth_20260430T192814Z/task_351_attempt_3.log
2026-05-11T02:35:46Z [ERROR] Task 351: validation failed; re-queueing for retry
2026-05-11T02:35:56Z [INFO] Submitting task 351 try 1/3: group=fuzzy_train_multi_seed kind=train config=configs/fuzzy/rgb_real_msi_segformer_b1.yaml split=test seed=43 attempt=4
2026-05-11T02:35:56Z [INFO] Submitted task 351 (fuzzy_train_multi_seed, train, configs/fuzzy/rgb_real_msi_segformer_b1.yaml, seed=43) as job 832566, attempt 4
2026-05-11T02:36:17Z [INFO] Job 832556 for task 352 has left the Slurm queue; validating output
2026-05-11T02:36:17Z [ERROR] Task 352: status file reports state=failed; seed=44; message=train failed; see outputs/slurm/status/multi_seed_all_no_synth_20260430T192814Z/task_352_attempt_3.log; job_log=outputs/slurm/status/multi_seed_all_no_synth_20260430T192814Z/task_352_attempt_3.log
2026-05-11T02:36:17Z [ERROR] Task 352: validation failed; re-queueing for retry
2026-05-11T02:36:27Z [INFO] Submitting task 352 try 1/3: group=fuzzy_train_multi_seed kind=train config=configs/fuzzy/rgb_real_msi_segformer_b1.yaml split=test seed=44 attempt=4
2026-05-11T02:36:27Z [INFO] Submitted task 352 (fuzzy_train_multi_seed, train, configs/fuzzy/rgb_real_msi_segformer_b1.yaml, seed=44) as job 832567, attempt 4
2026-05-11T02:36:48Z [INFO] Job 832557 for task 353 has left the Slurm queue; validating output
2026-05-11T02:36:48Z [ERROR] Task 353: status file reports state=failed; seed=45; message=train failed; see outputs/slurm/status/multi_seed_all_no_synth_20260430T192814Z/task_353_attempt_3.log; job_log=outputs/slurm/status/multi_seed_all_no_synth_20260430T192814Z/task_353_attempt_3.log
2026-05-11T02:36:48Z [ERROR] Task 353: validation failed; re-queueing for retry
2026-05-11T02:36:58Z [INFO] Submitting task 353 try 1/3: group=fuzzy_train_multi_seed kind=train config=configs/fuzzy/rgb_real_msi_segformer_b1.yaml split=test seed=45 attempt=4
2026-05-11T02:36:58Z [INFO] Submitted task 353 (fuzzy_train_multi_seed, train, configs/fuzzy/rgb_real_msi_segformer_b1.yaml, seed=45) as job 832568, attempt 4
2026-05-11T02:37:18Z [INFO] Job 832558 for task 354 has left the Slurm queue; validating output
2026-05-11T02:37:19Z [ERROR] Task 354: status file reports state=failed; seed=46; message=train failed; see outputs/slurm/status/multi_seed_all_no_synth_20260430T192814Z/task_354_attempt_3.log; job_log=outputs/slurm/status/multi_seed_all_no_synth_20260430T192814Z/task_354_attempt_3.log
2026-05-11T02:37:19Z [ERROR] Task 354: validation failed; re-queueing for retry
2026-05-11T02:37:29Z [INFO] Submitting task 354 try 1/3: group=fuzzy_train_multi_seed kind=train config=configs/fuzzy/rgb_real_msi_segformer_b1.yaml split=test seed=46 attempt=4
2026-05-11T02:37:29Z [INFO] Submitted task 354 (fuzzy_train_multi_seed, train, configs/fuzzy/rgb_real_msi_segformer_b1.yaml, seed=46) as job 832569, attempt 4
2026-05-11T02:37:49Z [INFO] Job 832559 for task 355 has left the Slurm queue; validating output
2026-05-11T02:37:50Z [ERROR] Task 355: status file reports state=failed; seed=47; message=train failed; see outputs/slurm/status/multi_seed_all_no_synth_20260430T192814Z/task_355_attempt_3.log; job_log=outputs/slurm/status/multi_seed_all_no_synth_20260430T192814Z/task_355_attempt_3.log
2026-05-11T02:37:50Z [ERROR] Task 355: validation failed; re-queueing for retry
2026-05-11T02:38:00Z [INFO] Submitting task 355 try 1/3: group=fuzzy_train_multi_seed kind=train config=configs/fuzzy/rgb_real_msi_segformer_b1.yaml split=test seed=47 attempt=4
2026-05-11T02:38:00Z [INFO] Submitted task 355 (fuzzy_train_multi_seed, train, configs/fuzzy/rgb_real_msi_segformer_b1.yaml, seed=47) as job 832570, attempt 4
2026-05-11T02:38:21Z [INFO] Job 832560 for task 359 has left the Slurm queue; validating output
2026-05-11T02:38:22Z [ERROR] Task 359: status file reports state=failed; seed=51; message=train failed; see outputs/slurm/status/multi_seed_all_no_synth_20260430T192814Z/task_359_attempt_2.log; job_log=outputs/slurm/status/multi_seed_all_no_synth_20260430T192814Z/task_359_attempt_2.log
2026-05-11T02:38:22Z [ERROR] Task 359: validation failed; re-queueing for retry
2026-05-11T02:38:32Z [INFO] Submitting task 359 try 1/3: group=fuzzy_train_multi_seed kind=train config=configs/fuzzy/rgb_real_msi_segformer_b1.yaml split=test seed=51 attempt=3
2026-05-11T02:38:32Z [INFO] Submitted task 359 (fuzzy_train_multi_seed, train, configs/fuzzy/rgb_real_msi_segformer_b1.yaml, seed=51) as job 832571, attempt 3
2026-05-11T04:15:22Z [INFO] Job 831084 for task 347 has left the Slurm queue; validating output
2026-05-11T04:15:24Z [ERROR] Task 347: missing status file outputs/slurm/status/multi_seed_all_no_synth_20260430T192814Z/task_347_attempt_1.status
2026-05-11T04:15:24Z [ERROR] Task 347: validation failed; re-queueing for retry
2026-05-11T04:15:34Z [INFO] Submitting task 347 try 1/3: group=fuzzy_train_multi_seed kind=train config=configs/fuzzy/rgb_real_msi_segformer_b0.yaml split=test seed=49 attempt=2
2026-05-11T04:15:34Z [INFO] Submitted task 347 (fuzzy_train_multi_seed, train, configs/fuzzy/rgb_real_msi_segformer_b0.yaml, seed=49) as job 832580, attempt 2
2026-05-11T04:19:19Z [INFO] Job 831555 for task 349 has left the Slurm queue; validating output
2026-05-11T04:19:20Z [INFO] Task 349 completed successfully
2026-05-11T09:35:17Z [INFO] Job 831999 for task 324 has left the Slurm queue; validating output
2026-05-11T09:35:18Z [ERROR] Task 324: missing status file outputs/slurm/status/multi_seed_all_no_synth_20260430T192814Z/task_324_attempt_2.status
2026-05-11T09:35:18Z [ERROR] Task 324: validation failed; re-queueing for retry
2026-05-11T09:35:28Z [INFO] Submitting task 324 try 1/3: group=fuzzy_train_multi_seed kind=train config=configs/fuzzy/rgb_real_msi_deeplabv3plus_resnet34.yaml split=test seed=46 attempt=3
2026-05-11T09:35:28Z [INFO] Submitted task 324 (fuzzy_train_multi_seed, train, configs/fuzzy/rgb_real_msi_deeplabv3plus_resnet34.yaml, seed=46) as job 832795, attempt 3
2026-05-11T10:05:21Z [INFO] Job 832565 for task 358 has left the Slurm queue; validating output
2026-05-11T10:05:22Z [INFO] Task 358 completed successfully
2026-05-11T10:17:23Z [INFO] Job 832480 for task 357 has left the Slurm queue; validating output
2026-05-11T10:17:23Z [INFO] Task 357 completed successfully
2026-05-11T11:18:56Z [INFO] Job 832563 for task 346 has left the Slurm queue; validating output
2026-05-11T11:18:57Z [INFO] Task 346 completed successfully
2026-05-11T11:43:15Z [INFO] Job 832000 for task 350 has left the Slurm queue; validating output
2026-05-11T11:43:15Z [ERROR] Task 350: missing status file outputs/slurm/status/multi_seed_all_no_synth_20260430T192814Z/task_350_attempt_1.status
2026-05-11T11:43:15Z [ERROR] Task 350: validation failed; re-queueing for retry
2026-05-11T11:43:26Z [INFO] Submitting task 350 try 1/3: group=fuzzy_train_multi_seed kind=train config=configs/fuzzy/rgb_real_msi_segformer_b1.yaml split=test seed=42 attempt=2
2026-05-11T11:43:26Z [INFO] Submitted task 350 (fuzzy_train_multi_seed, train, configs/fuzzy/rgb_real_msi_segformer_b1.yaml, seed=42) as job 832944, attempt 2
2026-05-11T13:06:13Z [INFO] Job 832457 for task 356 has left the Slurm queue; validating output
2026-05-11T13:06:14Z [ERROR] Task 356: missing status file outputs/slurm/status/multi_seed_all_no_synth_20260430T192814Z/task_356_attempt_1.status
2026-05-11T13:06:14Z [ERROR] Task 356: validation failed; re-queueing for retry
2026-05-11T13:06:24Z [INFO] Submitting task 356 try 1/3: group=fuzzy_train_multi_seed kind=train config=configs/fuzzy/rgb_real_msi_segformer_b1.yaml split=test seed=48 attempt=2
2026-05-11T13:06:24Z [INFO] Submitted task 356 (fuzzy_train_multi_seed, train, configs/fuzzy/rgb_real_msi_segformer_b1.yaml, seed=48) as job 833045, attempt 2
2026-05-11T14:53:45Z [INFO] Job 832567 for task 352 has left the Slurm queue; validating output
2026-05-11T14:53:45Z [INFO] Task 352 completed successfully
2026-05-11T16:19:53Z [INFO] Job 832566 for task 351 has left the Slurm queue; validating output
2026-05-11T16:19:54Z [ERROR] Task 351: missing status file outputs/slurm/status/multi_seed_all_no_synth_20260430T192814Z/task_351_attempt_4.status
2026-05-11T16:19:54Z [ERROR] Task 351: permanent failure after 4 attempt(s)
2026-05-11T18:21:24Z [INFO] Job 832569 for task 354 has left the Slurm queue; validating output
2026-05-11T18:21:24Z [INFO] Task 354 completed successfully
2026-05-11T19:46:05Z [INFO] Job 832570 for task 355 has left the Slurm queue; validating output
2026-05-11T19:46:06Z [INFO] Task 355 completed successfully
2026-05-11T20:42:17Z [INFO] Job 832568 for task 353 has left the Slurm queue; validating output
2026-05-11T20:42:17Z [INFO] Task 353 completed successfully
2026-05-11T23:06:39Z [INFO] Job 832944 for task 350 has left the Slurm queue; validating output
2026-05-11T23:06:40Z [INFO] Task 350 completed successfully
2026-05-11T23:19:18Z [INFO] Job 832571 for task 359 has left the Slurm queue; validating output
2026-05-11T23:19:18Z [ERROR] Task 359: missing status file outputs/slurm/status/multi_seed_all_no_synth_20260430T192814Z/task_359_attempt_3.status
2026-05-11T23:19:18Z [ERROR] Task 359: validation failed; re-queueing for retry
2026-05-11T23:19:28Z [INFO] Submitting task 359 try 1/3: group=fuzzy_train_multi_seed kind=train config=configs/fuzzy/rgb_real_msi_segformer_b1.yaml split=test seed=51 attempt=4
2026-05-11T23:19:28Z [INFO] Submitted task 359 (fuzzy_train_multi_seed, train, configs/fuzzy/rgb_real_msi_segformer_b1.yaml, seed=51) as job 833367, attempt 4
2026-05-11T23:43:21Z [INFO] Job 832580 for task 347 has left the Slurm queue; validating output
2026-05-11T23:43:21Z [ERROR] Task 347: missing status file outputs/slurm/status/multi_seed_all_no_synth_20260430T192814Z/task_347_attempt_2.status
2026-05-11T23:43:21Z [ERROR] Task 347: validation failed; re-queueing for retry
2026-05-11T23:43:31Z [INFO] Submitting task 347 try 1/3: group=fuzzy_train_multi_seed kind=train config=configs/fuzzy/rgb_real_msi_segformer_b0.yaml split=test seed=49 attempt=3
2026-05-11T23:43:31Z [INFO] Submitted task 347 (fuzzy_train_multi_seed, train, configs/fuzzy/rgb_real_msi_segformer_b0.yaml, seed=49) as job 833371, attempt 3
2026-05-12T01:06:26Z [INFO] Job 832795 for task 324 has left the Slurm queue; validating output
2026-05-12T01:06:27Z [ERROR] Task 324: missing status file outputs/slurm/status/multi_seed_all_no_synth_20260430T192814Z/task_324_attempt_3.status
2026-05-12T01:06:27Z [ERROR] Task 324: validation failed; re-queueing for retry
2026-05-12T01:06:37Z [INFO] Submitting task 324 try 1/3: group=fuzzy_train_multi_seed kind=train config=configs/fuzzy/rgb_real_msi_deeplabv3plus_resnet34.yaml split=test seed=46 attempt=4
2026-05-12T01:06:37Z [INFO] Submitted task 324 (fuzzy_train_multi_seed, train, configs/fuzzy/rgb_real_msi_deeplabv3plus_resnet34.yaml, seed=46) as job 833396, attempt 4
2026-05-12T04:58:22Z [INFO] Job 833045 for task 356 has left the Slurm queue; validating output
2026-05-12T04:58:23Z [ERROR] Task 356: missing status file outputs/slurm/status/multi_seed_all_no_synth_20260430T192814Z/task_356_attempt_2.status
2026-05-12T04:58:23Z [ERROR] Task 356: validation failed; re-queueing for retry
2026-05-12T04:58:33Z [INFO] Submitting task 356 try 1/3: group=fuzzy_train_multi_seed kind=train config=configs/fuzzy/rgb_real_msi_segformer_b1.yaml split=test seed=48 attempt=3
2026-05-12T04:58:33Z [INFO] Submitted task 356 (fuzzy_train_multi_seed, train, configs/fuzzy/rgb_real_msi_segformer_b1.yaml, seed=48) as job 833419, attempt 3
2026-05-12T05:45:43Z [INFO] Job 833367 for task 359 has left the Slurm queue; validating output
2026-05-12T05:45:44Z [ERROR] Task 359: status file reports state=failed; seed=51; message=train failed; see outputs/slurm/status/multi_seed_all_no_synth_20260430T192814Z/task_359_attempt_4.log; job_log=outputs/slurm/status/multi_seed_all_no_synth_20260430T192814Z/task_359_attempt_4.log
2026-05-12T05:45:44Z [ERROR] Task 359: permanent failure after 4 attempt(s)
2026-05-12T05:46:14Z [INFO] Job 833371 for task 347 has left the Slurm queue; validating output
2026-05-12T05:46:14Z [ERROR] Task 347: status file reports state=failed; seed=49; message=train failed; see outputs/slurm/status/multi_seed_all_no_synth_20260430T192814Z/task_347_attempt_3.log; job_log=outputs/slurm/status/multi_seed_all_no_synth_20260430T192814Z/task_347_attempt_3.log
2026-05-12T05:46:14Z [ERROR] Task 347: validation failed; re-queueing for retry
2026-05-12T05:46:24Z [INFO] Submitting task 347 try 1/3: group=fuzzy_train_multi_seed kind=train config=configs/fuzzy/rgb_real_msi_segformer_b0.yaml split=test seed=49 attempt=4
2026-05-12T05:46:24Z [INFO] Submitted task 347 (fuzzy_train_multi_seed, train, configs/fuzzy/rgb_real_msi_segformer_b0.yaml, seed=49) as job 833427, attempt 4
2026-05-12T05:49:46Z [INFO] Job 833396 for task 324 has left the Slurm queue; validating output
2026-05-12T05:49:46Z [ERROR] Task 324: status file reports state=failed; seed=46; message=train failed; see outputs/slurm/status/multi_seed_all_no_synth_20260430T192814Z/task_324_attempt_4.log; job_log=outputs/slurm/status/multi_seed_all_no_synth_20260430T192814Z/task_324_attempt_4.log
2026-05-12T05:49:46Z [ERROR] Task 324: permanent failure after 4 attempt(s)
2026-05-12T20:57:53Z [INFO] Job 833427 for task 347 has left the Slurm queue; validating output
2026-05-12T20:57:54Z [ERROR] Task 347: missing status file outputs/slurm/status/multi_seed_all_no_synth_20260430T192814Z/task_347_attempt_4.status
2026-05-12T20:57:54Z [ERROR] Task 347: permanent failure after 4 attempt(s)
2026-05-12T23:43:21Z [INFO] Job 833419 for task 356 has left the Slurm queue; validating output
2026-05-12T23:43:22Z [ERROR] Task 356: missing status file outputs/slurm/status/multi_seed_all_no_synth_20260430T192814Z/task_356_attempt_3.status
2026-05-12T23:43:22Z [ERROR] Task 356: validation failed; re-queueing for retry
2026-05-12T23:43:32Z [INFO] Submitting task 356 try 1/3: group=fuzzy_train_multi_seed kind=train config=configs/fuzzy/rgb_real_msi_segformer_b1.yaml split=test seed=48 attempt=4
2026-05-12T23:43:32Z [INFO] Submitted task 356 (fuzzy_train_multi_seed, train, configs/fuzzy/rgb_real_msi_segformer_b1.yaml, seed=48) as job 834114, attempt 4
2026-05-13T01:38:00Z [INFO] Job 834114 for task 356 has left the Slurm queue; validating output
2026-05-13T01:38:01Z [ERROR] Task 356: status file reports state=failed; seed=48; message=train failed; see outputs/slurm/status/multi_seed_all_no_synth_20260430T192814Z/task_356_attempt_4.log; job_log=outputs/slurm/status/multi_seed_all_no_synth_20260430T192814Z/task_356_attempt_4.log
2026-05-13T01:38:01Z [ERROR] Task 356: permanent failure after 4 attempt(s)
2026-05-13T01:38:01Z [INFO] Skipping summary for 225154; no successful runs
2026-05-13T01:38:01Z [INFO] Skipping summary for 141735; no successful runs
2026-05-13T01:38:01Z [INFO] Skipping summary for 141732; no successful runs
2026-05-13T01:38:01Z [INFO] Skipping summary for 400722; no successful runs
2026-05-13T01:38:01Z [INFO] Skipping summary for 412883; no successful runs
2026-05-13T01:38:01Z [INFO] Skipping summary for 414915; no successful runs
2026-05-13T01:38:01Z [INFO] Skipping summary for 416795; no successful runs
2026-05-13T01:38:01Z [ERROR] Completed with 126 permanent failure(s). See outputs/slurm/status/multi_seed_all_no_synth_20260430T192814Z/failed_tasks.tsv
