{
  "train_loss": [
    0.5715221875359905,
    0.4384153944242303,
    0.42441438675856263,
    0.39993767524555646,
    0.41121968470121684,
    0.4082873481058935,
    0.38978945279446725,
    0.35715620559558536,
    0.3911713057326527,
    0.357646323784053,
    0.38058029745522065,
    0.3766776676531191,
    0.3580962830816793,
    0.3585152584209777,
    0.3664376912293611,
    0.34372827741834855,
    0.3466506201853761,
    0.35136789350714137,
    0.31772917450984783,
    0.36021117903800504,
    0.3587759061631171,
    0.3406664191166095,
    0.32296977475372673,
    0.3116123032616361,
    0.335662022436339,
    0.2989832894843921,
    0.3492393635402181,
    0.32147610884660865,
    0.31373522946244325,
    0.30362304423519976,
    0.284089062181365,
    0.34878457917107475
  ],
  "val_loss": [
    0.7225196437402205,
    0.6242887659506364,
    0.8804736863483082,
    0.29698760834607213,
    0.3847979805686257,
    0.35337530916387383,
    0.3348471972075376,
    0.31090324250134554,
    0.35058278387243097,
    0.4646263962442225,
    0.42923802841793407,
    0.30175887833942067,
    0.31258534301411023,
    0.28242032419551505,
    0.385145858742974,
    0.282026656107469,
    0.23622694394805216,
    0.538804851878773,
    0.4062970519065857,
    0.5142754966562445,
    0.2996829536828128,
    0.28658899664878845,
    0.24350783716548574,
    0.34759046056053855,
    0.28088527701117777,
    0.2777647013014013,
    0.2464040376923301,
    0.251097464019602,
    0.32485940185460177,
    0.2767446913502433,
    0.2776654758236625,
    0.2815976077860052
  ],
  "train_miou": [
    0.554610652319602,
    0.6331050670244962,
    0.6565307255826611,
    0.6568359191777398,
    0.6561434226936667,
    0.6540915856540357,
    0.6651719330704087,
    0.6978878340097414,
    0.67267582536243,
    0.6915096902048921,
    0.6888410263901764,
    0.6871268859291138,
    0.6930082751676645,
    0.6959295250676218,
    0.6947261955665862,
    0.7078935263789632,
    0.7037067308666751,
    0.7147146092885313,
    0.7358151871459819,
    0.6903868109995309,
    0.6927754194627238,
    0.7095203152012215,
    0.7335236156985607,
    0.7378235688735548,
    0.7169254707509637,
    0.743921523086547,
    0.7095374033748898,
    0.7359725887583264,
    0.7294897273723429,
    0.7548475309098976,
    0.765696347542678,
    0.7139338932787219
  ],
  "val_miou": [
    0.452305528744993,
    0.4984425639838532,
    0.28844555946140227,
    0.7441493484466244,
    0.7291564405649257,
    0.677092651406078,
    0.6674049090036576,
    0.7495647729941441,
    0.6836484841359725,
    0.49780512418871947,
    0.6187688960830332,
    0.7582320833169406,
    0.7189142596573879,
    0.7467294183066886,
    0.6017807746368566,
    0.7789491585697583,
    0.7909648633781056,
    0.3752480682684088,
    0.6046265674185692,
    0.6699202407606974,
    0.7605464227985517,
    0.7643216501335648,
    0.7836274782818986,
    0.6484499013457807,
    0.7786163949380057,
    0.7728927649042632,
    0.7815506672369965,
    0.7853532234597838,
    0.7313959415128952,
    0.7607649849604567,
    0.7525477735918411,
    0.7588460174879019
  ]
}