{
  "train_loss": [
    0.6326913359569527,
    0.5351209445306432,
    0.5031847744657282,
    0.489184238060176,
    0.488762693098414,
    0.49112300217500204,
    0.4530398148542259,
    0.43045922329551295,
    0.45839450930991366,
    0.41529407696417203,
    0.4486299620734321,
    0.43310123647165577,
    0.43987423983233714,
    0.40523602390847013,
    0.39786696434020996,
    0.3753079698796858,
    0.38771207186213713,
    0.37395770159381175,
    0.408858475280784,
    0.37560142306556477,
    0.37241336546446147,
    0.37617687523713583,
    0.3867363044392993,
    0.37182146833654034,
    0.3846098177614268,
    0.35861008906225017,
    0.36345765012049536,
    0.39009163707320454,
    0.35330466185396875,
    0.36786333127328524,
    0.3628493875090839,
    0.3470617804610938,
    0.33504198169150545,
    0.3671823419325533,
    0.35793647989194993,
    0.3285130314659654,
    0.3683101099136977,
    0.3554770737363581,
    0.3624495675689296,
    0.34045711142277857,
    0.3543371003970765,
    0.3210521640136228,
    0.3525314125401235,
    0.33161392860245287,
    0.31895279152351513,
    0.326628181320882,
    0.3127945769600004,
    0.32655951677010076,
    0.2952142685477497,
    0.32243554564247356,
    0.3448476669384025,
    0.35556538481461375,
    0.3265404063358642,
    0.3092613324784396,
    0.3045204912709911,
    0.34670238153279176,
    0.31134806494963796,
    0.33167117206673874,
    0.33627642734706054,
    0.3236053582520513,
    0.3120441168372394,
    0.3257741234455889,
    0.311209007313377,
    0.32304716737646805,
    0.301486909738061,
    0.31995808973647,
    0.3288408918687475,
    0.2965175077232004,
    0.3230745398510269,
    0.3231298944406342,
    0.3281436722878127,
    0.2919197814506397,
    0.29913144118604607,
    0.3054103736291852,
    0.31692195147798774,
    0.3419227143477278,
    0.3125700584629126,
    0.3063375029647559,
    0.32717949535414487,
    0.3124835738661694
  ],
  "val_loss": [
    0.6002609979022633,
    0.5764926693656228,
    0.46337547573176296,
    0.5719041141596708,
    0.925728212703358,
    0.5747068134221164,
    0.885555180365389,
    0.4980832316658714,
    0.4586986753073606,
    0.8207296306436712,
    2.1282885096289896,
    0.42008583626963875,
    0.512350676276467,
    1.2230023860931396,
    0.4000842893665487,
    0.41543428897857665,
    0.4422375500202179,
    0.6847770419987765,
    0.7428320960565047,
    1.2334345210682263,
    0.4592775491150943,
    0.376457892222838,
    0.39822840040380303,
    0.3689757899804549,
    0.5938276686451652,
    0.5963658679615368,
    0.358490730415691,
    0.3741801061413505,
    0.819815933433446,
    0.5785054689103907,
    0.39203110824931753,
    0.6645278215408326,
    0.3516385874964974,
    0.8502587895501744,
    0.38151909221302377,
    0.37913468832319436,
    1.521294186332009,
    0.3818184056065299,
    0.397226864641363,
    0.4321196523579684,
    0.3589479077946056,
    0.5297179102897644,
    0.3891274425116452,
    0.3648406809026545,
    0.5810305356979371,
    0.35631984851577064,
    0.45833362557671287,
    0.34680592905391344,
    0.5318654640154405,
    0.4117370692166415,
    0.4702425360679626,
    0.427811231396415,
    0.3697220970283855,
    0.3262300662019036,
    0.6191041642969305,
    0.5486316648396579,
    0.4379239212382923,
    0.33733214248310434,
    0.36720206249843945,
    0.4288048351352865,
    0.45424333214759827,
    0.3655605749650435,
    0.35840408205986024,
    0.4055866279385307,
    0.31995018287138505,
    0.5578285206447948,
    0.3337186807935888,
    0.3652713656425476,
    0.3442271357232874,
    0.7105007323351773,
    0.38048322309147226,
    0.35038058974526143,
    0.3593623025850816,
    0.3409653189507398,
    0.4733831448988481,
    0.35813746723261747,
    0.38035340796817435,
    0.3598378148945895,
    0.47044760964133525,
    0.3311666093089364
  ],
  "train_miou": [
    0.4140356015979062,
    0.5320840590439577,
    0.5631647997663636,
    0.5685170059947432,
    0.5954505561425392,
    0.5645356551773881,
    0.6160311708100769,
    0.6283776537476435,
    0.6126643667324181,
    0.6476373185918664,
    0.6013929836042224,
    0.630959603859425,
    0.6195019363853642,
    0.6385226483514954,
    0.6521304979218757,
    0.6776702116072357,
    0.647447749841989,
    0.6776284095054488,
    0.6570743090607003,
    0.6803851889684698,
    0.6741479249183556,
    0.6662432887080691,
    0.6672141649447956,
    0.6695525853823385,
    0.6661186454867805,
    0.6856087608009755,
    0.6887365808428876,
    0.6586106694619522,
    0.7000382048592035,
    0.6707545643105108,
    0.6929797973791996,
    0.7034014496431152,
    0.7159815446339532,
    0.6981463737505216,
    0.7000083530854162,
    0.698909981501249,
    0.6862095197311149,
    0.6901450985617924,
    0.6872483698339003,
    0.7074788031958752,
    0.6919701739899211,
    0.7219359381728522,
    0.6946160275406177,
    0.7207692328076911,
    0.7300708529275453,
    0.7248024344318306,
    0.7320725751897823,
    0.7085230514554481,
    0.7506482396313232,
    0.7430852103964734,
    0.712140456020767,
    0.699714607351734,
    0.7126714854606063,
    0.7349061184573474,
    0.7327568703781455,
    0.7011978485369783,
    0.7350040026060023,
    0.718284422325738,
    0.7226339151906677,
    0.7172974816673034,
    0.7349957781300724,
    0.7185442388790451,
    0.7364699635518348,
    0.723636425841176,
    0.7392117084144407,
    0.7241140987528967,
    0.7122884152593499,
    0.7507057356516071,
    0.7206492947605623,
    0.7277496224692039,
    0.7225977852109285,
    0.7450322123221667,
    0.7414324348806324,
    0.7389415519051566,
    0.7179250250673441,
    0.7018698911349031,
    0.7231643108177168,
    0.7334371947949841,
    0.7154312422089346,
    0.7226801568278196
  ],
  "val_miou": [
    0.48224466442012026,
    0.5303040419073036,
    0.5792476995902583,
    0.5516680862143291,
    0.3454371983256568,
    0.5008768609554732,
    0.4701736375191117,
    0.6336628085758451,
    0.6168260610029381,
    0.45300912029055607,
    0.21462362796791715,
    0.6453923300907836,
    0.5909490920033581,
    0.3253878408297683,
    0.6480633112231953,
    0.6427223517067298,
    0.6392796594147517,
    0.47044323033585844,
    0.5036931598206918,
    0.3548531976867796,
    0.6129957584059273,
    0.6832549581956142,
    0.6774961723819701,
    0.6852825520046284,
    0.5538581240616934,
    0.5488972979699028,
    0.7115926327288156,
    0.6976104607395213,
    0.37655662151319613,
    0.5588716626864847,
    0.6631268595777816,
    0.5397568077156008,
    0.707450799426712,
    0.36986509163823533,
    0.6887420018887572,
    0.6774372834622695,
    0.23194494439791233,
    0.6670364892954576,
    0.681832628637829,
    0.683569236919868,
    0.714666159122563,
    0.5773834737819659,
    0.6601230982547359,
    0.6941799611200677,
    0.5820977142525383,
    0.705766817746199,
    0.646443808048594,
    0.717978569484141,
    0.5703632372183376,
    0.6761479648534334,
    0.6228988057086651,
    0.6691396608125593,
    0.6946984840820302,
    0.730974952032537,
    0.5100940679172452,
    0.58696237577504,
    0.6427349675742193,
    0.717197011630479,
    0.7038316912021394,
    0.6402944817687994,
    0.6886046054303767,
    0.7014416384430215,
    0.6841240695424387,
    0.678613938942118,
    0.7341996727447151,
    0.6113373566869288,
    0.7243729786353044,
    0.6983118182595949,
    0.7162837120448837,
    0.5137607357290033,
    0.6852105495769416,
    0.7203441912579036,
    0.7070430813533302,
    0.6939537667983147,
    0.6264687168251784,
    0.7005973252950489,
    0.7004631624751134,
    0.7116089403155766,
    0.5926328975708846,
    0.6879283319369782
  ]
}