{
  "rgb": {
    "miou_mean": 0.7948870569629549,
    "miou_std": 0.003748773650241566,
    "miou_all_seeds": [
      0.7986358306131964,
      0.7911382833127133
    ],
    "per_class_iou_mean": {
      "0": 0.8557847820206637,
      "1": 0.733989331905246
    },
    "per_class_iou_std": {
      "0": 0.003708331400444742,
      "1": 0.0037892159000383896
    },
    "num_runs": 2
  },
  "multispectral": {
    "miou_mean": 0.726264880628654,
    "miou_std": 0.0217045483679128,
    "miou_all_seeds": [
      0.7479694289965668,
      0.7045603322607412
    ],
    "per_class_iou_mean": {
      "0": 0.8104020991992409,
      "1": 0.6421276620580672
    },
    "per_class_iou_std": {
      "0": 0.007842730429155842,
      "1": 0.03556636630666965
    },
    "num_runs": 2
  }
}