2026-06-13T12:28:39Z [INFO] Controller started
2026-06-13T12:28:39Z [INFO] manifest=outputs/slurm/manifests/multi_seed_tsm4_20260613T122839Z.json max_parallel=8 max_retries=3 sbatch_submit_retries=3 poll_seconds=10
2026-06-13T12:28:39Z [INFO] python=python singularity_image=/ceph/container/pytorch/pytorch_26.02.sif venv_activate=p10_venv/bin/activate
2026-06-13T12:28:39Z [INFO] status_dir=outputs/slurm/status/multi_seed_tsm4_20260613T122839Z summary_dir=outputs/metrics log_dir=logs/masking/slurm
2026-06-13T12:28:39Z [INFO] Acquired controller lock outputs/slurm/status/.masking_batch_controller.lock
2026-06-13T12:28:39Z [INFO] Loaded 150 task(s) from outputs/slurm/manifests/multi_seed_tsm4_20260613T122839Z.json
2026-06-13T12:28:39Z [INFO] Status directory: outputs/slurm/status/multi_seed_tsm4_20260613T122839Z
2026-06-13T12:28:39Z [INFO] Submitting task 0 try 1/3: group=binary_train_multi_seed kind=train config=configs/binary/rgb_unetpp_resnet34.yaml split=test seed=420 resume_checkpoint=none attempt=1
2026-06-13T12:28:40Z [INFO] Submitted task 0 (binary_train_multi_seed, train, configs/binary/rgb_unetpp_resnet34.yaml, seed=420, resume_checkpoint=none) as job 871323, attempt 1
2026-06-13T12:28:40Z [INFO] Submitting task 1 try 1/3: group=binary_train_multi_seed kind=train config=configs/binary/rgb_deeplabv3plus_resnet34.yaml split=test seed=420 resume_checkpoint=none attempt=1
2026-06-13T12:28:40Z [INFO] Submitted task 1 (binary_train_multi_seed, train, configs/binary/rgb_deeplabv3plus_resnet34.yaml, seed=420, resume_checkpoint=none) as job 871324, attempt 1
2026-06-13T12:28:40Z [INFO] Submitting task 2 try 1/3: group=binary_train_multi_seed kind=train config=configs/binary/rgb_segformer_b0.yaml split=test seed=420 resume_checkpoint=none attempt=1
2026-06-13T12:28:40Z [INFO] Submitted task 2 (binary_train_multi_seed, train, configs/binary/rgb_segformer_b0.yaml, seed=420, resume_checkpoint=none) as job 871325, attempt 1
2026-06-13T12:28:40Z [INFO] Submitting task 3 try 1/3: group=binary_train_multi_seed kind=train config=configs/binary/real_msi_unetpp_resnet34.yaml split=test seed=420 resume_checkpoint=none attempt=1
2026-06-13T12:28:40Z [INFO] Submitted task 3 (binary_train_multi_seed, train, configs/binary/real_msi_unetpp_resnet34.yaml, seed=420, resume_checkpoint=none) as job 871326, attempt 1
2026-06-13T12:28:40Z [INFO] Submitting task 4 try 1/3: group=binary_train_multi_seed kind=train config=configs/binary/real_msi_deeplabv3plus_resnet34.yaml split=test seed=420 resume_checkpoint=none attempt=1
2026-06-13T12:28:40Z [INFO] Submitted task 4 (binary_train_multi_seed, train, configs/binary/real_msi_deeplabv3plus_resnet34.yaml, seed=420, resume_checkpoint=none) as job 871327, attempt 1
2026-06-13T12:28:40Z [INFO] Submitting task 5 try 1/3: group=binary_train_multi_seed kind=train config=configs/binary/real_msi_segformer_b0.yaml split=test seed=420 resume_checkpoint=none attempt=1
2026-06-13T12:28:40Z [INFO] Submitted task 5 (binary_train_multi_seed, train, configs/binary/real_msi_segformer_b0.yaml, seed=420, resume_checkpoint=none) as job 871328, attempt 1
2026-06-13T12:28:40Z [INFO] Submitting task 6 try 1/3: group=binary_train_multi_seed kind=train config=configs/binary/synth_msi_unetpp_resnet34.yaml split=test seed=420 resume_checkpoint=none attempt=1
2026-06-13T12:28:40Z [INFO] Submitted task 6 (binary_train_multi_seed, train, configs/binary/synth_msi_unetpp_resnet34.yaml, seed=420, resume_checkpoint=none) as job 871329, attempt 1
2026-06-13T12:28:40Z [INFO] Submitting task 7 try 1/3: group=binary_train_multi_seed kind=train config=configs/binary/synth_msi_deeplabv3plus_resnet34.yaml split=test seed=420 resume_checkpoint=none attempt=1
2026-06-13T12:28:40Z [INFO] Submitted task 7 (binary_train_multi_seed, train, configs/binary/synth_msi_deeplabv3plus_resnet34.yaml, seed=420, resume_checkpoint=none) as job 871330, attempt 1
2026-06-13T14:48:00Z [INFO] Job 871324 for task 1 has left the Slurm queue; validating output
2026-06-13T14:48:02Z [INFO] Task 1 completed successfully
2026-06-13T14:48:12Z [INFO] Submitting task 8 try 1/3: group=binary_train_multi_seed kind=train config=configs/binary/synth_msi_segformer_b0.yaml split=test seed=420 resume_checkpoint=none attempt=1
2026-06-13T14:48:12Z [INFO] Submitted task 8 (binary_train_multi_seed, train, configs/binary/synth_msi_segformer_b0.yaml, seed=420, resume_checkpoint=none) as job 871395, attempt 1
2026-06-13T15:01:14Z [INFO] Job 871327 for task 4 has left the Slurm queue; validating output
2026-06-13T15:01:16Z [INFO] Task 4 completed successfully
2026-06-13T15:01:26Z [INFO] Submitting task 9 try 1/3: group=binary_train_multi_seed kind=train config=configs/binary/rgb_real_msi_unetpp_resnet34.yaml split=test seed=420 resume_checkpoint=none attempt=1
2026-06-13T15:01:26Z [INFO] Submitted task 9 (binary_train_multi_seed, train, configs/binary/rgb_real_msi_unetpp_resnet34.yaml, seed=420, resume_checkpoint=none) as job 871404, attempt 1
2026-06-13T15:33:10Z [INFO] Job 871328 for task 5 has left the Slurm queue; validating output
2026-06-13T15:33:10Z [INFO] Task 5 completed successfully
2026-06-13T15:33:20Z [INFO] Submitting task 10 try 1/3: group=binary_train_multi_seed kind=train config=configs/binary/rgb_real_msi_deeplabv3plus_resnet34.yaml split=test seed=420 resume_checkpoint=none attempt=1
2026-06-13T15:33:21Z [INFO] Submitted task 10 (binary_train_multi_seed, train, configs/binary/rgb_real_msi_deeplabv3plus_resnet34.yaml, seed=420, resume_checkpoint=none) as job 871419, attempt 1
2026-06-13T15:51:17Z [INFO] Job 871330 for task 7 has left the Slurm queue; validating output
2026-06-13T15:51:21Z [INFO] Task 7 completed successfully
2026-06-13T15:51:31Z [INFO] Submitting task 11 try 1/3: group=binary_train_multi_seed kind=train config=configs/binary/rgb_real_msi_segformer_b0.yaml split=test seed=420 resume_checkpoint=none attempt=1
2026-06-13T15:51:31Z [INFO] Submitted task 11 (binary_train_multi_seed, train, configs/binary/rgb_real_msi_segformer_b0.yaml, seed=420, resume_checkpoint=none) as job 871427, attempt 1
2026-06-13T16:10:08Z [INFO] Job 871325 for task 2 has left the Slurm queue; validating output
2026-06-13T16:10:08Z [INFO] Task 2 completed successfully
2026-06-13T16:10:18Z [INFO] Submitting task 12 try 1/3: group=binary_train_multi_seed kind=train config=configs/binary/rgb_synth_msi_unetpp_resnet34.yaml split=test seed=420 resume_checkpoint=none attempt=1
2026-06-13T16:10:18Z [INFO] Submitted task 12 (binary_train_multi_seed, train, configs/binary/rgb_synth_msi_unetpp_resnet34.yaml, seed=420, resume_checkpoint=none) as job 871434, attempt 1
2026-06-13T16:15:43Z [INFO] Job 871323 for task 0 has left the Slurm queue; validating output
2026-06-13T16:15:45Z [INFO] Task 0 completed successfully
2026-06-13T16:15:55Z [INFO] Submitting task 13 try 1/3: group=binary_train_multi_seed kind=train config=configs/binary/rgb_synth_msi_deeplabv3plus_resnet34.yaml split=test seed=420 resume_checkpoint=none attempt=1
2026-06-13T16:15:55Z [INFO] Submitted task 13 (binary_train_multi_seed, train, configs/binary/rgb_synth_msi_deeplabv3plus_resnet34.yaml, seed=420, resume_checkpoint=none) as job 871441, attempt 1
2026-06-13T16:25:47Z [INFO] Job 871326 for task 3 has left the Slurm queue; validating output
2026-06-13T16:25:47Z [INFO] Task 3 completed successfully
2026-06-13T16:25:57Z [INFO] Submitting task 14 try 1/3: group=binary_train_multi_seed kind=train config=configs/binary/rgb_synth_msi_segformer_b0.yaml split=test seed=420 resume_checkpoint=none attempt=1
2026-06-13T16:25:57Z [INFO] Submitted task 14 (binary_train_multi_seed, train, configs/binary/rgb_synth_msi_segformer_b0.yaml, seed=420, resume_checkpoint=none) as job 871442, attempt 1
2026-06-13T16:25:57Z [INFO] Job 871329 for task 6 has left the Slurm queue; validating output
2026-06-13T16:25:57Z [INFO] Task 6 completed successfully
2026-06-13T16:26:08Z [INFO] Submitting task 15 try 1/3: group=binary_train_multi_seed kind=train config=configs/binary/rgb_unetpp_resnet34.yaml split=test seed=421 resume_checkpoint=none attempt=1
2026-06-13T16:26:08Z [INFO] Submitted task 15 (binary_train_multi_seed, train, configs/binary/rgb_unetpp_resnet34.yaml, seed=421, resume_checkpoint=none) as job 871443, attempt 1
2026-06-13T17:26:37Z [INFO] Job 871395 for task 8 has left the Slurm queue; validating output
2026-06-13T17:26:37Z [INFO] Task 8 completed successfully
2026-06-13T17:26:47Z [INFO] Submitting task 16 try 1/3: group=binary_train_multi_seed kind=train config=configs/binary/rgb_deeplabv3plus_resnet34.yaml split=test seed=421 resume_checkpoint=none attempt=1
2026-06-13T17:26:47Z [INFO] Submitted task 16 (binary_train_multi_seed, train, configs/binary/rgb_deeplabv3plus_resnet34.yaml, seed=421, resume_checkpoint=none) as job 871503, attempt 1
2026-06-13T19:35:11Z [INFO] Job 871419 for task 10 has left the Slurm queue; validating output
2026-06-13T19:35:15Z [INFO] Task 10 completed successfully
2026-06-13T19:35:26Z [INFO] Submitting task 17 try 1/3: group=binary_train_multi_seed kind=train config=configs/binary/rgb_segformer_b0.yaml split=test seed=421 resume_checkpoint=none attempt=1
2026-06-13T19:35:26Z [INFO] Submitted task 17 (binary_train_multi_seed, train, configs/binary/rgb_segformer_b0.yaml, seed=421, resume_checkpoint=none) as job 871562, attempt 1
2026-06-13T19:45:24Z [INFO] Job 871503 for task 16 has left the Slurm queue; validating output
2026-06-13T19:45:25Z [ERROR] Task 16: status file reports state=failed; seed=421; message=evaluate failed; see outputs/slurm/status/multi_seed_tsm4_20260613T122839Z/task_16_attempt_1.log; job_log=outputs/slurm/status/multi_seed_tsm4_20260613T122839Z/task_16_attempt_1.log
2026-06-13T19:45:25Z [ERROR] Task 16: validation failed; re-queueing for retry
2026-06-13T19:45:35Z [INFO] Submitting task 16 try 1/3: group=binary_train_multi_seed kind=train config=configs/binary/rgb_deeplabv3plus_resnet34.yaml split=test seed=421 resume_checkpoint=none attempt=2
2026-06-13T19:45:35Z [INFO] Submitted task 16 (binary_train_multi_seed, train, configs/binary/rgb_deeplabv3plus_resnet34.yaml, seed=421, resume_checkpoint=none) as job 871570, attempt 2
2026-06-13T19:45:45Z [INFO] Job 871570 for task 16 has left the Slurm queue; validating output
2026-06-13T19:45:46Z [ERROR] Task 16: status file reports state=failed; seed=421; message=train failed; see outputs/slurm/status/multi_seed_tsm4_20260613T122839Z/task_16_attempt_2.log; job_log=outputs/slurm/status/multi_seed_tsm4_20260613T122839Z/task_16_attempt_2.log
2026-06-13T19:45:46Z [ERROR] Task 16: validation failed; re-queueing for retry
2026-06-13T19:45:56Z [INFO] Submitting task 16 try 1/3: group=binary_train_multi_seed kind=train config=configs/binary/rgb_deeplabv3plus_resnet34.yaml split=test seed=421 resume_checkpoint=none attempt=3
2026-06-13T19:45:56Z [INFO] Submitted task 16 (binary_train_multi_seed, train, configs/binary/rgb_deeplabv3plus_resnet34.yaml, seed=421, resume_checkpoint=none) as job 871571, attempt 3
2026-06-13T19:46:06Z [INFO] Job 871571 for task 16 has left the Slurm queue; validating output
2026-06-13T19:46:07Z [ERROR] Task 16: status file reports state=failed; seed=421; message=train failed; see outputs/slurm/status/multi_seed_tsm4_20260613T122839Z/task_16_attempt_3.log; job_log=outputs/slurm/status/multi_seed_tsm4_20260613T122839Z/task_16_attempt_3.log
2026-06-13T19:46:07Z [ERROR] Task 16: validation failed; re-queueing for retry
2026-06-13T19:46:17Z [INFO] Submitting task 16 try 1/3: group=binary_train_multi_seed kind=train config=configs/binary/rgb_deeplabv3plus_resnet34.yaml split=test seed=421 resume_checkpoint=none attempt=4
2026-06-13T19:46:17Z [INFO] Submitted task 16 (binary_train_multi_seed, train, configs/binary/rgb_deeplabv3plus_resnet34.yaml, seed=421, resume_checkpoint=none) as job 871572, attempt 4
2026-06-13T19:46:27Z [INFO] Job 871572 for task 16 has left the Slurm queue; validating output
2026-06-13T19:46:29Z [ERROR] Task 16: status file reports state=failed; seed=421; message=train failed; see outputs/slurm/status/multi_seed_tsm4_20260613T122839Z/task_16_attempt_4.log; job_log=outputs/slurm/status/multi_seed_tsm4_20260613T122839Z/task_16_attempt_4.log
2026-06-13T19:46:29Z [ERROR] Task 16: permanent failure after 4 attempt(s)
2026-06-13T19:46:39Z [INFO] Submitting task 18 try 1/3: group=binary_train_multi_seed kind=train config=configs/binary/real_msi_unetpp_resnet34.yaml split=test seed=421 resume_checkpoint=none attempt=1
2026-06-13T19:46:39Z [INFO] Submitted task 18 (binary_train_multi_seed, train, configs/binary/real_msi_unetpp_resnet34.yaml, seed=421, resume_checkpoint=none) as job 871573, attempt 1
2026-06-13T19:46:49Z [INFO] Job 871573 for task 18 has left the Slurm queue; validating output
2026-06-13T19:46:49Z [ERROR] Task 18: status file reports state=failed; seed=421; message=train failed; see outputs/slurm/status/multi_seed_tsm4_20260613T122839Z/task_18_attempt_1.log; job_log=outputs/slurm/status/multi_seed_tsm4_20260613T122839Z/task_18_attempt_1.log
2026-06-13T19:46:49Z [ERROR] Task 18: validation failed; re-queueing for retry
2026-06-13T19:46:59Z [INFO] Submitting task 18 try 1/3: group=binary_train_multi_seed kind=train config=configs/binary/real_msi_unetpp_resnet34.yaml split=test seed=421 resume_checkpoint=none attempt=2
2026-06-13T19:46:59Z [INFO] Submitted task 18 (binary_train_multi_seed, train, configs/binary/real_msi_unetpp_resnet34.yaml, seed=421, resume_checkpoint=none) as job 871574, attempt 2
2026-06-13T19:47:10Z [INFO] Job 871574 for task 18 has left the Slurm queue; validating output
2026-06-13T19:47:10Z [ERROR] Task 18: status file reports state=failed; seed=421; message=train failed; see outputs/slurm/status/multi_seed_tsm4_20260613T122839Z/task_18_attempt_2.log; job_log=outputs/slurm/status/multi_seed_tsm4_20260613T122839Z/task_18_attempt_2.log
2026-06-13T19:47:10Z [ERROR] Task 18: validation failed; re-queueing for retry
2026-06-13T19:47:20Z [INFO] Submitting task 18 try 1/3: group=binary_train_multi_seed kind=train config=configs/binary/real_msi_unetpp_resnet34.yaml split=test seed=421 resume_checkpoint=none attempt=3
2026-06-13T19:47:20Z [INFO] Submitted task 18 (binary_train_multi_seed, train, configs/binary/real_msi_unetpp_resnet34.yaml, seed=421, resume_checkpoint=none) as job 871575, attempt 3
2026-06-13T19:47:30Z [INFO] Job 871575 for task 18 has left the Slurm queue; validating output
2026-06-13T19:47:30Z [ERROR] Task 18: status file reports state=failed; seed=421; message=train failed; see outputs/slurm/status/multi_seed_tsm4_20260613T122839Z/task_18_attempt_3.log; job_log=outputs/slurm/status/multi_seed_tsm4_20260613T122839Z/task_18_attempt_3.log
2026-06-13T19:47:30Z [ERROR] Task 18: validation failed; re-queueing for retry
2026-06-13T19:47:40Z [INFO] Submitting task 18 try 1/3: group=binary_train_multi_seed kind=train config=configs/binary/real_msi_unetpp_resnet34.yaml split=test seed=421 resume_checkpoint=none attempt=4
2026-06-13T19:47:41Z [INFO] Submitted task 18 (binary_train_multi_seed, train, configs/binary/real_msi_unetpp_resnet34.yaml, seed=421, resume_checkpoint=none) as job 871576, attempt 4
2026-06-13T19:47:51Z [INFO] Job 871576 for task 18 has left the Slurm queue; validating output
2026-06-13T19:47:51Z [ERROR] Task 18: status file reports state=failed; seed=421; message=train failed; see outputs/slurm/status/multi_seed_tsm4_20260613T122839Z/task_18_attempt_4.log; job_log=outputs/slurm/status/multi_seed_tsm4_20260613T122839Z/task_18_attempt_4.log
2026-06-13T19:47:51Z [ERROR] Task 18: permanent failure after 4 attempt(s)
2026-06-13T19:48:01Z [INFO] Submitting task 19 try 1/3: group=binary_train_multi_seed kind=train config=configs/binary/real_msi_deeplabv3plus_resnet34.yaml split=test seed=421 resume_checkpoint=none attempt=1
2026-06-13T19:48:01Z [INFO] Submitted task 19 (binary_train_multi_seed, train, configs/binary/real_msi_deeplabv3plus_resnet34.yaml, seed=421, resume_checkpoint=none) as job 871577, attempt 1
2026-06-13T19:48:11Z [INFO] Job 871577 for task 19 has left the Slurm queue; validating output
2026-06-13T19:48:13Z [ERROR] Task 19: status file reports state=failed; seed=421; message=train failed; see outputs/slurm/status/multi_seed_tsm4_20260613T122839Z/task_19_attempt_1.log; job_log=outputs/slurm/status/multi_seed_tsm4_20260613T122839Z/task_19_attempt_1.log
2026-06-13T19:48:13Z [ERROR] Task 19: validation failed; re-queueing for retry
2026-06-13T19:48:23Z [INFO] Submitting task 19 try 1/3: group=binary_train_multi_seed kind=train config=configs/binary/real_msi_deeplabv3plus_resnet34.yaml split=test seed=421 resume_checkpoint=none attempt=2
2026-06-13T19:48:23Z [INFO] Submitted task 19 (binary_train_multi_seed, train, configs/binary/real_msi_deeplabv3plus_resnet34.yaml, seed=421, resume_checkpoint=none) as job 871578, attempt 2
2026-06-13T19:48:33Z [INFO] Job 871578 for task 19 has left the Slurm queue; validating output
2026-06-13T19:48:34Z [ERROR] Task 19: status file reports state=failed; seed=421; message=train failed; see outputs/slurm/status/multi_seed_tsm4_20260613T122839Z/task_19_attempt_2.log; job_log=outputs/slurm/status/multi_seed_tsm4_20260613T122839Z/task_19_attempt_2.log
2026-06-13T19:48:34Z [ERROR] Task 19: validation failed; re-queueing for retry
2026-06-13T19:48:44Z [INFO] Submitting task 19 try 1/3: group=binary_train_multi_seed kind=train config=configs/binary/real_msi_deeplabv3plus_resnet34.yaml split=test seed=421 resume_checkpoint=none attempt=3
2026-06-13T19:48:44Z [INFO] Submitted task 19 (binary_train_multi_seed, train, configs/binary/real_msi_deeplabv3plus_resnet34.yaml, seed=421, resume_checkpoint=none) as job 871579, attempt 3
2026-06-13T19:48:54Z [INFO] Job 871579 for task 19 has left the Slurm queue; validating output
2026-06-13T19:48:55Z [ERROR] Task 19: status file reports state=failed; seed=421; message=train failed; see outputs/slurm/status/multi_seed_tsm4_20260613T122839Z/task_19_attempt_3.log; job_log=outputs/slurm/status/multi_seed_tsm4_20260613T122839Z/task_19_attempt_3.log
2026-06-13T19:48:55Z [ERROR] Task 19: validation failed; re-queueing for retry
2026-06-13T19:49:05Z [INFO] Submitting task 19 try 1/3: group=binary_train_multi_seed kind=train config=configs/binary/real_msi_deeplabv3plus_resnet34.yaml split=test seed=421 resume_checkpoint=none attempt=4
2026-06-13T19:49:05Z [INFO] Submitted task 19 (binary_train_multi_seed, train, configs/binary/real_msi_deeplabv3plus_resnet34.yaml, seed=421, resume_checkpoint=none) as job 871580, attempt 4
2026-06-13T19:49:15Z [INFO] Job 871580 for task 19 has left the Slurm queue; validating output
2026-06-13T19:49:16Z [ERROR] Task 19: status file reports state=failed; seed=421; message=train failed; see outputs/slurm/status/multi_seed_tsm4_20260613T122839Z/task_19_attempt_4.log; job_log=outputs/slurm/status/multi_seed_tsm4_20260613T122839Z/task_19_attempt_4.log
2026-06-13T19:49:16Z [ERROR] Task 19: permanent failure after 4 attempt(s)
2026-06-13T19:49:26Z [INFO] Submitting task 20 try 1/3: group=binary_train_multi_seed kind=train config=configs/binary/real_msi_segformer_b0.yaml split=test seed=421 resume_checkpoint=none attempt=1
2026-06-13T19:49:26Z [INFO] Submitted task 20 (binary_train_multi_seed, train, configs/binary/real_msi_segformer_b0.yaml, seed=421, resume_checkpoint=none) as job 871581, attempt 1
2026-06-13T19:49:36Z [INFO] Job 871581 for task 20 has left the Slurm queue; validating output
2026-06-13T19:49:36Z [ERROR] Task 20: status file reports state=failed; seed=421; message=train failed; see outputs/slurm/status/multi_seed_tsm4_20260613T122839Z/task_20_attempt_1.log; job_log=outputs/slurm/status/multi_seed_tsm4_20260613T122839Z/task_20_attempt_1.log
2026-06-13T19:49:36Z [ERROR] Task 20: validation failed; re-queueing for retry
2026-06-13T19:49:46Z [INFO] Submitting task 20 try 1/3: group=binary_train_multi_seed kind=train config=configs/binary/real_msi_segformer_b0.yaml split=test seed=421 resume_checkpoint=none attempt=2
2026-06-13T19:49:46Z [INFO] Submitted task 20 (binary_train_multi_seed, train, configs/binary/real_msi_segformer_b0.yaml, seed=421, resume_checkpoint=none) as job 871582, attempt 2
2026-06-13T19:49:57Z [INFO] Job 871582 for task 20 has left the Slurm queue; validating output
2026-06-13T19:49:59Z [ERROR] Task 20: status file reports state=failed; seed=421; message=train failed; see outputs/slurm/status/multi_seed_tsm4_20260613T122839Z/task_20_attempt_2.log; job_log=outputs/slurm/status/multi_seed_tsm4_20260613T122839Z/task_20_attempt_2.log
2026-06-13T19:49:59Z [ERROR] Task 20: validation failed; re-queueing for retry
2026-06-13T19:50:09Z [INFO] Submitting task 20 try 1/3: group=binary_train_multi_seed kind=train config=configs/binary/real_msi_segformer_b0.yaml split=test seed=421 resume_checkpoint=none attempt=3
2026-06-13T19:50:09Z [INFO] Submitted task 20 (binary_train_multi_seed, train, configs/binary/real_msi_segformer_b0.yaml, seed=421, resume_checkpoint=none) as job 871583, attempt 3
2026-06-13T19:50:19Z [INFO] Job 871583 for task 20 has left the Slurm queue; validating output
2026-06-13T19:50:19Z [ERROR] Task 20: status file reports state=failed; seed=421; message=train failed; see outputs/slurm/status/multi_seed_tsm4_20260613T122839Z/task_20_attempt_3.log; job_log=outputs/slurm/status/multi_seed_tsm4_20260613T122839Z/task_20_attempt_3.log
2026-06-13T19:50:19Z [ERROR] Task 20: validation failed; re-queueing for retry
2026-06-13T19:50:29Z [INFO] Submitting task 20 try 1/3: group=binary_train_multi_seed kind=train config=configs/binary/real_msi_segformer_b0.yaml split=test seed=421 resume_checkpoint=none attempt=4
2026-06-13T19:50:29Z [INFO] Submitted task 20 (binary_train_multi_seed, train, configs/binary/real_msi_segformer_b0.yaml, seed=421, resume_checkpoint=none) as job 871584, attempt 4
2026-06-13T19:50:40Z [INFO] Job 871584 for task 20 has left the Slurm queue; validating output
2026-06-13T19:50:40Z [ERROR] Task 20: status file reports state=failed; seed=421; message=train failed; see outputs/slurm/status/multi_seed_tsm4_20260613T122839Z/task_20_attempt_4.log; job_log=outputs/slurm/status/multi_seed_tsm4_20260613T122839Z/task_20_attempt_4.log
2026-06-13T19:50:40Z [ERROR] Task 20: permanent failure after 4 attempt(s)
2026-06-13T19:50:50Z [INFO] Submitting task 21 try 1/3: group=binary_train_multi_seed kind=train config=configs/binary/synth_msi_unetpp_resnet34.yaml split=test seed=421 resume_checkpoint=none attempt=1
2026-06-13T19:50:50Z [INFO] Submitted task 21 (binary_train_multi_seed, train, configs/binary/synth_msi_unetpp_resnet34.yaml, seed=421, resume_checkpoint=none) as job 871585, attempt 1
2026-06-13T19:51:00Z [INFO] Job 871585 for task 21 has left the Slurm queue; validating output
2026-06-13T19:51:01Z [ERROR] Task 21: status file reports state=failed; seed=421; message=train failed; see outputs/slurm/status/multi_seed_tsm4_20260613T122839Z/task_21_attempt_1.log; job_log=outputs/slurm/status/multi_seed_tsm4_20260613T122839Z/task_21_attempt_1.log
2026-06-13T19:51:01Z [ERROR] Task 21: validation failed; re-queueing for retry
2026-06-13T19:51:11Z [INFO] Submitting task 21 try 1/3: group=binary_train_multi_seed kind=train config=configs/binary/synth_msi_unetpp_resnet34.yaml split=test seed=421 resume_checkpoint=none attempt=2
2026-06-13T19:51:11Z [INFO] Submitted task 21 (binary_train_multi_seed, train, configs/binary/synth_msi_unetpp_resnet34.yaml, seed=421, resume_checkpoint=none) as job 871586, attempt 2
2026-06-13T19:51:21Z [INFO] Job 871586 for task 21 has left the Slurm queue; validating output
2026-06-13T19:51:21Z [ERROR] Task 21: status file reports state=failed; seed=421; message=train failed; see outputs/slurm/status/multi_seed_tsm4_20260613T122839Z/task_21_attempt_2.log; job_log=outputs/slurm/status/multi_seed_tsm4_20260613T122839Z/task_21_attempt_2.log
2026-06-13T19:51:21Z [ERROR] Task 21: validation failed; re-queueing for retry
2026-06-13T19:51:31Z [INFO] Submitting task 21 try 1/3: group=binary_train_multi_seed kind=train config=configs/binary/synth_msi_unetpp_resnet34.yaml split=test seed=421 resume_checkpoint=none attempt=3
2026-06-13T19:51:32Z [INFO] Submitted task 21 (binary_train_multi_seed, train, configs/binary/synth_msi_unetpp_resnet34.yaml, seed=421, resume_checkpoint=none) as job 871587, attempt 3
2026-06-13T19:51:42Z [INFO] Job 871587 for task 21 has left the Slurm queue; validating output
2026-06-13T19:51:42Z [ERROR] Task 21: status file reports state=failed; seed=421; message=train failed; see outputs/slurm/status/multi_seed_tsm4_20260613T122839Z/task_21_attempt_3.log; job_log=outputs/slurm/status/multi_seed_tsm4_20260613T122839Z/task_21_attempt_3.log
2026-06-13T19:51:42Z [ERROR] Task 21: validation failed; re-queueing for retry
2026-06-13T19:51:52Z [INFO] Submitting task 21 try 1/3: group=binary_train_multi_seed kind=train config=configs/binary/synth_msi_unetpp_resnet34.yaml split=test seed=421 resume_checkpoint=none attempt=4
2026-06-13T19:51:52Z [INFO] Submitted task 21 (binary_train_multi_seed, train, configs/binary/synth_msi_unetpp_resnet34.yaml, seed=421, resume_checkpoint=none) as job 871588, attempt 4
2026-06-13T19:52:02Z [INFO] Job 871588 for task 21 has left the Slurm queue; validating output
2026-06-13T19:52:08Z [ERROR] Task 21: status file reports state=failed; seed=421; message=train failed; see outputs/slurm/status/multi_seed_tsm4_20260613T122839Z/task_21_attempt_4.log; job_log=outputs/slurm/status/multi_seed_tsm4_20260613T122839Z/task_21_attempt_4.log
2026-06-13T19:52:08Z [ERROR] Task 21: permanent failure after 4 attempt(s)
2026-06-13T19:52:18Z [INFO] Submitting task 22 try 1/3: group=binary_train_multi_seed kind=train config=configs/binary/synth_msi_deeplabv3plus_resnet34.yaml split=test seed=421 resume_checkpoint=none attempt=1
2026-06-13T19:52:18Z [INFO] Submitted task 22 (binary_train_multi_seed, train, configs/binary/synth_msi_deeplabv3plus_resnet34.yaml, seed=421, resume_checkpoint=none) as job 871589, attempt 1
2026-06-13T19:52:28Z [INFO] Job 871589 for task 22 has left the Slurm queue; validating output
2026-06-13T19:52:28Z [ERROR] Task 22: status file reports state=failed; seed=421; message=train failed; see outputs/slurm/status/multi_seed_tsm4_20260613T122839Z/task_22_attempt_1.log; job_log=outputs/slurm/status/multi_seed_tsm4_20260613T122839Z/task_22_attempt_1.log
2026-06-13T19:52:28Z [ERROR] Task 22: validation failed; re-queueing for retry
2026-06-13T19:52:38Z [INFO] Submitting task 22 try 1/3: group=binary_train_multi_seed kind=train config=configs/binary/synth_msi_deeplabv3plus_resnet34.yaml split=test seed=421 resume_checkpoint=none attempt=2
2026-06-13T19:52:38Z [INFO] Submitted task 22 (binary_train_multi_seed, train, configs/binary/synth_msi_deeplabv3plus_resnet34.yaml, seed=421, resume_checkpoint=none) as job 871590, attempt 2
2026-06-13T19:52:48Z [INFO] Job 871590 for task 22 has left the Slurm queue; validating output
2026-06-13T19:52:51Z [ERROR] Task 22: status file reports state=failed; seed=421; message=train failed; see outputs/slurm/status/multi_seed_tsm4_20260613T122839Z/task_22_attempt_2.log; job_log=outputs/slurm/status/multi_seed_tsm4_20260613T122839Z/task_22_attempt_2.log
2026-06-13T19:52:51Z [ERROR] Task 22: validation failed; re-queueing for retry
2026-06-13T19:53:01Z [INFO] Submitting task 22 try 1/3: group=binary_train_multi_seed kind=train config=configs/binary/synth_msi_deeplabv3plus_resnet34.yaml split=test seed=421 resume_checkpoint=none attempt=3
2026-06-13T19:53:01Z [INFO] Submitted task 22 (binary_train_multi_seed, train, configs/binary/synth_msi_deeplabv3plus_resnet34.yaml, seed=421, resume_checkpoint=none) as job 871591, attempt 3
2026-06-13T19:53:11Z [INFO] Job 871591 for task 22 has left the Slurm queue; validating output
2026-06-13T19:53:14Z [ERROR] Task 22: status file reports state=failed; seed=421; message=train failed; see outputs/slurm/status/multi_seed_tsm4_20260613T122839Z/task_22_attempt_3.log; job_log=outputs/slurm/status/multi_seed_tsm4_20260613T122839Z/task_22_attempt_3.log
2026-06-13T19:53:14Z [ERROR] Task 22: validation failed; re-queueing for retry
2026-06-13T19:53:24Z [INFO] Submitting task 22 try 1/3: group=binary_train_multi_seed kind=train config=configs/binary/synth_msi_deeplabv3plus_resnet34.yaml split=test seed=421 resume_checkpoint=none attempt=4
2026-06-13T19:53:24Z [INFO] Submitted task 22 (binary_train_multi_seed, train, configs/binary/synth_msi_deeplabv3plus_resnet34.yaml, seed=421, resume_checkpoint=none) as job 871592, attempt 4
2026-06-13T19:53:35Z [INFO] Job 871592 for task 22 has left the Slurm queue; validating output
2026-06-13T19:53:35Z [ERROR] Task 22: status file reports state=failed; seed=421; message=train failed; see outputs/slurm/status/multi_seed_tsm4_20260613T122839Z/task_22_attempt_4.log; job_log=outputs/slurm/status/multi_seed_tsm4_20260613T122839Z/task_22_attempt_4.log
2026-06-13T19:53:35Z [ERROR] Task 22: permanent failure after 4 attempt(s)
2026-06-13T19:53:45Z [INFO] Submitting task 23 try 1/3: group=binary_train_multi_seed kind=train config=configs/binary/synth_msi_segformer_b0.yaml split=test seed=421 resume_checkpoint=none attempt=1
2026-06-13T19:53:45Z [INFO] Submitted task 23 (binary_train_multi_seed, train, configs/binary/synth_msi_segformer_b0.yaml, seed=421, resume_checkpoint=none) as job 871593, attempt 1
2026-06-13T19:53:55Z [INFO] Job 871593 for task 23 has left the Slurm queue; validating output
2026-06-13T19:53:56Z [ERROR] Task 23: status file reports state=failed; seed=421; message=train failed; see outputs/slurm/status/multi_seed_tsm4_20260613T122839Z/task_23_attempt_1.log; job_log=outputs/slurm/status/multi_seed_tsm4_20260613T122839Z/task_23_attempt_1.log
2026-06-13T19:53:56Z [ERROR] Task 23: validation failed; re-queueing for retry
2026-06-13T19:54:06Z [INFO] Submitting task 23 try 1/3: group=binary_train_multi_seed kind=train config=configs/binary/synth_msi_segformer_b0.yaml split=test seed=421 resume_checkpoint=none attempt=2
2026-06-13T19:54:06Z [INFO] Submitted task 23 (binary_train_multi_seed, train, configs/binary/synth_msi_segformer_b0.yaml, seed=421, resume_checkpoint=none) as job 871594, attempt 2
2026-06-13T19:54:16Z [INFO] Job 871594 for task 23 has left the Slurm queue; validating output
2026-06-13T19:54:17Z [ERROR] Task 23: status file reports state=failed; seed=421; message=train failed; see outputs/slurm/status/multi_seed_tsm4_20260613T122839Z/task_23_attempt_2.log; job_log=outputs/slurm/status/multi_seed_tsm4_20260613T122839Z/task_23_attempt_2.log
2026-06-13T19:54:17Z [ERROR] Task 23: validation failed; re-queueing for retry
2026-06-13T19:54:27Z [INFO] Submitting task 23 try 1/3: group=binary_train_multi_seed kind=train config=configs/binary/synth_msi_segformer_b0.yaml split=test seed=421 resume_checkpoint=none attempt=3
2026-06-13T19:54:27Z [INFO] Submitted task 23 (binary_train_multi_seed, train, configs/binary/synth_msi_segformer_b0.yaml, seed=421, resume_checkpoint=none) as job 871595, attempt 3
2026-06-13T19:54:38Z [INFO] Job 871595 for task 23 has left the Slurm queue; validating output
2026-06-13T19:54:38Z [ERROR] Task 23: status file reports state=failed; seed=421; message=train failed; see outputs/slurm/status/multi_seed_tsm4_20260613T122839Z/task_23_attempt_3.log; job_log=outputs/slurm/status/multi_seed_tsm4_20260613T122839Z/task_23_attempt_3.log
2026-06-13T19:54:38Z [ERROR] Task 23: validation failed; re-queueing for retry
2026-06-13T19:54:48Z [INFO] Submitting task 23 try 1/3: group=binary_train_multi_seed kind=train config=configs/binary/synth_msi_segformer_b0.yaml split=test seed=421 resume_checkpoint=none attempt=4
2026-06-13T19:54:48Z [INFO] Submitted task 23 (binary_train_multi_seed, train, configs/binary/synth_msi_segformer_b0.yaml, seed=421, resume_checkpoint=none) as job 871596, attempt 4
2026-06-13T19:54:58Z [INFO] Job 871596 for task 23 has left the Slurm queue; validating output
2026-06-13T19:55:00Z [ERROR] Task 23: status file reports state=failed; seed=421; message=train failed; see outputs/slurm/status/multi_seed_tsm4_20260613T122839Z/task_23_attempt_4.log; job_log=outputs/slurm/status/multi_seed_tsm4_20260613T122839Z/task_23_attempt_4.log
2026-06-13T19:55:00Z [ERROR] Task 23: permanent failure after 4 attempt(s)
2026-06-13T19:55:10Z [INFO] Submitting task 24 try 1/3: group=binary_train_multi_seed kind=train config=configs/binary/rgb_real_msi_unetpp_resnet34.yaml split=test seed=421 resume_checkpoint=none attempt=1
2026-06-13T19:55:10Z [INFO] Submitted task 24 (binary_train_multi_seed, train, configs/binary/rgb_real_msi_unetpp_resnet34.yaml, seed=421, resume_checkpoint=none) as job 871597, attempt 1
2026-06-13T19:55:20Z [INFO] Job 871597 for task 24 has left the Slurm queue; validating output
2026-06-13T19:55:20Z [ERROR] Task 24: status file reports state=failed; seed=421; message=train failed; see outputs/slurm/status/multi_seed_tsm4_20260613T122839Z/task_24_attempt_1.log; job_log=outputs/slurm/status/multi_seed_tsm4_20260613T122839Z/task_24_attempt_1.log
2026-06-13T19:55:20Z [ERROR] Task 24: validation failed; re-queueing for retry
2026-06-13T19:55:30Z [INFO] Submitting task 24 try 1/3: group=binary_train_multi_seed kind=train config=configs/binary/rgb_real_msi_unetpp_resnet34.yaml split=test seed=421 resume_checkpoint=none attempt=2
2026-06-13T19:55:30Z [INFO] Submitted task 24 (binary_train_multi_seed, train, configs/binary/rgb_real_msi_unetpp_resnet34.yaml, seed=421, resume_checkpoint=none) as job 871598, attempt 2
2026-06-13T19:55:41Z [INFO] Job 871598 for task 24 has left the Slurm queue; validating output
2026-06-13T19:55:42Z [ERROR] Task 24: status file reports state=failed; seed=421; message=train failed; see outputs/slurm/status/multi_seed_tsm4_20260613T122839Z/task_24_attempt_2.log; job_log=outputs/slurm/status/multi_seed_tsm4_20260613T122839Z/task_24_attempt_2.log
2026-06-13T19:55:42Z [ERROR] Task 24: validation failed; re-queueing for retry
2026-06-13T19:55:52Z [INFO] Submitting task 24 try 1/3: group=binary_train_multi_seed kind=train config=configs/binary/rgb_real_msi_unetpp_resnet34.yaml split=test seed=421 resume_checkpoint=none attempt=3
2026-06-13T19:55:52Z [INFO] Submitted task 24 (binary_train_multi_seed, train, configs/binary/rgb_real_msi_unetpp_resnet34.yaml, seed=421, resume_checkpoint=none) as job 871599, attempt 3
2026-06-13T19:56:02Z [INFO] Job 871599 for task 24 has left the Slurm queue; validating output
2026-06-13T19:56:02Z [ERROR] Task 24: status file reports state=failed; seed=421; message=train failed; see outputs/slurm/status/multi_seed_tsm4_20260613T122839Z/task_24_attempt_3.log; job_log=outputs/slurm/status/multi_seed_tsm4_20260613T122839Z/task_24_attempt_3.log
2026-06-13T19:56:02Z [ERROR] Task 24: validation failed; re-queueing for retry
2026-06-13T19:56:12Z [INFO] Submitting task 24 try 1/3: group=binary_train_multi_seed kind=train config=configs/binary/rgb_real_msi_unetpp_resnet34.yaml split=test seed=421 resume_checkpoint=none attempt=4
2026-06-13T19:56:12Z [INFO] Submitted task 24 (binary_train_multi_seed, train, configs/binary/rgb_real_msi_unetpp_resnet34.yaml, seed=421, resume_checkpoint=none) as job 871600, attempt 4
2026-06-13T19:56:23Z [INFO] Job 871600 for task 24 has left the Slurm queue; validating output
2026-06-13T19:56:25Z [ERROR] Task 24: status file reports state=failed; seed=421; message=train failed; see outputs/slurm/status/multi_seed_tsm4_20260613T122839Z/task_24_attempt_4.log; job_log=outputs/slurm/status/multi_seed_tsm4_20260613T122839Z/task_24_attempt_4.log
2026-06-13T19:56:25Z [ERROR] Task 24: permanent failure after 4 attempt(s)
2026-06-13T19:56:35Z [INFO] Submitting task 25 try 1/3: group=binary_train_multi_seed kind=train config=configs/binary/rgb_real_msi_deeplabv3plus_resnet34.yaml split=test seed=421 resume_checkpoint=none attempt=1
2026-06-13T19:56:35Z [INFO] Submitted task 25 (binary_train_multi_seed, train, configs/binary/rgb_real_msi_deeplabv3plus_resnet34.yaml, seed=421, resume_checkpoint=none) as job 871601, attempt 1
2026-06-13T19:56:46Z [INFO] Job 871601 for task 25 has left the Slurm queue; validating output
2026-06-13T19:56:46Z [ERROR] Task 25: status file reports state=failed; seed=421; message=train failed; see outputs/slurm/status/multi_seed_tsm4_20260613T122839Z/task_25_attempt_1.log; job_log=outputs/slurm/status/multi_seed_tsm4_20260613T122839Z/task_25_attempt_1.log
2026-06-13T19:56:46Z [ERROR] Task 25: validation failed; re-queueing for retry
2026-06-13T19:56:56Z [INFO] Submitting task 25 try 1/3: group=binary_train_multi_seed kind=train config=configs/binary/rgb_real_msi_deeplabv3plus_resnet34.yaml split=test seed=421 resume_checkpoint=none attempt=2
2026-06-13T19:56:56Z [INFO] Submitted task 25 (binary_train_multi_seed, train, configs/binary/rgb_real_msi_deeplabv3plus_resnet34.yaml, seed=421, resume_checkpoint=none) as job 871602, attempt 2
2026-06-13T19:57:07Z [INFO] Job 871602 for task 25 has left the Slurm queue; validating output
2026-06-13T19:57:07Z [ERROR] Task 25: status file reports state=failed; seed=421; message=train failed; see outputs/slurm/status/multi_seed_tsm4_20260613T122839Z/task_25_attempt_2.log; job_log=outputs/slurm/status/multi_seed_tsm4_20260613T122839Z/task_25_attempt_2.log
2026-06-13T19:57:07Z [ERROR] Task 25: validation failed; re-queueing for retry
2026-06-13T19:57:17Z [INFO] Submitting task 25 try 1/3: group=binary_train_multi_seed kind=train config=configs/binary/rgb_real_msi_deeplabv3plus_resnet34.yaml split=test seed=421 resume_checkpoint=none attempt=3
2026-06-13T19:57:17Z [INFO] Submitted task 25 (binary_train_multi_seed, train, configs/binary/rgb_real_msi_deeplabv3plus_resnet34.yaml, seed=421, resume_checkpoint=none) as job 871603, attempt 3
2026-06-13T19:57:27Z [INFO] Job 871603 for task 25 has left the Slurm queue; validating output
2026-06-13T19:57:28Z [ERROR] Task 25: status file reports state=failed; seed=421; message=train failed; see outputs/slurm/status/multi_seed_tsm4_20260613T122839Z/task_25_attempt_3.log; job_log=outputs/slurm/status/multi_seed_tsm4_20260613T122839Z/task_25_attempt_3.log
2026-06-13T19:57:28Z [ERROR] Task 25: validation failed; re-queueing for retry
2026-06-13T19:57:38Z [INFO] Submitting task 25 try 1/3: group=binary_train_multi_seed kind=train config=configs/binary/rgb_real_msi_deeplabv3plus_resnet34.yaml split=test seed=421 resume_checkpoint=none attempt=4
2026-06-13T19:57:38Z [INFO] Submitted task 25 (binary_train_multi_seed, train, configs/binary/rgb_real_msi_deeplabv3plus_resnet34.yaml, seed=421, resume_checkpoint=none) as job 871604, attempt 4
2026-06-13T19:57:48Z [INFO] Job 871604 for task 25 has left the Slurm queue; validating output
2026-06-13T19:57:48Z [ERROR] Task 25: status file reports state=failed; seed=421; message=train failed; see outputs/slurm/status/multi_seed_tsm4_20260613T122839Z/task_25_attempt_4.log; job_log=outputs/slurm/status/multi_seed_tsm4_20260613T122839Z/task_25_attempt_4.log
2026-06-13T19:57:48Z [ERROR] Task 25: permanent failure after 4 attempt(s)
2026-06-13T19:57:58Z [INFO] Submitting task 26 try 1/3: group=binary_train_multi_seed kind=train config=configs/binary/rgb_real_msi_segformer_b0.yaml split=test seed=421 resume_checkpoint=none attempt=1
2026-06-13T19:57:58Z [INFO] Submitted task 26 (binary_train_multi_seed, train, configs/binary/rgb_real_msi_segformer_b0.yaml, seed=421, resume_checkpoint=none) as job 871605, attempt 1
2026-06-13T19:58:09Z [INFO] Job 871605 for task 26 has left the Slurm queue; validating output
2026-06-13T19:58:09Z [ERROR] Task 26: status file reports state=failed; seed=421; message=train failed; see outputs/slurm/status/multi_seed_tsm4_20260613T122839Z/task_26_attempt_1.log; job_log=outputs/slurm/status/multi_seed_tsm4_20260613T122839Z/task_26_attempt_1.log
2026-06-13T19:58:09Z [ERROR] Task 26: validation failed; re-queueing for retry
2026-06-13T19:58:19Z [INFO] Submitting task 26 try 1/3: group=binary_train_multi_seed kind=train config=configs/binary/rgb_real_msi_segformer_b0.yaml split=test seed=421 resume_checkpoint=none attempt=2
2026-06-13T19:58:19Z [INFO] Submitted task 26 (binary_train_multi_seed, train, configs/binary/rgb_real_msi_segformer_b0.yaml, seed=421, resume_checkpoint=none) as job 871606, attempt 2
2026-06-13T19:58:29Z [INFO] Job 871606 for task 26 has left the Slurm queue; validating output
2026-06-13T19:58:29Z [ERROR] Task 26: status file reports state=failed; seed=421; message=train failed; see outputs/slurm/status/multi_seed_tsm4_20260613T122839Z/task_26_attempt_2.log; job_log=outputs/slurm/status/multi_seed_tsm4_20260613T122839Z/task_26_attempt_2.log
2026-06-13T19:58:29Z [ERROR] Task 26: validation failed; re-queueing for retry
2026-06-13T19:58:39Z [INFO] Submitting task 26 try 1/3: group=binary_train_multi_seed kind=train config=configs/binary/rgb_real_msi_segformer_b0.yaml split=test seed=421 resume_checkpoint=none attempt=3
2026-06-13T19:58:39Z [INFO] Submitted task 26 (binary_train_multi_seed, train, configs/binary/rgb_real_msi_segformer_b0.yaml, seed=421, resume_checkpoint=none) as job 871607, attempt 3
2026-06-13T19:58:49Z [INFO] Job 871607 for task 26 has left the Slurm queue; validating output
2026-06-13T19:58:50Z [ERROR] Task 26: status file reports state=failed; seed=421; message=train failed; see outputs/slurm/status/multi_seed_tsm4_20260613T122839Z/task_26_attempt_3.log; job_log=outputs/slurm/status/multi_seed_tsm4_20260613T122839Z/task_26_attempt_3.log
2026-06-13T19:58:50Z [ERROR] Task 26: validation failed; re-queueing for retry
2026-06-13T19:59:00Z [INFO] Submitting task 26 try 1/3: group=binary_train_multi_seed kind=train config=configs/binary/rgb_real_msi_segformer_b0.yaml split=test seed=421 resume_checkpoint=none attempt=4
2026-06-13T19:59:00Z [INFO] Submitted task 26 (binary_train_multi_seed, train, configs/binary/rgb_real_msi_segformer_b0.yaml, seed=421, resume_checkpoint=none) as job 871608, attempt 4
2026-06-13T19:59:11Z [INFO] Job 871608 for task 26 has left the Slurm queue; validating output
2026-06-13T19:59:14Z [ERROR] Task 26: status file reports state=failed; seed=421; message=train failed; see outputs/slurm/status/multi_seed_tsm4_20260613T122839Z/task_26_attempt_4.log; job_log=outputs/slurm/status/multi_seed_tsm4_20260613T122839Z/task_26_attempt_4.log
2026-06-13T19:59:14Z [ERROR] Task 26: permanent failure after 4 attempt(s)
2026-06-13T19:59:24Z [INFO] Submitting task 27 try 1/3: group=binary_train_multi_seed kind=train config=configs/binary/rgb_synth_msi_unetpp_resnet34.yaml split=test seed=421 resume_checkpoint=none attempt=1
2026-06-13T19:59:24Z [INFO] Submitted task 27 (binary_train_multi_seed, train, configs/binary/rgb_synth_msi_unetpp_resnet34.yaml, seed=421, resume_checkpoint=none) as job 871609, attempt 1
2026-06-13T19:59:34Z [INFO] Job 871609 for task 27 has left the Slurm queue; validating output
2026-06-13T19:59:35Z [ERROR] Task 27: status file reports state=failed; seed=421; message=train failed; see outputs/slurm/status/multi_seed_tsm4_20260613T122839Z/task_27_attempt_1.log; job_log=outputs/slurm/status/multi_seed_tsm4_20260613T122839Z/task_27_attempt_1.log
2026-06-13T19:59:35Z [ERROR] Task 27: validation failed; re-queueing for retry
2026-06-13T19:59:45Z [INFO] Submitting task 27 try 1/3: group=binary_train_multi_seed kind=train config=configs/binary/rgb_synth_msi_unetpp_resnet34.yaml split=test seed=421 resume_checkpoint=none attempt=2
2026-06-13T19:59:45Z [INFO] Submitted task 27 (binary_train_multi_seed, train, configs/binary/rgb_synth_msi_unetpp_resnet34.yaml, seed=421, resume_checkpoint=none) as job 871610, attempt 2
2026-06-13T19:59:55Z [INFO] Job 871610 for task 27 has left the Slurm queue; validating output
2026-06-13T19:59:56Z [ERROR] Task 27: status file reports state=failed; seed=421; message=train failed; see outputs/slurm/status/multi_seed_tsm4_20260613T122839Z/task_27_attempt_2.log; job_log=outputs/slurm/status/multi_seed_tsm4_20260613T122839Z/task_27_attempt_2.log
2026-06-13T19:59:56Z [ERROR] Task 27: validation failed; re-queueing for retry
2026-06-13T20:00:06Z [INFO] Submitting task 27 try 1/3: group=binary_train_multi_seed kind=train config=configs/binary/rgb_synth_msi_unetpp_resnet34.yaml split=test seed=421 resume_checkpoint=none attempt=3
2026-06-13T20:00:06Z [INFO] Submitted task 27 (binary_train_multi_seed, train, configs/binary/rgb_synth_msi_unetpp_resnet34.yaml, seed=421, resume_checkpoint=none) as job 871617, attempt 3
2026-06-13T21:12:40Z [INFO] Job 871443 for task 15 has left the Slurm queue; validating output
2026-06-13T21:12:41Z [INFO] Task 15 completed successfully
2026-06-13T21:12:51Z [INFO] Submitting task 28 try 1/3: group=binary_train_multi_seed kind=train config=configs/binary/rgb_synth_msi_deeplabv3plus_resnet34.yaml split=test seed=421 resume_checkpoint=none attempt=1
2026-06-13T21:12:51Z [INFO] Submitted task 28 (binary_train_multi_seed, train, configs/binary/rgb_synth_msi_deeplabv3plus_resnet34.yaml, seed=421, resume_checkpoint=none) as job 871690, attempt 1
2026-06-13T21:21:39Z [INFO] Job 871441 for task 13 has left the Slurm queue; validating output
2026-06-13T21:21:39Z [INFO] Task 13 completed successfully
2026-06-13T21:21:49Z [INFO] Submitting task 29 try 1/3: group=binary_train_multi_seed kind=train config=configs/binary/rgb_synth_msi_segformer_b0.yaml split=test seed=421 resume_checkpoint=none attempt=1
2026-06-13T21:21:49Z [INFO] Submitted task 29 (binary_train_multi_seed, train, configs/binary/rgb_synth_msi_segformer_b0.yaml, seed=421, resume_checkpoint=none) as job 871697, attempt 1
2026-06-13T21:46:04Z [INFO] Job 871427 for task 11 has left the Slurm queue; validating output
2026-06-13T21:46:05Z [INFO] Task 11 completed successfully
2026-06-13T21:46:15Z [INFO] Submitting task 30 try 1/3: group=binary_train_multi_seed kind=train config=configs/binary/rgb_unetpp_resnet34.yaml split=test seed=422 resume_checkpoint=none attempt=1
2026-06-13T21:46:15Z [INFO] Submitted task 30 (binary_train_multi_seed, train, configs/binary/rgb_unetpp_resnet34.yaml, seed=422, resume_checkpoint=none) as job 871712, attempt 1
2026-06-13T22:02:29Z [INFO] Job 871404 for task 9 has left the Slurm queue; validating output
2026-06-13T22:02:29Z [INFO] Task 9 completed successfully
2026-06-13T22:02:39Z [INFO] Submitting task 31 try 1/3: group=binary_train_multi_seed kind=train config=configs/binary/rgb_deeplabv3plus_resnet34.yaml split=test seed=422 resume_checkpoint=none attempt=1
2026-06-13T22:02:39Z [INFO] Submitted task 31 (binary_train_multi_seed, train, configs/binary/rgb_deeplabv3plus_resnet34.yaml, seed=422, resume_checkpoint=none) as job 871719, attempt 1
2026-06-13T23:01:18Z [INFO] Job 871434 for task 12 has left the Slurm queue; validating output
2026-06-13T23:01:19Z [INFO] Task 12 completed successfully
2026-06-13T23:01:19Z [INFO] Job 871562 for task 17 has left the Slurm queue; validating output
2026-06-13T23:01:20Z [INFO] Task 17 completed successfully
2026-06-13T23:01:30Z [INFO] Submitting task 32 try 1/3: group=binary_train_multi_seed kind=train config=configs/binary/rgb_segformer_b0.yaml split=test seed=422 resume_checkpoint=none attempt=1
2026-06-13T23:01:30Z [INFO] Submitted task 32 (binary_train_multi_seed, train, configs/binary/rgb_segformer_b0.yaml, seed=422, resume_checkpoint=none) as job 871748, attempt 1
2026-06-13T23:01:30Z [INFO] Submitting task 33 try 1/3: group=binary_train_multi_seed kind=train config=configs/binary/real_msi_unetpp_resnet34.yaml split=test seed=422 resume_checkpoint=none attempt=1
2026-06-13T23:01:30Z [INFO] Submitted task 33 (binary_train_multi_seed, train, configs/binary/real_msi_unetpp_resnet34.yaml, seed=422, resume_checkpoint=none) as job 871749, attempt 1
2026-06-13T23:24:20Z [INFO] Job 871442 for task 14 has left the Slurm queue; validating output
2026-06-13T23:24:20Z [INFO] Task 14 completed successfully
2026-06-13T23:24:30Z [INFO] Submitting task 34 try 1/3: group=binary_train_multi_seed kind=train config=configs/binary/real_msi_deeplabv3plus_resnet34.yaml split=test seed=422 resume_checkpoint=none attempt=1
2026-06-13T23:24:30Z [INFO] Submitted task 34 (binary_train_multi_seed, train, configs/binary/real_msi_deeplabv3plus_resnet34.yaml, seed=422, resume_checkpoint=none) as job 871756, attempt 1
2026-06-14T00:59:36Z [INFO] Job 871719 for task 31 has left the Slurm queue; validating output
2026-06-14T00:59:36Z [INFO] Task 31 completed successfully
2026-06-14T00:59:46Z [INFO] Submitting task 35 try 1/3: group=binary_train_multi_seed kind=train config=configs/binary/real_msi_segformer_b0.yaml split=test seed=422 resume_checkpoint=none attempt=1
2026-06-14T00:59:46Z [INFO] Submitted task 35 (binary_train_multi_seed, train, configs/binary/real_msi_segformer_b0.yaml, seed=422, resume_checkpoint=none) as job 871793, attempt 1
2026-06-14T01:02:08Z [INFO] Job 871712 for task 30 has left the Slurm queue; validating output
2026-06-14T01:02:08Z [INFO] Task 30 completed successfully
2026-06-14T01:02:19Z [INFO] Submitting task 36 try 1/3: group=binary_train_multi_seed kind=train config=configs/binary/synth_msi_unetpp_resnet34.yaml split=test seed=422 resume_checkpoint=none attempt=1
2026-06-14T01:02:19Z [INFO] Submitted task 36 (binary_train_multi_seed, train, configs/binary/synth_msi_unetpp_resnet34.yaml, seed=422, resume_checkpoint=none) as job 871800, attempt 1
2026-06-14T01:12:59Z [INFO] Job 871617 for task 27 has left the Slurm queue; validating output
2026-06-14T01:12:59Z [INFO] Task 27 completed successfully
2026-06-14T01:13:09Z [INFO] Submitting task 37 try 1/3: group=binary_train_multi_seed kind=train config=configs/binary/synth_msi_deeplabv3plus_resnet34.yaml split=test seed=422 resume_checkpoint=none attempt=1
2026-06-14T01:13:09Z [INFO] Submitted task 37 (binary_train_multi_seed, train, configs/binary/synth_msi_deeplabv3plus_resnet34.yaml, seed=422, resume_checkpoint=none) as job 871801, attempt 1
2026-06-14T01:33:35Z [INFO] Job 871756 for task 34 has left the Slurm queue; validating output
2026-06-14T01:33:35Z [INFO] Task 34 completed successfully
2026-06-14T01:33:46Z [INFO] Submitting task 38 try 1/3: group=binary_train_multi_seed kind=train config=configs/binary/synth_msi_segformer_b0.yaml split=test seed=422 resume_checkpoint=none attempt=1
2026-06-14T01:33:46Z [INFO] Submitted task 38 (binary_train_multi_seed, train, configs/binary/synth_msi_segformer_b0.yaml, seed=422, resume_checkpoint=none) as job 871814, attempt 1
2026-06-14T02:40:32Z [INFO] Job 871690 for task 28 has left the Slurm queue; validating output
2026-06-14T02:40:37Z [INFO] Task 28 completed successfully
2026-06-14T02:40:47Z [INFO] Submitting task 39 try 1/3: group=binary_train_multi_seed kind=train config=configs/binary/rgb_real_msi_unetpp_resnet34.yaml split=test seed=422 resume_checkpoint=none attempt=1
2026-06-14T02:40:47Z [INFO] Submitted task 39 (binary_train_multi_seed, train, configs/binary/rgb_real_msi_unetpp_resnet34.yaml, seed=422, resume_checkpoint=none) as job 871841, attempt 1
2026-06-14T02:54:58Z [INFO] Job 871748 for task 32 has left the Slurm queue; validating output
2026-06-14T02:54:59Z [INFO] Task 32 completed successfully
2026-06-14T02:55:09Z [INFO] Submitting task 40 try 1/3: group=binary_train_multi_seed kind=train config=configs/binary/rgb_real_msi_deeplabv3plus_resnet34.yaml split=test seed=422 resume_checkpoint=none attempt=1
2026-06-14T02:55:09Z [INFO] Submitted task 40 (binary_train_multi_seed, train, configs/binary/rgb_real_msi_deeplabv3plus_resnet34.yaml, seed=422, resume_checkpoint=none) as job 871848, attempt 1
2026-06-14T03:30:32Z [INFO] Job 871801 for task 37 has left the Slurm queue; validating output
2026-06-14T03:30:32Z [INFO] Task 37 completed successfully
2026-06-14T03:30:42Z [INFO] Submitting task 41 try 1/3: group=binary_train_multi_seed kind=train config=configs/binary/rgb_real_msi_segformer_b0.yaml split=test seed=422 resume_checkpoint=none attempt=1
2026-06-14T03:30:42Z [INFO] Submitted task 41 (binary_train_multi_seed, train, configs/binary/rgb_real_msi_segformer_b0.yaml, seed=422, resume_checkpoint=none) as job 871870, attempt 1
2026-06-14T03:56:43Z [INFO] Job 871800 for task 36 has left the Slurm queue; validating output
2026-06-14T03:56:43Z [ERROR] Task 36: status file reports state=failed; seed=422; message=evaluate failed; see outputs/slurm/status/multi_seed_tsm4_20260613T122839Z/task_36_attempt_1.log; job_log=outputs/slurm/status/multi_seed_tsm4_20260613T122839Z/task_36_attempt_1.log
2026-06-14T03:56:43Z [ERROR] Task 36: validation failed; re-queueing for retry
2026-06-14T03:56:53Z [INFO] Submitting task 36 try 1/3: group=binary_train_multi_seed kind=train config=configs/binary/synth_msi_unetpp_resnet34.yaml split=test seed=422 resume_checkpoint=none attempt=2
2026-06-14T03:56:53Z [INFO] Submitted task 36 (binary_train_multi_seed, train, configs/binary/synth_msi_unetpp_resnet34.yaml, seed=422, resume_checkpoint=none) as job 871877, attempt 2
2026-06-14T04:01:17Z [INFO] Job 871877 for task 36 has left the Slurm queue; validating output
2026-06-14T04:01:22Z [ERROR] Task 36: status file reports state=failed; seed=422; message=train failed; see outputs/slurm/status/multi_seed_tsm4_20260613T122839Z/task_36_attempt_2.log; job_log=outputs/slurm/status/multi_seed_tsm4_20260613T122839Z/task_36_attempt_2.log
2026-06-14T04:01:22Z [ERROR] Task 36: validation failed; re-queueing for retry
2026-06-14T04:01:32Z [INFO] Submitting task 36 try 1/3: group=binary_train_multi_seed kind=train config=configs/binary/synth_msi_unetpp_resnet34.yaml split=test seed=422 resume_checkpoint=none attempt=3
2026-06-14T04:01:32Z [INFO] Submitted task 36 (binary_train_multi_seed, train, configs/binary/synth_msi_unetpp_resnet34.yaml, seed=422, resume_checkpoint=none) as job 871878, attempt 3
2026-06-14T04:01:42Z [INFO] Job 871878 for task 36 has left the Slurm queue; validating output
2026-06-14T04:01:42Z [ERROR] Task 36: status file reports state=failed; seed=422; message=train failed; see outputs/slurm/status/multi_seed_tsm4_20260613T122839Z/task_36_attempt_3.log; job_log=outputs/slurm/status/multi_seed_tsm4_20260613T122839Z/task_36_attempt_3.log
2026-06-14T04:01:42Z [ERROR] Task 36: validation failed; re-queueing for retry
2026-06-14T04:01:52Z [INFO] Submitting task 36 try 1/3: group=binary_train_multi_seed kind=train config=configs/binary/synth_msi_unetpp_resnet34.yaml split=test seed=422 resume_checkpoint=none attempt=4
2026-06-14T04:01:52Z [INFO] Submitted task 36 (binary_train_multi_seed, train, configs/binary/synth_msi_unetpp_resnet34.yaml, seed=422, resume_checkpoint=none) as job 871879, attempt 4
2026-06-14T04:02:03Z [INFO] Job 871879 for task 36 has left the Slurm queue; validating output
2026-06-14T04:02:03Z [ERROR] Task 36: status file reports state=failed; seed=422; message=train failed; see outputs/slurm/status/multi_seed_tsm4_20260613T122839Z/task_36_attempt_4.log; job_log=outputs/slurm/status/multi_seed_tsm4_20260613T122839Z/task_36_attempt_4.log
2026-06-14T04:02:03Z [ERROR] Task 36: permanent failure after 4 attempt(s)
2026-06-14T04:02:13Z [INFO] Submitting task 42 try 1/3: group=binary_train_multi_seed kind=train config=configs/binary/rgb_synth_msi_unetpp_resnet34.yaml split=test seed=422 resume_checkpoint=none attempt=1
2026-06-14T04:02:13Z [INFO] Submitted task 42 (binary_train_multi_seed, train, configs/binary/rgb_synth_msi_unetpp_resnet34.yaml, seed=422, resume_checkpoint=none) as job 871880, attempt 1
2026-06-14T04:02:23Z [INFO] Job 871880 for task 42 has left the Slurm queue; validating output
2026-06-14T04:02:23Z [ERROR] Task 42: status file reports state=failed; seed=422; message=train failed; see outputs/slurm/status/multi_seed_tsm4_20260613T122839Z/task_42_attempt_1.log; job_log=outputs/slurm/status/multi_seed_tsm4_20260613T122839Z/task_42_attempt_1.log
2026-06-14T04:02:23Z [ERROR] Task 42: validation failed; re-queueing for retry
2026-06-14T04:02:33Z [INFO] Submitting task 42 try 1/3: group=binary_train_multi_seed kind=train config=configs/binary/rgb_synth_msi_unetpp_resnet34.yaml split=test seed=422 resume_checkpoint=none attempt=2
2026-06-14T04:02:33Z [INFO] Submitted task 42 (binary_train_multi_seed, train, configs/binary/rgb_synth_msi_unetpp_resnet34.yaml, seed=422, resume_checkpoint=none) as job 871881, attempt 2
2026-06-14T04:02:44Z [INFO] Job 871881 for task 42 has left the Slurm queue; validating output
2026-06-14T04:02:44Z [ERROR] Task 42: status file reports state=failed; seed=422; message=train failed; see outputs/slurm/status/multi_seed_tsm4_20260613T122839Z/task_42_attempt_2.log; job_log=outputs/slurm/status/multi_seed_tsm4_20260613T122839Z/task_42_attempt_2.log
2026-06-14T04:02:44Z [ERROR] Task 42: validation failed; re-queueing for retry
2026-06-14T04:02:54Z [INFO] Submitting task 42 try 1/3: group=binary_train_multi_seed kind=train config=configs/binary/rgb_synth_msi_unetpp_resnet34.yaml split=test seed=422 resume_checkpoint=none attempt=3
2026-06-14T04:02:54Z [INFO] Submitted task 42 (binary_train_multi_seed, train, configs/binary/rgb_synth_msi_unetpp_resnet34.yaml, seed=422, resume_checkpoint=none) as job 871882, attempt 3
2026-06-14T04:03:04Z [INFO] Job 871882 for task 42 has left the Slurm queue; validating output
2026-06-14T04:03:04Z [ERROR] Task 42: status file reports state=failed; seed=422; message=train failed; see outputs/slurm/status/multi_seed_tsm4_20260613T122839Z/task_42_attempt_3.log; job_log=outputs/slurm/status/multi_seed_tsm4_20260613T122839Z/task_42_attempt_3.log
2026-06-14T04:03:04Z [ERROR] Task 42: validation failed; re-queueing for retry
2026-06-14T04:03:14Z [INFO] Submitting task 42 try 1/3: group=binary_train_multi_seed kind=train config=configs/binary/rgb_synth_msi_unetpp_resnet34.yaml split=test seed=422 resume_checkpoint=none attempt=4
2026-06-14T04:03:15Z [INFO] Submitted task 42 (binary_train_multi_seed, train, configs/binary/rgb_synth_msi_unetpp_resnet34.yaml, seed=422, resume_checkpoint=none) as job 871883, attempt 4
2026-06-14T04:03:25Z [INFO] Job 871883 for task 42 has left the Slurm queue; validating output
2026-06-14T04:03:25Z [ERROR] Task 42: status file reports state=failed; seed=422; message=train failed; see outputs/slurm/status/multi_seed_tsm4_20260613T122839Z/task_42_attempt_4.log; job_log=outputs/slurm/status/multi_seed_tsm4_20260613T122839Z/task_42_attempt_4.log
2026-06-14T04:03:25Z [ERROR] Task 42: permanent failure after 4 attempt(s)
2026-06-14T04:03:35Z [INFO] Submitting task 43 try 1/3: group=binary_train_multi_seed kind=train config=configs/binary/rgb_synth_msi_deeplabv3plus_resnet34.yaml split=test seed=422 resume_checkpoint=none attempt=1
2026-06-14T04:03:35Z [INFO] Submitted task 43 (binary_train_multi_seed, train, configs/binary/rgb_synth_msi_deeplabv3plus_resnet34.yaml, seed=422, resume_checkpoint=none) as job 871884, attempt 1
2026-06-14T04:03:35Z [INFO] Job 871793 for task 35 has left the Slurm queue; validating output
2026-06-14T04:03:36Z [INFO] Task 35 completed successfully
2026-06-14T04:03:46Z [INFO] Submitting task 44 try 1/3: group=binary_train_multi_seed kind=train config=configs/binary/rgb_synth_msi_segformer_b0.yaml split=test seed=422 resume_checkpoint=none attempt=1
2026-06-14T04:03:46Z [INFO] Submitted task 44 (binary_train_multi_seed, train, configs/binary/rgb_synth_msi_segformer_b0.yaml, seed=422, resume_checkpoint=none) as job 871885, attempt 1
2026-06-14T04:03:46Z [INFO] Job 871884 for task 43 has left the Slurm queue; validating output
2026-06-14T04:03:46Z [ERROR] Task 43: status file reports state=failed; seed=422; message=train failed; see outputs/slurm/status/multi_seed_tsm4_20260613T122839Z/task_43_attempt_1.log; job_log=outputs/slurm/status/multi_seed_tsm4_20260613T122839Z/task_43_attempt_1.log
2026-06-14T04:03:46Z [ERROR] Task 43: validation failed; re-queueing for retry
2026-06-14T04:03:56Z [INFO] Submitting task 43 try 1/3: group=binary_train_multi_seed kind=train config=configs/binary/rgb_synth_msi_deeplabv3plus_resnet34.yaml split=test seed=422 resume_checkpoint=none attempt=2
2026-06-14T04:03:56Z [INFO] Submitted task 43 (binary_train_multi_seed, train, configs/binary/rgb_synth_msi_deeplabv3plus_resnet34.yaml, seed=422, resume_checkpoint=none) as job 871886, attempt 2
2026-06-14T04:03:56Z [INFO] Job 871885 for task 44 has left the Slurm queue; validating output
2026-06-14T04:03:56Z [ERROR] Task 44: status file reports state=failed; seed=422; message=train failed; see outputs/slurm/status/multi_seed_tsm4_20260613T122839Z/task_44_attempt_1.log; job_log=outputs/slurm/status/multi_seed_tsm4_20260613T122839Z/task_44_attempt_1.log
2026-06-14T04:03:56Z [ERROR] Task 44: validation failed; re-queueing for retry
2026-06-14T04:04:06Z [INFO] Submitting task 44 try 1/3: group=binary_train_multi_seed kind=train config=configs/binary/rgb_synth_msi_segformer_b0.yaml split=test seed=422 resume_checkpoint=none attempt=2
2026-06-14T04:04:06Z [INFO] Submitted task 44 (binary_train_multi_seed, train, configs/binary/rgb_synth_msi_segformer_b0.yaml, seed=422, resume_checkpoint=none) as job 871887, attempt 2
2026-06-14T04:04:07Z [INFO] Job 871886 for task 43 has left the Slurm queue; validating output
2026-06-14T04:04:07Z [ERROR] Task 43: status file reports state=failed; seed=422; message=train failed; see outputs/slurm/status/multi_seed_tsm4_20260613T122839Z/task_43_attempt_2.log; job_log=outputs/slurm/status/multi_seed_tsm4_20260613T122839Z/task_43_attempt_2.log
2026-06-14T04:04:07Z [ERROR] Task 43: validation failed; re-queueing for retry
2026-06-14T04:04:17Z [INFO] Submitting task 43 try 1/3: group=binary_train_multi_seed kind=train config=configs/binary/rgb_synth_msi_deeplabv3plus_resnet34.yaml split=test seed=422 resume_checkpoint=none attempt=3
2026-06-14T04:04:17Z [INFO] Submitted task 43 (binary_train_multi_seed, train, configs/binary/rgb_synth_msi_deeplabv3plus_resnet34.yaml, seed=422, resume_checkpoint=none) as job 871888, attempt 3
2026-06-14T04:04:17Z [INFO] Job 871887 for task 44 has left the Slurm queue; validating output
2026-06-14T04:04:17Z [ERROR] Task 44: status file reports state=failed; seed=422; message=train failed; see outputs/slurm/status/multi_seed_tsm4_20260613T122839Z/task_44_attempt_2.log; job_log=outputs/slurm/status/multi_seed_tsm4_20260613T122839Z/task_44_attempt_2.log
2026-06-14T04:04:17Z [ERROR] Task 44: validation failed; re-queueing for retry
2026-06-14T04:04:27Z [INFO] Submitting task 44 try 1/3: group=binary_train_multi_seed kind=train config=configs/binary/rgb_synth_msi_segformer_b0.yaml split=test seed=422 resume_checkpoint=none attempt=3
2026-06-14T04:04:27Z [INFO] Submitted task 44 (binary_train_multi_seed, train, configs/binary/rgb_synth_msi_segformer_b0.yaml, seed=422, resume_checkpoint=none) as job 871889, attempt 3
2026-06-14T04:04:27Z [INFO] Job 871888 for task 43 has left the Slurm queue; validating output
2026-06-14T04:04:27Z [ERROR] Task 43: status file reports state=failed; seed=422; message=train failed; see outputs/slurm/status/multi_seed_tsm4_20260613T122839Z/task_43_attempt_3.log; job_log=outputs/slurm/status/multi_seed_tsm4_20260613T122839Z/task_43_attempt_3.log
2026-06-14T04:04:27Z [ERROR] Task 43: validation failed; re-queueing for retry
2026-06-14T04:04:37Z [INFO] Submitting task 43 try 1/3: group=binary_train_multi_seed kind=train config=configs/binary/rgb_synth_msi_deeplabv3plus_resnet34.yaml split=test seed=422 resume_checkpoint=none attempt=4
2026-06-14T04:04:37Z [INFO] Submitted task 43 (binary_train_multi_seed, train, configs/binary/rgb_synth_msi_deeplabv3plus_resnet34.yaml, seed=422, resume_checkpoint=none) as job 871890, attempt 4
2026-06-14T04:04:37Z [INFO] Job 871889 for task 44 has left the Slurm queue; validating output
2026-06-14T04:04:37Z [ERROR] Task 44: status file reports state=failed; seed=422; message=train failed; see outputs/slurm/status/multi_seed_tsm4_20260613T122839Z/task_44_attempt_3.log; job_log=outputs/slurm/status/multi_seed_tsm4_20260613T122839Z/task_44_attempt_3.log
2026-06-14T04:04:37Z [ERROR] Task 44: validation failed; re-queueing for retry
2026-06-14T04:04:47Z [INFO] Submitting task 44 try 1/3: group=binary_train_multi_seed kind=train config=configs/binary/rgb_synth_msi_segformer_b0.yaml split=test seed=422 resume_checkpoint=none attempt=4
2026-06-14T04:04:47Z [INFO] Submitted task 44 (binary_train_multi_seed, train, configs/binary/rgb_synth_msi_segformer_b0.yaml, seed=422, resume_checkpoint=none) as job 871891, attempt 4
2026-06-14T04:04:48Z [INFO] Job 871890 for task 43 has left the Slurm queue; validating output
2026-06-14T04:04:48Z [ERROR] Task 43: status file reports state=failed; seed=422; message=train failed; see outputs/slurm/status/multi_seed_tsm4_20260613T122839Z/task_43_attempt_4.log; job_log=outputs/slurm/status/multi_seed_tsm4_20260613T122839Z/task_43_attempt_4.log
2026-06-14T04:04:48Z [ERROR] Task 43: permanent failure after 4 attempt(s)
2026-06-14T04:04:58Z [INFO] Submitting task 45 try 1/3: group=binary_train_multi_seed kind=train config=configs/binary/rgb_unetpp_resnet34.yaml split=test seed=423 resume_checkpoint=none attempt=1
2026-06-14T04:04:58Z [INFO] Submitted task 45 (binary_train_multi_seed, train, configs/binary/rgb_unetpp_resnet34.yaml, seed=423, resume_checkpoint=none) as job 871892, attempt 1
2026-06-14T04:04:58Z [INFO] Job 871891 for task 44 has left the Slurm queue; validating output
2026-06-14T04:04:59Z [ERROR] Task 44: status file reports state=failed; seed=422; message=train failed; see outputs/slurm/status/multi_seed_tsm4_20260613T122839Z/task_44_attempt_4.log; job_log=outputs/slurm/status/multi_seed_tsm4_20260613T122839Z/task_44_attempt_4.log
2026-06-14T04:04:59Z [ERROR] Task 44: permanent failure after 4 attempt(s)
2026-06-14T04:05:09Z [INFO] Submitting task 46 try 1/3: group=binary_train_multi_seed kind=train config=configs/binary/rgb_deeplabv3plus_resnet34.yaml split=test seed=423 resume_checkpoint=none attempt=1
2026-06-14T04:05:09Z [INFO] Submitted task 46 (binary_train_multi_seed, train, configs/binary/rgb_deeplabv3plus_resnet34.yaml, seed=423, resume_checkpoint=none) as job 871893, attempt 1
2026-06-14T04:05:09Z [INFO] Job 871892 for task 45 has left the Slurm queue; validating output
2026-06-14T04:05:09Z [ERROR] Task 45: status file reports state=failed; seed=423; message=train failed; see outputs/slurm/status/multi_seed_tsm4_20260613T122839Z/task_45_attempt_1.log; job_log=outputs/slurm/status/multi_seed_tsm4_20260613T122839Z/task_45_attempt_1.log
2026-06-14T04:05:09Z [ERROR] Task 45: validation failed; re-queueing for retry
2026-06-14T04:05:19Z [INFO] Submitting task 45 try 1/3: group=binary_train_multi_seed kind=train config=configs/binary/rgb_unetpp_resnet34.yaml split=test seed=423 resume_checkpoint=none attempt=2
2026-06-14T04:05:19Z [INFO] Submitted task 45 (binary_train_multi_seed, train, configs/binary/rgb_unetpp_resnet34.yaml, seed=423, resume_checkpoint=none) as job 871894, attempt 2
2026-06-14T04:05:19Z [INFO] Job 871893 for task 46 has left the Slurm queue; validating output
2026-06-14T04:05:20Z [ERROR] Task 46: status file reports state=failed; seed=423; message=train failed; see outputs/slurm/status/multi_seed_tsm4_20260613T122839Z/task_46_attempt_1.log; job_log=outputs/slurm/status/multi_seed_tsm4_20260613T122839Z/task_46_attempt_1.log
2026-06-14T04:05:20Z [ERROR] Task 46: validation failed; re-queueing for retry
2026-06-14T04:05:30Z [INFO] Submitting task 46 try 1/3: group=binary_train_multi_seed kind=train config=configs/binary/rgb_deeplabv3plus_resnet34.yaml split=test seed=423 resume_checkpoint=none attempt=2
2026-06-14T04:05:30Z [INFO] Submitted task 46 (binary_train_multi_seed, train, configs/binary/rgb_deeplabv3plus_resnet34.yaml, seed=423, resume_checkpoint=none) as job 871895, attempt 2
2026-06-14T04:05:30Z [INFO] Job 871894 for task 45 has left the Slurm queue; validating output
2026-06-14T04:05:30Z [ERROR] Task 45: status file reports state=failed; seed=423; message=train failed; see outputs/slurm/status/multi_seed_tsm4_20260613T122839Z/task_45_attempt_2.log; job_log=outputs/slurm/status/multi_seed_tsm4_20260613T122839Z/task_45_attempt_2.log
2026-06-14T04:05:30Z [ERROR] Task 45: validation failed; re-queueing for retry
2026-06-14T04:05:40Z [INFO] Submitting task 45 try 1/3: group=binary_train_multi_seed kind=train config=configs/binary/rgb_unetpp_resnet34.yaml split=test seed=423 resume_checkpoint=none attempt=3
2026-06-14T04:05:40Z [INFO] Submitted task 45 (binary_train_multi_seed, train, configs/binary/rgb_unetpp_resnet34.yaml, seed=423, resume_checkpoint=none) as job 871896, attempt 3
2026-06-14T04:05:41Z [INFO] Job 871895 for task 46 has left the Slurm queue; validating output
2026-06-14T04:05:41Z [ERROR] Task 46: status file reports state=failed; seed=423; message=train failed; see outputs/slurm/status/multi_seed_tsm4_20260613T122839Z/task_46_attempt_2.log; job_log=outputs/slurm/status/multi_seed_tsm4_20260613T122839Z/task_46_attempt_2.log
2026-06-14T04:05:41Z [ERROR] Task 46: validation failed; re-queueing for retry
2026-06-14T04:05:51Z [INFO] Submitting task 46 try 1/3: group=binary_train_multi_seed kind=train config=configs/binary/rgb_deeplabv3plus_resnet34.yaml split=test seed=423 resume_checkpoint=none attempt=3
2026-06-14T04:05:51Z [INFO] Submitted task 46 (binary_train_multi_seed, train, configs/binary/rgb_deeplabv3plus_resnet34.yaml, seed=423, resume_checkpoint=none) as job 871897, attempt 3
2026-06-14T04:05:51Z [INFO] Job 871896 for task 45 has left the Slurm queue; validating output
2026-06-14T04:05:51Z [ERROR] Task 45: status file reports state=failed; seed=423; message=train failed; see outputs/slurm/status/multi_seed_tsm4_20260613T122839Z/task_45_attempt_3.log; job_log=outputs/slurm/status/multi_seed_tsm4_20260613T122839Z/task_45_attempt_3.log
2026-06-14T04:05:51Z [ERROR] Task 45: validation failed; re-queueing for retry
2026-06-14T04:06:01Z [INFO] Submitting task 45 try 1/3: group=binary_train_multi_seed kind=train config=configs/binary/rgb_unetpp_resnet34.yaml split=test seed=423 resume_checkpoint=none attempt=4
2026-06-14T04:06:01Z [INFO] Submitted task 45 (binary_train_multi_seed, train, configs/binary/rgb_unetpp_resnet34.yaml, seed=423, resume_checkpoint=none) as job 871898, attempt 4
2026-06-14T04:06:01Z [INFO] Job 871897 for task 46 has left the Slurm queue; validating output
2026-06-14T04:06:01Z [ERROR] Task 46: status file reports state=failed; seed=423; message=train failed; see outputs/slurm/status/multi_seed_tsm4_20260613T122839Z/task_46_attempt_3.log; job_log=outputs/slurm/status/multi_seed_tsm4_20260613T122839Z/task_46_attempt_3.log
2026-06-14T04:06:01Z [ERROR] Task 46: validation failed; re-queueing for retry
2026-06-14T04:06:11Z [INFO] Submitting task 46 try 1/3: group=binary_train_multi_seed kind=train config=configs/binary/rgb_deeplabv3plus_resnet34.yaml split=test seed=423 resume_checkpoint=none attempt=4
2026-06-14T04:06:11Z [INFO] Submitted task 46 (binary_train_multi_seed, train, configs/binary/rgb_deeplabv3plus_resnet34.yaml, seed=423, resume_checkpoint=none) as job 871899, attempt 4
2026-06-14T04:06:12Z [INFO] Job 871898 for task 45 has left the Slurm queue; validating output
2026-06-14T04:06:12Z [ERROR] Task 45: status file reports state=failed; seed=423; message=train failed; see outputs/slurm/status/multi_seed_tsm4_20260613T122839Z/task_45_attempt_4.log; job_log=outputs/slurm/status/multi_seed_tsm4_20260613T122839Z/task_45_attempt_4.log
2026-06-14T04:06:12Z [ERROR] Task 45: permanent failure after 4 attempt(s)
2026-06-14T04:06:12Z [INFO] Job 871899 for task 46 has left the Slurm queue; validating output
2026-06-14T04:06:12Z [ERROR] Task 46: status file reports state=failed; seed=423; message=train failed; see outputs/slurm/status/multi_seed_tsm4_20260613T122839Z/task_46_attempt_4.log; job_log=outputs/slurm/status/multi_seed_tsm4_20260613T122839Z/task_46_attempt_4.log
2026-06-14T04:06:12Z [ERROR] Task 46: permanent failure after 4 attempt(s)
2026-06-14T04:06:22Z [INFO] Submitting task 47 try 1/3: group=binary_train_multi_seed kind=train config=configs/binary/rgb_segformer_b0.yaml split=test seed=423 resume_checkpoint=none attempt=1
2026-06-14T04:06:22Z [INFO] Submitted task 47 (binary_train_multi_seed, train, configs/binary/rgb_segformer_b0.yaml, seed=423, resume_checkpoint=none) as job 871900, attempt 1
2026-06-14T04:06:22Z [INFO] Submitting task 48 try 1/3: group=binary_train_multi_seed kind=train config=configs/binary/real_msi_unetpp_resnet34.yaml split=test seed=423 resume_checkpoint=none attempt=1
2026-06-14T04:06:22Z [INFO] Submitted task 48 (binary_train_multi_seed, train, configs/binary/real_msi_unetpp_resnet34.yaml, seed=423, resume_checkpoint=none) as job 871901, attempt 1
2026-06-14T04:06:33Z [INFO] Job 871900 for task 47 has left the Slurm queue; validating output
2026-06-14T04:06:33Z [ERROR] Task 47: status file reports state=failed; seed=423; message=train failed; see outputs/slurm/status/multi_seed_tsm4_20260613T122839Z/task_47_attempt_1.log; job_log=outputs/slurm/status/multi_seed_tsm4_20260613T122839Z/task_47_attempt_1.log
2026-06-14T04:06:33Z [ERROR] Task 47: validation failed; re-queueing for retry
2026-06-14T04:06:43Z [INFO] Submitting task 47 try 1/3: group=binary_train_multi_seed kind=train config=configs/binary/rgb_segformer_b0.yaml split=test seed=423 resume_checkpoint=none attempt=2
2026-06-14T04:06:43Z [INFO] Submitted task 47 (binary_train_multi_seed, train, configs/binary/rgb_segformer_b0.yaml, seed=423, resume_checkpoint=none) as job 871902, attempt 2
2026-06-14T04:06:53Z [INFO] Job 871902 for task 47 has left the Slurm queue; validating output
2026-06-14T04:06:54Z [ERROR] Task 47: status file reports state=failed; seed=423; message=train failed; see outputs/slurm/status/multi_seed_tsm4_20260613T122839Z/task_47_attempt_2.log; job_log=outputs/slurm/status/multi_seed_tsm4_20260613T122839Z/task_47_attempt_2.log
2026-06-14T04:06:54Z [ERROR] Task 47: validation failed; re-queueing for retry
2026-06-14T04:07:04Z [INFO] Submitting task 47 try 1/3: group=binary_train_multi_seed kind=train config=configs/binary/rgb_segformer_b0.yaml split=test seed=423 resume_checkpoint=none attempt=3
2026-06-14T04:07:04Z [INFO] Submitted task 47 (binary_train_multi_seed, train, configs/binary/rgb_segformer_b0.yaml, seed=423, resume_checkpoint=none) as job 871903, attempt 3
2026-06-14T04:07:14Z [INFO] Job 871903 for task 47 has left the Slurm queue; validating output
2026-06-14T04:07:14Z [ERROR] Task 47: status file reports state=failed; seed=423; message=train failed; see outputs/slurm/status/multi_seed_tsm4_20260613T122839Z/task_47_attempt_3.log; job_log=outputs/slurm/status/multi_seed_tsm4_20260613T122839Z/task_47_attempt_3.log
2026-06-14T04:07:14Z [ERROR] Task 47: validation failed; re-queueing for retry
2026-06-14T04:07:24Z [INFO] Submitting task 47 try 1/3: group=binary_train_multi_seed kind=train config=configs/binary/rgb_segformer_b0.yaml split=test seed=423 resume_checkpoint=none attempt=4
2026-06-14T04:07:24Z [INFO] Submitted task 47 (binary_train_multi_seed, train, configs/binary/rgb_segformer_b0.yaml, seed=423, resume_checkpoint=none) as job 871904, attempt 4
2026-06-14T04:07:34Z [INFO] Job 871904 for task 47 has left the Slurm queue; validating output
2026-06-14T04:07:36Z [ERROR] Task 47: status file reports state=failed; seed=423; message=train failed; see outputs/slurm/status/multi_seed_tsm4_20260613T122839Z/task_47_attempt_4.log; job_log=outputs/slurm/status/multi_seed_tsm4_20260613T122839Z/task_47_attempt_4.log
2026-06-14T04:07:36Z [ERROR] Task 47: permanent failure after 4 attempt(s)
2026-06-14T04:07:46Z [INFO] Submitting task 49 try 1/3: group=binary_train_multi_seed kind=train config=configs/binary/real_msi_deeplabv3plus_resnet34.yaml split=test seed=423 resume_checkpoint=none attempt=1
2026-06-14T04:07:46Z [INFO] Submitted task 49 (binary_train_multi_seed, train, configs/binary/real_msi_deeplabv3plus_resnet34.yaml, seed=423, resume_checkpoint=none) as job 871905, attempt 1
2026-06-14T04:07:56Z [INFO] Job 871905 for task 49 has left the Slurm queue; validating output
2026-06-14T04:07:56Z [ERROR] Task 49: status file reports state=failed; seed=423; message=train failed; see outputs/slurm/status/multi_seed_tsm4_20260613T122839Z/task_49_attempt_1.log; job_log=outputs/slurm/status/multi_seed_tsm4_20260613T122839Z/task_49_attempt_1.log
2026-06-14T04:07:56Z [ERROR] Task 49: validation failed; re-queueing for retry
2026-06-14T04:08:06Z [INFO] Submitting task 49 try 1/3: group=binary_train_multi_seed kind=train config=configs/binary/real_msi_deeplabv3plus_resnet34.yaml split=test seed=423 resume_checkpoint=none attempt=2
2026-06-14T04:08:07Z [INFO] Submitted task 49 (binary_train_multi_seed, train, configs/binary/real_msi_deeplabv3plus_resnet34.yaml, seed=423, resume_checkpoint=none) as job 871906, attempt 2
2026-06-14T04:08:22Z [INFO] Job 871906 for task 49 has left the Slurm queue; validating output
2026-06-14T04:08:22Z [ERROR] Task 49: status file reports state=failed; seed=423; message=train failed; see outputs/slurm/status/multi_seed_tsm4_20260613T122839Z/task_49_attempt_2.log; job_log=outputs/slurm/status/multi_seed_tsm4_20260613T122839Z/task_49_attempt_2.log
2026-06-14T04:08:22Z [ERROR] Task 49: validation failed; re-queueing for retry
2026-06-14T04:08:32Z [INFO] Submitting task 49 try 1/3: group=binary_train_multi_seed kind=train config=configs/binary/real_msi_deeplabv3plus_resnet34.yaml split=test seed=423 resume_checkpoint=none attempt=3
2026-06-14T04:08:32Z [INFO] Submitted task 49 (binary_train_multi_seed, train, configs/binary/real_msi_deeplabv3plus_resnet34.yaml, seed=423, resume_checkpoint=none) as job 871907, attempt 3
2026-06-14T04:08:42Z [INFO] Job 871907 for task 49 has left the Slurm queue; validating output
2026-06-14T04:08:42Z [ERROR] Task 49: status file reports state=failed; seed=423; message=train failed; see outputs/slurm/status/multi_seed_tsm4_20260613T122839Z/task_49_attempt_3.log; job_log=outputs/slurm/status/multi_seed_tsm4_20260613T122839Z/task_49_attempt_3.log
2026-06-14T04:08:42Z [ERROR] Task 49: validation failed; re-queueing for retry
2026-06-14T04:08:52Z [INFO] Submitting task 49 try 1/3: group=binary_train_multi_seed kind=train config=configs/binary/real_msi_deeplabv3plus_resnet34.yaml split=test seed=423 resume_checkpoint=none attempt=4
2026-06-14T04:08:52Z [INFO] Submitted task 49 (binary_train_multi_seed, train, configs/binary/real_msi_deeplabv3plus_resnet34.yaml, seed=423, resume_checkpoint=none) as job 871908, attempt 4
2026-06-14T04:09:02Z [INFO] Job 871908 for task 49 has left the Slurm queue; validating output
2026-06-14T04:09:02Z [ERROR] Task 49: status file reports state=failed; seed=423; message=train failed; see outputs/slurm/status/multi_seed_tsm4_20260613T122839Z/task_49_attempt_4.log; job_log=outputs/slurm/status/multi_seed_tsm4_20260613T122839Z/task_49_attempt_4.log
2026-06-14T04:09:02Z [ERROR] Task 49: permanent failure after 4 attempt(s)
2026-06-14T04:09:12Z [INFO] Submitting task 50 try 1/3: group=binary_train_multi_seed kind=train config=configs/binary/real_msi_segformer_b0.yaml split=test seed=423 resume_checkpoint=none attempt=1
2026-06-14T04:09:12Z [INFO] Submitted task 50 (binary_train_multi_seed, train, configs/binary/real_msi_segformer_b0.yaml, seed=423, resume_checkpoint=none) as job 871909, attempt 1
2026-06-14T04:13:26Z [INFO] Job 871697 for task 29 has left the Slurm queue; validating output
2026-06-14T04:13:27Z [INFO] Task 29 completed successfully
2026-06-14T04:13:37Z [INFO] Submitting task 51 try 1/3: group=binary_train_multi_seed kind=train config=configs/binary/synth_msi_unetpp_resnet34.yaml split=test seed=423 resume_checkpoint=none attempt=1
2026-06-14T04:13:37Z [INFO] Submitted task 51 (binary_train_multi_seed, train, configs/binary/synth_msi_unetpp_resnet34.yaml, seed=423, resume_checkpoint=none) as job 871910, attempt 1
2026-06-14T04:13:47Z [INFO] Job 871910 for task 51 has left the Slurm queue; validating output
2026-06-14T04:13:47Z [ERROR] Task 51: status file reports state=failed; seed=423; message=train failed; see outputs/slurm/status/multi_seed_tsm4_20260613T122839Z/task_51_attempt_1.log; job_log=outputs/slurm/status/multi_seed_tsm4_20260613T122839Z/task_51_attempt_1.log
2026-06-14T04:13:47Z [ERROR] Task 51: validation failed; re-queueing for retry
2026-06-14T04:13:57Z [INFO] Submitting task 51 try 1/3: group=binary_train_multi_seed kind=train config=configs/binary/synth_msi_unetpp_resnet34.yaml split=test seed=423 resume_checkpoint=none attempt=2
2026-06-14T04:13:57Z [INFO] Submitted task 51 (binary_train_multi_seed, train, configs/binary/synth_msi_unetpp_resnet34.yaml, seed=423, resume_checkpoint=none) as job 871911, attempt 2
2026-06-14T04:13:57Z [INFO] Job 871749 for task 33 has left the Slurm queue; validating output
2026-06-14T04:13:57Z [INFO] Task 33 completed successfully
2026-06-14T04:14:08Z [INFO] Submitting task 52 try 1/3: group=binary_train_multi_seed kind=train config=configs/binary/synth_msi_deeplabv3plus_resnet34.yaml split=test seed=423 resume_checkpoint=none attempt=1
2026-06-14T04:14:08Z [INFO] Submitted task 52 (binary_train_multi_seed, train, configs/binary/synth_msi_deeplabv3plus_resnet34.yaml, seed=423, resume_checkpoint=none) as job 871912, attempt 1
2026-06-14T04:14:08Z [INFO] Job 871911 for task 51 has left the Slurm queue; validating output
2026-06-14T04:14:08Z [ERROR] Task 51: status file reports state=failed; seed=423; message=train failed; see outputs/slurm/status/multi_seed_tsm4_20260613T122839Z/task_51_attempt_2.log; job_log=outputs/slurm/status/multi_seed_tsm4_20260613T122839Z/task_51_attempt_2.log
2026-06-14T04:14:09Z [ERROR] Task 51: validation failed; re-queueing for retry
2026-06-14T04:14:09Z [INFO] Job 871912 for task 52 has left the Slurm queue; validating output
2026-06-14T04:14:09Z [ERROR] Task 52: status file reports state=failed; seed=423; message=train failed; see outputs/slurm/status/multi_seed_tsm4_20260613T122839Z/task_52_attempt_1.log; job_log=outputs/slurm/status/multi_seed_tsm4_20260613T122839Z/task_52_attempt_1.log
2026-06-14T04:14:09Z [ERROR] Task 52: validation failed; re-queueing for retry
2026-06-14T04:14:19Z [INFO] Submitting task 51 try 1/3: group=binary_train_multi_seed kind=train config=configs/binary/synth_msi_unetpp_resnet34.yaml split=test seed=423 resume_checkpoint=none attempt=3
2026-06-14T04:14:19Z [INFO] Submitted task 51 (binary_train_multi_seed, train, configs/binary/synth_msi_unetpp_resnet34.yaml, seed=423, resume_checkpoint=none) as job 871913, attempt 3
2026-06-14T04:14:19Z [INFO] Submitting task 52 try 1/3: group=binary_train_multi_seed kind=train config=configs/binary/synth_msi_deeplabv3plus_resnet34.yaml split=test seed=423 resume_checkpoint=none attempt=2
2026-06-14T04:14:19Z [INFO] Submitted task 52 (binary_train_multi_seed, train, configs/binary/synth_msi_deeplabv3plus_resnet34.yaml, seed=423, resume_checkpoint=none) as job 871914, attempt 2
2026-06-14T04:14:29Z [INFO] Job 871913 for task 51 has left the Slurm queue; validating output
2026-06-14T04:14:32Z [ERROR] Task 51: status file reports state=failed; seed=423; message=train failed; see outputs/slurm/status/multi_seed_tsm4_20260613T122839Z/task_51_attempt_3.log; job_log=outputs/slurm/status/multi_seed_tsm4_20260613T122839Z/task_51_attempt_3.log
2026-06-14T04:14:32Z [ERROR] Task 51: validation failed; re-queueing for retry
2026-06-14T04:14:32Z [INFO] Job 871914 for task 52 has left the Slurm queue; validating output
2026-06-14T04:14:33Z [ERROR] Task 52: status file reports state=failed; seed=423; message=train failed; see outputs/slurm/status/multi_seed_tsm4_20260613T122839Z/task_52_attempt_2.log; job_log=outputs/slurm/status/multi_seed_tsm4_20260613T122839Z/task_52_attempt_2.log
2026-06-14T04:14:33Z [ERROR] Task 52: validation failed; re-queueing for retry
2026-06-14T04:14:43Z [INFO] Submitting task 51 try 1/3: group=binary_train_multi_seed kind=train config=configs/binary/synth_msi_unetpp_resnet34.yaml split=test seed=423 resume_checkpoint=none attempt=4
2026-06-14T04:14:43Z [INFO] Submitted task 51 (binary_train_multi_seed, train, configs/binary/synth_msi_unetpp_resnet34.yaml, seed=423, resume_checkpoint=none) as job 871915, attempt 4
2026-06-14T04:14:43Z [INFO] Submitting task 52 try 1/3: group=binary_train_multi_seed kind=train config=configs/binary/synth_msi_deeplabv3plus_resnet34.yaml split=test seed=423 resume_checkpoint=none attempt=3
2026-06-14T04:14:43Z [INFO] Submitted task 52 (binary_train_multi_seed, train, configs/binary/synth_msi_deeplabv3plus_resnet34.yaml, seed=423, resume_checkpoint=none) as job 871916, attempt 3
2026-06-14T04:14:54Z [INFO] Job 871915 for task 51 has left the Slurm queue; validating output
2026-06-14T04:14:54Z [ERROR] Task 51: status file reports state=failed; seed=423; message=train failed; see outputs/slurm/status/multi_seed_tsm4_20260613T122839Z/task_51_attempt_4.log; job_log=outputs/slurm/status/multi_seed_tsm4_20260613T122839Z/task_51_attempt_4.log
2026-06-14T04:14:54Z [ERROR] Task 51: permanent failure after 4 attempt(s)
2026-06-14T04:14:54Z [INFO] Job 871916 for task 52 has left the Slurm queue; validating output
2026-06-14T04:14:54Z [ERROR] Task 52: status file reports state=failed; seed=423; message=train failed; see outputs/slurm/status/multi_seed_tsm4_20260613T122839Z/task_52_attempt_3.log; job_log=outputs/slurm/status/multi_seed_tsm4_20260613T122839Z/task_52_attempt_3.log
2026-06-14T04:14:54Z [ERROR] Task 52: validation failed; re-queueing for retry
2026-06-14T04:15:04Z [INFO] Submitting task 52 try 1/3: group=binary_train_multi_seed kind=train config=configs/binary/synth_msi_deeplabv3plus_resnet34.yaml split=test seed=423 resume_checkpoint=none attempt=4
2026-06-14T04:15:04Z [INFO] Submitted task 52 (binary_train_multi_seed, train, configs/binary/synth_msi_deeplabv3plus_resnet34.yaml, seed=423, resume_checkpoint=none) as job 871917, attempt 4
2026-06-14T04:15:04Z [INFO] Submitting task 53 try 1/3: group=binary_train_multi_seed kind=train config=configs/binary/synth_msi_segformer_b0.yaml split=test seed=423 resume_checkpoint=none attempt=1
2026-06-14T04:15:04Z [INFO] Submitted task 53 (binary_train_multi_seed, train, configs/binary/synth_msi_segformer_b0.yaml, seed=423, resume_checkpoint=none) as job 871918, attempt 1
2026-06-14T04:15:14Z [INFO] Job 871917 for task 52 has left the Slurm queue; validating output
2026-06-14T04:15:15Z [ERROR] Task 52: status file reports state=failed; seed=423; message=train failed; see outputs/slurm/status/multi_seed_tsm4_20260613T122839Z/task_52_attempt_4.log; job_log=outputs/slurm/status/multi_seed_tsm4_20260613T122839Z/task_52_attempt_4.log
2026-06-14T04:15:15Z [ERROR] Task 52: permanent failure after 4 attempt(s)
2026-06-14T04:15:15Z [INFO] Job 871918 for task 53 has left the Slurm queue; validating output
2026-06-14T04:15:15Z [ERROR] Task 53: status file reports state=failed; seed=423; message=train failed; see outputs/slurm/status/multi_seed_tsm4_20260613T122839Z/task_53_attempt_1.log; job_log=outputs/slurm/status/multi_seed_tsm4_20260613T122839Z/task_53_attempt_1.log
2026-06-14T04:15:15Z [ERROR] Task 53: validation failed; re-queueing for retry
2026-06-14T04:15:25Z [INFO] Submitting task 53 try 1/3: group=binary_train_multi_seed kind=train config=configs/binary/synth_msi_segformer_b0.yaml split=test seed=423 resume_checkpoint=none attempt=2
2026-06-14T04:15:25Z [INFO] Submitted task 53 (binary_train_multi_seed, train, configs/binary/synth_msi_segformer_b0.yaml, seed=423, resume_checkpoint=none) as job 871925, attempt 2
2026-06-14T04:15:25Z [INFO] Submitting task 54 try 1/3: group=binary_train_multi_seed kind=train config=configs/binary/rgb_real_msi_unetpp_resnet34.yaml split=test seed=423 resume_checkpoint=none attempt=1
2026-06-14T04:15:26Z [INFO] Submitted task 54 (binary_train_multi_seed, train, configs/binary/rgb_real_msi_unetpp_resnet34.yaml, seed=423, resume_checkpoint=none) as job 871926, attempt 1
2026-06-14T04:15:36Z [INFO] Job 871814 for task 38 has left the Slurm queue; validating output
2026-06-14T04:15:36Z [ERROR] Task 38: status file reports state=failed; seed=422; message=evaluate failed; see outputs/slurm/status/multi_seed_tsm4_20260613T122839Z/task_38_attempt_1.log; job_log=outputs/slurm/status/multi_seed_tsm4_20260613T122839Z/task_38_attempt_1.log
2026-06-14T04:15:36Z [ERROR] Task 38: validation failed; re-queueing for retry
2026-06-14T04:15:36Z [INFO] Job 871925 for task 53 has left the Slurm queue; validating output
2026-06-14T04:15:36Z [ERROR] Task 53: status file reports state=failed; seed=423; message=train failed; see outputs/slurm/status/multi_seed_tsm4_20260613T122839Z/task_53_attempt_2.log; job_log=outputs/slurm/status/multi_seed_tsm4_20260613T122839Z/task_53_attempt_2.log
2026-06-14T04:15:36Z [ERROR] Task 53: validation failed; re-queueing for retry
2026-06-14T04:15:36Z [INFO] Job 871926 for task 54 has left the Slurm queue; validating output
2026-06-14T04:15:36Z [ERROR] Task 54: status file reports state=failed; seed=423; message=train failed; see outputs/slurm/status/multi_seed_tsm4_20260613T122839Z/task_54_attempt_1.log; job_log=outputs/slurm/status/multi_seed_tsm4_20260613T122839Z/task_54_attempt_1.log
2026-06-14T04:15:36Z [ERROR] Task 54: validation failed; re-queueing for retry
2026-06-14T04:15:46Z [INFO] Submitting task 38 try 1/3: group=binary_train_multi_seed kind=train config=configs/binary/synth_msi_segformer_b0.yaml split=test seed=422 resume_checkpoint=none attempt=2
2026-06-14T04:15:46Z [INFO] Submitted task 38 (binary_train_multi_seed, train, configs/binary/synth_msi_segformer_b0.yaml, seed=422, resume_checkpoint=none) as job 871927, attempt 2
2026-06-14T04:15:46Z [INFO] Submitting task 53 try 1/3: group=binary_train_multi_seed kind=train config=configs/binary/synth_msi_segformer_b0.yaml split=test seed=423 resume_checkpoint=none attempt=3
2026-06-14T04:15:46Z [INFO] Submitted task 53 (binary_train_multi_seed, train, configs/binary/synth_msi_segformer_b0.yaml, seed=423, resume_checkpoint=none) as job 871928, attempt 3
2026-06-14T04:15:46Z [INFO] Submitting task 54 try 1/3: group=binary_train_multi_seed kind=train config=configs/binary/rgb_real_msi_unetpp_resnet34.yaml split=test seed=423 resume_checkpoint=none attempt=2
2026-06-14T04:15:46Z [INFO] Submitted task 54 (binary_train_multi_seed, train, configs/binary/rgb_real_msi_unetpp_resnet34.yaml, seed=423, resume_checkpoint=none) as job 871929, attempt 2
2026-06-14T04:15:56Z [INFO] Job 871927 for task 38 has left the Slurm queue; validating output
2026-06-14T04:15:57Z [ERROR] Task 38: status file reports state=failed; seed=422; message=train failed; see outputs/slurm/status/multi_seed_tsm4_20260613T122839Z/task_38_attempt_2.log; job_log=outputs/slurm/status/multi_seed_tsm4_20260613T122839Z/task_38_attempt_2.log
2026-06-14T04:15:57Z [ERROR] Task 38: validation failed; re-queueing for retry
2026-06-14T04:15:57Z [INFO] Job 871928 for task 53 has left the Slurm queue; validating output
2026-06-14T04:15:57Z [ERROR] Task 53: status file reports state=failed; seed=423; message=train failed; see outputs/slurm/status/multi_seed_tsm4_20260613T122839Z/task_53_attempt_3.log; job_log=outputs/slurm/status/multi_seed_tsm4_20260613T122839Z/task_53_attempt_3.log
2026-06-14T04:15:57Z [ERROR] Task 53: validation failed; re-queueing for retry
2026-06-14T04:15:57Z [INFO] Job 871929 for task 54 has left the Slurm queue; validating output
2026-06-14T04:15:57Z [ERROR] Task 54: status file reports state=failed; seed=423; message=train failed; see outputs/slurm/status/multi_seed_tsm4_20260613T122839Z/task_54_attempt_2.log; job_log=outputs/slurm/status/multi_seed_tsm4_20260613T122839Z/task_54_attempt_2.log
2026-06-14T04:15:57Z [ERROR] Task 54: validation failed; re-queueing for retry
2026-06-14T04:16:07Z [INFO] Submitting task 38 try 1/3: group=binary_train_multi_seed kind=train config=configs/binary/synth_msi_segformer_b0.yaml split=test seed=422 resume_checkpoint=none attempt=3
2026-06-14T04:16:07Z [INFO] Submitted task 38 (binary_train_multi_seed, train, configs/binary/synth_msi_segformer_b0.yaml, seed=422, resume_checkpoint=none) as job 871930, attempt 3
2026-06-14T04:16:07Z [INFO] Submitting task 53 try 1/3: group=binary_train_multi_seed kind=train config=configs/binary/synth_msi_segformer_b0.yaml split=test seed=423 resume_checkpoint=none attempt=4
2026-06-14T04:16:07Z [INFO] Submitted task 53 (binary_train_multi_seed, train, configs/binary/synth_msi_segformer_b0.yaml, seed=423, resume_checkpoint=none) as job 871931, attempt 4
2026-06-14T04:16:07Z [INFO] Submitting task 54 try 1/3: group=binary_train_multi_seed kind=train config=configs/binary/rgb_real_msi_unetpp_resnet34.yaml split=test seed=423 resume_checkpoint=none attempt=3
2026-06-14T04:16:07Z [INFO] Submitted task 54 (binary_train_multi_seed, train, configs/binary/rgb_real_msi_unetpp_resnet34.yaml, seed=423, resume_checkpoint=none) as job 871932, attempt 3
2026-06-14T04:16:17Z [INFO] Job 871930 for task 38 has left the Slurm queue; validating output
2026-06-14T04:16:17Z [ERROR] Task 38: status file reports state=failed; seed=422; message=train failed; see outputs/slurm/status/multi_seed_tsm4_20260613T122839Z/task_38_attempt_3.log; job_log=outputs/slurm/status/multi_seed_tsm4_20260613T122839Z/task_38_attempt_3.log
2026-06-14T04:16:17Z [ERROR] Task 38: validation failed; re-queueing for retry
2026-06-14T04:16:18Z [INFO] Job 871931 for task 53 has left the Slurm queue; validating output
2026-06-14T04:16:18Z [ERROR] Task 53: status file reports state=failed; seed=423; message=train failed; see outputs/slurm/status/multi_seed_tsm4_20260613T122839Z/task_53_attempt_4.log; job_log=outputs/slurm/status/multi_seed_tsm4_20260613T122839Z/task_53_attempt_4.log
2026-06-14T04:16:18Z [ERROR] Task 53: permanent failure after 4 attempt(s)
2026-06-14T04:16:18Z [INFO] Job 871932 for task 54 has left the Slurm queue; validating output
2026-06-14T04:16:18Z [ERROR] Task 54: status file reports state=failed; seed=423; message=train failed; see outputs/slurm/status/multi_seed_tsm4_20260613T122839Z/task_54_attempt_3.log; job_log=outputs/slurm/status/multi_seed_tsm4_20260613T122839Z/task_54_attempt_3.log
2026-06-14T04:16:18Z [ERROR] Task 54: validation failed; re-queueing for retry
2026-06-14T04:16:28Z [INFO] Submitting task 38 try 1/3: group=binary_train_multi_seed kind=train config=configs/binary/synth_msi_segformer_b0.yaml split=test seed=422 resume_checkpoint=none attempt=4
2026-06-14T04:16:28Z [INFO] Submitted task 38 (binary_train_multi_seed, train, configs/binary/synth_msi_segformer_b0.yaml, seed=422, resume_checkpoint=none) as job 871933, attempt 4
2026-06-14T04:16:28Z [INFO] Submitting task 54 try 1/3: group=binary_train_multi_seed kind=train config=configs/binary/rgb_real_msi_unetpp_resnet34.yaml split=test seed=423 resume_checkpoint=none attempt=4
2026-06-14T04:16:28Z [INFO] Submitted task 54 (binary_train_multi_seed, train, configs/binary/rgb_real_msi_unetpp_resnet34.yaml, seed=423, resume_checkpoint=none) as job 871934, attempt 4
2026-06-14T04:16:28Z [INFO] Submitting task 55 try 1/3: group=binary_train_multi_seed kind=train config=configs/binary/rgb_real_msi_deeplabv3plus_resnet34.yaml split=test seed=423 resume_checkpoint=none attempt=1
2026-06-14T04:16:28Z [INFO] Submitted task 55 (binary_train_multi_seed, train, configs/binary/rgb_real_msi_deeplabv3plus_resnet34.yaml, seed=423, resume_checkpoint=none) as job 871935, attempt 1
2026-06-14T04:16:38Z [INFO] Job 871933 for task 38 has left the Slurm queue; validating output
2026-06-14T04:16:38Z [ERROR] Task 38: status file reports state=failed; seed=422; message=train failed; see outputs/slurm/status/multi_seed_tsm4_20260613T122839Z/task_38_attempt_4.log; job_log=outputs/slurm/status/multi_seed_tsm4_20260613T122839Z/task_38_attempt_4.log
2026-06-14T04:16:38Z [ERROR] Task 38: permanent failure after 4 attempt(s)
2026-06-14T04:16:38Z [INFO] Job 871934 for task 54 has left the Slurm queue; validating output
2026-06-14T04:16:39Z [ERROR] Task 54: status file reports state=failed; seed=423; message=train failed; see outputs/slurm/status/multi_seed_tsm4_20260613T122839Z/task_54_attempt_4.log; job_log=outputs/slurm/status/multi_seed_tsm4_20260613T122839Z/task_54_attempt_4.log
2026-06-14T04:16:39Z [ERROR] Task 54: permanent failure after 4 attempt(s)
2026-06-14T04:16:39Z [INFO] Job 871935 for task 55 has left the Slurm queue; validating output
2026-06-14T04:16:39Z [ERROR] Task 55: status file reports state=failed; seed=423; message=train failed; see outputs/slurm/status/multi_seed_tsm4_20260613T122839Z/task_55_attempt_1.log; job_log=outputs/slurm/status/multi_seed_tsm4_20260613T122839Z/task_55_attempt_1.log
2026-06-14T04:16:39Z [ERROR] Task 55: validation failed; re-queueing for retry
2026-06-14T04:16:49Z [INFO] Submitting task 55 try 1/3: group=binary_train_multi_seed kind=train config=configs/binary/rgb_real_msi_deeplabv3plus_resnet34.yaml split=test seed=423 resume_checkpoint=none attempt=2
2026-06-14T04:16:49Z [INFO] Submitted task 55 (binary_train_multi_seed, train, configs/binary/rgb_real_msi_deeplabv3plus_resnet34.yaml, seed=423, resume_checkpoint=none) as job 871936, attempt 2
2026-06-14T04:16:49Z [INFO] Submitting task 56 try 1/3: group=binary_train_multi_seed kind=train config=configs/binary/rgb_real_msi_segformer_b0.yaml split=test seed=423 resume_checkpoint=none attempt=1
2026-06-14T04:16:49Z [INFO] Submitted task 56 (binary_train_multi_seed, train, configs/binary/rgb_real_msi_segformer_b0.yaml, seed=423, resume_checkpoint=none) as job 871937, attempt 1
2026-06-14T04:16:49Z [INFO] Submitting task 57 try 1/3: group=binary_train_multi_seed kind=train config=configs/binary/rgb_synth_msi_unetpp_resnet34.yaml split=test seed=423 resume_checkpoint=none attempt=1
2026-06-14T04:16:49Z [INFO] Submitted task 57 (binary_train_multi_seed, train, configs/binary/rgb_synth_msi_unetpp_resnet34.yaml, seed=423, resume_checkpoint=none) as job 871938, attempt 1
2026-06-14T04:16:59Z [INFO] Job 871936 for task 55 has left the Slurm queue; validating output
2026-06-14T04:16:59Z [ERROR] Task 55: status file reports state=failed; seed=423; message=train failed; see outputs/slurm/status/multi_seed_tsm4_20260613T122839Z/task_55_attempt_2.log; job_log=outputs/slurm/status/multi_seed_tsm4_20260613T122839Z/task_55_attempt_2.log
2026-06-14T04:16:59Z [ERROR] Task 55: validation failed; re-queueing for retry
2026-06-14T04:16:59Z [INFO] Job 871937 for task 56 has left the Slurm queue; validating output
2026-06-14T04:16:59Z [ERROR] Task 56: status file reports state=failed; seed=423; message=train failed; see outputs/slurm/status/multi_seed_tsm4_20260613T122839Z/task_56_attempt_1.log; job_log=outputs/slurm/status/multi_seed_tsm4_20260613T122839Z/task_56_attempt_1.log
2026-06-14T04:16:59Z [ERROR] Task 56: validation failed; re-queueing for retry
2026-06-14T04:16:59Z [INFO] Job 871938 for task 57 has left the Slurm queue; validating output
2026-06-14T04:17:00Z [ERROR] Task 57: status file reports state=failed; seed=423; message=train failed; see outputs/slurm/status/multi_seed_tsm4_20260613T122839Z/task_57_attempt_1.log; job_log=outputs/slurm/status/multi_seed_tsm4_20260613T122839Z/task_57_attempt_1.log
2026-06-14T04:17:00Z [ERROR] Task 57: validation failed; re-queueing for retry
2026-06-14T04:17:10Z [INFO] Submitting task 55 try 1/3: group=binary_train_multi_seed kind=train config=configs/binary/rgb_real_msi_deeplabv3plus_resnet34.yaml split=test seed=423 resume_checkpoint=none attempt=3
2026-06-14T04:17:10Z [INFO] Submitted task 55 (binary_train_multi_seed, train, configs/binary/rgb_real_msi_deeplabv3plus_resnet34.yaml, seed=423, resume_checkpoint=none) as job 871939, attempt 3
2026-06-14T04:17:10Z [INFO] Submitting task 56 try 1/3: group=binary_train_multi_seed kind=train config=configs/binary/rgb_real_msi_segformer_b0.yaml split=test seed=423 resume_checkpoint=none attempt=2
2026-06-14T04:17:10Z [INFO] Submitted task 56 (binary_train_multi_seed, train, configs/binary/rgb_real_msi_segformer_b0.yaml, seed=423, resume_checkpoint=none) as job 871940, attempt 2
2026-06-14T04:17:10Z [INFO] Submitting task 57 try 1/3: group=binary_train_multi_seed kind=train config=configs/binary/rgb_synth_msi_unetpp_resnet34.yaml split=test seed=423 resume_checkpoint=none attempt=2
2026-06-14T04:17:10Z [INFO] Submitted task 57 (binary_train_multi_seed, train, configs/binary/rgb_synth_msi_unetpp_resnet34.yaml, seed=423, resume_checkpoint=none) as job 871941, attempt 2
2026-06-14T04:17:20Z [INFO] Job 871939 for task 55 has left the Slurm queue; validating output
2026-06-14T04:17:27Z [ERROR] Task 55: status file reports state=failed; seed=423; message=train failed; see outputs/slurm/status/multi_seed_tsm4_20260613T122839Z/task_55_attempt_3.log; job_log=outputs/slurm/status/multi_seed_tsm4_20260613T122839Z/task_55_attempt_3.log
2026-06-14T04:17:27Z [ERROR] Task 55: validation failed; re-queueing for retry
2026-06-14T04:17:27Z [INFO] Job 871940 for task 56 has left the Slurm queue; validating output
2026-06-14T04:17:32Z [ERROR] Task 56: status file reports state=failed; seed=423; message=train failed; see outputs/slurm/status/multi_seed_tsm4_20260613T122839Z/task_56_attempt_2.log; job_log=outputs/slurm/status/multi_seed_tsm4_20260613T122839Z/task_56_attempt_2.log
2026-06-14T04:17:32Z [ERROR] Task 56: validation failed; re-queueing for retry
2026-06-14T04:17:32Z [INFO] Job 871941 for task 57 has left the Slurm queue; validating output
2026-06-14T04:17:32Z [ERROR] Task 57: status file reports state=failed; seed=423; message=train failed; see outputs/slurm/status/multi_seed_tsm4_20260613T122839Z/task_57_attempt_2.log; job_log=outputs/slurm/status/multi_seed_tsm4_20260613T122839Z/task_57_attempt_2.log
2026-06-14T04:17:32Z [ERROR] Task 57: validation failed; re-queueing for retry
2026-06-14T04:17:42Z [INFO] Submitting task 55 try 1/3: group=binary_train_multi_seed kind=train config=configs/binary/rgb_real_msi_deeplabv3plus_resnet34.yaml split=test seed=423 resume_checkpoint=none attempt=4
2026-06-14T04:17:42Z [INFO] Submitted task 55 (binary_train_multi_seed, train, configs/binary/rgb_real_msi_deeplabv3plus_resnet34.yaml, seed=423, resume_checkpoint=none) as job 871942, attempt 4
2026-06-14T04:17:42Z [INFO] Submitting task 56 try 1/3: group=binary_train_multi_seed kind=train config=configs/binary/rgb_real_msi_segformer_b0.yaml split=test seed=423 resume_checkpoint=none attempt=3
2026-06-14T04:17:42Z [INFO] Submitted task 56 (binary_train_multi_seed, train, configs/binary/rgb_real_msi_segformer_b0.yaml, seed=423, resume_checkpoint=none) as job 871943, attempt 3
2026-06-14T04:17:42Z [INFO] Submitting task 57 try 1/3: group=binary_train_multi_seed kind=train config=configs/binary/rgb_synth_msi_unetpp_resnet34.yaml split=test seed=423 resume_checkpoint=none attempt=3
2026-06-14T04:17:42Z [INFO] Submitted task 57 (binary_train_multi_seed, train, configs/binary/rgb_synth_msi_unetpp_resnet34.yaml, seed=423, resume_checkpoint=none) as job 871944, attempt 3
2026-06-14T04:17:52Z [INFO] Job 871942 for task 55 has left the Slurm queue; validating output
2026-06-14T04:17:57Z [ERROR] Task 55: status file reports state=failed; seed=423; message=train failed; see outputs/slurm/status/multi_seed_tsm4_20260613T122839Z/task_55_attempt_4.log; job_log=outputs/slurm/status/multi_seed_tsm4_20260613T122839Z/task_55_attempt_4.log
2026-06-14T04:17:57Z [ERROR] Task 55: permanent failure after 4 attempt(s)
2026-06-14T04:17:57Z [INFO] Job 871943 for task 56 has left the Slurm queue; validating output
2026-06-14T04:17:59Z [ERROR] Task 56: status file reports state=failed; seed=423; message=train failed; see outputs/slurm/status/multi_seed_tsm4_20260613T122839Z/task_56_attempt_3.log; job_log=outputs/slurm/status/multi_seed_tsm4_20260613T122839Z/task_56_attempt_3.log
2026-06-14T04:17:59Z [ERROR] Task 56: validation failed; re-queueing for retry
2026-06-14T04:17:59Z [INFO] Job 871944 for task 57 has left the Slurm queue; validating output
2026-06-14T04:18:02Z [ERROR] Task 57: status file reports state=failed; seed=423; message=train failed; see outputs/slurm/status/multi_seed_tsm4_20260613T122839Z/task_57_attempt_3.log; job_log=outputs/slurm/status/multi_seed_tsm4_20260613T122839Z/task_57_attempt_3.log
2026-06-14T04:18:02Z [ERROR] Task 57: validation failed; re-queueing for retry
2026-06-14T04:18:12Z [INFO] Submitting task 56 try 1/3: group=binary_train_multi_seed kind=train config=configs/binary/rgb_real_msi_segformer_b0.yaml split=test seed=423 resume_checkpoint=none attempt=4
2026-06-14T04:18:12Z [INFO] Submitted task 56 (binary_train_multi_seed, train, configs/binary/rgb_real_msi_segformer_b0.yaml, seed=423, resume_checkpoint=none) as job 871945, attempt 4
2026-06-14T04:18:12Z [INFO] Submitting task 57 try 1/3: group=binary_train_multi_seed kind=train config=configs/binary/rgb_synth_msi_unetpp_resnet34.yaml split=test seed=423 resume_checkpoint=none attempt=4
2026-06-14T04:18:12Z [INFO] Submitted task 57 (binary_train_multi_seed, train, configs/binary/rgb_synth_msi_unetpp_resnet34.yaml, seed=423, resume_checkpoint=none) as job 871946, attempt 4
2026-06-14T04:18:12Z [INFO] Submitting task 58 try 1/3: group=binary_train_multi_seed kind=train config=configs/binary/rgb_synth_msi_deeplabv3plus_resnet34.yaml split=test seed=423 resume_checkpoint=none attempt=1
2026-06-14T04:18:12Z [INFO] Submitted task 58 (binary_train_multi_seed, train, configs/binary/rgb_synth_msi_deeplabv3plus_resnet34.yaml, seed=423, resume_checkpoint=none) as job 871947, attempt 1
2026-06-14T04:18:22Z [INFO] Job 871945 for task 56 has left the Slurm queue; validating output
2026-06-14T04:18:24Z [ERROR] Task 56: status file reports state=failed; seed=423; message=train failed; see outputs/slurm/status/multi_seed_tsm4_20260613T122839Z/task_56_attempt_4.log; job_log=outputs/slurm/status/multi_seed_tsm4_20260613T122839Z/task_56_attempt_4.log
2026-06-14T04:18:24Z [ERROR] Task 56: permanent failure after 4 attempt(s)
2026-06-14T04:18:24Z [INFO] Job 871946 for task 57 has left the Slurm queue; validating output
2026-06-14T04:18:27Z [ERROR] Task 57: status file reports state=failed; seed=423; message=train failed; see outputs/slurm/status/multi_seed_tsm4_20260613T122839Z/task_57_attempt_4.log; job_log=outputs/slurm/status/multi_seed_tsm4_20260613T122839Z/task_57_attempt_4.log
2026-06-14T04:18:27Z [ERROR] Task 57: permanent failure after 4 attempt(s)
2026-06-14T04:18:27Z [INFO] Job 871947 for task 58 has left the Slurm queue; validating output
2026-06-14T04:18:30Z [ERROR] Task 58: status file reports state=failed; seed=423; message=train failed; see outputs/slurm/status/multi_seed_tsm4_20260613T122839Z/task_58_attempt_1.log; job_log=outputs/slurm/status/multi_seed_tsm4_20260613T122839Z/task_58_attempt_1.log
2026-06-14T04:18:30Z [ERROR] Task 58: validation failed; re-queueing for retry
2026-06-14T04:18:40Z [INFO] Submitting task 58 try 1/3: group=binary_train_multi_seed kind=train config=configs/binary/rgb_synth_msi_deeplabv3plus_resnet34.yaml split=test seed=423 resume_checkpoint=none attempt=2
2026-06-14T04:18:40Z [INFO] Submitted task 58 (binary_train_multi_seed, train, configs/binary/rgb_synth_msi_deeplabv3plus_resnet34.yaml, seed=423, resume_checkpoint=none) as job 871948, attempt 2
2026-06-14T04:18:40Z [INFO] Submitting task 59 try 1/3: group=binary_train_multi_seed kind=train config=configs/binary/rgb_synth_msi_segformer_b0.yaml split=test seed=423 resume_checkpoint=none attempt=1
2026-06-14T04:18:40Z [INFO] Submitted task 59 (binary_train_multi_seed, train, configs/binary/rgb_synth_msi_segformer_b0.yaml, seed=423, resume_checkpoint=none) as job 871949, attempt 1
2026-06-14T04:18:40Z [INFO] Submitting task 60 try 1/3: group=binary_train_multi_seed kind=train config=configs/binary/rgb_unetpp_resnet34.yaml split=test seed=424 resume_checkpoint=none attempt=1
2026-06-14T04:18:40Z [INFO] Submitted task 60 (binary_train_multi_seed, train, configs/binary/rgb_unetpp_resnet34.yaml, seed=424, resume_checkpoint=none) as job 871950, attempt 1
2026-06-14T04:18:50Z [INFO] Job 871948 for task 58 has left the Slurm queue; validating output
2026-06-14T04:18:50Z [ERROR] Task 58: status file reports state=failed; seed=423; message=train failed; see outputs/slurm/status/multi_seed_tsm4_20260613T122839Z/task_58_attempt_2.log; job_log=outputs/slurm/status/multi_seed_tsm4_20260613T122839Z/task_58_attempt_2.log
2026-06-14T04:18:50Z [ERROR] Task 58: validation failed; re-queueing for retry
2026-06-14T04:18:50Z [INFO] Job 871949 for task 59 has left the Slurm queue; validating output
2026-06-14T04:18:50Z [ERROR] Task 59: status file reports state=failed; seed=423; message=train failed; see outputs/slurm/status/multi_seed_tsm4_20260613T122839Z/task_59_attempt_1.log; job_log=outputs/slurm/status/multi_seed_tsm4_20260613T122839Z/task_59_attempt_1.log
2026-06-14T04:18:50Z [ERROR] Task 59: validation failed; re-queueing for retry
2026-06-14T04:18:50Z [INFO] Job 871950 for task 60 has left the Slurm queue; validating output
2026-06-14T04:18:50Z [ERROR] Task 60: status file reports state=failed; seed=424; message=train failed; see outputs/slurm/status/multi_seed_tsm4_20260613T122839Z/task_60_attempt_1.log; job_log=outputs/slurm/status/multi_seed_tsm4_20260613T122839Z/task_60_attempt_1.log
2026-06-14T04:18:50Z [ERROR] Task 60: validation failed; re-queueing for retry
2026-06-14T04:19:00Z [INFO] Submitting task 58 try 1/3: group=binary_train_multi_seed kind=train config=configs/binary/rgb_synth_msi_deeplabv3plus_resnet34.yaml split=test seed=423 resume_checkpoint=none attempt=3
2026-06-14T04:19:00Z [INFO] Submitted task 58 (binary_train_multi_seed, train, configs/binary/rgb_synth_msi_deeplabv3plus_resnet34.yaml, seed=423, resume_checkpoint=none) as job 871951, attempt 3
2026-06-14T04:19:00Z [INFO] Submitting task 59 try 1/3: group=binary_train_multi_seed kind=train config=configs/binary/rgb_synth_msi_segformer_b0.yaml split=test seed=423 resume_checkpoint=none attempt=2
2026-06-14T04:19:00Z [INFO] Submitted task 59 (binary_train_multi_seed, train, configs/binary/rgb_synth_msi_segformer_b0.yaml, seed=423, resume_checkpoint=none) as job 871952, attempt 2
2026-06-14T04:19:00Z [INFO] Submitting task 60 try 1/3: group=binary_train_multi_seed kind=train config=configs/binary/rgb_unetpp_resnet34.yaml split=test seed=424 resume_checkpoint=none attempt=2
2026-06-14T04:19:00Z [INFO] Submitted task 60 (binary_train_multi_seed, train, configs/binary/rgb_unetpp_resnet34.yaml, seed=424, resume_checkpoint=none) as job 871953, attempt 2
2026-06-14T04:19:11Z [INFO] Job 871951 for task 58 has left the Slurm queue; validating output
2026-06-14T04:19:12Z [ERROR] Task 58: status file reports state=failed; seed=423; message=train failed; see outputs/slurm/status/multi_seed_tsm4_20260613T122839Z/task_58_attempt_3.log; job_log=outputs/slurm/status/multi_seed_tsm4_20260613T122839Z/task_58_attempt_3.log
2026-06-14T04:19:12Z [ERROR] Task 58: validation failed; re-queueing for retry
2026-06-14T04:19:12Z [INFO] Job 871952 for task 59 has left the Slurm queue; validating output
2026-06-14T04:19:12Z [ERROR] Task 59: status file reports state=failed; seed=423; message=train failed; see outputs/slurm/status/multi_seed_tsm4_20260613T122839Z/task_59_attempt_2.log; job_log=outputs/slurm/status/multi_seed_tsm4_20260613T122839Z/task_59_attempt_2.log
2026-06-14T04:19:12Z [ERROR] Task 59: validation failed; re-queueing for retry
2026-06-14T04:19:12Z [INFO] Job 871953 for task 60 has left the Slurm queue; validating output
2026-06-14T04:19:12Z [ERROR] Task 60: status file reports state=failed; seed=424; message=train failed; see outputs/slurm/status/multi_seed_tsm4_20260613T122839Z/task_60_attempt_2.log; job_log=outputs/slurm/status/multi_seed_tsm4_20260613T122839Z/task_60_attempt_2.log
2026-06-14T04:19:12Z [ERROR] Task 60: validation failed; re-queueing for retry
2026-06-14T04:19:22Z [INFO] Submitting task 58 try 1/3: group=binary_train_multi_seed kind=train config=configs/binary/rgb_synth_msi_deeplabv3plus_resnet34.yaml split=test seed=423 resume_checkpoint=none attempt=4
2026-06-14T04:19:22Z [INFO] Submitted task 58 (binary_train_multi_seed, train, configs/binary/rgb_synth_msi_deeplabv3plus_resnet34.yaml, seed=423, resume_checkpoint=none) as job 871954, attempt 4
2026-06-14T04:19:22Z [INFO] Submitting task 59 try 1/3: group=binary_train_multi_seed kind=train config=configs/binary/rgb_synth_msi_segformer_b0.yaml split=test seed=423 resume_checkpoint=none attempt=3
2026-06-14T04:19:22Z [INFO] Submitted task 59 (binary_train_multi_seed, train, configs/binary/rgb_synth_msi_segformer_b0.yaml, seed=423, resume_checkpoint=none) as job 871955, attempt 3
2026-06-14T04:19:22Z [INFO] Submitting task 60 try 1/3: group=binary_train_multi_seed kind=train config=configs/binary/rgb_unetpp_resnet34.yaml split=test seed=424 resume_checkpoint=none attempt=3
2026-06-14T04:19:23Z [INFO] Submitted task 60 (binary_train_multi_seed, train, configs/binary/rgb_unetpp_resnet34.yaml, seed=424, resume_checkpoint=none) as job 871956, attempt 3
2026-06-14T04:19:33Z [INFO] Job 871954 for task 58 has left the Slurm queue; validating output
2026-06-14T04:19:34Z [ERROR] Task 58: status file reports state=failed; seed=423; message=train failed; see outputs/slurm/status/multi_seed_tsm4_20260613T122839Z/task_58_attempt_4.log; job_log=outputs/slurm/status/multi_seed_tsm4_20260613T122839Z/task_58_attempt_4.log
2026-06-14T04:19:34Z [ERROR] Task 58: permanent failure after 4 attempt(s)
2026-06-14T04:19:34Z [INFO] Job 871955 for task 59 has left the Slurm queue; validating output
2026-06-14T04:19:34Z [ERROR] Task 59: status file reports state=failed; seed=423; message=train failed; see outputs/slurm/status/multi_seed_tsm4_20260613T122839Z/task_59_attempt_3.log; job_log=outputs/slurm/status/multi_seed_tsm4_20260613T122839Z/task_59_attempt_3.log
2026-06-14T04:19:34Z [ERROR] Task 59: validation failed; re-queueing for retry
2026-06-14T04:19:34Z [INFO] Job 871956 for task 60 has left the Slurm queue; validating output
2026-06-14T04:19:34Z [ERROR] Task 60: status file reports state=failed; seed=424; message=train failed; see outputs/slurm/status/multi_seed_tsm4_20260613T122839Z/task_60_attempt_3.log; job_log=outputs/slurm/status/multi_seed_tsm4_20260613T122839Z/task_60_attempt_3.log
2026-06-14T04:19:34Z [ERROR] Task 60: validation failed; re-queueing for retry
2026-06-14T04:19:44Z [INFO] Submitting task 59 try 1/3: group=binary_train_multi_seed kind=train config=configs/binary/rgb_synth_msi_segformer_b0.yaml split=test seed=423 resume_checkpoint=none attempt=4
2026-06-14T04:19:44Z [INFO] Submitted task 59 (binary_train_multi_seed, train, configs/binary/rgb_synth_msi_segformer_b0.yaml, seed=423, resume_checkpoint=none) as job 871957, attempt 4
2026-06-14T04:19:44Z [INFO] Submitting task 60 try 1/3: group=binary_train_multi_seed kind=train config=configs/binary/rgb_unetpp_resnet34.yaml split=test seed=424 resume_checkpoint=none attempt=4
2026-06-14T04:19:44Z [INFO] Submitted task 60 (binary_train_multi_seed, train, configs/binary/rgb_unetpp_resnet34.yaml, seed=424, resume_checkpoint=none) as job 871958, attempt 4
2026-06-14T04:19:44Z [INFO] Submitting task 61 try 1/3: group=binary_train_multi_seed kind=train config=configs/binary/rgb_deeplabv3plus_resnet34.yaml split=test seed=424 resume_checkpoint=none attempt=1
2026-06-14T04:19:44Z [INFO] Submitted task 61 (binary_train_multi_seed, train, configs/binary/rgb_deeplabv3plus_resnet34.yaml, seed=424, resume_checkpoint=none) as job 871959, attempt 1
2026-06-14T04:19:54Z [INFO] Job 871957 for task 59 has left the Slurm queue; validating output
2026-06-14T04:19:54Z [ERROR] Task 59: status file reports state=failed; seed=423; message=train failed; see outputs/slurm/status/multi_seed_tsm4_20260613T122839Z/task_59_attempt_4.log; job_log=outputs/slurm/status/multi_seed_tsm4_20260613T122839Z/task_59_attempt_4.log
2026-06-14T04:19:54Z [ERROR] Task 59: permanent failure after 4 attempt(s)
2026-06-14T04:19:54Z [INFO] Job 871958 for task 60 has left the Slurm queue; validating output
2026-06-14T04:19:54Z [ERROR] Task 60: status file reports state=failed; seed=424; message=train failed; see outputs/slurm/status/multi_seed_tsm4_20260613T122839Z/task_60_attempt_4.log; job_log=outputs/slurm/status/multi_seed_tsm4_20260613T122839Z/task_60_attempt_4.log
2026-06-14T04:19:54Z [ERROR] Task 60: permanent failure after 4 attempt(s)
2026-06-14T04:20:04Z [INFO] Submitting task 62 try 1/3: group=binary_train_multi_seed kind=train config=configs/binary/rgb_segformer_b0.yaml split=test seed=424 resume_checkpoint=none attempt=1
2026-06-14T04:20:05Z [INFO] Submitted task 62 (binary_train_multi_seed, train, configs/binary/rgb_segformer_b0.yaml, seed=424, resume_checkpoint=none) as job 871960, attempt 1
2026-06-14T04:20:05Z [INFO] Submitting task 63 try 1/3: group=binary_train_multi_seed kind=train config=configs/binary/real_msi_unetpp_resnet34.yaml split=test seed=424 resume_checkpoint=none attempt=1
2026-06-14T04:20:05Z [INFO] Submitted task 63 (binary_train_multi_seed, train, configs/binary/real_msi_unetpp_resnet34.yaml, seed=424, resume_checkpoint=none) as job 871961, attempt 1
2026-06-14T04:20:15Z [INFO] Job 871960 for task 62 has left the Slurm queue; validating output
2026-06-14T04:20:15Z [ERROR] Task 62: status file reports state=failed; seed=424; message=train failed; see outputs/slurm/status/multi_seed_tsm4_20260613T122839Z/task_62_attempt_1.log; job_log=outputs/slurm/status/multi_seed_tsm4_20260613T122839Z/task_62_attempt_1.log
2026-06-14T04:20:15Z [ERROR] Task 62: validation failed; re-queueing for retry
2026-06-14T04:20:15Z [INFO] Job 871961 for task 63 has left the Slurm queue; validating output
2026-06-14T04:20:15Z [ERROR] Task 63: status file reports state=failed; seed=424; message=train failed; see outputs/slurm/status/multi_seed_tsm4_20260613T122839Z/task_63_attempt_1.log; job_log=outputs/slurm/status/multi_seed_tsm4_20260613T122839Z/task_63_attempt_1.log
2026-06-14T04:20:15Z [ERROR] Task 63: validation failed; re-queueing for retry
2026-06-14T04:20:25Z [INFO] Submitting task 62 try 1/3: group=binary_train_multi_seed kind=train config=configs/binary/rgb_segformer_b0.yaml split=test seed=424 resume_checkpoint=none attempt=2
2026-06-14T04:20:25Z [INFO] Submitted task 62 (binary_train_multi_seed, train, configs/binary/rgb_segformer_b0.yaml, seed=424, resume_checkpoint=none) as job 871962, attempt 2
2026-06-14T04:20:25Z [INFO] Submitting task 63 try 1/3: group=binary_train_multi_seed kind=train config=configs/binary/real_msi_unetpp_resnet34.yaml split=test seed=424 resume_checkpoint=none attempt=2
2026-06-14T04:20:25Z [INFO] Submitted task 63 (binary_train_multi_seed, train, configs/binary/real_msi_unetpp_resnet34.yaml, seed=424, resume_checkpoint=none) as job 871963, attempt 2
2026-06-14T04:20:35Z [INFO] Job 871962 for task 62 has left the Slurm queue; validating output
2026-06-14T04:20:36Z [ERROR] Task 62: status file reports state=failed; seed=424; message=train failed; see outputs/slurm/status/multi_seed_tsm4_20260613T122839Z/task_62_attempt_2.log; job_log=outputs/slurm/status/multi_seed_tsm4_20260613T122839Z/task_62_attempt_2.log
2026-06-14T04:20:36Z [ERROR] Task 62: validation failed; re-queueing for retry
2026-06-14T04:20:36Z [INFO] Job 871963 for task 63 has left the Slurm queue; validating output
2026-06-14T04:20:36Z [ERROR] Task 63: status file reports state=failed; seed=424; message=train failed; see outputs/slurm/status/multi_seed_tsm4_20260613T122839Z/task_63_attempt_2.log; job_log=outputs/slurm/status/multi_seed_tsm4_20260613T122839Z/task_63_attempt_2.log
2026-06-14T04:20:36Z [ERROR] Task 63: validation failed; re-queueing for retry
2026-06-14T04:20:46Z [INFO] Submitting task 62 try 1/3: group=binary_train_multi_seed kind=train config=configs/binary/rgb_segformer_b0.yaml split=test seed=424 resume_checkpoint=none attempt=3
2026-06-14T04:20:46Z [INFO] Submitted task 62 (binary_train_multi_seed, train, configs/binary/rgb_segformer_b0.yaml, seed=424, resume_checkpoint=none) as job 871964, attempt 3
2026-06-14T04:20:46Z [INFO] Submitting task 63 try 1/3: group=binary_train_multi_seed kind=train config=configs/binary/real_msi_unetpp_resnet34.yaml split=test seed=424 resume_checkpoint=none attempt=3
2026-06-14T04:20:46Z [INFO] Submitted task 63 (binary_train_multi_seed, train, configs/binary/real_msi_unetpp_resnet34.yaml, seed=424, resume_checkpoint=none) as job 871965, attempt 3
2026-06-14T04:20:56Z [INFO] Job 871964 for task 62 has left the Slurm queue; validating output
2026-06-14T04:20:56Z [ERROR] Task 62: status file reports state=failed; seed=424; message=train failed; see outputs/slurm/status/multi_seed_tsm4_20260613T122839Z/task_62_attempt_3.log; job_log=outputs/slurm/status/multi_seed_tsm4_20260613T122839Z/task_62_attempt_3.log
2026-06-14T04:20:56Z [ERROR] Task 62: validation failed; re-queueing for retry
2026-06-14T04:20:56Z [INFO] Job 871965 for task 63 has left the Slurm queue; validating output
2026-06-14T04:20:56Z [ERROR] Task 63: status file reports state=failed; seed=424; message=train failed; see outputs/slurm/status/multi_seed_tsm4_20260613T122839Z/task_63_attempt_3.log; job_log=outputs/slurm/status/multi_seed_tsm4_20260613T122839Z/task_63_attempt_3.log
2026-06-14T04:20:56Z [ERROR] Task 63: validation failed; re-queueing for retry
2026-06-14T04:21:06Z [INFO] Submitting task 62 try 1/3: group=binary_train_multi_seed kind=train config=configs/binary/rgb_segformer_b0.yaml split=test seed=424 resume_checkpoint=none attempt=4
2026-06-14T04:21:06Z [INFO] Submitted task 62 (binary_train_multi_seed, train, configs/binary/rgb_segformer_b0.yaml, seed=424, resume_checkpoint=none) as job 871966, attempt 4
2026-06-14T04:21:06Z [INFO] Submitting task 63 try 1/3: group=binary_train_multi_seed kind=train config=configs/binary/real_msi_unetpp_resnet34.yaml split=test seed=424 resume_checkpoint=none attempt=4
2026-06-14T04:21:06Z [INFO] Submitted task 63 (binary_train_multi_seed, train, configs/binary/real_msi_unetpp_resnet34.yaml, seed=424, resume_checkpoint=none) as job 871967, attempt 4
2026-06-14T04:21:17Z [INFO] Job 871966 for task 62 has left the Slurm queue; validating output
2026-06-14T04:21:17Z [ERROR] Task 62: status file reports state=failed; seed=424; message=train failed; see outputs/slurm/status/multi_seed_tsm4_20260613T122839Z/task_62_attempt_4.log; job_log=outputs/slurm/status/multi_seed_tsm4_20260613T122839Z/task_62_attempt_4.log
2026-06-14T04:21:17Z [ERROR] Task 62: permanent failure after 4 attempt(s)
2026-06-14T04:21:17Z [INFO] Job 871967 for task 63 has left the Slurm queue; validating output
2026-06-14T04:21:17Z [ERROR] Task 63: status file reports state=failed; seed=424; message=train failed; see outputs/slurm/status/multi_seed_tsm4_20260613T122839Z/task_63_attempt_4.log; job_log=outputs/slurm/status/multi_seed_tsm4_20260613T122839Z/task_63_attempt_4.log
2026-06-14T04:21:17Z [ERROR] Task 63: permanent failure after 4 attempt(s)
2026-06-14T04:21:27Z [INFO] Submitting task 64 try 1/3: group=binary_train_multi_seed kind=train config=configs/binary/real_msi_deeplabv3plus_resnet34.yaml split=test seed=424 resume_checkpoint=none attempt=1
2026-06-14T04:21:27Z [INFO] Submitted task 64 (binary_train_multi_seed, train, configs/binary/real_msi_deeplabv3plus_resnet34.yaml, seed=424, resume_checkpoint=none) as job 871968, attempt 1
2026-06-14T04:21:27Z [INFO] Submitting task 65 try 1/3: group=binary_train_multi_seed kind=train config=configs/binary/real_msi_segformer_b0.yaml split=test seed=424 resume_checkpoint=none attempt=1
2026-06-14T04:21:27Z [INFO] Submitted task 65 (binary_train_multi_seed, train, configs/binary/real_msi_segformer_b0.yaml, seed=424, resume_checkpoint=none) as job 871969, attempt 1
2026-06-14T04:21:37Z [INFO] Job 871968 for task 64 has left the Slurm queue; validating output
2026-06-14T04:21:37Z [ERROR] Task 64: status file reports state=failed; seed=424; message=train failed; see outputs/slurm/status/multi_seed_tsm4_20260613T122839Z/task_64_attempt_1.log; job_log=outputs/slurm/status/multi_seed_tsm4_20260613T122839Z/task_64_attempt_1.log
2026-06-14T04:21:37Z [ERROR] Task 64: validation failed; re-queueing for retry
2026-06-14T04:21:37Z [INFO] Job 871969 for task 65 has left the Slurm queue; validating output
2026-06-14T04:21:37Z [ERROR] Task 65: status file reports state=failed; seed=424; message=train failed; see outputs/slurm/status/multi_seed_tsm4_20260613T122839Z/task_65_attempt_1.log; job_log=outputs/slurm/status/multi_seed_tsm4_20260613T122839Z/task_65_attempt_1.log
2026-06-14T04:21:37Z [ERROR] Task 65: validation failed; re-queueing for retry
2026-06-14T04:21:47Z [INFO] Submitting task 64 try 1/3: group=binary_train_multi_seed kind=train config=configs/binary/real_msi_deeplabv3plus_resnet34.yaml split=test seed=424 resume_checkpoint=none attempt=2
2026-06-14T04:21:47Z [INFO] Submitted task 64 (binary_train_multi_seed, train, configs/binary/real_msi_deeplabv3plus_resnet34.yaml, seed=424, resume_checkpoint=none) as job 871971, attempt 2
2026-06-14T04:21:47Z [INFO] Submitting task 65 try 1/3: group=binary_train_multi_seed kind=train config=configs/binary/real_msi_segformer_b0.yaml split=test seed=424 resume_checkpoint=none attempt=2
2026-06-14T04:21:47Z [INFO] Submitted task 65 (binary_train_multi_seed, train, configs/binary/real_msi_segformer_b0.yaml, seed=424, resume_checkpoint=none) as job 871972, attempt 2
2026-06-14T04:21:58Z [INFO] Job 871971 for task 64 has left the Slurm queue; validating output
2026-06-14T04:21:58Z [ERROR] Task 64: status file reports state=failed; seed=424; message=train failed; see outputs/slurm/status/multi_seed_tsm4_20260613T122839Z/task_64_attempt_2.log; job_log=outputs/slurm/status/multi_seed_tsm4_20260613T122839Z/task_64_attempt_2.log
2026-06-14T04:21:58Z [ERROR] Task 64: validation failed; re-queueing for retry
2026-06-14T04:21:58Z [INFO] Job 871972 for task 65 has left the Slurm queue; validating output
2026-06-14T04:21:58Z [ERROR] Task 65: status file reports state=failed; seed=424; message=train failed; see outputs/slurm/status/multi_seed_tsm4_20260613T122839Z/task_65_attempt_2.log; job_log=outputs/slurm/status/multi_seed_tsm4_20260613T122839Z/task_65_attempt_2.log
2026-06-14T04:21:58Z [ERROR] Task 65: validation failed; re-queueing for retry
2026-06-14T04:22:08Z [INFO] Submitting task 64 try 1/3: group=binary_train_multi_seed kind=train config=configs/binary/real_msi_deeplabv3plus_resnet34.yaml split=test seed=424 resume_checkpoint=none attempt=3
2026-06-14T04:22:08Z [INFO] Submitted task 64 (binary_train_multi_seed, train, configs/binary/real_msi_deeplabv3plus_resnet34.yaml, seed=424, resume_checkpoint=none) as job 871974, attempt 3
2026-06-14T04:22:08Z [INFO] Submitting task 65 try 1/3: group=binary_train_multi_seed kind=train config=configs/binary/real_msi_segformer_b0.yaml split=test seed=424 resume_checkpoint=none attempt=3
2026-06-14T04:22:08Z [INFO] Submitted task 65 (binary_train_multi_seed, train, configs/binary/real_msi_segformer_b0.yaml, seed=424, resume_checkpoint=none) as job 871975, attempt 3
2026-06-14T04:22:18Z [INFO] Job 871974 for task 64 has left the Slurm queue; validating output
2026-06-14T04:22:21Z [ERROR] Task 64: status file reports state=failed; seed=424; message=train failed; see outputs/slurm/status/multi_seed_tsm4_20260613T122839Z/task_64_attempt_3.log; job_log=outputs/slurm/status/multi_seed_tsm4_20260613T122839Z/task_64_attempt_3.log
2026-06-14T04:22:21Z [ERROR] Task 64: validation failed; re-queueing for retry
2026-06-14T04:22:21Z [INFO] Job 871975 for task 65 has left the Slurm queue; validating output
2026-06-14T04:22:22Z [ERROR] Task 65: status file reports state=failed; seed=424; message=train failed; see outputs/slurm/status/multi_seed_tsm4_20260613T122839Z/task_65_attempt_3.log; job_log=outputs/slurm/status/multi_seed_tsm4_20260613T122839Z/task_65_attempt_3.log
2026-06-14T04:22:22Z [ERROR] Task 65: validation failed; re-queueing for retry
2026-06-14T04:22:32Z [INFO] Submitting task 64 try 1/3: group=binary_train_multi_seed kind=train config=configs/binary/real_msi_deeplabv3plus_resnet34.yaml split=test seed=424 resume_checkpoint=none attempt=4
2026-06-14T04:22:32Z [INFO] Submitted task 64 (binary_train_multi_seed, train, configs/binary/real_msi_deeplabv3plus_resnet34.yaml, seed=424, resume_checkpoint=none) as job 871977, attempt 4
2026-06-14T04:22:32Z [INFO] Submitting task 65 try 1/3: group=binary_train_multi_seed kind=train config=configs/binary/real_msi_segformer_b0.yaml split=test seed=424 resume_checkpoint=none attempt=4
2026-06-14T04:22:32Z [INFO] Submitted task 65 (binary_train_multi_seed, train, configs/binary/real_msi_segformer_b0.yaml, seed=424, resume_checkpoint=none) as job 871978, attempt 4
2026-06-14T04:22:42Z [INFO] Job 871977 for task 64 has left the Slurm queue; validating output
2026-06-14T04:22:43Z [ERROR] Task 64: status file reports state=failed; seed=424; message=train failed; see outputs/slurm/status/multi_seed_tsm4_20260613T122839Z/task_64_attempt_4.log; job_log=outputs/slurm/status/multi_seed_tsm4_20260613T122839Z/task_64_attempt_4.log
2026-06-14T04:22:43Z [ERROR] Task 64: permanent failure after 4 attempt(s)
2026-06-14T04:22:43Z [INFO] Job 871978 for task 65 has left the Slurm queue; validating output
2026-06-14T04:22:46Z [ERROR] Task 65: status file reports state=failed; seed=424; message=train failed; see outputs/slurm/status/multi_seed_tsm4_20260613T122839Z/task_65_attempt_4.log; job_log=outputs/slurm/status/multi_seed_tsm4_20260613T122839Z/task_65_attempt_4.log
2026-06-14T04:22:46Z [ERROR] Task 65: permanent failure after 4 attempt(s)
2026-06-14T04:22:56Z [INFO] Submitting task 66 try 1/3: group=binary_train_multi_seed kind=train config=configs/binary/synth_msi_unetpp_resnet34.yaml split=test seed=424 resume_checkpoint=none attempt=1
2026-06-14T04:22:56Z [INFO] Submitted task 66 (binary_train_multi_seed, train, configs/binary/synth_msi_unetpp_resnet34.yaml, seed=424, resume_checkpoint=none) as job 871980, attempt 1
2026-06-14T04:22:56Z [INFO] Submitting task 67 try 1/3: group=binary_train_multi_seed kind=train config=configs/binary/synth_msi_deeplabv3plus_resnet34.yaml split=test seed=424 resume_checkpoint=none attempt=1
2026-06-14T04:22:56Z [INFO] Submitted task 67 (binary_train_multi_seed, train, configs/binary/synth_msi_deeplabv3plus_resnet34.yaml, seed=424, resume_checkpoint=none) as job 871981, attempt 1
2026-06-14T04:23:06Z [INFO] Job 871980 for task 66 has left the Slurm queue; validating output
2026-06-14T04:23:07Z [ERROR] Task 66: status file reports state=failed; seed=424; message=train failed; see outputs/slurm/status/multi_seed_tsm4_20260613T122839Z/task_66_attempt_1.log; job_log=outputs/slurm/status/multi_seed_tsm4_20260613T122839Z/task_66_attempt_1.log
2026-06-14T04:23:07Z [ERROR] Task 66: validation failed; re-queueing for retry
2026-06-14T04:23:07Z [INFO] Job 871981 for task 67 has left the Slurm queue; validating output
2026-06-14T04:23:09Z [ERROR] Task 67: status file reports state=failed; seed=424; message=train failed; see outputs/slurm/status/multi_seed_tsm4_20260613T122839Z/task_67_attempt_1.log; job_log=outputs/slurm/status/multi_seed_tsm4_20260613T122839Z/task_67_attempt_1.log
2026-06-14T04:23:09Z [ERROR] Task 67: validation failed; re-queueing for retry
2026-06-14T04:23:19Z [INFO] Submitting task 66 try 1/3: group=binary_train_multi_seed kind=train config=configs/binary/synth_msi_unetpp_resnet34.yaml split=test seed=424 resume_checkpoint=none attempt=2
2026-06-14T04:23:19Z [INFO] Submitted task 66 (binary_train_multi_seed, train, configs/binary/synth_msi_unetpp_resnet34.yaml, seed=424, resume_checkpoint=none) as job 871983, attempt 2
2026-06-14T04:23:19Z [INFO] Submitting task 67 try 1/3: group=binary_train_multi_seed kind=train config=configs/binary/synth_msi_deeplabv3plus_resnet34.yaml split=test seed=424 resume_checkpoint=none attempt=2
2026-06-14T04:23:19Z [INFO] Submitted task 67 (binary_train_multi_seed, train, configs/binary/synth_msi_deeplabv3plus_resnet34.yaml, seed=424, resume_checkpoint=none) as job 871984, attempt 2
2026-06-14T04:23:29Z [INFO] Job 871983 for task 66 has left the Slurm queue; validating output
2026-06-14T04:23:30Z [ERROR] Task 66: status file reports state=failed; seed=424; message=train failed; see outputs/slurm/status/multi_seed_tsm4_20260613T122839Z/task_66_attempt_2.log; job_log=outputs/slurm/status/multi_seed_tsm4_20260613T122839Z/task_66_attempt_2.log
2026-06-14T04:23:30Z [ERROR] Task 66: validation failed; re-queueing for retry
2026-06-14T04:23:30Z [INFO] Job 871984 for task 67 has left the Slurm queue; validating output
2026-06-14T04:23:30Z [ERROR] Task 67: status file reports state=failed; seed=424; message=train failed; see outputs/slurm/status/multi_seed_tsm4_20260613T122839Z/task_67_attempt_2.log; job_log=outputs/slurm/status/multi_seed_tsm4_20260613T122839Z/task_67_attempt_2.log
2026-06-14T04:23:30Z [ERROR] Task 67: validation failed; re-queueing for retry
2026-06-14T04:23:40Z [INFO] Submitting task 66 try 1/3: group=binary_train_multi_seed kind=train config=configs/binary/synth_msi_unetpp_resnet34.yaml split=test seed=424 resume_checkpoint=none attempt=3
2026-06-14T04:23:40Z [INFO] Submitted task 66 (binary_train_multi_seed, train, configs/binary/synth_msi_unetpp_resnet34.yaml, seed=424, resume_checkpoint=none) as job 871986, attempt 3
2026-06-14T04:23:40Z [INFO] Submitting task 67 try 1/3: group=binary_train_multi_seed kind=train config=configs/binary/synth_msi_deeplabv3plus_resnet34.yaml split=test seed=424 resume_checkpoint=none attempt=3
2026-06-14T04:23:40Z [INFO] Submitted task 67 (binary_train_multi_seed, train, configs/binary/synth_msi_deeplabv3plus_resnet34.yaml, seed=424, resume_checkpoint=none) as job 871987, attempt 3
2026-06-14T04:23:50Z [INFO] Job 871986 for task 66 has left the Slurm queue; validating output
2026-06-14T04:23:51Z [ERROR] Task 66: status file reports state=failed; seed=424; message=train failed; see outputs/slurm/status/multi_seed_tsm4_20260613T122839Z/task_66_attempt_3.log; job_log=outputs/slurm/status/multi_seed_tsm4_20260613T122839Z/task_66_attempt_3.log
2026-06-14T04:23:51Z [ERROR] Task 66: validation failed; re-queueing for retry
2026-06-14T04:23:51Z [INFO] Job 871987 for task 67 has left the Slurm queue; validating output
2026-06-14T04:23:55Z [ERROR] Task 67: status file reports state=failed; seed=424; message=train failed; see outputs/slurm/status/multi_seed_tsm4_20260613T122839Z/task_67_attempt_3.log; job_log=outputs/slurm/status/multi_seed_tsm4_20260613T122839Z/task_67_attempt_3.log
2026-06-14T04:23:55Z [ERROR] Task 67: validation failed; re-queueing for retry
2026-06-14T04:24:05Z [INFO] Submitting task 66 try 1/3: group=binary_train_multi_seed kind=train config=configs/binary/synth_msi_unetpp_resnet34.yaml split=test seed=424 resume_checkpoint=none attempt=4
2026-06-14T04:24:05Z [INFO] Submitted task 66 (binary_train_multi_seed, train, configs/binary/synth_msi_unetpp_resnet34.yaml, seed=424, resume_checkpoint=none) as job 871989, attempt 4
2026-06-14T04:24:05Z [INFO] Submitting task 67 try 1/3: group=binary_train_multi_seed kind=train config=configs/binary/synth_msi_deeplabv3plus_resnet34.yaml split=test seed=424 resume_checkpoint=none attempt=4
2026-06-14T04:24:05Z [INFO] Submitted task 67 (binary_train_multi_seed, train, configs/binary/synth_msi_deeplabv3plus_resnet34.yaml, seed=424, resume_checkpoint=none) as job 871990, attempt 4
2026-06-14T04:24:15Z [INFO] Job 871989 for task 66 has left the Slurm queue; validating output
2026-06-14T04:24:15Z [ERROR] Task 66: status file reports state=failed; seed=424; message=train failed; see outputs/slurm/status/multi_seed_tsm4_20260613T122839Z/task_66_attempt_4.log; job_log=outputs/slurm/status/multi_seed_tsm4_20260613T122839Z/task_66_attempt_4.log
2026-06-14T04:24:15Z [ERROR] Task 66: permanent failure after 4 attempt(s)
2026-06-14T04:24:15Z [INFO] Job 871990 for task 67 has left the Slurm queue; validating output
2026-06-14T04:24:15Z [ERROR] Task 67: status file reports state=failed; seed=424; message=train failed; see outputs/slurm/status/multi_seed_tsm4_20260613T122839Z/task_67_attempt_4.log; job_log=outputs/slurm/status/multi_seed_tsm4_20260613T122839Z/task_67_attempt_4.log
2026-06-14T04:24:15Z [ERROR] Task 67: permanent failure after 4 attempt(s)
2026-06-14T04:24:25Z [INFO] Submitting task 68 try 1/3: group=binary_train_multi_seed kind=train config=configs/binary/synth_msi_segformer_b0.yaml split=test seed=424 resume_checkpoint=none attempt=1
2026-06-14T04:24:25Z [INFO] Submitted task 68 (binary_train_multi_seed, train, configs/binary/synth_msi_segformer_b0.yaml, seed=424, resume_checkpoint=none) as job 871992, attempt 1
2026-06-14T04:24:25Z [INFO] Submitting task 69 try 1/3: group=binary_train_multi_seed kind=train config=configs/binary/rgb_real_msi_unetpp_resnet34.yaml split=test seed=424 resume_checkpoint=none attempt=1
2026-06-14T04:24:25Z [INFO] Submitted task 69 (binary_train_multi_seed, train, configs/binary/rgb_real_msi_unetpp_resnet34.yaml, seed=424, resume_checkpoint=none) as job 871993, attempt 1
2026-06-14T04:24:35Z [INFO] Job 871992 for task 68 has left the Slurm queue; validating output
2026-06-14T04:24:36Z [ERROR] Task 68: status file reports state=failed; seed=424; message=train failed; see outputs/slurm/status/multi_seed_tsm4_20260613T122839Z/task_68_attempt_1.log; job_log=outputs/slurm/status/multi_seed_tsm4_20260613T122839Z/task_68_attempt_1.log
2026-06-14T04:24:36Z [ERROR] Task 68: validation failed; re-queueing for retry
2026-06-14T04:24:36Z [INFO] Job 871993 for task 69 has left the Slurm queue; validating output
2026-06-14T04:24:36Z [ERROR] Task 69: status file reports state=failed; seed=424; message=train failed; see outputs/slurm/status/multi_seed_tsm4_20260613T122839Z/task_69_attempt_1.log; job_log=outputs/slurm/status/multi_seed_tsm4_20260613T122839Z/task_69_attempt_1.log
2026-06-14T04:24:36Z [ERROR] Task 69: validation failed; re-queueing for retry
2026-06-14T04:24:46Z [INFO] Submitting task 68 try 1/3: group=binary_train_multi_seed kind=train config=configs/binary/synth_msi_segformer_b0.yaml split=test seed=424 resume_checkpoint=none attempt=2
2026-06-14T04:24:46Z [INFO] Submitted task 68 (binary_train_multi_seed, train, configs/binary/synth_msi_segformer_b0.yaml, seed=424, resume_checkpoint=none) as job 871995, attempt 2
2026-06-14T04:24:46Z [INFO] Submitting task 69 try 1/3: group=binary_train_multi_seed kind=train config=configs/binary/rgb_real_msi_unetpp_resnet34.yaml split=test seed=424 resume_checkpoint=none attempt=2
2026-06-14T04:24:46Z [INFO] Submitted task 69 (binary_train_multi_seed, train, configs/binary/rgb_real_msi_unetpp_resnet34.yaml, seed=424, resume_checkpoint=none) as job 871996, attempt 2
2026-06-14T04:24:56Z [INFO] Job 871995 for task 68 has left the Slurm queue; validating output
2026-06-14T04:24:56Z [ERROR] Task 68: status file reports state=failed; seed=424; message=train failed; see outputs/slurm/status/multi_seed_tsm4_20260613T122839Z/task_68_attempt_2.log; job_log=outputs/slurm/status/multi_seed_tsm4_20260613T122839Z/task_68_attempt_2.log
2026-06-14T04:24:56Z [ERROR] Task 68: validation failed; re-queueing for retry
2026-06-14T04:24:56Z [INFO] Job 871996 for task 69 has left the Slurm queue; validating output
2026-06-14T04:24:56Z [ERROR] Task 69: status file reports state=failed; seed=424; message=train failed; see outputs/slurm/status/multi_seed_tsm4_20260613T122839Z/task_69_attempt_2.log; job_log=outputs/slurm/status/multi_seed_tsm4_20260613T122839Z/task_69_attempt_2.log
2026-06-14T04:24:56Z [ERROR] Task 69: validation failed; re-queueing for retry
2026-06-14T04:25:06Z [INFO] Submitting task 68 try 1/3: group=binary_train_multi_seed kind=train config=configs/binary/synth_msi_segformer_b0.yaml split=test seed=424 resume_checkpoint=none attempt=3
2026-06-14T04:25:06Z [INFO] Submitted task 68 (binary_train_multi_seed, train, configs/binary/synth_msi_segformer_b0.yaml, seed=424, resume_checkpoint=none) as job 871998, attempt 3
2026-06-14T04:25:06Z [INFO] Submitting task 69 try 1/3: group=binary_train_multi_seed kind=train config=configs/binary/rgb_real_msi_unetpp_resnet34.yaml split=test seed=424 resume_checkpoint=none attempt=3
2026-06-14T04:25:06Z [INFO] Submitted task 69 (binary_train_multi_seed, train, configs/binary/rgb_real_msi_unetpp_resnet34.yaml, seed=424, resume_checkpoint=none) as job 871999, attempt 3
2026-06-14T04:25:08Z [INFO] Job 871998 for task 68 has left the Slurm queue; validating output
2026-06-14T04:25:09Z [ERROR] Task 68: status file reports state=failed; seed=424; message=train failed; see outputs/slurm/status/multi_seed_tsm4_20260613T122839Z/task_68_attempt_3.log; job_log=outputs/slurm/status/multi_seed_tsm4_20260613T122839Z/task_68_attempt_3.log
2026-06-14T04:25:09Z [ERROR] Task 68: validation failed; re-queueing for retry
2026-06-14T04:25:09Z [INFO] Job 871999 for task 69 has left the Slurm queue; validating output
2026-06-14T04:25:09Z [ERROR] Task 69: status file reports state=failed; seed=424; message=train failed; see outputs/slurm/status/multi_seed_tsm4_20260613T122839Z/task_69_attempt_3.log; job_log=outputs/slurm/status/multi_seed_tsm4_20260613T122839Z/task_69_attempt_3.log
2026-06-14T04:25:09Z [ERROR] Task 69: validation failed; re-queueing for retry
2026-06-14T04:25:19Z [INFO] Submitting task 68 try 1/3: group=binary_train_multi_seed kind=train config=configs/binary/synth_msi_segformer_b0.yaml split=test seed=424 resume_checkpoint=none attempt=4
2026-06-14T04:25:19Z [INFO] Submitted task 68 (binary_train_multi_seed, train, configs/binary/synth_msi_segformer_b0.yaml, seed=424, resume_checkpoint=none) as job 872001, attempt 4
2026-06-14T04:25:19Z [INFO] Submitting task 69 try 1/3: group=binary_train_multi_seed kind=train config=configs/binary/rgb_real_msi_unetpp_resnet34.yaml split=test seed=424 resume_checkpoint=none attempt=4
2026-06-14T04:25:19Z [INFO] Submitted task 69 (binary_train_multi_seed, train, configs/binary/rgb_real_msi_unetpp_resnet34.yaml, seed=424, resume_checkpoint=none) as job 872002, attempt 4
2026-06-14T04:25:29Z [INFO] Job 872001 for task 68 has left the Slurm queue; validating output
2026-06-14T04:25:30Z [ERROR] Task 68: status file reports state=failed; seed=424; message=train failed; see outputs/slurm/status/multi_seed_tsm4_20260613T122839Z/task_68_attempt_4.log; job_log=outputs/slurm/status/multi_seed_tsm4_20260613T122839Z/task_68_attempt_4.log
2026-06-14T04:25:30Z [ERROR] Task 68: permanent failure after 4 attempt(s)
2026-06-14T04:25:30Z [INFO] Job 872002 for task 69 has left the Slurm queue; validating output
2026-06-14T04:25:30Z [ERROR] Task 69: status file reports state=failed; seed=424; message=train failed; see outputs/slurm/status/multi_seed_tsm4_20260613T122839Z/task_69_attempt_4.log; job_log=outputs/slurm/status/multi_seed_tsm4_20260613T122839Z/task_69_attempt_4.log
2026-06-14T04:25:30Z [ERROR] Task 69: permanent failure after 4 attempt(s)
2026-06-14T04:25:40Z [INFO] Submitting task 70 try 1/3: group=binary_train_multi_seed kind=train config=configs/binary/rgb_real_msi_deeplabv3plus_resnet34.yaml split=test seed=424 resume_checkpoint=none attempt=1
2026-06-14T04:25:40Z [INFO] Submitted task 70 (binary_train_multi_seed, train, configs/binary/rgb_real_msi_deeplabv3plus_resnet34.yaml, seed=424, resume_checkpoint=none) as job 872003, attempt 1
2026-06-14T04:25:40Z [INFO] Submitting task 71 try 1/3: group=binary_train_multi_seed kind=train config=configs/binary/rgb_real_msi_segformer_b0.yaml split=test seed=424 resume_checkpoint=none attempt=1
2026-06-14T04:25:40Z [INFO] Submitted task 71 (binary_train_multi_seed, train, configs/binary/rgb_real_msi_segformer_b0.yaml, seed=424, resume_checkpoint=none) as job 872004, attempt 1
2026-06-14T04:25:50Z [INFO] Job 872003 for task 70 has left the Slurm queue; validating output
2026-06-14T04:25:51Z [ERROR] Task 70: status file reports state=failed; seed=424; message=train failed; see outputs/slurm/status/multi_seed_tsm4_20260613T122839Z/task_70_attempt_1.log; job_log=outputs/slurm/status/multi_seed_tsm4_20260613T122839Z/task_70_attempt_1.log
2026-06-14T04:25:51Z [ERROR] Task 70: validation failed; re-queueing for retry
2026-06-14T04:25:51Z [INFO] Job 872004 for task 71 has left the Slurm queue; validating output
2026-06-14T04:25:51Z [ERROR] Task 71: status file reports state=failed; seed=424; message=train failed; see outputs/slurm/status/multi_seed_tsm4_20260613T122839Z/task_71_attempt_1.log; job_log=outputs/slurm/status/multi_seed_tsm4_20260613T122839Z/task_71_attempt_1.log
2026-06-14T04:25:51Z [ERROR] Task 71: validation failed; re-queueing for retry
2026-06-14T04:26:01Z [INFO] Submitting task 70 try 1/3: group=binary_train_multi_seed kind=train config=configs/binary/rgb_real_msi_deeplabv3plus_resnet34.yaml split=test seed=424 resume_checkpoint=none attempt=2
2026-06-14T04:26:01Z [INFO] Submitted task 70 (binary_train_multi_seed, train, configs/binary/rgb_real_msi_deeplabv3plus_resnet34.yaml, seed=424, resume_checkpoint=none) as job 872006, attempt 2
2026-06-14T04:26:01Z [INFO] Submitting task 71 try 1/3: group=binary_train_multi_seed kind=train config=configs/binary/rgb_real_msi_segformer_b0.yaml split=test seed=424 resume_checkpoint=none attempt=2
2026-06-14T04:26:01Z [INFO] Submitted task 71 (binary_train_multi_seed, train, configs/binary/rgb_real_msi_segformer_b0.yaml, seed=424, resume_checkpoint=none) as job 872008, attempt 2
2026-06-14T04:26:12Z [INFO] Job 872006 for task 70 has left the Slurm queue; validating output
2026-06-14T04:26:13Z [ERROR] Task 70: status file reports state=failed; seed=424; message=train failed; see outputs/slurm/status/multi_seed_tsm4_20260613T122839Z/task_70_attempt_2.log; job_log=outputs/slurm/status/multi_seed_tsm4_20260613T122839Z/task_70_attempt_2.log
2026-06-14T04:26:13Z [ERROR] Task 70: validation failed; re-queueing for retry
2026-06-14T04:26:13Z [INFO] Job 872008 for task 71 has left the Slurm queue; validating output
2026-06-14T04:26:14Z [ERROR] Task 71: status file reports state=failed; seed=424; message=train failed; see outputs/slurm/status/multi_seed_tsm4_20260613T122839Z/task_71_attempt_2.log; job_log=outputs/slurm/status/multi_seed_tsm4_20260613T122839Z/task_71_attempt_2.log
2026-06-14T04:26:14Z [ERROR] Task 71: validation failed; re-queueing for retry
2026-06-14T04:26:24Z [INFO] Submitting task 70 try 1/3: group=binary_train_multi_seed kind=train config=configs/binary/rgb_real_msi_deeplabv3plus_resnet34.yaml split=test seed=424 resume_checkpoint=none attempt=3
2026-06-14T04:26:24Z [INFO] Submitted task 70 (binary_train_multi_seed, train, configs/binary/rgb_real_msi_deeplabv3plus_resnet34.yaml, seed=424, resume_checkpoint=none) as job 872010, attempt 3
2026-06-14T04:26:24Z [INFO] Submitting task 71 try 1/3: group=binary_train_multi_seed kind=train config=configs/binary/rgb_real_msi_segformer_b0.yaml split=test seed=424 resume_checkpoint=none attempt=3
2026-06-14T04:26:24Z [INFO] Submitted task 71 (binary_train_multi_seed, train, configs/binary/rgb_real_msi_segformer_b0.yaml, seed=424, resume_checkpoint=none) as job 872011, attempt 3
2026-06-14T04:26:34Z [INFO] Job 872010 for task 70 has left the Slurm queue; validating output
2026-06-14T04:26:34Z [ERROR] Task 70: status file reports state=failed; seed=424; message=train failed; see outputs/slurm/status/multi_seed_tsm4_20260613T122839Z/task_70_attempt_3.log; job_log=outputs/slurm/status/multi_seed_tsm4_20260613T122839Z/task_70_attempt_3.log
2026-06-14T04:26:34Z [ERROR] Task 70: validation failed; re-queueing for retry
2026-06-14T04:26:34Z [INFO] Job 872011 for task 71 has left the Slurm queue; validating output
2026-06-14T04:26:34Z [ERROR] Task 71: status file reports state=failed; seed=424; message=train failed; see outputs/slurm/status/multi_seed_tsm4_20260613T122839Z/task_71_attempt_3.log; job_log=outputs/slurm/status/multi_seed_tsm4_20260613T122839Z/task_71_attempt_3.log
2026-06-14T04:26:34Z [ERROR] Task 71: validation failed; re-queueing for retry
2026-06-14T04:26:44Z [INFO] Submitting task 70 try 1/3: group=binary_train_multi_seed kind=train config=configs/binary/rgb_real_msi_deeplabv3plus_resnet34.yaml split=test seed=424 resume_checkpoint=none attempt=4
2026-06-14T04:26:44Z [INFO] Submitted task 70 (binary_train_multi_seed, train, configs/binary/rgb_real_msi_deeplabv3plus_resnet34.yaml, seed=424, resume_checkpoint=none) as job 872013, attempt 4
2026-06-14T04:26:44Z [INFO] Submitting task 71 try 1/3: group=binary_train_multi_seed kind=train config=configs/binary/rgb_real_msi_segformer_b0.yaml split=test seed=424 resume_checkpoint=none attempt=4
2026-06-14T04:26:45Z [INFO] Submitted task 71 (binary_train_multi_seed, train, configs/binary/rgb_real_msi_segformer_b0.yaml, seed=424, resume_checkpoint=none) as job 872014, attempt 4
2026-06-14T04:26:55Z [INFO] Job 872013 for task 70 has left the Slurm queue; validating output
2026-06-14T04:27:01Z [ERROR] Task 70: status file reports state=failed; seed=424; message=train failed; see outputs/slurm/status/multi_seed_tsm4_20260613T122839Z/task_70_attempt_4.log; job_log=outputs/slurm/status/multi_seed_tsm4_20260613T122839Z/task_70_attempt_4.log
2026-06-14T04:27:01Z [ERROR] Task 70: permanent failure after 4 attempt(s)
2026-06-14T04:27:01Z [INFO] Job 872014 for task 71 has left the Slurm queue; validating output
2026-06-14T04:27:01Z [ERROR] Task 71: status file reports state=failed; seed=424; message=train failed; see outputs/slurm/status/multi_seed_tsm4_20260613T122839Z/task_71_attempt_4.log; job_log=outputs/slurm/status/multi_seed_tsm4_20260613T122839Z/task_71_attempt_4.log
2026-06-14T04:27:01Z [ERROR] Task 71: permanent failure after 4 attempt(s)
2026-06-14T04:27:11Z [INFO] Submitting task 72 try 1/3: group=binary_train_multi_seed kind=train config=configs/binary/rgb_synth_msi_unetpp_resnet34.yaml split=test seed=424 resume_checkpoint=none attempt=1
2026-06-14T04:27:11Z [INFO] Submitted task 72 (binary_train_multi_seed, train, configs/binary/rgb_synth_msi_unetpp_resnet34.yaml, seed=424, resume_checkpoint=none) as job 872016, attempt 1
2026-06-14T04:27:11Z [INFO] Submitting task 73 try 1/3: group=binary_train_multi_seed kind=train config=configs/binary/rgb_synth_msi_deeplabv3plus_resnet34.yaml split=test seed=424 resume_checkpoint=none attempt=1
2026-06-14T04:27:11Z [INFO] Submitted task 73 (binary_train_multi_seed, train, configs/binary/rgb_synth_msi_deeplabv3plus_resnet34.yaml, seed=424, resume_checkpoint=none) as job 872017, attempt 1
2026-06-14T04:27:21Z [INFO] Job 872016 for task 72 has left the Slurm queue; validating output
2026-06-14T04:27:22Z [ERROR] Task 72: status file reports state=failed; seed=424; message=train failed; see outputs/slurm/status/multi_seed_tsm4_20260613T122839Z/task_72_attempt_1.log; job_log=outputs/slurm/status/multi_seed_tsm4_20260613T122839Z/task_72_attempt_1.log
2026-06-14T04:27:22Z [ERROR] Task 72: validation failed; re-queueing for retry
2026-06-14T04:27:22Z [INFO] Job 872017 for task 73 has left the Slurm queue; validating output
2026-06-14T04:27:22Z [ERROR] Task 73: status file reports state=failed; seed=424; message=train failed; see outputs/slurm/status/multi_seed_tsm4_20260613T122839Z/task_73_attempt_1.log; job_log=outputs/slurm/status/multi_seed_tsm4_20260613T122839Z/task_73_attempt_1.log
2026-06-14T04:27:22Z [ERROR] Task 73: validation failed; re-queueing for retry
2026-06-14T04:27:32Z [INFO] Submitting task 72 try 1/3: group=binary_train_multi_seed kind=train config=configs/binary/rgb_synth_msi_unetpp_resnet34.yaml split=test seed=424 resume_checkpoint=none attempt=2
2026-06-14T04:27:32Z [INFO] Submitted task 72 (binary_train_multi_seed, train, configs/binary/rgb_synth_msi_unetpp_resnet34.yaml, seed=424, resume_checkpoint=none) as job 872019, attempt 2
2026-06-14T04:27:32Z [INFO] Submitting task 73 try 1/3: group=binary_train_multi_seed kind=train config=configs/binary/rgb_synth_msi_deeplabv3plus_resnet34.yaml split=test seed=424 resume_checkpoint=none attempt=2
2026-06-14T04:27:32Z [INFO] Submitted task 73 (binary_train_multi_seed, train, configs/binary/rgb_synth_msi_deeplabv3plus_resnet34.yaml, seed=424, resume_checkpoint=none) as job 872020, attempt 2
2026-06-14T04:27:42Z [INFO] Job 872019 for task 72 has left the Slurm queue; validating output
2026-06-14T04:27:42Z [ERROR] Task 72: status file reports state=failed; seed=424; message=train failed; see outputs/slurm/status/multi_seed_tsm4_20260613T122839Z/task_72_attempt_2.log; job_log=outputs/slurm/status/multi_seed_tsm4_20260613T122839Z/task_72_attempt_2.log
2026-06-14T04:27:42Z [ERROR] Task 72: validation failed; re-queueing for retry
2026-06-14T04:27:42Z [INFO] Job 872020 for task 73 has left the Slurm queue; validating output
2026-06-14T04:27:42Z [ERROR] Task 73: status file reports state=failed; seed=424; message=train failed; see outputs/slurm/status/multi_seed_tsm4_20260613T122839Z/task_73_attempt_2.log; job_log=outputs/slurm/status/multi_seed_tsm4_20260613T122839Z/task_73_attempt_2.log
2026-06-14T04:27:42Z [ERROR] Task 73: validation failed; re-queueing for retry
2026-06-14T04:27:52Z [INFO] Submitting task 72 try 1/3: group=binary_train_multi_seed kind=train config=configs/binary/rgb_synth_msi_unetpp_resnet34.yaml split=test seed=424 resume_checkpoint=none attempt=3
2026-06-14T04:27:52Z [INFO] Submitted task 72 (binary_train_multi_seed, train, configs/binary/rgb_synth_msi_unetpp_resnet34.yaml, seed=424, resume_checkpoint=none) as job 872022, attempt 3
2026-06-14T04:27:52Z [INFO] Submitting task 73 try 1/3: group=binary_train_multi_seed kind=train config=configs/binary/rgb_synth_msi_deeplabv3plus_resnet34.yaml split=test seed=424 resume_checkpoint=none attempt=3
2026-06-14T04:27:52Z [INFO] Submitted task 73 (binary_train_multi_seed, train, configs/binary/rgb_synth_msi_deeplabv3plus_resnet34.yaml, seed=424, resume_checkpoint=none) as job 872023, attempt 3
2026-06-14T04:28:03Z [INFO] Job 872022 for task 72 has left the Slurm queue; validating output
2026-06-14T04:28:03Z [ERROR] Task 72: status file reports state=failed; seed=424; message=train failed; see outputs/slurm/status/multi_seed_tsm4_20260613T122839Z/task_72_attempt_3.log; job_log=outputs/slurm/status/multi_seed_tsm4_20260613T122839Z/task_72_attempt_3.log
2026-06-14T04:28:03Z [ERROR] Task 72: validation failed; re-queueing for retry
2026-06-14T04:28:03Z [INFO] Job 872023 for task 73 has left the Slurm queue; validating output
2026-06-14T04:28:03Z [ERROR] Task 73: status file reports state=failed; seed=424; message=train failed; see outputs/slurm/status/multi_seed_tsm4_20260613T122839Z/task_73_attempt_3.log; job_log=outputs/slurm/status/multi_seed_tsm4_20260613T122839Z/task_73_attempt_3.log
2026-06-14T04:28:03Z [ERROR] Task 73: validation failed; re-queueing for retry
2026-06-14T04:28:13Z [INFO] Submitting task 72 try 1/3: group=binary_train_multi_seed kind=train config=configs/binary/rgb_synth_msi_unetpp_resnet34.yaml split=test seed=424 resume_checkpoint=none attempt=4
2026-06-14T04:28:13Z [INFO] Submitted task 72 (binary_train_multi_seed, train, configs/binary/rgb_synth_msi_unetpp_resnet34.yaml, seed=424, resume_checkpoint=none) as job 872025, attempt 4
2026-06-14T04:28:13Z [INFO] Submitting task 73 try 1/3: group=binary_train_multi_seed kind=train config=configs/binary/rgb_synth_msi_deeplabv3plus_resnet34.yaml split=test seed=424 resume_checkpoint=none attempt=4
2026-06-14T04:28:13Z [INFO] Submitted task 73 (binary_train_multi_seed, train, configs/binary/rgb_synth_msi_deeplabv3plus_resnet34.yaml, seed=424, resume_checkpoint=none) as job 872026, attempt 4
2026-06-14T04:28:23Z [INFO] Job 872025 for task 72 has left the Slurm queue; validating output
2026-06-14T04:28:27Z [ERROR] Task 72: status file reports state=failed; seed=424; message=train failed; see outputs/slurm/status/multi_seed_tsm4_20260613T122839Z/task_72_attempt_4.log; job_log=outputs/slurm/status/multi_seed_tsm4_20260613T122839Z/task_72_attempt_4.log
2026-06-14T04:28:27Z [ERROR] Task 72: permanent failure after 4 attempt(s)
2026-06-14T04:28:27Z [INFO] Job 872026 for task 73 has left the Slurm queue; validating output
2026-06-14T04:28:29Z [ERROR] Task 73: status file reports state=failed; seed=424; message=train failed; see outputs/slurm/status/multi_seed_tsm4_20260613T122839Z/task_73_attempt_4.log; job_log=outputs/slurm/status/multi_seed_tsm4_20260613T122839Z/task_73_attempt_4.log
2026-06-14T04:28:29Z [ERROR] Task 73: permanent failure after 4 attempt(s)
2026-06-14T04:28:39Z [INFO] Submitting task 74 try 1/3: group=binary_train_multi_seed kind=train config=configs/binary/rgb_synth_msi_segformer_b0.yaml split=test seed=424 resume_checkpoint=none attempt=1
2026-06-14T04:28:39Z [INFO] Submitted task 74 (binary_train_multi_seed, train, configs/binary/rgb_synth_msi_segformer_b0.yaml, seed=424, resume_checkpoint=none) as job 872028, attempt 1
2026-06-14T04:28:39Z [INFO] Submitting task 75 try 1/3: group=binary_train_multi_seed kind=train config=configs/binary/rgb_unetpp_resnet34.yaml split=test seed=425 resume_checkpoint=none attempt=1
2026-06-14T04:28:39Z [INFO] Submitted task 75 (binary_train_multi_seed, train, configs/binary/rgb_unetpp_resnet34.yaml, seed=425, resume_checkpoint=none) as job 872029, attempt 1
2026-06-14T07:26:09Z [INFO] Job 871959 for task 61 has left the Slurm queue; validating output
2026-06-14T07:26:10Z [INFO] Task 61 completed successfully
2026-06-14T07:26:20Z [INFO] Submitting task 76 try 1/3: group=binary_train_multi_seed kind=train config=configs/binary/rgb_deeplabv3plus_resnet34.yaml split=test seed=425 resume_checkpoint=none attempt=1
2026-06-14T07:26:20Z [INFO] Submitted task 76 (binary_train_multi_seed, train, configs/binary/rgb_deeplabv3plus_resnet34.yaml, seed=425, resume_checkpoint=none) as job 872104, attempt 1
2026-06-14T07:34:16Z [INFO] Job 871848 for task 40 has left the Slurm queue; validating output
2026-06-14T07:34:17Z [INFO] Task 40 completed successfully
2026-06-14T07:34:27Z [INFO] Submitting task 77 try 1/3: group=binary_train_multi_seed kind=train config=configs/binary/rgb_segformer_b0.yaml split=test seed=425 resume_checkpoint=none attempt=1
2026-06-14T07:34:27Z [INFO] Submitted task 77 (binary_train_multi_seed, train, configs/binary/rgb_segformer_b0.yaml, seed=425, resume_checkpoint=none) as job 872112, attempt 1
2026-06-14T08:04:46Z [INFO] Job 872029 for task 75 has left the Slurm queue; validating output
2026-06-14T08:04:49Z [INFO] Task 75 completed successfully
2026-06-14T08:04:59Z [INFO] Submitting task 78 try 1/3: group=binary_train_multi_seed kind=train config=configs/binary/real_msi_unetpp_resnet34.yaml split=test seed=425 resume_checkpoint=none attempt=1
2026-06-14T08:04:59Z [INFO] Submitted task 78 (binary_train_multi_seed, train, configs/binary/real_msi_unetpp_resnet34.yaml, seed=425, resume_checkpoint=none) as job 872126, attempt 1
2026-06-14T08:50:45Z [INFO] Job 871909 for task 50 has left the Slurm queue; validating output
2026-06-14T08:50:46Z [INFO] Task 50 completed successfully
2026-06-14T08:50:56Z [INFO] Submitting task 79 try 1/3: group=binary_train_multi_seed kind=train config=configs/binary/real_msi_deeplabv3plus_resnet34.yaml split=test seed=425 resume_checkpoint=none attempt=1
2026-06-14T08:50:56Z [INFO] Submitted task 79 (binary_train_multi_seed, train, configs/binary/real_msi_deeplabv3plus_resnet34.yaml, seed=425, resume_checkpoint=none) as job 872148, attempt 1
2026-06-14T09:14:57Z [INFO] Job 871841 for task 39 has left the Slurm queue; validating output
2026-06-14T09:14:58Z [INFO] Task 39 completed successfully
2026-06-14T09:15:08Z [INFO] Submitting task 80 try 1/3: group=binary_train_multi_seed kind=train config=configs/binary/real_msi_segformer_b0.yaml split=test seed=425 resume_checkpoint=none attempt=1
2026-06-14T09:15:08Z [INFO] Submitted task 80 (binary_train_multi_seed, train, configs/binary/real_msi_segformer_b0.yaml, seed=425, resume_checkpoint=none) as job 872161, attempt 1
2026-06-14T09:36:07Z [INFO] Job 871901 for task 48 has left the Slurm queue; validating output
2026-06-14T09:36:08Z [INFO] Task 48 completed successfully
2026-06-14T09:36:18Z [INFO] Submitting task 81 try 1/3: group=binary_train_multi_seed kind=train config=configs/binary/synth_msi_unetpp_resnet34.yaml split=test seed=425 resume_checkpoint=none attempt=1
2026-06-14T09:36:18Z [INFO] Submitted task 81 (binary_train_multi_seed, train, configs/binary/synth_msi_unetpp_resnet34.yaml, seed=425, resume_checkpoint=none) as job 872168, attempt 1
2026-06-14T10:11:19Z [INFO] Job 872104 for task 76 has left the Slurm queue; validating output
2026-06-14T10:11:19Z [INFO] Task 76 completed successfully
2026-06-14T10:11:29Z [INFO] Submitting task 82 try 1/3: group=binary_train_multi_seed kind=train config=configs/binary/synth_msi_deeplabv3plus_resnet34.yaml split=test seed=425 resume_checkpoint=none attempt=1
2026-06-14T10:11:30Z [INFO] Submitted task 82 (binary_train_multi_seed, train, configs/binary/synth_msi_deeplabv3plus_resnet34.yaml, seed=425, resume_checkpoint=none) as job 872182, attempt 1
2026-06-14T11:03:04Z [INFO] Job 872148 for task 79 has left the Slurm queue; validating output
2026-06-14T11:03:08Z [INFO] Task 79 completed successfully
2026-06-14T11:03:18Z [INFO] Submitting task 83 try 1/3: group=binary_train_multi_seed kind=train config=configs/binary/synth_msi_segformer_b0.yaml split=test seed=425 resume_checkpoint=none attempt=1
2026-06-14T11:03:18Z [INFO] Submitted task 83 (binary_train_multi_seed, train, configs/binary/synth_msi_segformer_b0.yaml, seed=425, resume_checkpoint=none) as job 872207, attempt 1
2026-06-14T11:44:04Z [INFO] Job 872126 for task 78 has left the Slurm queue; validating output
2026-06-14T11:44:04Z [INFO] Task 78 completed successfully
2026-06-14T11:44:14Z [INFO] Submitting task 84 try 1/3: group=binary_train_multi_seed kind=train config=configs/binary/rgb_real_msi_unetpp_resnet34.yaml split=test seed=425 resume_checkpoint=none attempt=1
2026-06-14T11:44:14Z [INFO] Submitted task 84 (binary_train_multi_seed, train, configs/binary/rgb_real_msi_unetpp_resnet34.yaml, seed=425, resume_checkpoint=none) as job 872222, attempt 1
2026-06-14T11:56:44Z [INFO] Job 871870 for task 41 has left the Slurm queue; validating output
2026-06-14T11:56:44Z [INFO] Task 41 completed successfully
2026-06-14T11:56:54Z [INFO] Submitting task 85 try 1/3: group=binary_train_multi_seed kind=train config=configs/binary/rgb_real_msi_deeplabv3plus_resnet34.yaml split=test seed=425 resume_checkpoint=none attempt=1
2026-06-14T11:56:54Z [INFO] Submitted task 85 (binary_train_multi_seed, train, configs/binary/rgb_real_msi_deeplabv3plus_resnet34.yaml, seed=425, resume_checkpoint=none) as job 872229, attempt 1
2026-06-14T12:21:16Z [INFO] Job 872161 for task 80 has left the Slurm queue; validating output
2026-06-14T12:21:17Z [INFO] Task 80 completed successfully
2026-06-14T12:21:27Z [INFO] Submitting task 86 try 1/3: group=binary_train_multi_seed kind=train config=configs/binary/rgb_real_msi_segformer_b0.yaml split=test seed=425 resume_checkpoint=none attempt=1
2026-06-14T12:21:27Z [INFO] Submitted task 86 (binary_train_multi_seed, train, configs/binary/rgb_real_msi_segformer_b0.yaml, seed=425, resume_checkpoint=none) as job 872243, attempt 1
2026-06-14T12:25:40Z [INFO] Job 872028 for task 74 has left the Slurm queue; validating output
2026-06-14T12:25:42Z [INFO] Task 74 completed successfully
2026-06-14T12:25:53Z [INFO] Submitting task 87 try 1/3: group=binary_train_multi_seed kind=train config=configs/binary/rgb_synth_msi_unetpp_resnet34.yaml split=test seed=425 resume_checkpoint=none attempt=1
2026-06-14T12:25:53Z [INFO] Submitted task 87 (binary_train_multi_seed, train, configs/binary/rgb_synth_msi_unetpp_resnet34.yaml, seed=425, resume_checkpoint=none) as job 872244, attempt 1
2026-06-14T12:48:02Z [INFO] Job 872182 for task 82 has left the Slurm queue; validating output
2026-06-14T12:48:03Z [INFO] Task 82 completed successfully
2026-06-14T12:48:13Z [INFO] Submitting task 88 try 1/3: group=binary_train_multi_seed kind=train config=configs/binary/rgb_synth_msi_deeplabv3plus_resnet34.yaml split=test seed=425 resume_checkpoint=none attempt=1
2026-06-14T12:48:13Z [INFO] Submitted task 88 (binary_train_multi_seed, train, configs/binary/rgb_synth_msi_deeplabv3plus_resnet34.yaml, seed=425, resume_checkpoint=none) as job 872258, attempt 1
2026-06-14T13:05:16Z [INFO] Job 872168 for task 81 has left the Slurm queue; validating output
2026-06-14T13:05:17Z [INFO] Task 81 completed successfully
2026-06-14T13:05:27Z [INFO] Submitting task 89 try 1/3: group=binary_train_multi_seed kind=train config=configs/binary/rgb_synth_msi_segformer_b0.yaml split=test seed=425 resume_checkpoint=none attempt=1
2026-06-14T13:05:27Z [INFO] Submitted task 89 (binary_train_multi_seed, train, configs/binary/rgb_synth_msi_segformer_b0.yaml, seed=425, resume_checkpoint=none) as job 872265, attempt 1
2026-06-14T13:58:22Z [INFO] Job 872112 for task 77 has left the Slurm queue; validating output
2026-06-14T13:58:22Z [INFO] Task 77 completed successfully
2026-06-14T13:58:32Z [INFO] Submitting task 90 try 1/3: group=binary_train_multi_seed kind=train config=configs/binary/rgb_unetpp_resnet34.yaml split=test seed=426 resume_checkpoint=none attempt=1
2026-06-14T13:58:32Z [INFO] Submitted task 90 (binary_train_multi_seed, train, configs/binary/rgb_unetpp_resnet34.yaml, seed=426, resume_checkpoint=none) as job 872285, attempt 1
2026-06-14T15:10:24Z [INFO] Job 872207 for task 83 has left the Slurm queue; validating output
2026-06-14T15:10:25Z [INFO] Task 83 completed successfully
2026-06-14T15:10:35Z [INFO] Submitting task 91 try 1/3: group=binary_train_multi_seed kind=train config=configs/binary/rgb_deeplabv3plus_resnet34.yaml split=test seed=426 resume_checkpoint=none attempt=1
2026-06-14T15:10:35Z [INFO] Submitted task 91 (binary_train_multi_seed, train, configs/binary/rgb_deeplabv3plus_resnet34.yaml, seed=426, resume_checkpoint=none) as job 872321, attempt 1
2026-06-14T17:30:43Z [INFO] Job 872285 for task 90 has left the Slurm queue; validating output
2026-06-14T17:30:45Z [INFO] Task 90 completed successfully
2026-06-14T17:30:55Z [INFO] Submitting task 92 try 1/3: group=binary_train_multi_seed kind=train config=configs/binary/rgb_segformer_b0.yaml split=test seed=426 resume_checkpoint=none attempt=1
2026-06-14T17:30:55Z [INFO] Submitted task 92 (binary_train_multi_seed, train, configs/binary/rgb_segformer_b0.yaml, seed=426, resume_checkpoint=none) as job 872388, attempt 1
2026-06-14T18:22:37Z [INFO] Job 872258 for task 88 has left the Slurm queue; validating output
2026-06-14T18:22:37Z [INFO] Task 88 completed successfully
2026-06-14T18:22:47Z [INFO] Submitting task 93 try 1/3: group=binary_train_multi_seed kind=train config=configs/binary/real_msi_unetpp_resnet34.yaml split=test seed=426 resume_checkpoint=none attempt=1
2026-06-14T18:22:47Z [INFO] Submitted task 93 (binary_train_multi_seed, train, configs/binary/real_msi_unetpp_resnet34.yaml, seed=426, resume_checkpoint=none) as job 872409, attempt 1
2026-06-14T18:35:37Z [INFO] Job 872244 for task 87 has left the Slurm queue; validating output
2026-06-14T18:35:39Z [INFO] Task 87 completed successfully
2026-06-14T18:35:49Z [INFO] Submitting task 94 try 1/3: group=binary_train_multi_seed kind=train config=configs/binary/real_msi_deeplabv3plus_resnet34.yaml split=test seed=426 resume_checkpoint=none attempt=1
2026-06-14T18:35:49Z [INFO] Submitted task 94 (binary_train_multi_seed, train, configs/binary/real_msi_deeplabv3plus_resnet34.yaml, seed=426, resume_checkpoint=none) as job 872416, attempt 1
2026-06-14T18:58:16Z [INFO] Job 872265 for task 89 has left the Slurm queue; validating output
2026-06-14T18:58:16Z [INFO] Task 89 completed successfully
2026-06-14T18:58:26Z [INFO] Submitting task 95 try 1/3: group=binary_train_multi_seed kind=train config=configs/binary/real_msi_segformer_b0.yaml split=test seed=426 resume_checkpoint=none attempt=1
2026-06-14T18:58:26Z [INFO] Submitted task 95 (binary_train_multi_seed, train, configs/binary/real_msi_segformer_b0.yaml, seed=426, resume_checkpoint=none) as job 872425, attempt 1
2026-06-14T19:14:22Z [INFO] Job 872321 for task 91 has left the Slurm queue; validating output
2026-06-14T19:14:22Z [INFO] Task 91 completed successfully
2026-06-14T19:14:32Z [INFO] Submitting task 96 try 1/3: group=binary_train_multi_seed kind=train config=configs/binary/synth_msi_unetpp_resnet34.yaml split=test seed=426 resume_checkpoint=none attempt=1
2026-06-14T19:14:32Z [INFO] Submitted task 96 (binary_train_multi_seed, train, configs/binary/synth_msi_unetpp_resnet34.yaml, seed=426, resume_checkpoint=none) as job 872432, attempt 1
2026-06-14T20:14:38Z [INFO] Job 872229 for task 85 has left the Slurm queue; validating output
2026-06-14T20:14:38Z [INFO] Task 85 completed successfully
2026-06-14T20:14:48Z [INFO] Submitting task 97 try 1/3: group=binary_train_multi_seed kind=train config=configs/binary/synth_msi_deeplabv3plus_resnet34.yaml split=test seed=426 resume_checkpoint=none attempt=1
2026-06-14T20:14:48Z [INFO] Submitted task 97 (binary_train_multi_seed, train, configs/binary/synth_msi_deeplabv3plus_resnet34.yaml, seed=426, resume_checkpoint=none) as job 872457, attempt 1
2026-06-14T20:49:08Z [INFO] Job 872416 for task 94 has left the Slurm queue; validating output
2026-06-14T20:49:09Z [ERROR] Task 94: status file reports state=failed; seed=426; message=evaluate failed; see outputs/slurm/status/multi_seed_tsm4_20260613T122839Z/task_94_attempt_1.log; job_log=outputs/slurm/status/multi_seed_tsm4_20260613T122839Z/task_94_attempt_1.log
2026-06-14T20:49:09Z [ERROR] Task 94: validation failed; re-queueing for retry
2026-06-14T20:49:19Z [INFO] Submitting task 94 try 1/3: group=binary_train_multi_seed kind=train config=configs/binary/real_msi_deeplabv3plus_resnet34.yaml split=test seed=426 resume_checkpoint=none attempt=2
2026-06-14T20:49:19Z [INFO] Submitted task 94 (binary_train_multi_seed, train, configs/binary/real_msi_deeplabv3plus_resnet34.yaml, seed=426, resume_checkpoint=none) as job 872477, attempt 2
2026-06-14T20:49:29Z [INFO] Job 872477 for task 94 has left the Slurm queue; validating output
2026-06-14T20:49:29Z [ERROR] Task 94: status file reports state=failed; seed=426; message=train failed; see outputs/slurm/status/multi_seed_tsm4_20260613T122839Z/task_94_attempt_2.log; job_log=outputs/slurm/status/multi_seed_tsm4_20260613T122839Z/task_94_attempt_2.log
2026-06-14T20:49:29Z [ERROR] Task 94: validation failed; re-queueing for retry
2026-06-14T20:49:39Z [INFO] Submitting task 94 try 1/3: group=binary_train_multi_seed kind=train config=configs/binary/real_msi_deeplabv3plus_resnet34.yaml split=test seed=426 resume_checkpoint=none attempt=3
2026-06-14T20:49:39Z [INFO] Submitted task 94 (binary_train_multi_seed, train, configs/binary/real_msi_deeplabv3plus_resnet34.yaml, seed=426, resume_checkpoint=none) as job 872478, attempt 3
2026-06-14T20:49:50Z [INFO] Job 872478 for task 94 has left the Slurm queue; validating output
2026-06-14T20:49:50Z [ERROR] Task 94: status file reports state=failed; seed=426; message=train failed; see outputs/slurm/status/multi_seed_tsm4_20260613T122839Z/task_94_attempt_3.log; job_log=outputs/slurm/status/multi_seed_tsm4_20260613T122839Z/task_94_attempt_3.log
2026-06-14T20:49:50Z [ERROR] Task 94: validation failed; re-queueing for retry
2026-06-14T20:50:00Z [INFO] Submitting task 94 try 1/3: group=binary_train_multi_seed kind=train config=configs/binary/real_msi_deeplabv3plus_resnet34.yaml split=test seed=426 resume_checkpoint=none attempt=4
2026-06-14T20:50:00Z [INFO] Submitted task 94 (binary_train_multi_seed, train, configs/binary/real_msi_deeplabv3plus_resnet34.yaml, seed=426, resume_checkpoint=none) as job 872479, attempt 4
2026-06-14T20:50:11Z [INFO] Job 872479 for task 94 has left the Slurm queue; validating output
2026-06-14T20:50:11Z [ERROR] Task 94: status file reports state=failed; seed=426; message=train failed; see outputs/slurm/status/multi_seed_tsm4_20260613T122839Z/task_94_attempt_4.log; job_log=outputs/slurm/status/multi_seed_tsm4_20260613T122839Z/task_94_attempt_4.log
2026-06-14T20:50:11Z [ERROR] Task 94: permanent failure after 4 attempt(s)
2026-06-14T20:50:21Z [INFO] Submitting task 98 try 1/3: group=binary_train_multi_seed kind=train config=configs/binary/synth_msi_segformer_b0.yaml split=test seed=426 resume_checkpoint=none attempt=1
2026-06-14T20:50:21Z [INFO] Submitted task 98 (binary_train_multi_seed, train, configs/binary/synth_msi_segformer_b0.yaml, seed=426, resume_checkpoint=none) as job 872480, attempt 1
2026-06-14T20:50:31Z [INFO] Job 872480 for task 98 has left the Slurm queue; validating output
2026-06-14T20:50:32Z [ERROR] Task 98: status file reports state=failed; seed=426; message=train failed; see outputs/slurm/status/multi_seed_tsm4_20260613T122839Z/task_98_attempt_1.log; job_log=outputs/slurm/status/multi_seed_tsm4_20260613T122839Z/task_98_attempt_1.log
2026-06-14T20:50:32Z [ERROR] Task 98: validation failed; re-queueing for retry
2026-06-14T20:50:42Z [INFO] Submitting task 98 try 1/3: group=binary_train_multi_seed kind=train config=configs/binary/synth_msi_segformer_b0.yaml split=test seed=426 resume_checkpoint=none attempt=2
2026-06-14T20:50:42Z [INFO] Submitted task 98 (binary_train_multi_seed, train, configs/binary/synth_msi_segformer_b0.yaml, seed=426, resume_checkpoint=none) as job 872481, attempt 2
2026-06-14T20:50:52Z [INFO] Job 872222 for task 84 has left the Slurm queue; validating output
2026-06-14T20:50:53Z [ERROR] Task 84: status file reports state=failed; seed=425; message=evaluate failed; see outputs/slurm/status/multi_seed_tsm4_20260613T122839Z/task_84_attempt_1.log; job_log=outputs/slurm/status/multi_seed_tsm4_20260613T122839Z/task_84_attempt_1.log
2026-06-14T20:50:53Z [ERROR] Task 84: validation failed; re-queueing for retry
2026-06-14T20:50:53Z [INFO] Job 872481 for task 98 has left the Slurm queue; validating output
2026-06-14T20:50:53Z [ERROR] Task 98: status file reports state=failed; seed=426; message=train failed; see outputs/slurm/status/multi_seed_tsm4_20260613T122839Z/task_98_attempt_2.log; job_log=outputs/slurm/status/multi_seed_tsm4_20260613T122839Z/task_98_attempt_2.log
2026-06-14T20:50:53Z [ERROR] Task 98: validation failed; re-queueing for retry
2026-06-14T20:51:03Z [INFO] Submitting task 84 try 1/3: group=binary_train_multi_seed kind=train config=configs/binary/rgb_real_msi_unetpp_resnet34.yaml split=test seed=425 resume_checkpoint=none attempt=2
2026-06-14T20:51:03Z [INFO] Submitted task 84 (binary_train_multi_seed, train, configs/binary/rgb_real_msi_unetpp_resnet34.yaml, seed=425, resume_checkpoint=none) as job 872482, attempt 2
2026-06-14T20:51:03Z [INFO] Submitting task 98 try 1/3: group=binary_train_multi_seed kind=train config=configs/binary/synth_msi_segformer_b0.yaml split=test seed=426 resume_checkpoint=none attempt=3
2026-06-14T20:51:03Z [INFO] Submitted task 98 (binary_train_multi_seed, train, configs/binary/synth_msi_segformer_b0.yaml, seed=426, resume_checkpoint=none) as job 872483, attempt 3
2026-06-14T20:51:13Z [INFO] Job 872482 for task 84 has left the Slurm queue; validating output
2026-06-14T20:51:13Z [ERROR] Task 84: status file reports state=failed; seed=425; message=train failed; see outputs/slurm/status/multi_seed_tsm4_20260613T122839Z/task_84_attempt_2.log; job_log=outputs/slurm/status/multi_seed_tsm4_20260613T122839Z/task_84_attempt_2.log
2026-06-14T20:51:13Z [ERROR] Task 84: validation failed; re-queueing for retry
2026-06-14T20:51:14Z [INFO] Job 872483 for task 98 has left the Slurm queue; validating output
2026-06-14T20:51:14Z [ERROR] Task 98: status file reports state=failed; seed=426; message=train failed; see outputs/slurm/status/multi_seed_tsm4_20260613T122839Z/task_98_attempt_3.log; job_log=outputs/slurm/status/multi_seed_tsm4_20260613T122839Z/task_98_attempt_3.log
2026-06-14T20:51:14Z [ERROR] Task 98: validation failed; re-queueing for retry
2026-06-14T20:51:24Z [INFO] Submitting task 84 try 1/3: group=binary_train_multi_seed kind=train config=configs/binary/rgb_real_msi_unetpp_resnet34.yaml split=test seed=425 resume_checkpoint=none attempt=3
2026-06-14T20:51:24Z [INFO] Submitted task 84 (binary_train_multi_seed, train, configs/binary/rgb_real_msi_unetpp_resnet34.yaml, seed=425, resume_checkpoint=none) as job 872484, attempt 3
2026-06-14T20:51:24Z [INFO] Submitting task 98 try 1/3: group=binary_train_multi_seed kind=train config=configs/binary/synth_msi_segformer_b0.yaml split=test seed=426 resume_checkpoint=none attempt=4
2026-06-14T20:51:25Z [INFO] Submitted task 98 (binary_train_multi_seed, train, configs/binary/synth_msi_segformer_b0.yaml, seed=426, resume_checkpoint=none) as job 872485, attempt 4
2026-06-14T20:51:35Z [INFO] Job 872484 for task 84 has left the Slurm queue; validating output
2026-06-14T20:51:35Z [ERROR] Task 84: status file reports state=failed; seed=425; message=train failed; see outputs/slurm/status/multi_seed_tsm4_20260613T122839Z/task_84_attempt_3.log; job_log=outputs/slurm/status/multi_seed_tsm4_20260613T122839Z/task_84_attempt_3.log
2026-06-14T20:51:35Z [ERROR] Task 84: validation failed; re-queueing for retry
2026-06-14T20:51:35Z [INFO] Job 872485 for task 98 has left the Slurm queue; validating output
2026-06-14T20:51:35Z [ERROR] Task 98: status file reports state=failed; seed=426; message=train failed; see outputs/slurm/status/multi_seed_tsm4_20260613T122839Z/task_98_attempt_4.log; job_log=outputs/slurm/status/multi_seed_tsm4_20260613T122839Z/task_98_attempt_4.log
2026-06-14T20:51:35Z [ERROR] Task 98: permanent failure after 4 attempt(s)
2026-06-14T20:51:45Z [INFO] Submitting task 84 try 1/3: group=binary_train_multi_seed kind=train config=configs/binary/rgb_real_msi_unetpp_resnet34.yaml split=test seed=425 resume_checkpoint=none attempt=4
2026-06-14T20:51:45Z [INFO] Submitted task 84 (binary_train_multi_seed, train, configs/binary/rgb_real_msi_unetpp_resnet34.yaml, seed=425, resume_checkpoint=none) as job 872486, attempt 4
2026-06-14T20:51:45Z [INFO] Submitting task 99 try 1/3: group=binary_train_multi_seed kind=train config=configs/binary/rgb_real_msi_unetpp_resnet34.yaml split=test seed=426 resume_checkpoint=none attempt=1
2026-06-14T20:51:45Z [INFO] Submitted task 99 (binary_train_multi_seed, train, configs/binary/rgb_real_msi_unetpp_resnet34.yaml, seed=426, resume_checkpoint=none) as job 872487, attempt 1
2026-06-14T20:51:55Z [INFO] Job 872486 for task 84 has left the Slurm queue; validating output
2026-06-14T20:51:55Z [ERROR] Task 84: status file reports state=failed; seed=425; message=train failed; see outputs/slurm/status/multi_seed_tsm4_20260613T122839Z/task_84_attempt_4.log; job_log=outputs/slurm/status/multi_seed_tsm4_20260613T122839Z/task_84_attempt_4.log
2026-06-14T20:51:55Z [ERROR] Task 84: permanent failure after 4 attempt(s)
2026-06-14T20:51:55Z [INFO] Job 872487 for task 99 has left the Slurm queue; validating output
2026-06-14T20:51:56Z [ERROR] Task 99: status file reports state=failed; seed=426; message=train failed; see outputs/slurm/status/multi_seed_tsm4_20260613T122839Z/task_99_attempt_1.log; job_log=outputs/slurm/status/multi_seed_tsm4_20260613T122839Z/task_99_attempt_1.log
2026-06-14T20:51:56Z [ERROR] Task 99: validation failed; re-queueing for retry
2026-06-14T20:52:06Z [INFO] Submitting task 99 try 1/3: group=binary_train_multi_seed kind=train config=configs/binary/rgb_real_msi_unetpp_resnet34.yaml split=test seed=426 resume_checkpoint=none attempt=2
2026-06-14T20:52:06Z [INFO] Submitted task 99 (binary_train_multi_seed, train, configs/binary/rgb_real_msi_unetpp_resnet34.yaml, seed=426, resume_checkpoint=none) as job 872488, attempt 2
2026-06-14T20:52:06Z [INFO] Submitting task 100 try 1/3: group=binary_train_multi_seed kind=train config=configs/binary/rgb_real_msi_deeplabv3plus_resnet34.yaml split=test seed=426 resume_checkpoint=none attempt=1
2026-06-14T20:52:06Z [INFO] Submitted task 100 (binary_train_multi_seed, train, configs/binary/rgb_real_msi_deeplabv3plus_resnet34.yaml, seed=426, resume_checkpoint=none) as job 872489, attempt 1
2026-06-14T20:52:17Z [INFO] Job 872488 for task 99 has left the Slurm queue; validating output
2026-06-14T20:52:17Z [ERROR] Task 99: status file reports state=failed; seed=426; message=train failed; see outputs/slurm/status/multi_seed_tsm4_20260613T122839Z/task_99_attempt_2.log; job_log=outputs/slurm/status/multi_seed_tsm4_20260613T122839Z/task_99_attempt_2.log
2026-06-14T20:52:17Z [ERROR] Task 99: validation failed; re-queueing for retry
2026-06-14T20:52:17Z [INFO] Job 872489 for task 100 has left the Slurm queue; validating output
2026-06-14T20:52:17Z [ERROR] Task 100: status file reports state=failed; seed=426; message=train failed; see outputs/slurm/status/multi_seed_tsm4_20260613T122839Z/task_100_attempt_1.log; job_log=outputs/slurm/status/multi_seed_tsm4_20260613T122839Z/task_100_attempt_1.log
2026-06-14T20:52:17Z [ERROR] Task 100: validation failed; re-queueing for retry
2026-06-14T20:52:27Z [INFO] Submitting task 99 try 1/3: group=binary_train_multi_seed kind=train config=configs/binary/rgb_real_msi_unetpp_resnet34.yaml split=test seed=426 resume_checkpoint=none attempt=3
2026-06-14T20:52:27Z [INFO] Submitted task 99 (binary_train_multi_seed, train, configs/binary/rgb_real_msi_unetpp_resnet34.yaml, seed=426, resume_checkpoint=none) as job 872490, attempt 3
2026-06-14T20:52:27Z [INFO] Submitting task 100 try 1/3: group=binary_train_multi_seed kind=train config=configs/binary/rgb_real_msi_deeplabv3plus_resnet34.yaml split=test seed=426 resume_checkpoint=none attempt=2
2026-06-14T20:52:27Z [INFO] Submitted task 100 (binary_train_multi_seed, train, configs/binary/rgb_real_msi_deeplabv3plus_resnet34.yaml, seed=426, resume_checkpoint=none) as job 872491, attempt 2
2026-06-14T20:52:37Z [INFO] Job 872490 for task 99 has left the Slurm queue; validating output
2026-06-14T20:52:41Z [ERROR] Task 99: status file reports state=failed; seed=426; message=train failed; see outputs/slurm/status/multi_seed_tsm4_20260613T122839Z/task_99_attempt_3.log; job_log=outputs/slurm/status/multi_seed_tsm4_20260613T122839Z/task_99_attempt_3.log
2026-06-14T20:52:41Z [ERROR] Task 99: validation failed; re-queueing for retry
2026-06-14T20:52:41Z [INFO] Job 872491 for task 100 has left the Slurm queue; validating output
2026-06-14T20:52:43Z [ERROR] Task 100: status file reports state=failed; seed=426; message=train failed; see outputs/slurm/status/multi_seed_tsm4_20260613T122839Z/task_100_attempt_2.log; job_log=outputs/slurm/status/multi_seed_tsm4_20260613T122839Z/task_100_attempt_2.log
2026-06-14T20:52:43Z [ERROR] Task 100: validation failed; re-queueing for retry
2026-06-14T20:52:53Z [INFO] Submitting task 99 try 1/3: group=binary_train_multi_seed kind=train config=configs/binary/rgb_real_msi_unetpp_resnet34.yaml split=test seed=426 resume_checkpoint=none attempt=4
2026-06-14T20:52:53Z [INFO] Submitted task 99 (binary_train_multi_seed, train, configs/binary/rgb_real_msi_unetpp_resnet34.yaml, seed=426, resume_checkpoint=none) as job 872492, attempt 4
2026-06-14T20:52:53Z [INFO] Submitting task 100 try 1/3: group=binary_train_multi_seed kind=train config=configs/binary/rgb_real_msi_deeplabv3plus_resnet34.yaml split=test seed=426 resume_checkpoint=none attempt=3
2026-06-14T20:52:53Z [INFO] Submitted task 100 (binary_train_multi_seed, train, configs/binary/rgb_real_msi_deeplabv3plus_resnet34.yaml, seed=426, resume_checkpoint=none) as job 872493, attempt 3
2026-06-14T20:53:03Z [INFO] Job 872492 for task 99 has left the Slurm queue; validating output
2026-06-14T20:53:05Z [ERROR] Task 99: status file reports state=failed; seed=426; message=train failed; see outputs/slurm/status/multi_seed_tsm4_20260613T122839Z/task_99_attempt_4.log; job_log=outputs/slurm/status/multi_seed_tsm4_20260613T122839Z/task_99_attempt_4.log
2026-06-14T20:53:05Z [ERROR] Task 99: permanent failure after 4 attempt(s)
2026-06-14T20:53:05Z [INFO] Job 872493 for task 100 has left the Slurm queue; validating output
2026-06-14T20:53:07Z [ERROR] Task 100: status file reports state=failed; seed=426; message=train failed; see outputs/slurm/status/multi_seed_tsm4_20260613T122839Z/task_100_attempt_3.log; job_log=outputs/slurm/status/multi_seed_tsm4_20260613T122839Z/task_100_attempt_3.log
2026-06-14T20:53:07Z [ERROR] Task 100: validation failed; re-queueing for retry
2026-06-14T20:53:17Z [INFO] Submitting task 100 try 1/3: group=binary_train_multi_seed kind=train config=configs/binary/rgb_real_msi_deeplabv3plus_resnet34.yaml split=test seed=426 resume_checkpoint=none attempt=4
2026-06-14T20:53:17Z [INFO] Submitted task 100 (binary_train_multi_seed, train, configs/binary/rgb_real_msi_deeplabv3plus_resnet34.yaml, seed=426, resume_checkpoint=none) as job 872494, attempt 4
2026-06-14T20:53:17Z [INFO] Submitting task 101 try 1/3: group=binary_train_multi_seed kind=train config=configs/binary/rgb_real_msi_segformer_b0.yaml split=test seed=426 resume_checkpoint=none attempt=1
2026-06-14T20:53:17Z [INFO] Submitted task 101 (binary_train_multi_seed, train, configs/binary/rgb_real_msi_segformer_b0.yaml, seed=426, resume_checkpoint=none) as job 872495, attempt 1
2026-06-14T20:53:27Z [INFO] Job 872494 for task 100 has left the Slurm queue; validating output
2026-06-14T20:53:27Z [ERROR] Task 100: status file reports state=failed; seed=426; message=train failed; see outputs/slurm/status/multi_seed_tsm4_20260613T122839Z/task_100_attempt_4.log; job_log=outputs/slurm/status/multi_seed_tsm4_20260613T122839Z/task_100_attempt_4.log
2026-06-14T20:53:27Z [ERROR] Task 100: permanent failure after 4 attempt(s)
2026-06-14T20:53:27Z [INFO] Job 872495 for task 101 has left the Slurm queue; validating output
2026-06-14T20:53:27Z [ERROR] Task 101: status file reports state=failed; seed=426; message=train failed; see outputs/slurm/status/multi_seed_tsm4_20260613T122839Z/task_101_attempt_1.log; job_log=outputs/slurm/status/multi_seed_tsm4_20260613T122839Z/task_101_attempt_1.log
2026-06-14T20:53:27Z [ERROR] Task 101: validation failed; re-queueing for retry
2026-06-14T20:53:37Z [INFO] Submitting task 101 try 1/3: group=binary_train_multi_seed kind=train config=configs/binary/rgb_real_msi_segformer_b0.yaml split=test seed=426 resume_checkpoint=none attempt=2
2026-06-14T20:53:37Z [INFO] Submitted task 101 (binary_train_multi_seed, train, configs/binary/rgb_real_msi_segformer_b0.yaml, seed=426, resume_checkpoint=none) as job 872496, attempt 2
2026-06-14T20:53:37Z [INFO] Submitting task 102 try 1/3: group=binary_train_multi_seed kind=train config=configs/binary/rgb_synth_msi_unetpp_resnet34.yaml split=test seed=426 resume_checkpoint=none attempt=1
2026-06-14T20:53:38Z [INFO] Submitted task 102 (binary_train_multi_seed, train, configs/binary/rgb_synth_msi_unetpp_resnet34.yaml, seed=426, resume_checkpoint=none) as job 872497, attempt 1
2026-06-14T20:53:48Z [INFO] Job 872496 for task 101 has left the Slurm queue; validating output
2026-06-14T20:53:50Z [ERROR] Task 101: status file reports state=failed; seed=426; message=train failed; see outputs/slurm/status/multi_seed_tsm4_20260613T122839Z/task_101_attempt_2.log; job_log=outputs/slurm/status/multi_seed_tsm4_20260613T122839Z/task_101_attempt_2.log
2026-06-14T20:53:50Z [ERROR] Task 101: validation failed; re-queueing for retry
2026-06-14T20:53:50Z [INFO] Job 872497 for task 102 has left the Slurm queue; validating output
2026-06-14T20:53:50Z [ERROR] Task 102: status file reports state=failed; seed=426; message=train failed; see outputs/slurm/status/multi_seed_tsm4_20260613T122839Z/task_102_attempt_1.log; job_log=outputs/slurm/status/multi_seed_tsm4_20260613T122839Z/task_102_attempt_1.log
2026-06-14T20:53:50Z [ERROR] Task 102: validation failed; re-queueing for retry
2026-06-14T20:54:00Z [INFO] Submitting task 101 try 1/3: group=binary_train_multi_seed kind=train config=configs/binary/rgb_real_msi_segformer_b0.yaml split=test seed=426 resume_checkpoint=none attempt=3
2026-06-14T20:54:00Z [INFO] Submitted task 101 (binary_train_multi_seed, train, configs/binary/rgb_real_msi_segformer_b0.yaml, seed=426, resume_checkpoint=none) as job 872498, attempt 3
2026-06-14T20:54:00Z [INFO] Submitting task 102 try 1/3: group=binary_train_multi_seed kind=train config=configs/binary/rgb_synth_msi_unetpp_resnet34.yaml split=test seed=426 resume_checkpoint=none attempt=2
2026-06-14T20:54:00Z [INFO] Submitted task 102 (binary_train_multi_seed, train, configs/binary/rgb_synth_msi_unetpp_resnet34.yaml, seed=426, resume_checkpoint=none) as job 872499, attempt 2
2026-06-14T20:54:10Z [INFO] Job 872498 for task 101 has left the Slurm queue; validating output
2026-06-14T20:54:10Z [ERROR] Task 101: status file reports state=failed; seed=426; message=train failed; see outputs/slurm/status/multi_seed_tsm4_20260613T122839Z/task_101_attempt_3.log; job_log=outputs/slurm/status/multi_seed_tsm4_20260613T122839Z/task_101_attempt_3.log
2026-06-14T20:54:10Z [ERROR] Task 101: validation failed; re-queueing for retry
2026-06-14T20:54:10Z [INFO] Job 872499 for task 102 has left the Slurm queue; validating output
2026-06-14T20:54:10Z [ERROR] Task 102: status file reports state=failed; seed=426; message=train failed; see outputs/slurm/status/multi_seed_tsm4_20260613T122839Z/task_102_attempt_2.log; job_log=outputs/slurm/status/multi_seed_tsm4_20260613T122839Z/task_102_attempt_2.log
2026-06-14T20:54:10Z [ERROR] Task 102: validation failed; re-queueing for retry
2026-06-14T20:54:20Z [INFO] Submitting task 101 try 1/3: group=binary_train_multi_seed kind=train config=configs/binary/rgb_real_msi_segformer_b0.yaml split=test seed=426 resume_checkpoint=none attempt=4
2026-06-14T20:54:20Z [INFO] Submitted task 101 (binary_train_multi_seed, train, configs/binary/rgb_real_msi_segformer_b0.yaml, seed=426, resume_checkpoint=none) as job 872500, attempt 4
2026-06-14T20:54:20Z [INFO] Submitting task 102 try 1/3: group=binary_train_multi_seed kind=train config=configs/binary/rgb_synth_msi_unetpp_resnet34.yaml split=test seed=426 resume_checkpoint=none attempt=3
2026-06-14T20:54:20Z [INFO] Submitted task 102 (binary_train_multi_seed, train, configs/binary/rgb_synth_msi_unetpp_resnet34.yaml, seed=426, resume_checkpoint=none) as job 872501, attempt 3
2026-06-14T20:54:31Z [INFO] Job 872500 for task 101 has left the Slurm queue; validating output
2026-06-14T20:54:31Z [ERROR] Task 101: status file reports state=failed; seed=426; message=train failed; see outputs/slurm/status/multi_seed_tsm4_20260613T122839Z/task_101_attempt_4.log; job_log=outputs/slurm/status/multi_seed_tsm4_20260613T122839Z/task_101_attempt_4.log
2026-06-14T20:54:31Z [ERROR] Task 101: permanent failure after 4 attempt(s)
2026-06-14T20:54:31Z [INFO] Job 872501 for task 102 has left the Slurm queue; validating output
2026-06-14T20:54:31Z [ERROR] Task 102: status file reports state=failed; seed=426; message=train failed; see outputs/slurm/status/multi_seed_tsm4_20260613T122839Z/task_102_attempt_3.log; job_log=outputs/slurm/status/multi_seed_tsm4_20260613T122839Z/task_102_attempt_3.log
2026-06-14T20:54:31Z [ERROR] Task 102: validation failed; re-queueing for retry
2026-06-14T20:54:41Z [INFO] Submitting task 102 try 1/3: group=binary_train_multi_seed kind=train config=configs/binary/rgb_synth_msi_unetpp_resnet34.yaml split=test seed=426 resume_checkpoint=none attempt=4
2026-06-14T20:54:41Z [INFO] Submitted task 102 (binary_train_multi_seed, train, configs/binary/rgb_synth_msi_unetpp_resnet34.yaml, seed=426, resume_checkpoint=none) as job 872502, attempt 4
2026-06-14T20:54:41Z [INFO] Submitting task 103 try 1/3: group=binary_train_multi_seed kind=train config=configs/binary/rgb_synth_msi_deeplabv3plus_resnet34.yaml split=test seed=426 resume_checkpoint=none attempt=1
2026-06-14T20:54:41Z [INFO] Submitted task 103 (binary_train_multi_seed, train, configs/binary/rgb_synth_msi_deeplabv3plus_resnet34.yaml, seed=426, resume_checkpoint=none) as job 872503, attempt 1
2026-06-14T20:54:51Z [INFO] Job 872502 for task 102 has left the Slurm queue; validating output
2026-06-14T20:54:52Z [ERROR] Task 102: status file reports state=failed; seed=426; message=train failed; see outputs/slurm/status/multi_seed_tsm4_20260613T122839Z/task_102_attempt_4.log; job_log=outputs/slurm/status/multi_seed_tsm4_20260613T122839Z/task_102_attempt_4.log
2026-06-14T20:54:52Z [ERROR] Task 102: permanent failure after 4 attempt(s)
2026-06-14T20:54:52Z [INFO] Job 872503 for task 103 has left the Slurm queue; validating output
2026-06-14T20:54:59Z [ERROR] Task 103: status file reports state=failed; seed=426; message=train failed; see outputs/slurm/status/multi_seed_tsm4_20260613T122839Z/task_103_attempt_1.log; job_log=outputs/slurm/status/multi_seed_tsm4_20260613T122839Z/task_103_attempt_1.log
2026-06-14T20:54:59Z [ERROR] Task 103: validation failed; re-queueing for retry
2026-06-14T20:55:09Z [INFO] Submitting task 103 try 1/3: group=binary_train_multi_seed kind=train config=configs/binary/rgb_synth_msi_deeplabv3plus_resnet34.yaml split=test seed=426 resume_checkpoint=none attempt=2
2026-06-14T20:55:09Z [INFO] Submitted task 103 (binary_train_multi_seed, train, configs/binary/rgb_synth_msi_deeplabv3plus_resnet34.yaml, seed=426, resume_checkpoint=none) as job 872504, attempt 2
2026-06-14T20:55:09Z [INFO] Submitting task 104 try 1/3: group=binary_train_multi_seed kind=train config=configs/binary/rgb_synth_msi_segformer_b0.yaml split=test seed=426 resume_checkpoint=none attempt=1
2026-06-14T20:55:09Z [INFO] Submitted task 104 (binary_train_multi_seed, train, configs/binary/rgb_synth_msi_segformer_b0.yaml, seed=426, resume_checkpoint=none) as job 872505, attempt 1
2026-06-14T20:55:19Z [INFO] Job 872504 for task 103 has left the Slurm queue; validating output
2026-06-14T20:55:23Z [ERROR] Task 103: status file reports state=failed; seed=426; message=train failed; see outputs/slurm/status/multi_seed_tsm4_20260613T122839Z/task_103_attempt_2.log; job_log=outputs/slurm/status/multi_seed_tsm4_20260613T122839Z/task_103_attempt_2.log
2026-06-14T20:55:23Z [ERROR] Task 103: validation failed; re-queueing for retry
2026-06-14T20:55:23Z [INFO] Job 872505 for task 104 has left the Slurm queue; validating output
2026-06-14T20:55:23Z [ERROR] Task 104: status file reports state=failed; seed=426; message=train failed; see outputs/slurm/status/multi_seed_tsm4_20260613T122839Z/task_104_attempt_1.log; job_log=outputs/slurm/status/multi_seed_tsm4_20260613T122839Z/task_104_attempt_1.log
2026-06-14T20:55:23Z [ERROR] Task 104: validation failed; re-queueing for retry
2026-06-14T20:55:33Z [INFO] Submitting task 103 try 1/3: group=binary_train_multi_seed kind=train config=configs/binary/rgb_synth_msi_deeplabv3plus_resnet34.yaml split=test seed=426 resume_checkpoint=none attempt=3
2026-06-14T20:55:33Z [INFO] Submitted task 103 (binary_train_multi_seed, train, configs/binary/rgb_synth_msi_deeplabv3plus_resnet34.yaml, seed=426, resume_checkpoint=none) as job 872506, attempt 3
2026-06-14T20:55:33Z [INFO] Submitting task 104 try 1/3: group=binary_train_multi_seed kind=train config=configs/binary/rgb_synth_msi_segformer_b0.yaml split=test seed=426 resume_checkpoint=none attempt=2
2026-06-14T20:55:33Z [INFO] Submitted task 104 (binary_train_multi_seed, train, configs/binary/rgb_synth_msi_segformer_b0.yaml, seed=426, resume_checkpoint=none) as job 872507, attempt 2
2026-06-14T20:55:43Z [INFO] Job 872506 for task 103 has left the Slurm queue; validating output
2026-06-14T20:55:45Z [ERROR] Task 103: status file reports state=failed; seed=426; message=train failed; see outputs/slurm/status/multi_seed_tsm4_20260613T122839Z/task_103_attempt_3.log; job_log=outputs/slurm/status/multi_seed_tsm4_20260613T122839Z/task_103_attempt_3.log
2026-06-14T20:55:45Z [ERROR] Task 103: validation failed; re-queueing for retry
2026-06-14T20:55:45Z [INFO] Job 872507 for task 104 has left the Slurm queue; validating output
2026-06-14T20:55:48Z [ERROR] Task 104: status file reports state=failed; seed=426; message=train failed; see outputs/slurm/status/multi_seed_tsm4_20260613T122839Z/task_104_attempt_2.log; job_log=outputs/slurm/status/multi_seed_tsm4_20260613T122839Z/task_104_attempt_2.log
2026-06-14T20:55:48Z [ERROR] Task 104: validation failed; re-queueing for retry
2026-06-14T20:55:58Z [INFO] Submitting task 103 try 1/3: group=binary_train_multi_seed kind=train config=configs/binary/rgb_synth_msi_deeplabv3plus_resnet34.yaml split=test seed=426 resume_checkpoint=none attempt=4
2026-06-14T20:55:58Z [INFO] Submitted task 103 (binary_train_multi_seed, train, configs/binary/rgb_synth_msi_deeplabv3plus_resnet34.yaml, seed=426, resume_checkpoint=none) as job 872508, attempt 4
2026-06-14T20:55:58Z [INFO] Submitting task 104 try 1/3: group=binary_train_multi_seed kind=train config=configs/binary/rgb_synth_msi_segformer_b0.yaml split=test seed=426 resume_checkpoint=none attempt=3
2026-06-14T20:55:58Z [INFO] Submitted task 104 (binary_train_multi_seed, train, configs/binary/rgb_synth_msi_segformer_b0.yaml, seed=426, resume_checkpoint=none) as job 872509, attempt 3
2026-06-14T20:56:08Z [INFO] Job 872508 for task 103 has left the Slurm queue; validating output
2026-06-14T20:56:08Z [ERROR] Task 103: status file reports state=failed; seed=426; message=train failed; see outputs/slurm/status/multi_seed_tsm4_20260613T122839Z/task_103_attempt_4.log; job_log=outputs/slurm/status/multi_seed_tsm4_20260613T122839Z/task_103_attempt_4.log
2026-06-14T20:56:08Z [ERROR] Task 103: permanent failure after 4 attempt(s)
2026-06-14T20:56:08Z [INFO] Job 872509 for task 104 has left the Slurm queue; validating output
2026-06-14T20:56:08Z [ERROR] Task 104: status file reports state=failed; seed=426; message=train failed; see outputs/slurm/status/multi_seed_tsm4_20260613T122839Z/task_104_attempt_3.log; job_log=outputs/slurm/status/multi_seed_tsm4_20260613T122839Z/task_104_attempt_3.log
2026-06-14T20:56:08Z [ERROR] Task 104: validation failed; re-queueing for retry
2026-06-14T20:56:18Z [INFO] Submitting task 104 try 1/3: group=binary_train_multi_seed kind=train config=configs/binary/rgb_synth_msi_segformer_b0.yaml split=test seed=426 resume_checkpoint=none attempt=4
2026-06-14T20:56:18Z [INFO] Submitted task 104 (binary_train_multi_seed, train, configs/binary/rgb_synth_msi_segformer_b0.yaml, seed=426, resume_checkpoint=none) as job 872510, attempt 4
2026-06-14T20:56:18Z [INFO] Submitting task 105 try 1/3: group=binary_train_multi_seed kind=train config=configs/binary/rgb_unetpp_resnet34.yaml split=test seed=427 resume_checkpoint=none attempt=1
2026-06-14T20:56:18Z [INFO] Submitted task 105 (binary_train_multi_seed, train, configs/binary/rgb_unetpp_resnet34.yaml, seed=427, resume_checkpoint=none) as job 872511, attempt 1
2026-06-14T20:56:29Z [INFO] Job 872510 for task 104 has left the Slurm queue; validating output
2026-06-14T20:56:29Z [ERROR] Task 104: status file reports state=failed; seed=426; message=train failed; see outputs/slurm/status/multi_seed_tsm4_20260613T122839Z/task_104_attempt_4.log; job_log=outputs/slurm/status/multi_seed_tsm4_20260613T122839Z/task_104_attempt_4.log
2026-06-14T20:56:29Z [ERROR] Task 104: permanent failure after 4 attempt(s)
2026-06-14T20:56:29Z [INFO] Job 872511 for task 105 has left the Slurm queue; validating output
2026-06-14T20:56:29Z [ERROR] Task 105: status file reports state=failed; seed=427; message=train failed; see outputs/slurm/status/multi_seed_tsm4_20260613T122839Z/task_105_attempt_1.log; job_log=outputs/slurm/status/multi_seed_tsm4_20260613T122839Z/task_105_attempt_1.log
2026-06-14T20:56:29Z [ERROR] Task 105: validation failed; re-queueing for retry
2026-06-14T20:56:39Z [INFO] Submitting task 105 try 1/3: group=binary_train_multi_seed kind=train config=configs/binary/rgb_unetpp_resnet34.yaml split=test seed=427 resume_checkpoint=none attempt=2
2026-06-14T20:56:39Z [INFO] Submitted task 105 (binary_train_multi_seed, train, configs/binary/rgb_unetpp_resnet34.yaml, seed=427, resume_checkpoint=none) as job 872512, attempt 2
2026-06-14T20:56:39Z [INFO] Submitting task 106 try 1/3: group=binary_train_multi_seed kind=train config=configs/binary/rgb_deeplabv3plus_resnet34.yaml split=test seed=427 resume_checkpoint=none attempt=1
2026-06-14T20:56:39Z [INFO] Submitted task 106 (binary_train_multi_seed, train, configs/binary/rgb_deeplabv3plus_resnet34.yaml, seed=427, resume_checkpoint=none) as job 872513, attempt 1
2026-06-14T20:56:49Z [INFO] Job 872512 for task 105 has left the Slurm queue; validating output
2026-06-14T20:56:49Z [ERROR] Task 105: status file reports state=failed; seed=427; message=train failed; see outputs/slurm/status/multi_seed_tsm4_20260613T122839Z/task_105_attempt_2.log; job_log=outputs/slurm/status/multi_seed_tsm4_20260613T122839Z/task_105_attempt_2.log
2026-06-14T20:56:49Z [ERROR] Task 105: validation failed; re-queueing for retry
2026-06-14T20:56:49Z [INFO] Job 872513 for task 106 has left the Slurm queue; validating output
2026-06-14T20:56:50Z [ERROR] Task 106: status file reports state=failed; seed=427; message=train failed; see outputs/slurm/status/multi_seed_tsm4_20260613T122839Z/task_106_attempt_1.log; job_log=outputs/slurm/status/multi_seed_tsm4_20260613T122839Z/task_106_attempt_1.log
2026-06-14T20:56:50Z [ERROR] Task 106: validation failed; re-queueing for retry
2026-06-14T20:57:00Z [INFO] Submitting task 105 try 1/3: group=binary_train_multi_seed kind=train config=configs/binary/rgb_unetpp_resnet34.yaml split=test seed=427 resume_checkpoint=none attempt=3
2026-06-14T20:57:00Z [INFO] Submitted task 105 (binary_train_multi_seed, train, configs/binary/rgb_unetpp_resnet34.yaml, seed=427, resume_checkpoint=none) as job 872514, attempt 3
2026-06-14T20:57:00Z [INFO] Submitting task 106 try 1/3: group=binary_train_multi_seed kind=train config=configs/binary/rgb_deeplabv3plus_resnet34.yaml split=test seed=427 resume_checkpoint=none attempt=2
2026-06-14T20:57:00Z [INFO] Submitted task 106 (binary_train_multi_seed, train, configs/binary/rgb_deeplabv3plus_resnet34.yaml, seed=427, resume_checkpoint=none) as job 872515, attempt 2
2026-06-14T20:57:10Z [INFO] Job 872514 for task 105 has left the Slurm queue; validating output
2026-06-14T20:57:10Z [ERROR] Task 105: status file reports state=failed; seed=427; message=train failed; see outputs/slurm/status/multi_seed_tsm4_20260613T122839Z/task_105_attempt_3.log; job_log=outputs/slurm/status/multi_seed_tsm4_20260613T122839Z/task_105_attempt_3.log
2026-06-14T20:57:10Z [ERROR] Task 105: validation failed; re-queueing for retry
2026-06-14T20:57:10Z [INFO] Job 872515 for task 106 has left the Slurm queue; validating output
2026-06-14T20:57:10Z [ERROR] Task 106: status file reports state=failed; seed=427; message=train failed; see outputs/slurm/status/multi_seed_tsm4_20260613T122839Z/task_106_attempt_2.log; job_log=outputs/slurm/status/multi_seed_tsm4_20260613T122839Z/task_106_attempt_2.log
2026-06-14T20:57:10Z [ERROR] Task 106: validation failed; re-queueing for retry
2026-06-14T20:57:20Z [INFO] Submitting task 105 try 1/3: group=binary_train_multi_seed kind=train config=configs/binary/rgb_unetpp_resnet34.yaml split=test seed=427 resume_checkpoint=none attempt=4
2026-06-14T20:57:20Z [INFO] Submitted task 105 (binary_train_multi_seed, train, configs/binary/rgb_unetpp_resnet34.yaml, seed=427, resume_checkpoint=none) as job 872517, attempt 4
2026-06-14T20:57:20Z [INFO] Submitting task 106 try 1/3: group=binary_train_multi_seed kind=train config=configs/binary/rgb_deeplabv3plus_resnet34.yaml split=test seed=427 resume_checkpoint=none attempt=3
2026-06-14T20:57:20Z [INFO] Submitted task 106 (binary_train_multi_seed, train, configs/binary/rgb_deeplabv3plus_resnet34.yaml, seed=427, resume_checkpoint=none) as job 872518, attempt 3
2026-06-14T20:57:31Z [INFO] Job 872517 for task 105 has left the Slurm queue; validating output
2026-06-14T20:57:32Z [ERROR] Task 105: status file reports state=failed; seed=427; message=train failed; see outputs/slurm/status/multi_seed_tsm4_20260613T122839Z/task_105_attempt_4.log; job_log=outputs/slurm/status/multi_seed_tsm4_20260613T122839Z/task_105_attempt_4.log
2026-06-14T20:57:32Z [ERROR] Task 105: permanent failure after 4 attempt(s)
2026-06-14T20:57:32Z [INFO] Job 872518 for task 106 has left the Slurm queue; validating output
2026-06-14T20:57:32Z [ERROR] Task 106: status file reports state=failed; seed=427; message=train failed; see outputs/slurm/status/multi_seed_tsm4_20260613T122839Z/task_106_attempt_3.log; job_log=outputs/slurm/status/multi_seed_tsm4_20260613T122839Z/task_106_attempt_3.log
2026-06-14T20:57:32Z [ERROR] Task 106: validation failed; re-queueing for retry
2026-06-14T20:57:42Z [INFO] Submitting task 106 try 1/3: group=binary_train_multi_seed kind=train config=configs/binary/rgb_deeplabv3plus_resnet34.yaml split=test seed=427 resume_checkpoint=none attempt=4
2026-06-14T20:57:42Z [INFO] Submitted task 106 (binary_train_multi_seed, train, configs/binary/rgb_deeplabv3plus_resnet34.yaml, seed=427, resume_checkpoint=none) as job 872520, attempt 4
2026-06-14T20:57:42Z [INFO] Submitting task 107 try 1/3: group=binary_train_multi_seed kind=train config=configs/binary/rgb_segformer_b0.yaml split=test seed=427 resume_checkpoint=none attempt=1
2026-06-14T20:57:42Z [INFO] Submitted task 107 (binary_train_multi_seed, train, configs/binary/rgb_segformer_b0.yaml, seed=427, resume_checkpoint=none) as job 872521, attempt 1
2026-06-14T20:57:52Z [INFO] Job 872520 for task 106 has left the Slurm queue; validating output
2026-06-14T20:57:52Z [ERROR] Task 106: status file reports state=failed; seed=427; message=train failed; see outputs/slurm/status/multi_seed_tsm4_20260613T122839Z/task_106_attempt_4.log; job_log=outputs/slurm/status/multi_seed_tsm4_20260613T122839Z/task_106_attempt_4.log
2026-06-14T20:57:52Z [ERROR] Task 106: permanent failure after 4 attempt(s)
2026-06-14T20:57:52Z [INFO] Job 872521 for task 107 has left the Slurm queue; validating output
2026-06-14T20:57:52Z [ERROR] Task 107: status file reports state=failed; seed=427; message=train failed; see outputs/slurm/status/multi_seed_tsm4_20260613T122839Z/task_107_attempt_1.log; job_log=outputs/slurm/status/multi_seed_tsm4_20260613T122839Z/task_107_attempt_1.log
2026-06-14T20:57:52Z [ERROR] Task 107: validation failed; re-queueing for retry
2026-06-14T20:58:02Z [INFO] Submitting task 107 try 1/3: group=binary_train_multi_seed kind=train config=configs/binary/rgb_segformer_b0.yaml split=test seed=427 resume_checkpoint=none attempt=2
2026-06-14T20:58:02Z [INFO] Submitted task 107 (binary_train_multi_seed, train, configs/binary/rgb_segformer_b0.yaml, seed=427, resume_checkpoint=none) as job 872522, attempt 2
2026-06-14T20:58:02Z [INFO] Submitting task 108 try 1/3: group=binary_train_multi_seed kind=train config=configs/binary/real_msi_unetpp_resnet34.yaml split=test seed=427 resume_checkpoint=none attempt=1
2026-06-14T20:58:02Z [INFO] Submitted task 108 (binary_train_multi_seed, train, configs/binary/real_msi_unetpp_resnet34.yaml, seed=427, resume_checkpoint=none) as job 872523, attempt 1
2026-06-14T20:58:12Z [INFO] Job 872522 for task 107 has left the Slurm queue; validating output
2026-06-14T20:58:12Z [ERROR] Task 107: status file reports state=failed; seed=427; message=train failed; see outputs/slurm/status/multi_seed_tsm4_20260613T122839Z/task_107_attempt_2.log; job_log=outputs/slurm/status/multi_seed_tsm4_20260613T122839Z/task_107_attempt_2.log
2026-06-14T20:58:12Z [ERROR] Task 107: validation failed; re-queueing for retry
2026-06-14T20:58:12Z [INFO] Job 872523 for task 108 has left the Slurm queue; validating output
2026-06-14T20:58:12Z [ERROR] Task 108: status file reports state=failed; seed=427; message=train failed; see outputs/slurm/status/multi_seed_tsm4_20260613T122839Z/task_108_attempt_1.log; job_log=outputs/slurm/status/multi_seed_tsm4_20260613T122839Z/task_108_attempt_1.log
2026-06-14T20:58:12Z [ERROR] Task 108: validation failed; re-queueing for retry
2026-06-14T20:58:22Z [INFO] Submitting task 107 try 1/3: group=binary_train_multi_seed kind=train config=configs/binary/rgb_segformer_b0.yaml split=test seed=427 resume_checkpoint=none attempt=3
2026-06-14T20:58:23Z [INFO] Submitted task 107 (binary_train_multi_seed, train, configs/binary/rgb_segformer_b0.yaml, seed=427, resume_checkpoint=none) as job 872524, attempt 3
2026-06-14T20:58:23Z [INFO] Submitting task 108 try 1/3: group=binary_train_multi_seed kind=train config=configs/binary/real_msi_unetpp_resnet34.yaml split=test seed=427 resume_checkpoint=none attempt=2
2026-06-14T20:58:23Z [INFO] Submitted task 108 (binary_train_multi_seed, train, configs/binary/real_msi_unetpp_resnet34.yaml, seed=427, resume_checkpoint=none) as job 872525, attempt 2
2026-06-14T20:58:33Z [INFO] Job 872524 for task 107 has left the Slurm queue; validating output
2026-06-14T20:58:33Z [ERROR] Task 107: status file reports state=failed; seed=427; message=train failed; see outputs/slurm/status/multi_seed_tsm4_20260613T122839Z/task_107_attempt_3.log; job_log=outputs/slurm/status/multi_seed_tsm4_20260613T122839Z/task_107_attempt_3.log
2026-06-14T20:58:33Z [ERROR] Task 107: validation failed; re-queueing for retry
2026-06-14T20:58:33Z [INFO] Job 872525 for task 108 has left the Slurm queue; validating output
2026-06-14T20:58:33Z [ERROR] Task 108: status file reports state=failed; seed=427; message=train failed; see outputs/slurm/status/multi_seed_tsm4_20260613T122839Z/task_108_attempt_2.log; job_log=outputs/slurm/status/multi_seed_tsm4_20260613T122839Z/task_108_attempt_2.log
2026-06-14T20:58:33Z [ERROR] Task 108: validation failed; re-queueing for retry
2026-06-14T20:58:43Z [INFO] Submitting task 107 try 1/3: group=binary_train_multi_seed kind=train config=configs/binary/rgb_segformer_b0.yaml split=test seed=427 resume_checkpoint=none attempt=4
2026-06-14T20:58:43Z [INFO] Submitted task 107 (binary_train_multi_seed, train, configs/binary/rgb_segformer_b0.yaml, seed=427, resume_checkpoint=none) as job 872526, attempt 4
2026-06-14T20:58:43Z [INFO] Submitting task 108 try 1/3: group=binary_train_multi_seed kind=train config=configs/binary/real_msi_unetpp_resnet34.yaml split=test seed=427 resume_checkpoint=none attempt=3
2026-06-14T20:58:43Z [INFO] Submitted task 108 (binary_train_multi_seed, train, configs/binary/real_msi_unetpp_resnet34.yaml, seed=427, resume_checkpoint=none) as job 872527, attempt 3
2026-06-14T20:58:53Z [INFO] Job 872526 for task 107 has left the Slurm queue; validating output
2026-06-14T20:58:53Z [ERROR] Task 107: status file reports state=failed; seed=427; message=train failed; see outputs/slurm/status/multi_seed_tsm4_20260613T122839Z/task_107_attempt_4.log; job_log=outputs/slurm/status/multi_seed_tsm4_20260613T122839Z/task_107_attempt_4.log
2026-06-14T20:58:53Z [ERROR] Task 107: permanent failure after 4 attempt(s)
2026-06-14T20:58:53Z [INFO] Job 872527 for task 108 has left the Slurm queue; validating output
2026-06-14T20:58:54Z [ERROR] Task 108: status file reports state=failed; seed=427; message=train failed; see outputs/slurm/status/multi_seed_tsm4_20260613T122839Z/task_108_attempt_3.log; job_log=outputs/slurm/status/multi_seed_tsm4_20260613T122839Z/task_108_attempt_3.log
2026-06-14T20:58:54Z [ERROR] Task 108: validation failed; re-queueing for retry
2026-06-14T20:59:04Z [INFO] Submitting task 108 try 1/3: group=binary_train_multi_seed kind=train config=configs/binary/real_msi_unetpp_resnet34.yaml split=test seed=427 resume_checkpoint=none attempt=4
2026-06-14T20:59:04Z [INFO] Submitted task 108 (binary_train_multi_seed, train, configs/binary/real_msi_unetpp_resnet34.yaml, seed=427, resume_checkpoint=none) as job 872528, attempt 4
2026-06-14T20:59:04Z [INFO] Submitting task 109 try 1/3: group=binary_train_multi_seed kind=train config=configs/binary/real_msi_deeplabv3plus_resnet34.yaml split=test seed=427 resume_checkpoint=none attempt=1
2026-06-14T20:59:04Z [INFO] Submitted task 109 (binary_train_multi_seed, train, configs/binary/real_msi_deeplabv3plus_resnet34.yaml, seed=427, resume_checkpoint=none) as job 872529, attempt 1
2026-06-14T20:59:14Z [INFO] Job 872528 for task 108 has left the Slurm queue; validating output
2026-06-14T20:59:14Z [ERROR] Task 108: status file reports state=failed; seed=427; message=train failed; see outputs/slurm/status/multi_seed_tsm4_20260613T122839Z/task_108_attempt_4.log; job_log=outputs/slurm/status/multi_seed_tsm4_20260613T122839Z/task_108_attempt_4.log
2026-06-14T20:59:14Z [ERROR] Task 108: permanent failure after 4 attempt(s)
2026-06-14T20:59:14Z [INFO] Job 872529 for task 109 has left the Slurm queue; validating output
2026-06-14T20:59:14Z [ERROR] Task 109: status file reports state=failed; seed=427; message=train failed; see outputs/slurm/status/multi_seed_tsm4_20260613T122839Z/task_109_attempt_1.log; job_log=outputs/slurm/status/multi_seed_tsm4_20260613T122839Z/task_109_attempt_1.log
2026-06-14T20:59:14Z [ERROR] Task 109: validation failed; re-queueing for retry
2026-06-14T20:59:24Z [INFO] Submitting task 109 try 1/3: group=binary_train_multi_seed kind=train config=configs/binary/real_msi_deeplabv3plus_resnet34.yaml split=test seed=427 resume_checkpoint=none attempt=2
2026-06-14T20:59:24Z [INFO] Submitted task 109 (binary_train_multi_seed, train, configs/binary/real_msi_deeplabv3plus_resnet34.yaml, seed=427, resume_checkpoint=none) as job 872530, attempt 2
2026-06-14T20:59:24Z [INFO] Submitting task 110 try 1/3: group=binary_train_multi_seed kind=train config=configs/binary/real_msi_segformer_b0.yaml split=test seed=427 resume_checkpoint=none attempt=1
2026-06-14T20:59:24Z [INFO] Submitted task 110 (binary_train_multi_seed, train, configs/binary/real_msi_segformer_b0.yaml, seed=427, resume_checkpoint=none) as job 872531, attempt 1
2026-06-14T20:59:34Z [INFO] Job 872530 for task 109 has left the Slurm queue; validating output
2026-06-14T20:59:38Z [ERROR] Task 109: status file reports state=failed; seed=427; message=train failed; see outputs/slurm/status/multi_seed_tsm4_20260613T122839Z/task_109_attempt_2.log; job_log=outputs/slurm/status/multi_seed_tsm4_20260613T122839Z/task_109_attempt_2.log
2026-06-14T20:59:38Z [ERROR] Task 109: validation failed; re-queueing for retry
2026-06-14T20:59:38Z [INFO] Job 872531 for task 110 has left the Slurm queue; validating output
2026-06-14T20:59:38Z [ERROR] Task 110: status file reports state=failed; seed=427; message=train failed; see outputs/slurm/status/multi_seed_tsm4_20260613T122839Z/task_110_attempt_1.log; job_log=outputs/slurm/status/multi_seed_tsm4_20260613T122839Z/task_110_attempt_1.log
2026-06-14T20:59:38Z [ERROR] Task 110: validation failed; re-queueing for retry
2026-06-14T20:59:48Z [INFO] Submitting task 109 try 1/3: group=binary_train_multi_seed kind=train config=configs/binary/real_msi_deeplabv3plus_resnet34.yaml split=test seed=427 resume_checkpoint=none attempt=3
2026-06-14T20:59:48Z [INFO] Submitted task 109 (binary_train_multi_seed, train, configs/binary/real_msi_deeplabv3plus_resnet34.yaml, seed=427, resume_checkpoint=none) as job 872532, attempt 3
2026-06-14T20:59:48Z [INFO] Submitting task 110 try 1/3: group=binary_train_multi_seed kind=train config=configs/binary/real_msi_segformer_b0.yaml split=test seed=427 resume_checkpoint=none attempt=2
2026-06-14T20:59:48Z [INFO] Submitted task 110 (binary_train_multi_seed, train, configs/binary/real_msi_segformer_b0.yaml, seed=427, resume_checkpoint=none) as job 872533, attempt 2
2026-06-14T20:59:58Z [INFO] Job 872532 for task 109 has left the Slurm queue; validating output
2026-06-14T21:00:01Z [ERROR] Task 109: status file reports state=failed; seed=427; message=train failed; see outputs/slurm/status/multi_seed_tsm4_20260613T122839Z/task_109_attempt_3.log; job_log=outputs/slurm/status/multi_seed_tsm4_20260613T122839Z/task_109_attempt_3.log
2026-06-14T21:00:01Z [ERROR] Task 109: validation failed; re-queueing for retry
2026-06-14T21:00:01Z [INFO] Job 872533 for task 110 has left the Slurm queue; validating output
2026-06-14T21:00:02Z [ERROR] Task 110: status file reports state=failed; seed=427; message=train failed; see outputs/slurm/status/multi_seed_tsm4_20260613T122839Z/task_110_attempt_2.log; job_log=outputs/slurm/status/multi_seed_tsm4_20260613T122839Z/task_110_attempt_2.log
2026-06-14T21:00:02Z [ERROR] Task 110: validation failed; re-queueing for retry
2026-06-14T21:00:12Z [INFO] Submitting task 109 try 1/3: group=binary_train_multi_seed kind=train config=configs/binary/real_msi_deeplabv3plus_resnet34.yaml split=test seed=427 resume_checkpoint=none attempt=4
2026-06-14T21:00:12Z [INFO] Submitted task 109 (binary_train_multi_seed, train, configs/binary/real_msi_deeplabv3plus_resnet34.yaml, seed=427, resume_checkpoint=none) as job 872540, attempt 4
2026-06-14T21:00:12Z [INFO] Submitting task 110 try 1/3: group=binary_train_multi_seed kind=train config=configs/binary/real_msi_segformer_b0.yaml split=test seed=427 resume_checkpoint=none attempt=3
2026-06-14T21:00:12Z [INFO] Submitted task 110 (binary_train_multi_seed, train, configs/binary/real_msi_segformer_b0.yaml, seed=427, resume_checkpoint=none) as job 872541, attempt 3
2026-06-14T21:00:23Z [INFO] Job 872540 for task 109 has left the Slurm queue; validating output
2026-06-14T21:00:23Z [ERROR] Task 109: status file reports state=failed; seed=427; message=train failed; see outputs/slurm/status/multi_seed_tsm4_20260613T122839Z/task_109_attempt_4.log; job_log=outputs/slurm/status/multi_seed_tsm4_20260613T122839Z/task_109_attempt_4.log
2026-06-14T21:00:23Z [ERROR] Task 109: permanent failure after 4 attempt(s)
2026-06-14T21:00:23Z [INFO] Job 872541 for task 110 has left the Slurm queue; validating output
2026-06-14T21:00:23Z [ERROR] Task 110: status file reports state=failed; seed=427; message=train failed; see outputs/slurm/status/multi_seed_tsm4_20260613T122839Z/task_110_attempt_3.log; job_log=outputs/slurm/status/multi_seed_tsm4_20260613T122839Z/task_110_attempt_3.log
2026-06-14T21:00:23Z [ERROR] Task 110: validation failed; re-queueing for retry
2026-06-14T21:00:33Z [INFO] Submitting task 110 try 1/3: group=binary_train_multi_seed kind=train config=configs/binary/real_msi_segformer_b0.yaml split=test seed=427 resume_checkpoint=none attempt=4
2026-06-14T21:00:33Z [INFO] Submitted task 110 (binary_train_multi_seed, train, configs/binary/real_msi_segformer_b0.yaml, seed=427, resume_checkpoint=none) as job 872542, attempt 4
2026-06-14T21:00:33Z [INFO] Submitting task 111 try 1/3: group=binary_train_multi_seed kind=train config=configs/binary/synth_msi_unetpp_resnet34.yaml split=test seed=427 resume_checkpoint=none attempt=1
2026-06-14T21:00:33Z [INFO] Submitted task 111 (binary_train_multi_seed, train, configs/binary/synth_msi_unetpp_resnet34.yaml, seed=427, resume_checkpoint=none) as job 872543, attempt 1
2026-06-14T21:00:43Z [INFO] Job 872542 for task 110 has left the Slurm queue; validating output
2026-06-14T21:00:45Z [ERROR] Task 110: status file reports state=failed; seed=427; message=train failed; see outputs/slurm/status/multi_seed_tsm4_20260613T122839Z/task_110_attempt_4.log; job_log=outputs/slurm/status/multi_seed_tsm4_20260613T122839Z/task_110_attempt_4.log
2026-06-14T21:00:45Z [ERROR] Task 110: permanent failure after 4 attempt(s)
2026-06-14T21:00:45Z [INFO] Job 872543 for task 111 has left the Slurm queue; validating output
2026-06-14T21:00:45Z [ERROR] Task 111: status file reports state=failed; seed=427; message=train failed; see outputs/slurm/status/multi_seed_tsm4_20260613T122839Z/task_111_attempt_1.log; job_log=outputs/slurm/status/multi_seed_tsm4_20260613T122839Z/task_111_attempt_1.log
2026-06-14T21:00:45Z [ERROR] Task 111: validation failed; re-queueing for retry
2026-06-14T21:00:55Z [INFO] Submitting task 111 try 1/3: group=binary_train_multi_seed kind=train config=configs/binary/synth_msi_unetpp_resnet34.yaml split=test seed=427 resume_checkpoint=none attempt=2
2026-06-14T21:00:55Z [INFO] Submitted task 111 (binary_train_multi_seed, train, configs/binary/synth_msi_unetpp_resnet34.yaml, seed=427, resume_checkpoint=none) as job 872544, attempt 2
2026-06-14T21:00:55Z [INFO] Submitting task 112 try 1/3: group=binary_train_multi_seed kind=train config=configs/binary/synth_msi_deeplabv3plus_resnet34.yaml split=test seed=427 resume_checkpoint=none attempt=1
2026-06-14T21:00:55Z [INFO] Submitted task 112 (binary_train_multi_seed, train, configs/binary/synth_msi_deeplabv3plus_resnet34.yaml, seed=427, resume_checkpoint=none) as job 872545, attempt 1
2026-06-14T21:01:05Z [INFO] Job 872544 for task 111 has left the Slurm queue; validating output
2026-06-14T21:01:07Z [ERROR] Task 111: status file reports state=failed; seed=427; message=train failed; see outputs/slurm/status/multi_seed_tsm4_20260613T122839Z/task_111_attempt_2.log; job_log=outputs/slurm/status/multi_seed_tsm4_20260613T122839Z/task_111_attempt_2.log
2026-06-14T21:01:07Z [ERROR] Task 111: validation failed; re-queueing for retry
2026-06-14T21:01:07Z [INFO] Job 872545 for task 112 has left the Slurm queue; validating output
2026-06-14T21:01:07Z [ERROR] Task 112: status file reports state=failed; seed=427; message=train failed; see outputs/slurm/status/multi_seed_tsm4_20260613T122839Z/task_112_attempt_1.log; job_log=outputs/slurm/status/multi_seed_tsm4_20260613T122839Z/task_112_attempt_1.log
2026-06-14T21:01:07Z [ERROR] Task 112: validation failed; re-queueing for retry
2026-06-14T21:01:17Z [INFO] Submitting task 111 try 1/3: group=binary_train_multi_seed kind=train config=configs/binary/synth_msi_unetpp_resnet34.yaml split=test seed=427 resume_checkpoint=none attempt=3
2026-06-14T21:01:17Z [INFO] Submitted task 111 (binary_train_multi_seed, train, configs/binary/synth_msi_unetpp_resnet34.yaml, seed=427, resume_checkpoint=none) as job 872546, attempt 3
2026-06-14T21:01:17Z [INFO] Submitting task 112 try 1/3: group=binary_train_multi_seed kind=train config=configs/binary/synth_msi_deeplabv3plus_resnet34.yaml split=test seed=427 resume_checkpoint=none attempt=2
2026-06-14T21:01:17Z [INFO] Submitted task 112 (binary_train_multi_seed, train, configs/binary/synth_msi_deeplabv3plus_resnet34.yaml, seed=427, resume_checkpoint=none) as job 872547, attempt 2
2026-06-14T21:01:27Z [INFO] Job 872546 for task 111 has left the Slurm queue; validating output
2026-06-14T21:01:30Z [ERROR] Task 111: status file reports state=failed; seed=427; message=train failed; see outputs/slurm/status/multi_seed_tsm4_20260613T122839Z/task_111_attempt_3.log; job_log=outputs/slurm/status/multi_seed_tsm4_20260613T122839Z/task_111_attempt_3.log
2026-06-14T21:01:30Z [ERROR] Task 111: validation failed; re-queueing for retry
2026-06-14T21:01:30Z [INFO] Job 872547 for task 112 has left the Slurm queue; validating output
2026-06-14T21:01:33Z [ERROR] Task 112: status file reports state=failed; seed=427; message=train failed; see outputs/slurm/status/multi_seed_tsm4_20260613T122839Z/task_112_attempt_2.log; job_log=outputs/slurm/status/multi_seed_tsm4_20260613T122839Z/task_112_attempt_2.log
2026-06-14T21:01:33Z [ERROR] Task 112: validation failed; re-queueing for retry
2026-06-14T21:01:43Z [INFO] Submitting task 111 try 1/3: group=binary_train_multi_seed kind=train config=configs/binary/synth_msi_unetpp_resnet34.yaml split=test seed=427 resume_checkpoint=none attempt=4
2026-06-14T21:01:43Z [INFO] Submitted task 111 (binary_train_multi_seed, train, configs/binary/synth_msi_unetpp_resnet34.yaml, seed=427, resume_checkpoint=none) as job 872548, attempt 4
2026-06-14T21:01:43Z [INFO] Submitting task 112 try 1/3: group=binary_train_multi_seed kind=train config=configs/binary/synth_msi_deeplabv3plus_resnet34.yaml split=test seed=427 resume_checkpoint=none attempt=3
2026-06-14T21:01:43Z [INFO] Submitted task 112 (binary_train_multi_seed, train, configs/binary/synth_msi_deeplabv3plus_resnet34.yaml, seed=427, resume_checkpoint=none) as job 872549, attempt 3
2026-06-14T21:01:53Z [INFO] Job 872548 for task 111 has left the Slurm queue; validating output
2026-06-14T21:01:53Z [ERROR] Task 111: status file reports state=failed; seed=427; message=train failed; see outputs/slurm/status/multi_seed_tsm4_20260613T122839Z/task_111_attempt_4.log; job_log=outputs/slurm/status/multi_seed_tsm4_20260613T122839Z/task_111_attempt_4.log
2026-06-14T21:01:53Z [ERROR] Task 111: permanent failure after 4 attempt(s)
2026-06-14T21:01:53Z [INFO] Job 872549 for task 112 has left the Slurm queue; validating output
2026-06-14T21:01:53Z [ERROR] Task 112: status file reports state=failed; seed=427; message=train failed; see outputs/slurm/status/multi_seed_tsm4_20260613T122839Z/task_112_attempt_3.log; job_log=outputs/slurm/status/multi_seed_tsm4_20260613T122839Z/task_112_attempt_3.log
2026-06-14T21:01:53Z [ERROR] Task 112: validation failed; re-queueing for retry
2026-06-14T21:02:03Z [INFO] Submitting task 112 try 1/3: group=binary_train_multi_seed kind=train config=configs/binary/synth_msi_deeplabv3plus_resnet34.yaml split=test seed=427 resume_checkpoint=none attempt=4
2026-06-14T21:02:04Z [INFO] Submitted task 112 (binary_train_multi_seed, train, configs/binary/synth_msi_deeplabv3plus_resnet34.yaml, seed=427, resume_checkpoint=none) as job 872550, attempt 4
2026-06-14T21:02:04Z [INFO] Submitting task 113 try 1/3: group=binary_train_multi_seed kind=train config=configs/binary/synth_msi_segformer_b0.yaml split=test seed=427 resume_checkpoint=none attempt=1
2026-06-14T21:02:04Z [INFO] Submitted task 113 (binary_train_multi_seed, train, configs/binary/synth_msi_segformer_b0.yaml, seed=427, resume_checkpoint=none) as job 872551, attempt 1
2026-06-14T21:02:14Z [INFO] Job 872550 for task 112 has left the Slurm queue; validating output
2026-06-14T21:02:14Z [ERROR] Task 112: status file reports state=failed; seed=427; message=train failed; see outputs/slurm/status/multi_seed_tsm4_20260613T122839Z/task_112_attempt_4.log; job_log=outputs/slurm/status/multi_seed_tsm4_20260613T122839Z/task_112_attempt_4.log
2026-06-14T21:02:14Z [ERROR] Task 112: permanent failure after 4 attempt(s)
2026-06-14T21:02:14Z [INFO] Job 872551 for task 113 has left the Slurm queue; validating output
2026-06-14T21:02:15Z [ERROR] Task 113: status file reports state=failed; seed=427; message=train failed; see outputs/slurm/status/multi_seed_tsm4_20260613T122839Z/task_113_attempt_1.log; job_log=outputs/slurm/status/multi_seed_tsm4_20260613T122839Z/task_113_attempt_1.log
2026-06-14T21:02:15Z [ERROR] Task 113: validation failed; re-queueing for retry
2026-06-14T21:02:25Z [INFO] Submitting task 113 try 1/3: group=binary_train_multi_seed kind=train config=configs/binary/synth_msi_segformer_b0.yaml split=test seed=427 resume_checkpoint=none attempt=2
2026-06-14T21:02:25Z [INFO] Submitted task 113 (binary_train_multi_seed, train, configs/binary/synth_msi_segformer_b0.yaml, seed=427, resume_checkpoint=none) as job 872552, attempt 2
2026-06-14T21:02:25Z [INFO] Submitting task 114 try 1/3: group=binary_train_multi_seed kind=train config=configs/binary/rgb_real_msi_unetpp_resnet34.yaml split=test seed=427 resume_checkpoint=none attempt=1
2026-06-14T21:02:25Z [INFO] Submitted task 114 (binary_train_multi_seed, train, configs/binary/rgb_real_msi_unetpp_resnet34.yaml, seed=427, resume_checkpoint=none) as job 872553, attempt 1
2026-06-14T21:02:35Z [INFO] Job 872552 for task 113 has left the Slurm queue; validating output
2026-06-14T21:02:36Z [ERROR] Task 113: status file reports state=failed; seed=427; message=train failed; see outputs/slurm/status/multi_seed_tsm4_20260613T122839Z/task_113_attempt_2.log; job_log=outputs/slurm/status/multi_seed_tsm4_20260613T122839Z/task_113_attempt_2.log
2026-06-14T21:02:36Z [ERROR] Task 113: validation failed; re-queueing for retry
2026-06-14T21:02:36Z [INFO] Job 872553 for task 114 has left the Slurm queue; validating output
2026-06-14T21:02:36Z [ERROR] Task 114: status file reports state=failed; seed=427; message=train failed; see outputs/slurm/status/multi_seed_tsm4_20260613T122839Z/task_114_attempt_1.log; job_log=outputs/slurm/status/multi_seed_tsm4_20260613T122839Z/task_114_attempt_1.log
2026-06-14T21:02:36Z [ERROR] Task 114: validation failed; re-queueing for retry
2026-06-14T21:02:46Z [INFO] Submitting task 113 try 1/3: group=binary_train_multi_seed kind=train config=configs/binary/synth_msi_segformer_b0.yaml split=test seed=427 resume_checkpoint=none attempt=3
2026-06-14T21:02:46Z [INFO] Submitted task 113 (binary_train_multi_seed, train, configs/binary/synth_msi_segformer_b0.yaml, seed=427, resume_checkpoint=none) as job 872554, attempt 3
2026-06-14T21:02:46Z [INFO] Submitting task 114 try 1/3: group=binary_train_multi_seed kind=train config=configs/binary/rgb_real_msi_unetpp_resnet34.yaml split=test seed=427 resume_checkpoint=none attempt=2
2026-06-14T21:02:46Z [INFO] Submitted task 114 (binary_train_multi_seed, train, configs/binary/rgb_real_msi_unetpp_resnet34.yaml, seed=427, resume_checkpoint=none) as job 872555, attempt 2
2026-06-14T21:02:56Z [INFO] Job 872554 for task 113 has left the Slurm queue; validating output
2026-06-14T21:02:57Z [ERROR] Task 113: status file reports state=failed; seed=427; message=train failed; see outputs/slurm/status/multi_seed_tsm4_20260613T122839Z/task_113_attempt_3.log; job_log=outputs/slurm/status/multi_seed_tsm4_20260613T122839Z/task_113_attempt_3.log
2026-06-14T21:02:57Z [ERROR] Task 113: validation failed; re-queueing for retry
2026-06-14T21:02:57Z [INFO] Job 872555 for task 114 has left the Slurm queue; validating output
2026-06-14T21:02:57Z [ERROR] Task 114: status file reports state=failed; seed=427; message=train failed; see outputs/slurm/status/multi_seed_tsm4_20260613T122839Z/task_114_attempt_2.log; job_log=outputs/slurm/status/multi_seed_tsm4_20260613T122839Z/task_114_attempt_2.log
2026-06-14T21:02:57Z [ERROR] Task 114: validation failed; re-queueing for retry
2026-06-14T21:03:07Z [INFO] Submitting task 113 try 1/3: group=binary_train_multi_seed kind=train config=configs/binary/synth_msi_segformer_b0.yaml split=test seed=427 resume_checkpoint=none attempt=4
2026-06-14T21:03:07Z [INFO] Submitted task 113 (binary_train_multi_seed, train, configs/binary/synth_msi_segformer_b0.yaml, seed=427, resume_checkpoint=none) as job 872556, attempt 4
2026-06-14T21:03:07Z [INFO] Submitting task 114 try 1/3: group=binary_train_multi_seed kind=train config=configs/binary/rgb_real_msi_unetpp_resnet34.yaml split=test seed=427 resume_checkpoint=none attempt=3
2026-06-14T21:03:07Z [INFO] Submitted task 114 (binary_train_multi_seed, train, configs/binary/rgb_real_msi_unetpp_resnet34.yaml, seed=427, resume_checkpoint=none) as job 872557, attempt 3
2026-06-14T21:03:18Z [INFO] Job 872556 for task 113 has left the Slurm queue; validating output
2026-06-14T21:03:21Z [ERROR] Task 113: status file reports state=failed; seed=427; message=train failed; see outputs/slurm/status/multi_seed_tsm4_20260613T122839Z/task_113_attempt_4.log; job_log=outputs/slurm/status/multi_seed_tsm4_20260613T122839Z/task_113_attempt_4.log
2026-06-14T21:03:21Z [ERROR] Task 113: permanent failure after 4 attempt(s)
2026-06-14T21:03:21Z [INFO] Job 872557 for task 114 has left the Slurm queue; validating output
2026-06-14T21:03:24Z [ERROR] Task 114: status file reports state=failed; seed=427; message=train failed; see outputs/slurm/status/multi_seed_tsm4_20260613T122839Z/task_114_attempt_3.log; job_log=outputs/slurm/status/multi_seed_tsm4_20260613T122839Z/task_114_attempt_3.log
2026-06-14T21:03:24Z [ERROR] Task 114: validation failed; re-queueing for retry
2026-06-14T21:03:34Z [INFO] Submitting task 114 try 1/3: group=binary_train_multi_seed kind=train config=configs/binary/rgb_real_msi_unetpp_resnet34.yaml split=test seed=427 resume_checkpoint=none attempt=4
2026-06-14T21:03:34Z [INFO] Submitted task 114 (binary_train_multi_seed, train, configs/binary/rgb_real_msi_unetpp_resnet34.yaml, seed=427, resume_checkpoint=none) as job 872558, attempt 4
2026-06-14T21:03:34Z [INFO] Submitting task 115 try 1/3: group=binary_train_multi_seed kind=train config=configs/binary/rgb_real_msi_deeplabv3plus_resnet34.yaml split=test seed=427 resume_checkpoint=none attempt=1
2026-06-14T21:03:34Z [INFO] Submitted task 115 (binary_train_multi_seed, train, configs/binary/rgb_real_msi_deeplabv3plus_resnet34.yaml, seed=427, resume_checkpoint=none) as job 872559, attempt 1
2026-06-14T21:03:44Z [INFO] Job 872558 for task 114 has left the Slurm queue; validating output
2026-06-14T21:03:48Z [ERROR] Task 114: status file reports state=failed; seed=427; message=train failed; see outputs/slurm/status/multi_seed_tsm4_20260613T122839Z/task_114_attempt_4.log; job_log=outputs/slurm/status/multi_seed_tsm4_20260613T122839Z/task_114_attempt_4.log
2026-06-14T21:03:48Z [ERROR] Task 114: permanent failure after 4 attempt(s)
2026-06-14T21:03:48Z [INFO] Job 872559 for task 115 has left the Slurm queue; validating output
2026-06-14T21:03:51Z [ERROR] Task 115: status file reports state=failed; seed=427; message=train failed; see outputs/slurm/status/multi_seed_tsm4_20260613T122839Z/task_115_attempt_1.log; job_log=outputs/slurm/status/multi_seed_tsm4_20260613T122839Z/task_115_attempt_1.log
2026-06-14T21:03:51Z [ERROR] Task 115: validation failed; re-queueing for retry
2026-06-14T21:04:01Z [INFO] Submitting task 115 try 1/3: group=binary_train_multi_seed kind=train config=configs/binary/rgb_real_msi_deeplabv3plus_resnet34.yaml split=test seed=427 resume_checkpoint=none attempt=2
2026-06-14T21:04:01Z [INFO] Submitted task 115 (binary_train_multi_seed, train, configs/binary/rgb_real_msi_deeplabv3plus_resnet34.yaml, seed=427, resume_checkpoint=none) as job 872560, attempt 2
2026-06-14T21:04:01Z [INFO] Submitting task 116 try 1/3: group=binary_train_multi_seed kind=train config=configs/binary/rgb_real_msi_segformer_b0.yaml split=test seed=427 resume_checkpoint=none attempt=1
2026-06-14T21:04:01Z [INFO] Submitted task 116 (binary_train_multi_seed, train, configs/binary/rgb_real_msi_segformer_b0.yaml, seed=427, resume_checkpoint=none) as job 872561, attempt 1
2026-06-14T21:09:35Z [INFO] Job 872388 for task 92 has left the Slurm queue; validating output
2026-06-14T21:09:35Z [INFO] Task 92 completed successfully
2026-06-14T21:09:45Z [INFO] Submitting task 117 try 1/3: group=binary_train_multi_seed kind=train config=configs/binary/rgb_synth_msi_unetpp_resnet34.yaml split=test seed=427 resume_checkpoint=none attempt=1
2026-06-14T21:09:46Z [INFO] Submitted task 117 (binary_train_multi_seed, train, configs/binary/rgb_synth_msi_unetpp_resnet34.yaml, seed=427, resume_checkpoint=none) as job 872562, attempt 1
2026-06-14T21:41:21Z [INFO] Job 872425 for task 95 has left the Slurm queue; validating output
2026-06-14T21:41:22Z [INFO] Task 95 completed successfully
2026-06-14T21:41:32Z [INFO] Submitting task 118 try 1/3: group=binary_train_multi_seed kind=train config=configs/binary/rgb_synth_msi_deeplabv3plus_resnet34.yaml split=test seed=427 resume_checkpoint=none attempt=1
2026-06-14T21:41:32Z [INFO] Submitted task 118 (binary_train_multi_seed, train, configs/binary/rgb_synth_msi_deeplabv3plus_resnet34.yaml, seed=427, resume_checkpoint=none) as job 872575, attempt 1
2026-06-14T21:43:23Z [INFO] Job 872409 for task 93 has left the Slurm queue; validating output
2026-06-14T21:43:24Z [INFO] Task 93 completed successfully
2026-06-14T21:43:34Z [INFO] Submitting task 119 try 1/3: group=binary_train_multi_seed kind=train config=configs/binary/rgb_synth_msi_segformer_b0.yaml split=test seed=427 resume_checkpoint=none attempt=1
2026-06-14T21:43:34Z [INFO] Submitted task 119 (binary_train_multi_seed, train, configs/binary/rgb_synth_msi_segformer_b0.yaml, seed=427, resume_checkpoint=none) as job 872576, attempt 1
2026-06-14T23:23:05Z [INFO] Job 872457 for task 97 has left the Slurm queue; validating output
2026-06-14T23:23:05Z [INFO] Task 97 completed successfully
2026-06-14T23:23:15Z [INFO] Submitting task 120 try 1/3: group=binary_train_multi_seed kind=train config=configs/binary/rgb_unetpp_resnet34.yaml split=test seed=428 resume_checkpoint=none attempt=1
2026-06-14T23:23:15Z [INFO] Submitted task 120 (binary_train_multi_seed, train, configs/binary/rgb_unetpp_resnet34.yaml, seed=428, resume_checkpoint=none) as job 872623, attempt 1
2026-06-15T00:21:38Z [INFO] Job 872243 for task 86 has left the Slurm queue; validating output
2026-06-15T00:21:38Z [ERROR] Task 86: missing status file outputs/slurm/status/multi_seed_tsm4_20260613T122839Z/task_86_attempt_1.status
2026-06-15T00:21:38Z [ERROR] Task 86: validation failed; re-queueing for retry
2026-06-15T00:21:48Z [INFO] Submitting task 86 try 1/3: group=binary_train_multi_seed kind=train config=configs/binary/rgb_real_msi_segformer_b0.yaml split=test seed=425 resume_checkpoint=none attempt=2
2026-06-15T00:21:48Z [INFO] Submitted task 86 (binary_train_multi_seed, train, configs/binary/rgb_real_msi_segformer_b0.yaml, seed=425, resume_checkpoint=none) as job 872643, attempt 2
2026-06-15T00:40:28Z [INFO] Job 872432 for task 96 has left the Slurm queue; validating output
2026-06-15T00:40:29Z [INFO] Task 96 completed successfully
2026-06-15T00:40:39Z [INFO] Submitting task 121 try 1/3: group=binary_train_multi_seed kind=train config=configs/binary/rgb_deeplabv3plus_resnet34.yaml split=test seed=428 resume_checkpoint=none attempt=1
2026-06-15T00:40:39Z [INFO] Submitted task 121 (binary_train_multi_seed, train, configs/binary/rgb_deeplabv3plus_resnet34.yaml, seed=428, resume_checkpoint=none) as job 872651, attempt 1
2026-06-15T02:49:09Z [INFO] Job 872560 for task 115 has left the Slurm queue; validating output
2026-06-15T02:49:11Z [INFO] Task 115 completed successfully
2026-06-15T02:49:21Z [INFO] Submitting task 122 try 1/3: group=binary_train_multi_seed kind=train config=configs/binary/rgb_segformer_b0.yaml split=test seed=428 resume_checkpoint=none attempt=1
2026-06-15T02:49:21Z [INFO] Submitted task 122 (binary_train_multi_seed, train, configs/binary/rgb_segformer_b0.yaml, seed=428, resume_checkpoint=none) as job 872711, attempt 1
2026-06-15T03:08:09Z [INFO] Job 872623 for task 120 has left the Slurm queue; validating output
2026-06-15T03:08:11Z [INFO] Task 120 completed successfully
2026-06-15T03:08:21Z [INFO] Submitting task 123 try 1/3: group=binary_train_multi_seed kind=train config=configs/binary/real_msi_unetpp_resnet34.yaml split=test seed=428 resume_checkpoint=none attempt=1
2026-06-15T03:08:22Z [INFO] Submitted task 123 (binary_train_multi_seed, train, configs/binary/real_msi_unetpp_resnet34.yaml, seed=428, resume_checkpoint=none) as job 872718, attempt 1
2026-06-15T03:14:57Z [INFO] Job 872562 for task 117 has left the Slurm queue; validating output
2026-06-15T03:14:57Z [INFO] Task 117 completed successfully
2026-06-15T03:15:07Z [INFO] Submitting task 124 try 1/3: group=binary_train_multi_seed kind=train config=configs/binary/real_msi_deeplabv3plus_resnet34.yaml split=test seed=428 resume_checkpoint=none attempt=1
2026-06-15T03:15:08Z [INFO] Submitted task 124 (binary_train_multi_seed, train, configs/binary/real_msi_deeplabv3plus_resnet34.yaml, seed=428, resume_checkpoint=none) as job 872725, attempt 1
2026-06-15T03:23:05Z [INFO] Job 872576 for task 119 has left the Slurm queue; validating output
2026-06-15T03:23:05Z [INFO] Task 119 completed successfully
2026-06-15T03:23:16Z [INFO] Submitting task 125 try 1/3: group=binary_train_multi_seed kind=train config=configs/binary/real_msi_segformer_b0.yaml split=test seed=428 resume_checkpoint=none attempt=1
2026-06-15T03:23:16Z [INFO] Submitted task 125 (binary_train_multi_seed, train, configs/binary/real_msi_segformer_b0.yaml, seed=428, resume_checkpoint=none) as job 872726, attempt 1
2026-06-15T03:31:03Z [INFO] Job 872561 for task 116 has left the Slurm queue; validating output
2026-06-15T03:31:03Z [INFO] Task 116 completed successfully
2026-06-15T03:31:13Z [INFO] Submitting task 126 try 1/3: group=binary_train_multi_seed kind=train config=configs/binary/synth_msi_unetpp_resnet34.yaml split=test seed=428 resume_checkpoint=none attempt=1
2026-06-15T03:31:14Z [INFO] Submitted task 126 (binary_train_multi_seed, train, configs/binary/synth_msi_unetpp_resnet34.yaml, seed=428, resume_checkpoint=none) as job 872733, attempt 1
2026-06-15T03:34:26Z [INFO] Job 872651 for task 121 has left the Slurm queue; validating output
2026-06-15T03:34:27Z [INFO] Task 121 completed successfully
2026-06-15T03:34:37Z [INFO] Submitting task 127 try 1/3: group=binary_train_multi_seed kind=train config=configs/binary/synth_msi_deeplabv3plus_resnet34.yaml split=test seed=428 resume_checkpoint=none attempt=1
2026-06-15T03:34:37Z [INFO] Submitted task 127 (binary_train_multi_seed, train, configs/binary/synth_msi_deeplabv3plus_resnet34.yaml, seed=428, resume_checkpoint=none) as job 872734, attempt 1
2026-06-15T04:08:52Z [INFO] Job 872575 for task 118 has left the Slurm queue; validating output
2026-06-15T04:08:52Z [INFO] Task 118 completed successfully
2026-06-15T04:09:02Z [INFO] Submitting task 128 try 1/3: group=binary_train_multi_seed kind=train config=configs/binary/synth_msi_segformer_b0.yaml split=test seed=428 resume_checkpoint=none attempt=1
2026-06-15T04:09:02Z [INFO] Submitted task 128 (binary_train_multi_seed, train, configs/binary/synth_msi_segformer_b0.yaml, seed=428, resume_checkpoint=none) as job 872748, attempt 1
2026-06-15T05:15:03Z [INFO] Job 872725 for task 124 has left the Slurm queue; validating output
2026-06-15T05:15:03Z [INFO] Task 124 completed successfully
2026-06-15T05:15:13Z [INFO] Submitting task 129 try 1/3: group=binary_train_multi_seed kind=train config=configs/binary/rgb_real_msi_unetpp_resnet34.yaml split=test seed=428 resume_checkpoint=none attempt=1
2026-06-15T05:15:13Z [INFO] Submitted task 129 (binary_train_multi_seed, train, configs/binary/rgb_real_msi_unetpp_resnet34.yaml, seed=428, resume_checkpoint=none) as job 872781, attempt 1
2026-06-15T05:48:30Z [INFO] Job 872726 for task 125 has left the Slurm queue; validating output
2026-06-15T05:48:31Z [INFO] Task 125 completed successfully
2026-06-15T05:48:41Z [INFO] Submitting task 130 try 1/3: group=binary_train_multi_seed kind=train config=configs/binary/rgb_real_msi_deeplabv3plus_resnet34.yaml split=test seed=428 resume_checkpoint=none attempt=1
2026-06-15T05:48:41Z [INFO] Submitted task 130 (binary_train_multi_seed, train, configs/binary/rgb_real_msi_deeplabv3plus_resnet34.yaml, seed=428, resume_checkpoint=none) as job 872794, attempt 1
2026-06-15T06:10:03Z [INFO] Job 872711 for task 122 has left the Slurm queue; validating output
2026-06-15T06:10:03Z [INFO] Task 122 completed successfully
2026-06-15T06:10:13Z [INFO] Submitting task 131 try 1/3: group=binary_train_multi_seed kind=train config=configs/binary/rgb_real_msi_segformer_b0.yaml split=test seed=428 resume_checkpoint=none attempt=1
2026-06-15T06:10:14Z [INFO] Submitted task 131 (binary_train_multi_seed, train, configs/binary/rgb_real_msi_segformer_b0.yaml, seed=428, resume_checkpoint=none) as job 872802, attempt 1
2026-06-15T06:58:03Z [INFO] Job 872733 for task 126 has left the Slurm queue; validating output
2026-06-15T06:58:03Z [INFO] Task 126 completed successfully
2026-06-15T06:58:13Z [INFO] Submitting task 132 try 1/3: group=binary_train_multi_seed kind=train config=configs/binary/rgb_synth_msi_unetpp_resnet34.yaml split=test seed=428 resume_checkpoint=none attempt=1
2026-06-15T06:58:13Z [INFO] Submitted task 132 (binary_train_multi_seed, train, configs/binary/rgb_synth_msi_unetpp_resnet34.yaml, seed=428, resume_checkpoint=none) as job 872823, attempt 1
2026-06-15T07:14:26Z [INFO] Job 872748 for task 128 has left the Slurm queue; validating output
2026-06-15T07:14:29Z [INFO] Task 128 completed successfully
2026-06-15T07:14:39Z [INFO] Submitting task 133 try 1/3: group=binary_train_multi_seed kind=train config=configs/binary/rgb_synth_msi_deeplabv3plus_resnet34.yaml split=test seed=428 resume_checkpoint=none attempt=1
2026-06-15T07:14:39Z [INFO] Submitted task 133 (binary_train_multi_seed, train, configs/binary/rgb_synth_msi_deeplabv3plus_resnet34.yaml, seed=428, resume_checkpoint=none) as job 872831, attempt 1
2026-06-15T07:35:57Z [INFO] Job 872734 for task 127 has left the Slurm queue; validating output
2026-06-15T07:35:59Z [INFO] Task 127 completed successfully
2026-06-15T07:36:09Z [INFO] Submitting task 134 try 1/3: group=binary_train_multi_seed kind=train config=configs/binary/rgb_synth_msi_segformer_b0.yaml split=test seed=428 resume_checkpoint=none attempt=1
2026-06-15T07:36:09Z [INFO] Submitted task 134 (binary_train_multi_seed, train, configs/binary/rgb_synth_msi_segformer_b0.yaml, seed=428, resume_checkpoint=none) as job 872848, attempt 1
2026-06-15T11:00:42Z [INFO] Job 872643 for task 86 has left the Slurm queue; validating output
2026-06-15T11:00:43Z [INFO] Task 86 completed successfully
2026-06-15T11:00:53Z [INFO] Submitting task 135 try 1/3: group=binary_train_multi_seed kind=train config=configs/binary/rgb_unetpp_resnet34.yaml split=test seed=429 resume_checkpoint=none attempt=1
2026-06-15T11:00:53Z [INFO] Submitted task 135 (binary_train_multi_seed, train, configs/binary/rgb_unetpp_resnet34.yaml, seed=429, resume_checkpoint=none) as job 872962, attempt 1
2026-06-15T11:02:25Z [INFO] Job 872718 for task 123 has left the Slurm queue; validating output
2026-06-15T11:02:25Z [INFO] Task 123 completed successfully
2026-06-15T11:02:35Z [INFO] Submitting task 136 try 1/3: group=binary_train_multi_seed kind=train config=configs/binary/rgb_deeplabv3plus_resnet34.yaml split=test seed=429 resume_checkpoint=none attempt=1
2026-06-15T11:02:35Z [INFO] Submitted task 136 (binary_train_multi_seed, train, configs/binary/rgb_deeplabv3plus_resnet34.yaml, seed=429, resume_checkpoint=none) as job 872963, attempt 1
2026-06-15T11:27:23Z [INFO] Job 872802 for task 131 has left the Slurm queue; validating output
2026-06-15T11:27:25Z [INFO] Task 131 completed successfully
2026-06-15T11:27:35Z [INFO] Submitting task 137 try 1/3: group=binary_train_multi_seed kind=train config=configs/binary/rgb_segformer_b0.yaml split=test seed=429 resume_checkpoint=none attempt=1
2026-06-15T11:27:35Z [INFO] Submitted task 137 (binary_train_multi_seed, train, configs/binary/rgb_segformer_b0.yaml, seed=429, resume_checkpoint=none) as job 872970, attempt 1
2026-06-15T11:29:06Z [INFO] Job 872781 for task 129 has left the Slurm queue; validating output
2026-06-15T11:29:09Z [INFO] Task 129 completed successfully
2026-06-15T11:29:19Z [INFO] Submitting task 138 try 1/3: group=binary_train_multi_seed kind=train config=configs/binary/real_msi_unetpp_resnet34.yaml split=test seed=429 resume_checkpoint=none attempt=1
2026-06-15T11:29:19Z [INFO] Submitted task 138 (binary_train_multi_seed, train, configs/binary/real_msi_unetpp_resnet34.yaml, seed=429, resume_checkpoint=none) as job 872971, attempt 1
2026-06-15T12:23:34Z [INFO] Job 872794 for task 130 has left the Slurm queue; validating output
2026-06-15T12:23:36Z [INFO] Task 130 completed successfully
2026-06-15T12:23:46Z [INFO] Submitting task 139 try 1/3: group=binary_train_multi_seed kind=train config=configs/binary/real_msi_deeplabv3plus_resnet34.yaml split=test seed=429 resume_checkpoint=none attempt=1
2026-06-15T12:23:46Z [INFO] Submitted task 139 (binary_train_multi_seed, train, configs/binary/real_msi_deeplabv3plus_resnet34.yaml, seed=429, resume_checkpoint=none) as job 872999, attempt 1
2026-06-15T12:32:35Z [INFO] Job 872831 for task 133 has left the Slurm queue; validating output
2026-06-15T12:32:37Z [INFO] Task 133 completed successfully
2026-06-15T12:32:48Z [INFO] Submitting task 140 try 1/3: group=binary_train_multi_seed kind=train config=configs/binary/real_msi_segformer_b0.yaml split=test seed=429 resume_checkpoint=none attempt=1
2026-06-15T12:32:48Z [INFO] Submitted task 140 (binary_train_multi_seed, train, configs/binary/real_msi_segformer_b0.yaml, seed=429, resume_checkpoint=none) as job 873006, attempt 1
2026-06-15T13:41:43Z [INFO] Job 872823 for task 132 has left the Slurm queue; validating output
2026-06-15T13:41:43Z [INFO] Task 132 completed successfully
2026-06-15T13:41:53Z [INFO] Submitting task 141 try 1/3: group=binary_train_multi_seed kind=train config=configs/binary/synth_msi_unetpp_resnet34.yaml split=test seed=429 resume_checkpoint=none attempt=1
2026-06-15T13:41:53Z [INFO] Submitted task 141 (binary_train_multi_seed, train, configs/binary/synth_msi_unetpp_resnet34.yaml, seed=429, resume_checkpoint=none) as job 873035, attempt 1
2026-06-15T14:38:49Z [INFO] Job 872971 for task 138 has left the Slurm queue; validating output
2026-06-15T14:38:49Z [INFO] Task 138 completed successfully
2026-06-15T14:38:59Z [INFO] Submitting task 142 try 1/3: group=binary_train_multi_seed kind=train config=configs/binary/synth_msi_deeplabv3plus_resnet34.yaml split=test seed=429 resume_checkpoint=none attempt=1
2026-06-15T14:38:59Z [INFO] Submitted task 142 (binary_train_multi_seed, train, configs/binary/synth_msi_deeplabv3plus_resnet34.yaml, seed=429, resume_checkpoint=none) as job 873062, attempt 1
2026-06-15T14:41:52Z [INFO] Job 872963 for task 136 has left the Slurm queue; validating output
2026-06-15T14:41:53Z [INFO] Task 136 completed successfully
2026-06-15T14:42:04Z [INFO] Submitting task 143 try 1/3: group=binary_train_multi_seed kind=train config=configs/binary/synth_msi_segformer_b0.yaml split=test seed=429 resume_checkpoint=none attempt=1
2026-06-15T14:42:04Z [INFO] Submitted task 143 (binary_train_multi_seed, train, configs/binary/synth_msi_segformer_b0.yaml, seed=429, resume_checkpoint=none) as job 873063, attempt 1
2026-06-15T15:10:55Z [INFO] Job 872970 for task 137 has left the Slurm queue; validating output
2026-06-15T15:10:55Z [INFO] Task 137 completed successfully
2026-06-15T15:11:05Z [INFO] Submitting task 144 try 1/3: group=binary_train_multi_seed kind=train config=configs/binary/rgb_real_msi_unetpp_resnet34.yaml split=test seed=429 resume_checkpoint=none attempt=1
2026-06-15T15:11:05Z [INFO] Submitted task 144 (binary_train_multi_seed, train, configs/binary/rgb_real_msi_unetpp_resnet34.yaml, seed=429, resume_checkpoint=none) as job 873078, attempt 1
2026-06-15T15:32:54Z [INFO] Job 872962 for task 135 has left the Slurm queue; validating output
2026-06-15T15:32:55Z [INFO] Task 135 completed successfully
2026-06-15T15:33:05Z [INFO] Submitting task 145 try 1/3: group=binary_train_multi_seed kind=train config=configs/binary/rgb_real_msi_deeplabv3plus_resnet34.yaml split=test seed=429 resume_checkpoint=none attempt=1
2026-06-15T15:33:05Z [INFO] Submitted task 145 (binary_train_multi_seed, train, configs/binary/rgb_real_msi_deeplabv3plus_resnet34.yaml, seed=429, resume_checkpoint=none) as job 873091, attempt 1
2026-06-15T15:46:05Z [INFO] Job 872999 for task 139 has left the Slurm queue; validating output
2026-06-15T15:46:05Z [INFO] Task 139 completed successfully
2026-06-15T15:46:15Z [INFO] Submitting task 146 try 1/3: group=binary_train_multi_seed kind=train config=configs/binary/rgb_real_msi_segformer_b0.yaml split=test seed=429 resume_checkpoint=none attempt=1
2026-06-15T15:46:15Z [INFO] Submitted task 146 (binary_train_multi_seed, train, configs/binary/rgb_real_msi_segformer_b0.yaml, seed=429, resume_checkpoint=none) as job 873099, attempt 1
2026-06-15T16:22:03Z [INFO] Job 873006 for task 140 has left the Slurm queue; validating output
2026-06-15T16:22:03Z [INFO] Task 140 completed successfully
2026-06-15T16:22:13Z [INFO] Submitting task 147 try 1/3: group=binary_train_multi_seed kind=train config=configs/binary/rgb_synth_msi_unetpp_resnet34.yaml split=test seed=429 resume_checkpoint=none attempt=1
2026-06-15T16:22:13Z [INFO] Submitted task 147 (binary_train_multi_seed, train, configs/binary/rgb_synth_msi_unetpp_resnet34.yaml, seed=429, resume_checkpoint=none) as job 873113, attempt 1
2026-06-15T16:38:25Z [INFO] Job 872848 for task 134 has left the Slurm queue; validating output
2026-06-15T16:38:27Z [INFO] Task 134 completed successfully
2026-06-15T16:38:37Z [INFO] Submitting task 148 try 1/3: group=binary_train_multi_seed kind=train config=configs/binary/rgb_synth_msi_deeplabv3plus_resnet34.yaml split=test seed=429 resume_checkpoint=none attempt=1
2026-06-15T16:38:37Z [INFO] Submitted task 148 (binary_train_multi_seed, train, configs/binary/rgb_synth_msi_deeplabv3plus_resnet34.yaml, seed=429, resume_checkpoint=none) as job 873121, attempt 1
2026-06-15T16:55:01Z [INFO] Job 873062 for task 142 has left the Slurm queue; validating output
2026-06-15T16:55:01Z [INFO] Task 142 completed successfully
2026-06-15T16:55:11Z [INFO] Submitting task 149 try 1/3: group=binary_train_multi_seed kind=train config=configs/binary/rgb_synth_msi_segformer_b0.yaml split=test seed=429 resume_checkpoint=none attempt=1
2026-06-15T16:55:11Z [INFO] Submitted task 149 (binary_train_multi_seed, train, configs/binary/rgb_synth_msi_segformer_b0.yaml, seed=429, resume_checkpoint=none) as job 873128, attempt 1
2026-06-15T18:00:56Z [INFO] Job 873035 for task 141 has left the Slurm queue; validating output
2026-06-15T18:00:56Z [INFO] Task 141 completed successfully
2026-06-15T18:54:38Z [INFO] Job 873063 for task 143 has left the Slurm queue; validating output
2026-06-15T18:54:41Z [INFO] Task 143 completed successfully
2026-06-15T20:46:11Z [INFO] Job 873078 for task 144 has left the Slurm queue; validating output
2026-06-15T20:46:12Z [INFO] Task 144 completed successfully
2026-06-15T20:46:52Z [INFO] Job 873091 for task 145 has left the Slurm queue; validating output
2026-06-15T20:46:52Z [INFO] Task 145 completed successfully
2026-06-15T22:27:17Z [INFO] Job 873128 for task 149 has left the Slurm queue; validating output
2026-06-15T22:27:22Z [INFO] Task 149 completed successfully
2026-06-15T23:04:17Z [INFO] Job 873121 for task 148 has left the Slurm queue; validating output
2026-06-15T23:04:18Z [INFO] Task 148 completed successfully
2026-06-15T23:45:49Z [INFO] Job 873099 for task 146 has left the Slurm queue; validating output
2026-06-15T23:45:59Z [INFO] Task 146 completed successfully
2026-06-16T00:06:43Z [INFO] Job 873113 for task 147 has left the Slurm queue; validating output
2026-06-16T00:06:43Z [INFO] Task 147 completed successfully
2026-06-16T00:06:43Z [INFO] Skipping summary for 225154; no successful runs
2026-06-16T00:06:43Z [INFO] Skipping summary for 141735; no successful runs
2026-06-16T00:06:43Z [INFO] Skipping summary for 141732; no successful runs
2026-06-16T00:06:43Z [INFO] Skipping summary for 400722; no successful runs
2026-06-16T00:06:43Z [INFO] Skipping summary for 412883; no successful runs
2026-06-16T00:06:43Z [INFO] Skipping summary for 414915; no successful runs
2026-06-16T00:06:43Z [ERROR] Completed with 60 permanent failure(s). See outputs/slurm/status/multi_seed_tsm4_20260613T122839Z/failed_tasks.tsv
