{
  "train_loss": [
    0.5644730991787381,
    0.5039776775107282,
    0.4385329092222812,
    0.44146603311014454,
    0.38413369051429497,
    0.37110434057187386,
    0.40123702210989615,
    0.3977554471869218,
    0.4003090075349715,
    0.3607697640246118,
    0.37801760353772496,
    0.3603630532995302,
    0.3617525323789719,
    0.3553109954439873,
    0.362312818828382,
    0.36710702699062653,
    0.36609946426592377,
    0.37667255908192715,
    0.3604051643877234,
    0.36951199702584486,
    0.3532265106372201,
    0.34806984953480624,
    0.35245173367840504,
    0.3390113145519651,
    0.3189042216388338,
    0.3358814488609864,
    0.3339166513428121,
    0.3283822415632579,
    0.32921364177272566,
    0.3456489533244053,
    0.3157794375633403,
    0.3331074654242681,
    0.34819497490486906,
    0.3268047671104268,
    0.35967508324405606,
    0.3532404279151158,
    0.3214341685553508,
    0.3168027152327301,
    0.31308377672124793,
    0.34827925145742256,
    0.3107620538094355,
    0.3062513569409852,
    0.30420320122330274,
    0.3319950865955613,
    0.3118511752078408,
    0.3186169058723524,
    0.2988331171504238,
    0.32892441447482934,
    0.3252374056951809,
    0.3129351469043635,
    0.32499051953849273,
    0.29403144504591733,
    0.2926080663766545,
    0.295213986326147,
    0.30356834064914934,
    0.2940355662481594,
    0.2967976517612242,
    0.2729531257008484,
    0.28658372651763825,
    0.30209954997949434,
    0.2949113899271855,
    0.29405113595735727,
    0.28076594568367824,
    0.3177241286803872,
    0.29794592490205524,
    0.2906092284483287,
    0.28047988219567904,
    0.268694243003518,
    0.26960422490772445,
    0.29791520620182477,
    0.28235593850617285
  ],
  "val_loss": [
    0.810224064913663,
    0.4481772552837025,
    1.138720365004106,
    0.4402454170313748,
    0.4169806025244973,
    0.4828273789449172,
    0.2810949276794087,
    0.3520102089101618,
    0.4805187707597559,
    0.2859871739690954,
    0.34808871095830746,
    0.3179792881011963,
    0.31608980948274784,
    0.3251127595251257,
    0.37386867837472393,
    0.28770246830853546,
    0.2924841338937933,
    0.25921697291460905,
    0.30186972509730947,
    0.2707152968103235,
    0.30871923240748317,
    0.2578008548779921,
    0.39534999565644696,
    0.5997533949938687,
    0.5857652230696244,
    0.24099442958831788,
    0.2687234168702906,
    0.3330085868185217,
    0.3181572729890997,
    0.2752734693613919,
    0.22255238728089766,
    0.3252977680076252,
    0.27429801388220354,
    0.23088827349922875,
    0.30313418832692235,
    0.3661610635844144,
    0.26805077411911704,
    0.26473896449262446,
    0.2246614407409321,
    0.23971814892508767,
    0.23958564617417075,
    0.2485315057364377,
    0.3999539451165633,
    0.30733731876720083,
    0.21760207143696872,
    0.2641046599908309,
    0.33747159378095104,
    0.29106871594082223,
    0.36055709286169574,
    0.23875250816345214,
    0.2541301589120518,
    0.21236780285835266,
    0.2443154204975475,
    0.233599439534274,
    0.22153848138722507,
    0.20809309753504665,
    0.2365442221814936,
    0.22868987050923434,
    0.2438324581493031,
    0.2260803065516732,
    0.23304330652410335,
    0.24546566659753974,
    0.2363449736074968,
    0.26901200034401634,
    0.22688595923510466,
    0.25642341483723036,
    0.23848349072716452,
    0.23656302853064104,
    0.19627944664521652,
    0.23568785353140398,
    0.21348716779188676
  ],
  "train_miou": [
    0.5026925545562034,
    0.584681927984319,
    0.6276673042369518,
    0.622327786836498,
    0.6913061230070646,
    0.6813114545099502,
    0.6672183513646286,
    0.6596786785294559,
    0.6598172724266193,
    0.7032071523329593,
    0.6803800181888822,
    0.7017482811412135,
    0.6881486370845787,
    0.6953904684441733,
    0.706257581882473,
    0.7004210458289979,
    0.6918766205101501,
    0.6781637439162675,
    0.6975808577301897,
    0.6897558738976566,
    0.7007712121627379,
    0.7117882703249161,
    0.7094767527330927,
    0.7224810601876386,
    0.729945284710988,
    0.7225897607874912,
    0.7209611653073499,
    0.7159766092458322,
    0.7255163344385215,
    0.6989431522692137,
    0.7376762864612535,
    0.7200009822958846,
    0.7091384043293857,
    0.7267817213303579,
    0.701488018565154,
    0.7033807499681566,
    0.731128407935403,
    0.7406662591170641,
    0.7410553066834589,
    0.708555080666753,
    0.7408616124260448,
    0.74268084957295,
    0.7404673852710957,
    0.7255191475143639,
    0.7318248355117971,
    0.7397701308958937,
    0.752363609663057,
    0.7354703645698422,
    0.7320335231407603,
    0.7347860352486508,
    0.7239151857621829,
    0.7544131335862294,
    0.7583436761238931,
    0.7519248427766956,
    0.7430625792088807,
    0.752343338167208,
    0.7492442539730026,
    0.7725677315772547,
    0.7509300175506854,
    0.7482147134011872,
    0.7640342304017129,
    0.7590039166973748,
    0.7627571341037307,
    0.7371837304461802,
    0.7424551198631999,
    0.7607263773620027,
    0.7615397439740108,
    0.7686731461729752,
    0.774316272036411,
    0.7463524422036286,
    0.7680106085220424
  ],
  "val_miou": [
    0.47897900345127287,
    0.6052048968780732,
    0.3215044767131473,
    0.6787452331293446,
    0.6777370630886796,
    0.5851596029298454,
    0.7573132473778228,
    0.7284733781592904,
    0.5261919466481179,
    0.7427143743408917,
    0.6843246820134627,
    0.7201175223530178,
    0.7583828311131928,
    0.7179559170960839,
    0.6326115043463676,
    0.7642154303716613,
    0.7593874529917679,
    0.7823126992026346,
    0.7901530051552403,
    0.7952365545696094,
    0.7375337966879842,
    0.8006242903763185,
    0.7068742230837253,
    0.5184889110862283,
    0.5053371078404892,
    0.8171598778729724,
    0.7667120225925259,
    0.6601430569563124,
    0.7246895365524879,
    0.7662476837472643,
    0.814484112754585,
    0.6945906984729173,
    0.7541388886314713,
    0.8194236527173729,
    0.7211147083298868,
    0.7093230452895758,
    0.765211198734262,
    0.8175921634380785,
    0.803922818710767,
    0.7853733799294169,
    0.8202705816528012,
    0.7735544248152202,
    0.6651347007363627,
    0.7185582870528349,
    0.8137987181251246,
    0.7731745141780371,
    0.6703804259757284,
    0.7801192371956791,
    0.6498955714690763,
    0.8077099618227432,
    0.776623690998774,
    0.8207492265435818,
    0.7959262644875027,
    0.813393305293176,
    0.8134923246117638,
    0.8275907367612169,
    0.786518388284885,
    0.8186066070174819,
    0.8071132822168142,
    0.8207290223206962,
    0.8016362176936283,
    0.8043658550807544,
    0.807303721500989,
    0.7497696230375003,
    0.8210193419195935,
    0.7749243223485682,
    0.7802211899851643,
    0.7875395582497092,
    0.8274973031244799,
    0.7968897723812289,
    0.8275569075283238
  ]
}