{
  "input_type": "synthetic",
  "seed": 1337,
  "best_val_miou": 0.8275907367612169,
  "test_loss": 0.25977504964884335,
  "test_miou": 0.7787827253020132,
  "test_per_class_iou": {
    "0": 0.8419621355608251,
    "1": 0.7156033150432014
  },
  "epochs_trained": 71,
  "model_params": 14331490,
  "config": {
    "data_root": "./data/WeedyRice-full-data/",
    "input_type": "synthetic",
    "image_size": 256,
    "num_classes": 2,
    "ms_channels": 4,
    "epochs": 100,
    "batch_size": 8,
    "lr": 0.001,
    "weight_decay": 0.0001,
    "patience": 15,
    "seed": 1337,
    "output_dir": "./results"
  },
  "timestamp": "2026-02-25T18:29:38.055100"
}