{
  "train_loss": [
    0.5944581566265916,
    0.49473328014098644,
    0.446643257234064,
    0.4354418425532112,
    0.39120069581862776,
    0.3939107263762119,
    0.38836483369793806,
    0.37230295117138423,
    0.37683518681145084,
    0.3556488608291507,
    0.3892092509576452,
    0.3952846864045944,
    0.3940904205537911,
    0.36907002149734347,
    0.38427683159157083,
    0.3656303994139733,
    0.3530146187973766,
    0.35715574572193226,
    0.3618735820926421,
    0.34783240182590297,
    0.3657112409729242,
    0.33264451603210926,
    0.33931761619872747,
    0.33902488070854203,
    0.3581454235675507,
    0.36710873728374754,
    0.33252343587708055,
    0.3490772193867793,
    0.32331345862115335,
    0.3234133736664324,
    0.3469120826405159,
    0.3298113044010036,
    0.3141116810123823,
    0.3265599295874553,
    0.313696477148268,
    0.3086675491481729,
    0.3348005879924544,
    0.30613276437941583,
    0.3354041922626904,
    0.3133885897623401,
    0.3396462006875646,
    0.2769982131601077,
    0.309760783383256,
    0.31561377290164283,
    0.3221116807260941,
    0.2968546530889024,
    0.30747098602049533,
    0.31588768052775956,
    0.3251276436837328,
    0.3144813778340003,
    0.3332750706644783,
    0.3200869764733268,
    0.3094952718788653,
    0.33517673048127233,
    0.312440454843681,
    0.3121653490828724,
    0.2850338441354257
  ],
  "val_loss": [
    1.2351903210986743,
    0.4816817684607072,
    0.6354513049125672,
    0.4489299730821089,
    0.3397806297649037,
    0.9523792526938698,
    0.44015825445001777,
    0.3477293735200709,
    0.7565619739619168,
    0.3716975905678489,
    0.7414751963181929,
    0.41062238866632633,
    0.3319490627809004,
    0.5698367270556364,
    0.863140700080178,
    0.31608000831170513,
    0.32289344343272125,
    0.468476834080436,
    0.3999342083930969,
    1.5071871930902654,
    0.6398408207026395,
    0.3168870346112685,
    0.34666168906471945,
    0.3665756902911446,
    0.2861465930938721,
    0.31674932024695657,
    0.39468388882550326,
    0.4673452686179768,
    0.3813509334217418,
    0.3384550316767259,
    0.3090428455309434,
    0.34286979978734794,
    0.2690217603336681,
    0.5549521131948991,
    0.2978984832763672,
    0.31675802848555823,
    0.30183314951983364,
    0.291931493173946,
    0.29946440837600014,
    0.4646410416473042,
    0.2853736796162345,
    0.2766119713133032,
    0.3990959801457145,
    0.334258633852005,
    0.2935302891514518,
    0.29109867377714677,
    0.29730976223945615,
    0.291478582945737,
    0.28571507226337084,
    0.3210225928913463,
    0.29962493668903006,
    0.3297451154752211,
    0.27875010750510476,
    0.29786831628192556,
    0.26969592733816666,
    0.29624355164441196,
    0.2813621781089089
  ],
  "train_miou": [
    0.4761280971824547,
    0.5730104457424468,
    0.6319873050640968,
    0.6436113777564059,
    0.6645261076043345,
    0.6764932071371513,
    0.663955305004745,
    0.6939879923224135,
    0.6796720845666582,
    0.6934671954891375,
    0.6784043686536927,
    0.6676164427841481,
    0.6821008335122651,
    0.698109202998278,
    0.6785923495286912,
    0.6897572255341722,
    0.7047531346460195,
    0.7023210138431542,
    0.7140549271489625,
    0.7057934434002102,
    0.6899313590397549,
    0.7233542111645135,
    0.7124797452390821,
    0.7141709437344719,
    0.6919662208134472,
    0.672915326016363,
    0.7247593332314602,
    0.7000670670710065,
    0.7329357380062995,
    0.7315322209860179,
    0.7050420888158555,
    0.7255868452933785,
    0.743504177986882,
    0.7181856977035983,
    0.7432938157506492,
    0.7432796399588831,
    0.7203933526537415,
    0.7431150271613441,
    0.711609612612129,
    0.730735872663265,
    0.7136748627554184,
    0.76202744080844,
    0.7325296733919644,
    0.7348532461721797,
    0.7303197880618015,
    0.7412611094534239,
    0.7373756388034387,
    0.7301670681425578,
    0.7224876288409428,
    0.7378630964254902,
    0.7141541367471551,
    0.7239252769862943,
    0.7455664505465226,
    0.7161977128626482,
    0.7433892544044437,
    0.7393713827961044,
    0.7571612579936672
  ],
  "val_miou": [
    0.46175839993193146,
    0.6115201275359005,
    0.41210682435208734,
    0.6624967521068279,
    0.7304071411350975,
    0.5802813999803518,
    0.6516596590665926,
    0.7128303567932417,
    0.41834394064001246,
    0.6750569664090298,
    0.42159842641546774,
    0.7284637257960603,
    0.7600320471240147,
    0.5577729199417097,
    0.5447830769565263,
    0.7671878049287459,
    0.7262321830846298,
    0.6259977880141433,
    0.6650417632427501,
    0.3618956027721205,
    0.5634136457012783,
    0.7495271270296954,
    0.7165566218125055,
    0.7144158664762306,
    0.7751511187987109,
    0.7370718465455928,
    0.6771355754971133,
    0.539271226469983,
    0.6728773159013846,
    0.7371812780798943,
    0.7641144279213166,
    0.7297955216098713,
    0.7826316645791632,
    0.663854565940321,
    0.7714272526884163,
    0.7220740824988965,
    0.7640515751047272,
    0.7616962184731215,
    0.7668931560485635,
    0.7060393676284422,
    0.7840606736977722,
    0.7886942796724107,
    0.6461328898912932,
    0.7342394947443784,
    0.7505536143923399,
    0.7704743019211447,
    0.7795148559780943,
    0.7700335597833081,
    0.7796079215950467,
    0.7509507014142911,
    0.7716544764495201,
    0.7160292673849,
    0.7845013832893462,
    0.7615095099494276,
    0.7840791787601264,
    0.770333790926458,
    0.7827986506014439
  ]
}