{
  "input_type": "synthetic",
  "seed": 123,
  "best_val_miou": 0.7886942796724107,
  "test_loss": 0.2514994208877151,
  "test_miou": 0.7832981736109002,
  "test_per_class_iou": {
    "0": 0.8486454545991207,
    "1": 0.7179508926226797
  },
  "epochs_trained": 57,
  "model_params": 14331490,
  "config": {
    "data_root": "./data/WeedyRice-full-data/",
    "input_type": "synthetic",
    "image_size": 256,
    "num_classes": 2,
    "ms_channels": 4,
    "epochs": 100,
    "batch_size": 8,
    "lr": 0.001,
    "weight_decay": 0.0001,
    "patience": 15,
    "seed": 123,
    "output_dir": "./results"
  },
  "timestamp": "2026-02-25T16:22:21.012078"
}