{
  "rgb": {
    "miou_mean": 0.7898095197805054,
    "miou_std": 0.014456656829886038,
    "miou_all_seeds": [
      0.7884073276367818,
      0.8025995764211197,
      0.8083580534290915,
      0.768235229793602,
      0.7814474116219319
    ],
    "per_class_iou_mean": {
      "0": 0.8480345251483333,
      "1": 0.7315845144126775
    },
    "per_class_iou_std": {
      "0": 0.011465454351975334,
      "1": 0.020147065279556946
    },
    "num_runs": 5
  },
  "multispectral": {
    "miou_mean": 0.7513674686295942,
    "miou_std": 0.02456967021232131,
    "miou_all_seeds": [
      0.7203076738315187,
      0.749471559713617,
      0.7902299832037523,
      0.7645741668795887,
      0.7322539595194948
    ],
    "per_class_iou_mean": {
      "0": 0.8207849284234033,
      "1": 0.6819500088357853
    },
    "per_class_iou_std": {
      "0": 0.014121302748218234,
      "1": 0.038123834897365476
    },
    "num_runs": 5
  },
  "synthetic": {
    "miou_mean": 0.7837108164275023,
    "miou_std": 0.00901251893175665,
    "miou_all_seeds": [
      0.8002241612717498,
      0.7832981736109002,
      0.7732992153320819,
      0.7829498066207664,
      0.7787827253020132
    ],
    "per_class_iou_mean": {
      "0": 0.8431691850719207,
      "1": 0.7242524477830838
    },
    "per_class_iou_std": {
      "0": 0.012579063875421086,
      "1": 0.008026082203013759
    },
    "num_runs": 5
  }
}