{
  "train_loss": [
    0.49275095467446606,
    0.4241917395917063,
    0.4048507731792755,
    0.415718949561463,
    0.38901179203977826,
    0.384802904742503,
    0.3549956292436834,
    0.3773605414533708,
    0.385609612362659,
    0.37769081206814353,
    0.3630822164970532,
    0.3770497904883491,
    0.3629356401937979,
    0.3510449592597768,
    0.3535306846421597,
    0.35615955853787545,
    0.34543943405151367,
    0.3462304646043982,
    0.332383761164273,
    0.3468247043226662,
    0.37722082746888697,
    0.3448456418909292,
    0.3259092901649996,
    0.3504048351191173,
    0.3558068407906426,
    0.31683753712600204,
    0.3311794494327746,
    0.3412907339676082,
    0.30857185360051503,
    0.32553468856662804,
    0.32676598691103753,
    0.3271439331084432,
    0.3451470956932499,
    0.34196400874771804,
    0.3275846802932709,
    0.3368242823357238,
    0.32368979072942605,
    0.33223805952722796,
    0.2901926001145361,
    0.3065852005811695,
    0.3129875448479755,
    0.2961531317489654,
    0.30154971374638134,
    0.3062093899263973,
    0.3306491828104209,
    0.27590679529814693,
    0.3021642994462398,
    0.3050702833525154,
    0.3040183891794603,
    0.327904805686274,
    0.3010967338991444,
    0.2989507725364284,
    0.2872663122868677,
    0.2895589775276928,
    0.29944205423544723,
    0.29693032496156746
  ],
  "val_loss": [
    0.33361130844463,
    0.3173167765140533,
    0.5307915871793574,
    0.458122776855122,
    0.3156771416013891,
    0.39783729802478446,
    0.40839951038360595,
    0.4524935641072013,
    0.329180613972924,
    0.31341446367177095,
    0.32269830866293475,
    0.38073142821138556,
    0.3056304427710446,
    0.536729802868583,
    0.30792927660725333,
    0.3972011696208607,
    0.36012564572420985,
    0.2401951242576946,
    0.24912724928422408,
    0.33665589039975946,
    0.2949604045261036,
    0.2629806236787276,
    0.23964752013033086,
    0.23832164677706633,
    0.3005960301919417,
    0.37182084159417583,
    0.2562949061393738,
    0.22880735830827192,
    0.26248662309213117,
    0.25846286741170016,
    0.22924415848471902,
    0.2596817590973594,
    0.2523223481395028,
    0.2473192583430897,
    0.29665296457030554,
    0.2425153455950997,
    0.21795668656175787,
    0.28459928848526694,
    0.20293895981528542,
    0.2105699289928783,
    0.2086011523550207,
    0.2824164395982569,
    0.21439191807400096,
    0.2008768460967324,
    0.24700393351641567,
    0.20458953868259083,
    0.2509651866826144,
    0.24319042509252375,
    0.24473068822513927,
    0.24719524464823983,
    0.21819014874371614,
    0.21178504066033796,
    0.22484759796749462,
    0.21382185383276506,
    0.2066564838994633,
    0.27687143060294067
  ],
  "train_miou": [
    0.5771348844627134,
    0.6651819479600176,
    0.6735532455246303,
    0.655629136364325,
    0.682589788129624,
    0.673111016283245,
    0.7033753044917104,
    0.6864192749413908,
    0.6817860304814551,
    0.687061629125818,
    0.6860213141698567,
    0.685027503600753,
    0.6935346968307264,
    0.7020746495884533,
    0.7049324233982295,
    0.7044290876523721,
    0.7114204609471123,
    0.7057457318698971,
    0.7226857906101998,
    0.6958255607726871,
    0.6887288024259957,
    0.7100119723744562,
    0.7211496046803096,
    0.7071292528178962,
    0.6956224364188477,
    0.7258311099836354,
    0.7171047053475204,
    0.7164151631990738,
    0.7425097139938368,
    0.7239061245386815,
    0.721559140747807,
    0.7193847377398236,
    0.723891304746838,
    0.7081137097714962,
    0.724508085527426,
    0.7200898878309834,
    0.7206621037262135,
    0.7209106799773489,
    0.7563923697871837,
    0.7490333277498509,
    0.7423320596586659,
    0.7543706287672992,
    0.7557061248467185,
    0.7369593773169755,
    0.7212475580793045,
    0.7711718988717723,
    0.7399518686570666,
    0.7412622718249184,
    0.7478185321609568,
    0.7317271840438098,
    0.7468523573666779,
    0.7522709596273623,
    0.7589564234435399,
    0.7646619174261762,
    0.7483823307809662,
    0.7493532523432576
  ],
  "val_miou": [
    0.7524799177026551,
    0.7417612182545237,
    0.5104077304114408,
    0.6172441191869804,
    0.771477789297704,
    0.6380654021119383,
    0.6404083318969969,
    0.6201617050161036,
    0.7173505079962003,
    0.7515379156762217,
    0.7329205975396347,
    0.6905160707931368,
    0.6937591558763192,
    0.5194982418800371,
    0.7214553856850257,
    0.5940737413807298,
    0.6752168550905271,
    0.8132508300820855,
    0.7905677771216912,
    0.7716055868401457,
    0.7886910169086438,
    0.8094480854263975,
    0.8144750173381713,
    0.8073371225173896,
    0.7387264244425036,
    0.6409097589058032,
    0.7988639762241605,
    0.8329770418010998,
    0.786990375376685,
    0.8151666716007057,
    0.8265624436526936,
    0.8113040598373469,
    0.7813919781474534,
    0.8166434489550202,
    0.7741420323178418,
    0.8107861702502577,
    0.8344673579237195,
    0.7048310639107416,
    0.8399998973959262,
    0.8359440852736406,
    0.8431325914139601,
    0.7665583022395788,
    0.8277815202528502,
    0.8365697480282843,
    0.7988208582279239,
    0.8229996796597225,
    0.7960824053804276,
    0.8132498782909718,
    0.8105161123185489,
    0.792434436981418,
    0.8237295153206361,
    0.8350077888362286,
    0.8317489330897284,
    0.8357691500602606,
    0.8252489228955306,
    0.7799960124179675
  ]
}