{
  "input_type": "rgb",
  "seed": 1337,
  "best_val_miou": 0.8431325914139601,
  "test_loss": 0.2578808458538743,
  "test_miou": 0.7814474116219319,
  "test_per_class_iou": {
    "0": 0.8457188636063293,
    "1": 0.7171759596375343
  },
  "epochs_trained": 56,
  "model_params": 14328354,
  "config": {
    "data_root": "./data/WeedyRice-full-data/",
    "input_type": "rgb",
    "image_size": 256,
    "num_classes": 2,
    "ms_channels": 4,
    "epochs": 100,
    "batch_size": 8,
    "lr": 0.001,
    "weight_decay": 0.0001,
    "patience": 15,
    "seed": 1337,
    "output_dir": "./results"
  },
  "timestamp": "2026-02-25T17:50:49.424699"
}