{
  "train_loss": [
    0.5476510364409776,
    0.41687843046690287,
    0.39108625036931177,
    0.36425901539841593,
    0.4048515753439295,
    0.36177605739113883,
    0.37691463085643034,
    0.36341793460455557,
    0.3764841103414346,
    0.3557446396838852,
    0.34817356916896086,
    0.34586458178291546,
    0.3228857998262372,
    0.33124155956402157,
    0.33731446105834334,
    0.323115537041112,
    0.3136767978556672,
    0.3320494255824396,
    0.3383787072192856,
    0.319837865076567,
    0.33730604739217035,
    0.29523777194887574,
    0.30541770918327465,
    0.30455825447339063,
    0.31135255377195037,
    0.29417744226623,
    0.2964410942200332,
    0.3359585948157729,
    0.30758019183811386,
    0.3254488985440884,
    0.29702568089055736,
    0.30541312624836525,
    0.29834853382835613,
    0.3175518101418925,
    0.28794369885795995,
    0.28072892294989693,
    0.32824793963404425,
    0.31180322762818363,
    0.30744906266530353,
    0.295492720882795,
    0.33672962760367586,
    0.3197909691180402,
    0.27599169427191306,
    0.2742306889846311,
    0.2969963390227647,
    0.27833592055136697,
    0.31071377532523975,
    0.30440295997418854,
    0.2666241066497669,
    0.2590110047518858,
    0.3002581394206711,
    0.29952228836148803,
    0.2887317712544001
  ],
  "val_loss": [
    1.1151980887759816,
    0.7306901758367365,
    0.5146986690434543,
    0.7611795869740573,
    0.4799863270737908,
    0.4223185539245605,
    0.6727271475575187,
    0.36942487033930693,
    0.5252903187816793,
    0.3896306720646945,
    0.407903144847263,
    0.5231686494567177,
    0.3299532874064012,
    0.34712932353669945,
    0.4803931650790301,
    0.27767833335833114,
    0.27841083136471834,
    0.34902034239335494,
    0.3551130771636963,
    0.2688578556884419,
    0.3301328426057642,
    0.2706469641490416,
    0.7102795557542281,
    0.30323457203128124,
    0.2967180238528685,
    0.24248149638826197,
    0.25661092400550845,
    0.299040720408613,
    0.25994533029469574,
    0.24638152664357965,
    0.2678945137695833,
    0.3020267451351339,
    0.25357256531715394,
    0.362237516858361,
    0.2569641118699854,
    0.24950821480967783,
    0.39867737672545694,
    0.2528158876028928,
    0.3653082777153362,
    0.37198069989681243,
    0.3025349554690448,
    0.27117163159630514,
    0.2675126696174795,
    0.3425506285645745,
    0.3364376745440743,
    0.29451523423194886,
    0.26326907818967643,
    0.383817061510953,
    0.254377493262291,
    0.2518747264688665,
    0.2557007521390915,
    0.2506132835691625,
    0.2373940329660069
  ],
  "train_miou": [
    0.5221156654514085,
    0.6519620582352963,
    0.6695224118039474,
    0.7010696707242889,
    0.6639535132044035,
    0.702209969705418,
    0.686467840555427,
    0.6928670618051288,
    0.6827336443093036,
    0.6948123773504573,
    0.7135870212763502,
    0.7109176374616337,
    0.7299990189879827,
    0.7209807299364748,
    0.717212586272385,
    0.7295423536363757,
    0.7358185485978032,
    0.7113677517785759,
    0.718244132336108,
    0.7316610607986802,
    0.7082327484570181,
    0.7539954523020586,
    0.7367013495001062,
    0.7357933161560983,
    0.7397425261592165,
    0.7474053500485467,
    0.7605159811776816,
    0.7227016257787522,
    0.7347351148588722,
    0.7300505679083353,
    0.7495799673572912,
    0.7511577929123299,
    0.7504129123036324,
    0.7301742852781631,
    0.7643356268856891,
    0.743512580481348,
    0.7201149205359336,
    0.7336527751749539,
    0.7318325265601628,
    0.7492435601482997,
    0.71115798350572,
    0.7304951161634727,
    0.768751240305348,
    0.766148145874291,
    0.75519748538373,
    0.7703564139847809,
    0.7386344753050715,
    0.747791031062417,
    0.7741580196249898,
    0.7775478155774029,
    0.7522158316598242,
    0.7435785843650178,
    0.7615130662738544
  ],
  "val_miou": [
    0.36943597924400046,
    0.30672826429408656,
    0.6575195841439432,
    0.6110090871613338,
    0.6122488085395148,
    0.5977993246985798,
    0.5518911759279786,
    0.7033799783363759,
    0.4366076726980089,
    0.699290791626271,
    0.6027839849878918,
    0.5771602259883191,
    0.7008462396476689,
    0.7162787935054202,
    0.5219048964468406,
    0.7725224386981109,
    0.7493794009729728,
    0.7025541092564256,
    0.6705199417213545,
    0.7785447861797056,
    0.7805429938029665,
    0.7891654687732689,
    0.6123204666516744,
    0.7324064044772751,
    0.756165080820546,
    0.8041721995010063,
    0.7826471219528126,
    0.7356413746868449,
    0.778957018837076,
    0.7972960514066445,
    0.7799604139497267,
    0.7261102554563421,
    0.7909547639884766,
    0.7313654387807069,
    0.7885241368741696,
    0.7935118844267974,
    0.7061470539628467,
    0.8153655511176429,
    0.6577110719517971,
    0.6576025330401403,
    0.7468630620478593,
    0.7797843215094755,
    0.7624779781374511,
    0.6813051002386008,
    0.7495457436654471,
    0.7471735897626945,
    0.7949513872160558,
    0.6298995698563247,
    0.771126978547428,
    0.7709779039222442,
    0.7919088821311835,
    0.7783878088426361,
    0.8121251791723372
  ]
}