{
  "input_type": "rgb",
  "seed": 42,
  "best_val_miou": 0.8153655511176429,
  "test_loss": 0.25565956331588124,
  "test_miou": 0.7986358306131964,
  "test_per_class_iou": {
    "0": 0.8594931134211085,
    "1": 0.7377785478052844
  },
  "epochs_trained": 53,
  "model_params": 14328354,
  "config": {
    "data_root": "data/WeedyRice-full-data/",
    "input_type": "rgb",
    "image_size": 256,
    "num_classes": 2,
    "ms_channels": 4,
    "epochs": 300,
    "batch_size": 12,
    "lr": 0.001,
    "weight_decay": 0.0001,
    "patience": 15,
    "seed": 42,
    "output_dir": "./results"
  },
  "timestamp": "2026-02-24T13:35:01.049593"
}