{
  "train_loss": [
    0.6539364135288588,
    0.6206872886152063,
    0.5565079755020885,
    0.5437008827982822,
    0.5323379606763754,
    0.5219293533012881,
    0.48805392462375335,
    0.4928998645053737,
    0.4841332849238583,
    0.46930819691737957,
    0.4767726016091092,
    0.4412399528086999,
    0.45326874177125925,
    0.4427578848937334,
    0.4316631785610266,
    0.42776672370717306,
    0.45585292171084163,
    0.4316969547587761,
    0.4338522171184101,
    0.41396004879451404,
    0.43758879302770304,
    0.4531041929828726,
    0.39726801597119304,
    0.39884786368810643,
    0.4331323491667214,
    0.415706030574226,
    0.3727518322407386,
    0.39182123617354425,
    0.40298879030387535,
    0.3889511349605538,
    0.38263952197619583,
    0.3662002816302502,
    0.3932003854078624,
    0.37622590859731037,
    0.40597680553822957,
    0.36057096127181026
  ],
  "val_loss": [
    0.6283168846910651,
    0.609775972366333,
    0.5706075299869884,
    0.7533798645843159,
    0.6674472266977484,
    0.9372507333755493,
    0.5030155246908015,
    2.1466465516523883,
    0.858108774098483,
    0.4827770460735668,
    0.45964468229900707,
    0.5072930894114754,
    0.5724178780208934,
    0.5232337474822998,
    1.3052407589825716,
    0.6098060071468353,
    0.6510602257468484,
    0.4377327512611042,
    0.7160533211447976,
    0.4461183016950434,
    0.4032119203697551,
    1.1534887330098587,
    0.3894276445562189,
    0.5652321913025596,
    0.5340468314560977,
    0.4925631420178847,
    0.531148805401542,
    0.49326900243759153,
    0.3980642242865129,
    0.5949873198162425,
    0.6189592773264104,
    1.10956360318444,
    0.4544655821540139,
    0.6002871009436521,
    1.2092815052379262,
    0.39519416039640254
  ],
  "train_miou": [
    0.4150820206449065,
    0.4440560411917325,
    0.5177163945583941,
    0.5192516859742056,
    0.5256631527621364,
    0.5498864748954457,
    0.5941537468214492,
    0.584647675924828,
    0.5710813644026014,
    0.5992297334426655,
    0.5884385121387734,
    0.6258537264822749,
    0.6317571594855085,
    0.622317612527741,
    0.6306345790300404,
    0.6370504013763532,
    0.6134321712047914,
    0.6441838838388624,
    0.6437192191031951,
    0.6571266931714717,
    0.6211268053874748,
    0.6010115401864924,
    0.655640278255728,
    0.6584978995813462,
    0.6318500019877333,
    0.6349764853447224,
    0.693156405947149,
    0.6748915046366236,
    0.6669518070421443,
    0.670352778005477,
    0.6776982822257012,
    0.691030544922171,
    0.6629899337790037,
    0.6680182629037803,
    0.6617160575916652,
    0.6926580643868023
  ],
  "val_miou": [
    0.46263236852362055,
    0.48057455208652394,
    0.5265197752713384,
    0.33953668602105685,
    0.3772299802316127,
    0.40560117762743597,
    0.619877555758366,
    0.1970717428672009,
    0.3474286677147673,
    0.6330625709142905,
    0.5706961180470996,
    0.576473306836502,
    0.5135403860361885,
    0.5871492615620197,
    0.3490045131660857,
    0.4664599001971851,
    0.4420940608908774,
    0.6465032292307049,
    0.3974524811776782,
    0.6376096829049882,
    0.66626277296958,
    0.3574883108502405,
    0.6438670904998132,
    0.5901863297163301,
    0.4968474027789771,
    0.5177211603556789,
    0.5652096534259505,
    0.6135418769777042,
    0.660049410474162,
    0.5359478824496302,
    0.452892803034801,
    0.3990582475557275,
    0.6182470060897101,
    0.5251009160816968,
    0.3634723366005187,
    0.6585442270166406
  ]
}