{
  "input_type": "multispectral",
  "seed": 42,
  "best_val_miou": 0.66626277296958,
  "test_loss": 0.3386151865795926,
  "test_miou": 0.7203076738315187,
  "test_per_class_iou": {
    "0": 0.8147237290687196,
    "1": 0.6258916185943179
  },
  "epochs_trained": 36,
  "model_params": 14331490,
  "config": {
    "data_root": "./data/WeedyRice-full-data/",
    "input_type": "multispectral",
    "image_size": 256,
    "num_classes": 2,
    "ms_channels": 4,
    "epochs": 100,
    "batch_size": 8,
    "lr": 0.001,
    "weight_decay": 0.0001,
    "patience": 15,
    "seed": 42,
    "output_dir": "./results"
  },
  "timestamp": "2026-02-25T15:29:06.612665"
}