2026-06-04T12:15:44Z [INFO] Controller started
2026-06-04T12:15:44Z [INFO] manifest=outputs/slurm/manifests/multi_seed_binary_baseline_no_synth_20260604T121544Z.json max_parallel=8 max_retries=3 sbatch_submit_retries=3 poll_seconds=10
2026-06-04T12:15:44Z [INFO] python=python singularity_image=/ceph/container/pytorch/pytorch_26.02.sif venv_activate=p10_venv/bin/activate
2026-06-04T12:15:44Z [INFO] status_dir=outputs/slurm/status/multi_seed_binary_baseline_no_synth_20260604T121544Z summary_dir=outputs/metrics log_dir=logs/masking/slurm
2026-06-04T12:15:44Z [INFO] Acquired controller lock outputs/slurm/status/.masking_batch_controller.lock
2026-06-04T12:15:45Z [INFO] Loaded 210 task(s) from outputs/slurm/manifests/multi_seed_binary_baseline_no_synth_20260604T121544Z.json
2026-06-04T12:15:45Z [INFO] Status directory: outputs/slurm/status/multi_seed_binary_baseline_no_synth_20260604T121544Z
2026-06-04T12:15:45Z [INFO] Submitting task 0 try 1/3: group=binary_baseline_no_synth_multi_seed kind=baseline config=configs/binary/rgb.yaml split=test seed=42 attempt=1
2026-06-04T12:15:45Z [INFO] Submitted task 0 (binary_baseline_no_synth_multi_seed, baseline, configs/binary/rgb.yaml, seed=42) as job 863516, attempt 1
2026-06-04T12:15:45Z [INFO] Submitting task 1 try 1/3: group=binary_baseline_no_synth_multi_seed kind=baseline config=configs/binary/rgb_unetpp_resnet34.yaml split=test seed=42 attempt=1
2026-06-04T12:15:45Z [INFO] Submitted task 1 (binary_baseline_no_synth_multi_seed, baseline, configs/binary/rgb_unetpp_resnet34.yaml, seed=42) as job 863517, attempt 1
2026-06-04T12:15:45Z [INFO] Submitting task 2 try 1/3: group=binary_baseline_no_synth_multi_seed kind=baseline config=configs/binary/rgb_unetpp_resnet50.yaml split=test seed=42 attempt=1
2026-06-04T12:15:45Z [INFO] Submitted task 2 (binary_baseline_no_synth_multi_seed, baseline, configs/binary/rgb_unetpp_resnet50.yaml, seed=42) as job 863518, attempt 1
2026-06-04T12:15:45Z [INFO] Submitting task 3 try 1/3: group=binary_baseline_no_synth_multi_seed kind=baseline config=configs/binary/rgb_deeplabv3plus_resnet34.yaml split=test seed=42 attempt=1
2026-06-04T12:15:45Z [INFO] Submitted task 3 (binary_baseline_no_synth_multi_seed, baseline, configs/binary/rgb_deeplabv3plus_resnet34.yaml, seed=42) as job 863519, attempt 1
2026-06-04T12:15:45Z [INFO] Submitting task 4 try 1/3: group=binary_baseline_no_synth_multi_seed kind=baseline config=configs/binary/rgb_deeplabv3plus_resnet50.yaml split=test seed=42 attempt=1
2026-06-04T12:15:45Z [INFO] Submitted task 4 (binary_baseline_no_synth_multi_seed, baseline, configs/binary/rgb_deeplabv3plus_resnet50.yaml, seed=42) as job 863520, attempt 1
2026-06-04T12:15:45Z [INFO] Submitting task 5 try 1/3: group=binary_baseline_no_synth_multi_seed kind=baseline config=configs/binary/rgb_segformer_b0.yaml split=test seed=42 attempt=1
2026-06-04T12:15:45Z [INFO] Submitted task 5 (binary_baseline_no_synth_multi_seed, baseline, configs/binary/rgb_segformer_b0.yaml, seed=42) as job 863521, attempt 1
2026-06-04T12:15:45Z [INFO] Submitting task 6 try 1/3: group=binary_baseline_no_synth_multi_seed kind=baseline config=configs/binary/rgb_segformer_b1.yaml split=test seed=42 attempt=1
2026-06-04T12:15:45Z [INFO] Submitted task 6 (binary_baseline_no_synth_multi_seed, baseline, configs/binary/rgb_segformer_b1.yaml, seed=42) as job 863522, attempt 1
2026-06-04T12:15:45Z [INFO] Submitting task 7 try 1/3: group=binary_baseline_no_synth_multi_seed kind=baseline config=configs/binary/real_msi.yaml split=test seed=42 attempt=1
2026-06-04T12:15:45Z [INFO] Submitted task 7 (binary_baseline_no_synth_multi_seed, baseline, configs/binary/real_msi.yaml, seed=42) as job 863523, attempt 1
2026-06-04T12:19:18Z [INFO] Job 863516 for task 0 has left the Slurm queue; validating output
2026-06-04T12:19:18Z [INFO] Task 0 completed successfully
2026-06-04T12:19:18Z [INFO] Job 863517 for task 1 has left the Slurm queue; validating output
2026-06-04T12:19:18Z [INFO] Task 1 completed successfully
2026-06-04T12:19:18Z [INFO] Job 863519 for task 3 has left the Slurm queue; validating output
2026-06-04T12:19:18Z [INFO] Task 3 completed successfully
2026-06-04T12:19:18Z [INFO] Job 863520 for task 4 has left the Slurm queue; validating output
2026-06-04T12:19:19Z [INFO] Task 4 completed successfully
2026-06-04T12:19:19Z [INFO] Job 863521 for task 5 has left the Slurm queue; validating output
2026-06-04T12:19:19Z [INFO] Task 5 completed successfully
2026-06-04T12:19:29Z [INFO] Submitting task 8 try 1/3: group=binary_baseline_no_synth_multi_seed kind=baseline config=configs/binary/real_msi_unetpp_resnet34.yaml split=test seed=42 attempt=1
2026-06-04T12:19:29Z [INFO] Submitted task 8 (binary_baseline_no_synth_multi_seed, baseline, configs/binary/real_msi_unetpp_resnet34.yaml, seed=42) as job 863524, attempt 1
2026-06-04T12:19:29Z [INFO] Submitting task 9 try 1/3: group=binary_baseline_no_synth_multi_seed kind=baseline config=configs/binary/real_msi_unetpp_resnet50.yaml split=test seed=42 attempt=1
2026-06-04T12:19:29Z [INFO] Submitted task 9 (binary_baseline_no_synth_multi_seed, baseline, configs/binary/real_msi_unetpp_resnet50.yaml, seed=42) as job 863525, attempt 1
2026-06-04T12:19:29Z [INFO] Submitting task 10 try 1/3: group=binary_baseline_no_synth_multi_seed kind=baseline config=configs/binary/real_msi_deeplabv3plus_resnet34.yaml split=test seed=42 attempt=1
2026-06-04T12:19:29Z [INFO] Submitted task 10 (binary_baseline_no_synth_multi_seed, baseline, configs/binary/real_msi_deeplabv3plus_resnet34.yaml, seed=42) as job 863526, attempt 1
2026-06-04T12:19:29Z [INFO] Submitting task 11 try 1/3: group=binary_baseline_no_synth_multi_seed kind=baseline config=configs/binary/real_msi_deeplabv3plus_resnet50.yaml split=test seed=42 attempt=1
2026-06-04T12:19:29Z [INFO] Submitted task 11 (binary_baseline_no_synth_multi_seed, baseline, configs/binary/real_msi_deeplabv3plus_resnet50.yaml, seed=42) as job 863527, attempt 1
2026-06-04T12:19:29Z [INFO] Submitting task 12 try 1/3: group=binary_baseline_no_synth_multi_seed kind=baseline config=configs/binary/real_msi_segformer_b0.yaml split=test seed=42 attempt=1
2026-06-04T12:19:29Z [INFO] Submitted task 12 (binary_baseline_no_synth_multi_seed, baseline, configs/binary/real_msi_segformer_b0.yaml, seed=42) as job 863528, attempt 1
2026-06-04T12:19:29Z [INFO] Job 863522 for task 6 has left the Slurm queue; validating output
2026-06-04T12:19:29Z [INFO] Task 6 completed successfully
2026-06-04T12:19:39Z [INFO] Submitting task 13 try 1/3: group=binary_baseline_no_synth_multi_seed kind=baseline config=configs/binary/real_msi_segformer_b1.yaml split=test seed=42 attempt=1
2026-06-04T12:19:39Z [INFO] Submitted task 13 (binary_baseline_no_synth_multi_seed, baseline, configs/binary/real_msi_segformer_b1.yaml, seed=42) as job 863529, attempt 1
2026-06-04T12:19:39Z [INFO] Job 863518 for task 2 has left the Slurm queue; validating output
2026-06-04T12:19:39Z [INFO] Task 2 completed successfully
2026-06-04T12:19:49Z [INFO] Submitting task 14 try 1/3: group=binary_baseline_no_synth_multi_seed kind=baseline config=configs/binary/rgb_real_msi.yaml split=test seed=42 attempt=1
2026-06-04T12:19:49Z [INFO] Submitted task 14 (binary_baseline_no_synth_multi_seed, baseline, configs/binary/rgb_real_msi.yaml, seed=42) as job 863530, attempt 1
2026-06-04T12:21:00Z [INFO] Job 863523 for task 7 has left the Slurm queue; validating output
2026-06-04T12:21:00Z [INFO] Task 7 completed successfully
2026-06-04T12:21:11Z [INFO] Submitting task 15 try 1/3: group=binary_baseline_no_synth_multi_seed kind=baseline config=configs/binary/rgb_real_msi_unetpp_resnet34.yaml split=test seed=42 attempt=1
2026-06-04T12:21:11Z [INFO] Submitted task 15 (binary_baseline_no_synth_multi_seed, baseline, configs/binary/rgb_real_msi_unetpp_resnet34.yaml, seed=42) as job 863531, attempt 1
2026-06-04T12:22:12Z [INFO] Job 863527 for task 11 has left the Slurm queue; validating output
2026-06-04T12:22:12Z [INFO] Task 11 completed successfully
2026-06-04T12:22:12Z [INFO] Job 863528 for task 12 has left the Slurm queue; validating output
2026-06-04T12:22:12Z [INFO] Task 12 completed successfully
2026-06-04T12:22:22Z [INFO] Submitting task 16 try 1/3: group=binary_baseline_no_synth_multi_seed kind=baseline config=configs/binary/rgb_real_msi_unetpp_resnet50.yaml split=test seed=42 attempt=1
2026-06-04T12:22:22Z [INFO] Submitted task 16 (binary_baseline_no_synth_multi_seed, baseline, configs/binary/rgb_real_msi_unetpp_resnet50.yaml, seed=42) as job 863532, attempt 1
2026-06-04T12:22:22Z [INFO] Submitting task 17 try 1/3: group=binary_baseline_no_synth_multi_seed kind=baseline config=configs/binary/rgb_real_msi_deeplabv3plus_resnet34.yaml split=test seed=42 attempt=1
2026-06-04T12:22:22Z [INFO] Submitted task 17 (binary_baseline_no_synth_multi_seed, baseline, configs/binary/rgb_real_msi_deeplabv3plus_resnet34.yaml, seed=42) as job 863533, attempt 1
2026-06-04T12:22:33Z [INFO] Job 863529 for task 13 has left the Slurm queue; validating output
2026-06-04T12:22:33Z [INFO] Task 13 completed successfully
2026-06-04T12:22:43Z [INFO] Submitting task 18 try 1/3: group=binary_baseline_no_synth_multi_seed kind=baseline config=configs/binary/rgb_real_msi_deeplabv3plus_resnet50.yaml split=test seed=42 attempt=1
2026-06-04T12:22:43Z [INFO] Submitted task 18 (binary_baseline_no_synth_multi_seed, baseline, configs/binary/rgb_real_msi_deeplabv3plus_resnet50.yaml, seed=42) as job 863534, attempt 1
2026-06-04T12:23:44Z [INFO] Job 863524 for task 8 has left the Slurm queue; validating output
2026-06-04T12:23:44Z [INFO] Task 8 completed successfully
2026-06-04T12:23:44Z [INFO] Job 863530 for task 14 has left the Slurm queue; validating output
2026-06-04T12:23:44Z [INFO] Task 14 completed successfully
2026-06-04T12:23:54Z [INFO] Submitting task 19 try 1/3: group=binary_baseline_no_synth_multi_seed kind=baseline config=configs/binary/rgb_real_msi_segformer_b0.yaml split=test seed=42 attempt=1
2026-06-04T12:23:54Z [INFO] Submitted task 19 (binary_baseline_no_synth_multi_seed, baseline, configs/binary/rgb_real_msi_segformer_b0.yaml, seed=42) as job 863535, attempt 1
2026-06-04T12:23:54Z [INFO] Submitting task 20 try 1/3: group=binary_baseline_no_synth_multi_seed kind=baseline config=configs/binary/rgb_real_msi_segformer_b1.yaml split=test seed=42 attempt=1
2026-06-04T12:23:54Z [INFO] Submitted task 20 (binary_baseline_no_synth_multi_seed, baseline, configs/binary/rgb_real_msi_segformer_b1.yaml, seed=42) as job 863536, attempt 1
2026-06-04T12:23:54Z [INFO] Job 863525 for task 9 has left the Slurm queue; validating output
2026-06-04T12:23:54Z [INFO] Task 9 completed successfully
2026-06-04T12:23:54Z [INFO] Job 863526 for task 10 has left the Slurm queue; validating output
2026-06-04T12:23:55Z [INFO] Task 10 completed successfully
2026-06-04T12:24:05Z [INFO] Submitting task 21 try 1/3: group=binary_baseline_no_synth_multi_seed kind=baseline config=configs/binary/rgb.yaml split=test seed=43 attempt=1
2026-06-04T12:24:05Z [INFO] Submitted task 21 (binary_baseline_no_synth_multi_seed, baseline, configs/binary/rgb.yaml, seed=43) as job 863537, attempt 1
2026-06-04T12:24:05Z [INFO] Submitting task 22 try 1/3: group=binary_baseline_no_synth_multi_seed kind=baseline config=configs/binary/rgb_unetpp_resnet34.yaml split=test seed=43 attempt=1
2026-06-04T12:24:05Z [INFO] Submitted task 22 (binary_baseline_no_synth_multi_seed, baseline, configs/binary/rgb_unetpp_resnet34.yaml, seed=43) as job 863538, attempt 1
2026-06-04T12:24:35Z [INFO] Job 863531 for task 15 has left the Slurm queue; validating output
2026-06-04T12:24:36Z [INFO] Task 15 completed successfully
2026-06-04T12:24:46Z [INFO] Submitting task 23 try 1/3: group=binary_baseline_no_synth_multi_seed kind=baseline config=configs/binary/rgb_unetpp_resnet50.yaml split=test seed=43 attempt=1
2026-06-04T12:24:46Z [INFO] Submitted task 23 (binary_baseline_no_synth_multi_seed, baseline, configs/binary/rgb_unetpp_resnet50.yaml, seed=43) as job 863539, attempt 1
2026-06-04T12:25:26Z [INFO] Job 863533 for task 17 has left the Slurm queue; validating output
2026-06-04T12:25:26Z [INFO] Task 17 completed successfully
2026-06-04T12:25:37Z [INFO] Submitting task 24 try 1/3: group=binary_baseline_no_synth_multi_seed kind=baseline config=configs/binary/rgb_deeplabv3plus_resnet34.yaml split=test seed=43 attempt=1
2026-06-04T12:25:37Z [INFO] Submitted task 24 (binary_baseline_no_synth_multi_seed, baseline, configs/binary/rgb_deeplabv3plus_resnet34.yaml, seed=43) as job 863540, attempt 1
2026-06-04T12:25:57Z [INFO] Job 863534 for task 18 has left the Slurm queue; validating output
2026-06-04T12:25:57Z [INFO] Task 18 completed successfully
2026-06-04T12:26:07Z [INFO] Submitting task 25 try 1/3: group=binary_baseline_no_synth_multi_seed kind=baseline config=configs/binary/rgb_deeplabv3plus_resnet50.yaml split=test seed=43 attempt=1
2026-06-04T12:26:07Z [INFO] Submitted task 25 (binary_baseline_no_synth_multi_seed, baseline, configs/binary/rgb_deeplabv3plus_resnet50.yaml, seed=43) as job 863541, attempt 1
2026-06-04T12:26:17Z [INFO] Job 863532 for task 16 has left the Slurm queue; validating output
2026-06-04T12:26:18Z [INFO] Task 16 completed successfully
2026-06-04T12:26:28Z [INFO] Submitting task 26 try 1/3: group=binary_baseline_no_synth_multi_seed kind=baseline config=configs/binary/rgb_segformer_b0.yaml split=test seed=43 attempt=1
2026-06-04T12:26:28Z [INFO] Submitted task 26 (binary_baseline_no_synth_multi_seed, baseline, configs/binary/rgb_segformer_b0.yaml, seed=43) as job 863542, attempt 1
2026-06-04T12:26:48Z [INFO] Job 863537 for task 21 has left the Slurm queue; validating output
2026-06-04T12:26:48Z [INFO] Task 21 completed successfully
2026-06-04T12:26:58Z [INFO] Submitting task 27 try 1/3: group=binary_baseline_no_synth_multi_seed kind=baseline config=configs/binary/rgb_segformer_b1.yaml split=test seed=43 attempt=1
2026-06-04T12:26:58Z [INFO] Submitted task 27 (binary_baseline_no_synth_multi_seed, baseline, configs/binary/rgb_segformer_b1.yaml, seed=43) as job 863543, attempt 1
2026-06-04T12:26:58Z [INFO] Job 863538 for task 22 has left the Slurm queue; validating output
2026-06-04T12:26:58Z [INFO] Task 22 completed successfully
2026-06-04T12:27:09Z [INFO] Submitting task 28 try 1/3: group=binary_baseline_no_synth_multi_seed kind=baseline config=configs/binary/real_msi.yaml split=test seed=43 attempt=1
2026-06-04T12:27:09Z [INFO] Submitted task 28 (binary_baseline_no_synth_multi_seed, baseline, configs/binary/real_msi.yaml, seed=43) as job 863544, attempt 1
2026-06-04T12:27:19Z [INFO] Job 863535 for task 19 has left the Slurm queue; validating output
2026-06-04T12:27:19Z [INFO] Task 19 completed successfully
2026-06-04T12:27:29Z [INFO] Submitting task 29 try 1/3: group=binary_baseline_no_synth_multi_seed kind=baseline config=configs/binary/real_msi_unetpp_resnet34.yaml split=test seed=43 attempt=1
2026-06-04T12:27:29Z [INFO] Submitted task 29 (binary_baseline_no_synth_multi_seed, baseline, configs/binary/real_msi_unetpp_resnet34.yaml, seed=43) as job 863545, attempt 1
2026-06-04T12:27:29Z [INFO] Job 863536 for task 20 has left the Slurm queue; validating output
2026-06-04T12:27:29Z [INFO] Task 20 completed successfully
2026-06-04T12:27:39Z [INFO] Submitting task 30 try 1/3: group=binary_baseline_no_synth_multi_seed kind=baseline config=configs/binary/real_msi_unetpp_resnet50.yaml split=test seed=43 attempt=1
2026-06-04T12:27:39Z [INFO] Submitted task 30 (binary_baseline_no_synth_multi_seed, baseline, configs/binary/real_msi_unetpp_resnet50.yaml, seed=43) as job 863546, attempt 1
2026-06-04T12:28:10Z [INFO] Job 863539 for task 23 has left the Slurm queue; validating output
2026-06-04T12:28:10Z [INFO] Task 23 completed successfully
2026-06-04T12:28:20Z [INFO] Submitting task 31 try 1/3: group=binary_baseline_no_synth_multi_seed kind=baseline config=configs/binary/real_msi_deeplabv3plus_resnet34.yaml split=test seed=43 attempt=1
2026-06-04T12:28:20Z [INFO] Submitted task 31 (binary_baseline_no_synth_multi_seed, baseline, configs/binary/real_msi_deeplabv3plus_resnet34.yaml, seed=43) as job 863547, attempt 1
2026-06-04T12:28:20Z [INFO] Job 863540 for task 24 has left the Slurm queue; validating output
2026-06-04T12:28:20Z [INFO] Task 24 completed successfully
2026-06-04T12:28:30Z [INFO] Submitting task 32 try 1/3: group=binary_baseline_no_synth_multi_seed kind=baseline config=configs/binary/real_msi_deeplabv3plus_resnet50.yaml split=test seed=43 attempt=1
2026-06-04T12:28:30Z [INFO] Submitted task 32 (binary_baseline_no_synth_multi_seed, baseline, configs/binary/real_msi_deeplabv3plus_resnet50.yaml, seed=43) as job 863548, attempt 1
2026-06-04T12:29:01Z [INFO] Job 863541 for task 25 has left the Slurm queue; validating output
2026-06-04T12:29:01Z [INFO] Task 25 completed successfully
2026-06-04T12:29:11Z [INFO] Submitting task 33 try 1/3: group=binary_baseline_no_synth_multi_seed kind=baseline config=configs/binary/real_msi_segformer_b0.yaml split=test seed=43 attempt=1
2026-06-04T12:29:11Z [INFO] Submitted task 33 (binary_baseline_no_synth_multi_seed, baseline, configs/binary/real_msi_segformer_b0.yaml, seed=43) as job 863549, attempt 1
2026-06-04T12:29:11Z [INFO] Job 863542 for task 26 has left the Slurm queue; validating output
2026-06-04T12:29:11Z [INFO] Task 26 completed successfully
2026-06-04T12:29:21Z [INFO] Submitting task 34 try 1/3: group=binary_baseline_no_synth_multi_seed kind=baseline config=configs/binary/real_msi_segformer_b1.yaml split=test seed=43 attempt=1
2026-06-04T12:29:21Z [INFO] Submitted task 34 (binary_baseline_no_synth_multi_seed, baseline, configs/binary/real_msi_segformer_b1.yaml, seed=43) as job 863550, attempt 1
2026-06-04T12:29:52Z [INFO] Job 863543 for task 27 has left the Slurm queue; validating output
2026-06-04T12:29:52Z [INFO] Task 27 completed successfully
2026-06-04T12:30:02Z [INFO] Submitting task 35 try 1/3: group=binary_baseline_no_synth_multi_seed kind=baseline config=configs/binary/rgb_real_msi.yaml split=test seed=43 attempt=1
2026-06-04T12:30:02Z [INFO] Submitted task 35 (binary_baseline_no_synth_multi_seed, baseline, configs/binary/rgb_real_msi.yaml, seed=43) as job 863551, attempt 1
2026-06-04T12:30:02Z [INFO] Job 863544 for task 28 has left the Slurm queue; validating output
2026-06-04T12:30:03Z [INFO] Task 28 completed successfully
2026-06-04T12:30:13Z [INFO] Submitting task 36 try 1/3: group=binary_baseline_no_synth_multi_seed kind=baseline config=configs/binary/rgb_real_msi_unetpp_resnet34.yaml split=test seed=43 attempt=1
2026-06-04T12:30:13Z [INFO] Submitted task 36 (binary_baseline_no_synth_multi_seed, baseline, configs/binary/rgb_real_msi_unetpp_resnet34.yaml, seed=43) as job 863558, attempt 1
2026-06-04T12:30:33Z [INFO] Job 863545 for task 29 has left the Slurm queue; validating output
2026-06-04T12:30:34Z [INFO] Task 29 completed successfully
2026-06-04T12:30:44Z [INFO] Submitting task 37 try 1/3: group=binary_baseline_no_synth_multi_seed kind=baseline config=configs/binary/rgb_real_msi_unetpp_resnet50.yaml split=test seed=43 attempt=1
2026-06-04T12:30:44Z [INFO] Submitted task 37 (binary_baseline_no_synth_multi_seed, baseline, configs/binary/rgb_real_msi_unetpp_resnet50.yaml, seed=43) as job 863559, attempt 1
2026-06-04T12:30:54Z [INFO] Job 863547 for task 31 has left the Slurm queue; validating output
2026-06-04T12:30:54Z [INFO] Task 31 completed successfully
2026-06-04T12:31:04Z [INFO] Submitting task 38 try 1/3: group=binary_baseline_no_synth_multi_seed kind=baseline config=configs/binary/rgb_real_msi_deeplabv3plus_resnet34.yaml split=test seed=43 attempt=1
2026-06-04T12:31:04Z [INFO] Submitted task 38 (binary_baseline_no_synth_multi_seed, baseline, configs/binary/rgb_real_msi_deeplabv3plus_resnet34.yaml, seed=43) as job 863560, attempt 1
2026-06-04T12:31:04Z [INFO] Job 863546 for task 30 has left the Slurm queue; validating output
2026-06-04T12:31:05Z [INFO] Task 30 completed successfully
2026-06-04T12:31:15Z [INFO] Submitting task 39 try 1/3: group=binary_baseline_no_synth_multi_seed kind=baseline config=configs/binary/rgb_real_msi_deeplabv3plus_resnet50.yaml split=test seed=43 attempt=1
2026-06-04T12:31:15Z [INFO] Submitted task 39 (binary_baseline_no_synth_multi_seed, baseline, configs/binary/rgb_real_msi_deeplabv3plus_resnet50.yaml, seed=43) as job 863561, attempt 1
2026-06-04T12:31:15Z [INFO] Job 863548 for task 32 has left the Slurm queue; validating output
2026-06-04T12:31:15Z [INFO] Task 32 completed successfully
2026-06-04T12:31:25Z [INFO] Submitting task 40 try 1/3: group=binary_baseline_no_synth_multi_seed kind=baseline config=configs/binary/rgb_real_msi_segformer_b0.yaml split=test seed=43 attempt=1
2026-06-04T12:31:25Z [INFO] Submitted task 40 (binary_baseline_no_synth_multi_seed, baseline, configs/binary/rgb_real_msi_segformer_b0.yaml, seed=43) as job 863562, attempt 1
2026-06-04T12:32:16Z [INFO] Job 863549 for task 33 has left the Slurm queue; validating output
2026-06-04T12:32:16Z [INFO] Task 33 completed successfully
2026-06-04T12:32:26Z [INFO] Submitting task 41 try 1/3: group=binary_baseline_no_synth_multi_seed kind=baseline config=configs/binary/rgb_real_msi_segformer_b1.yaml split=test seed=43 attempt=1
2026-06-04T12:32:26Z [INFO] Submitted task 41 (binary_baseline_no_synth_multi_seed, baseline, configs/binary/rgb_real_msi_segformer_b1.yaml, seed=43) as job 863563, attempt 1
2026-06-04T12:32:26Z [INFO] Job 863550 for task 34 has left the Slurm queue; validating output
2026-06-04T12:32:27Z [INFO] Task 34 completed successfully
2026-06-04T12:32:37Z [INFO] Submitting task 42 try 1/3: group=binary_baseline_no_synth_multi_seed kind=baseline config=configs/binary/rgb.yaml split=test seed=44 attempt=1
2026-06-04T12:32:37Z [INFO] Submitted task 42 (binary_baseline_no_synth_multi_seed, baseline, configs/binary/rgb.yaml, seed=44) as job 863564, attempt 1
2026-06-04T12:33:17Z [INFO] Job 863551 for task 35 has left the Slurm queue; validating output
2026-06-04T12:33:17Z [INFO] Task 35 completed successfully
2026-06-04T12:33:27Z [INFO] Submitting task 43 try 1/3: group=binary_baseline_no_synth_multi_seed kind=baseline config=configs/binary/rgb_unetpp_resnet34.yaml split=test seed=44 attempt=1
2026-06-04T12:33:27Z [INFO] Submitted task 43 (binary_baseline_no_synth_multi_seed, baseline, configs/binary/rgb_unetpp_resnet34.yaml, seed=44) as job 863565, attempt 1
2026-06-04T12:34:08Z [INFO] Job 863560 for task 38 has left the Slurm queue; validating output
2026-06-04T12:34:08Z [INFO] Task 38 completed successfully
2026-06-04T12:34:18Z [INFO] Submitting task 44 try 1/3: group=binary_baseline_no_synth_multi_seed kind=baseline config=configs/binary/rgb_unetpp_resnet50.yaml split=test seed=44 attempt=1
2026-06-04T12:34:18Z [INFO] Submitted task 44 (binary_baseline_no_synth_multi_seed, baseline, configs/binary/rgb_unetpp_resnet50.yaml, seed=44) as job 863566, attempt 1
2026-06-04T12:34:28Z [INFO] Job 863561 for task 39 has left the Slurm queue; validating output
2026-06-04T12:34:28Z [INFO] Task 39 completed successfully
2026-06-04T12:34:39Z [INFO] Submitting task 45 try 1/3: group=binary_baseline_no_synth_multi_seed kind=baseline config=configs/binary/rgb_deeplabv3plus_resnet34.yaml split=test seed=44 attempt=1
2026-06-04T12:34:39Z [INFO] Submitted task 45 (binary_baseline_no_synth_multi_seed, baseline, configs/binary/rgb_deeplabv3plus_resnet34.yaml, seed=44) as job 863567, attempt 1
2026-06-04T12:34:49Z [INFO] Job 863559 for task 37 has left the Slurm queue; validating output
2026-06-04T12:34:49Z [INFO] Task 37 completed successfully
2026-06-04T12:34:49Z [INFO] Job 863562 for task 40 has left the Slurm queue; validating output
2026-06-04T12:34:50Z [INFO] Task 40 completed successfully
2026-06-04T12:35:00Z [INFO] Submitting task 46 try 1/3: group=binary_baseline_no_synth_multi_seed kind=baseline config=configs/binary/rgb_deeplabv3plus_resnet50.yaml split=test seed=44 attempt=1
2026-06-04T12:35:00Z [INFO] Submitted task 46 (binary_baseline_no_synth_multi_seed, baseline, configs/binary/rgb_deeplabv3plus_resnet50.yaml, seed=44) as job 863568, attempt 1
2026-06-04T12:35:00Z [INFO] Submitting task 47 try 1/3: group=binary_baseline_no_synth_multi_seed kind=baseline config=configs/binary/rgb_segformer_b0.yaml split=test seed=44 attempt=1
2026-06-04T12:35:00Z [INFO] Submitted task 47 (binary_baseline_no_synth_multi_seed, baseline, configs/binary/rgb_segformer_b0.yaml, seed=44) as job 863569, attempt 1
2026-06-04T12:35:21Z [INFO] Job 863564 for task 42 has left the Slurm queue; validating output
2026-06-04T12:35:21Z [INFO] Task 42 completed successfully
2026-06-04T12:35:31Z [INFO] Submitting task 48 try 1/3: group=binary_baseline_no_synth_multi_seed kind=baseline config=configs/binary/rgb_segformer_b1.yaml split=test seed=44 attempt=1
2026-06-04T12:35:31Z [INFO] Submitted task 48 (binary_baseline_no_synth_multi_seed, baseline, configs/binary/rgb_segformer_b1.yaml, seed=44) as job 863570, attempt 1
2026-06-04T12:35:42Z [INFO] Job 863563 for task 41 has left the Slurm queue; validating output
2026-06-04T12:35:42Z [INFO] Task 41 completed successfully
2026-06-04T12:35:52Z [INFO] Submitting task 49 try 1/3: group=binary_baseline_no_synth_multi_seed kind=baseline config=configs/binary/real_msi.yaml split=test seed=44 attempt=1
2026-06-04T12:35:52Z [INFO] Submitted task 49 (binary_baseline_no_synth_multi_seed, baseline, configs/binary/real_msi.yaml, seed=44) as job 863571, attempt 1
2026-06-04T12:36:33Z [INFO] Job 863558 for task 36 has left the Slurm queue; validating output
2026-06-04T12:36:33Z [INFO] Task 36 completed successfully
2026-06-04T12:36:43Z [INFO] Submitting task 50 try 1/3: group=binary_baseline_no_synth_multi_seed kind=baseline config=configs/binary/real_msi_unetpp_resnet34.yaml split=test seed=44 attempt=1
2026-06-04T12:36:43Z [INFO] Submitted task 50 (binary_baseline_no_synth_multi_seed, baseline, configs/binary/real_msi_unetpp_resnet34.yaml, seed=44) as job 863572, attempt 1
2026-06-04T12:36:43Z [INFO] Job 863565 for task 43 has left the Slurm queue; validating output
2026-06-04T12:36:44Z [INFO] Task 43 completed successfully
2026-06-04T12:36:54Z [INFO] Submitting task 51 try 1/3: group=binary_baseline_no_synth_multi_seed kind=baseline config=configs/binary/real_msi_unetpp_resnet50.yaml split=test seed=44 attempt=1
2026-06-04T12:36:54Z [INFO] Submitted task 51 (binary_baseline_no_synth_multi_seed, baseline, configs/binary/real_msi_unetpp_resnet50.yaml, seed=44) as job 863573, attempt 1
2026-06-04T12:37:25Z [INFO] Job 863567 for task 45 has left the Slurm queue; validating output
2026-06-04T12:37:25Z [INFO] Task 45 completed successfully
2026-06-04T12:37:35Z [INFO] Submitting task 52 try 1/3: group=binary_baseline_no_synth_multi_seed kind=baseline config=configs/binary/real_msi_deeplabv3plus_resnet34.yaml split=test seed=44 attempt=1
2026-06-04T12:37:35Z [INFO] Submitted task 52 (binary_baseline_no_synth_multi_seed, baseline, configs/binary/real_msi_deeplabv3plus_resnet34.yaml, seed=44) as job 863574, attempt 1
2026-06-04T12:37:35Z [INFO] Job 863566 for task 44 has left the Slurm queue; validating output
2026-06-04T12:37:35Z [INFO] Task 44 completed successfully
2026-06-04T12:37:45Z [INFO] Submitting task 53 try 1/3: group=binary_baseline_no_synth_multi_seed kind=baseline config=configs/binary/real_msi_deeplabv3plus_resnet50.yaml split=test seed=44 attempt=1
2026-06-04T12:37:45Z [INFO] Submitted task 53 (binary_baseline_no_synth_multi_seed, baseline, configs/binary/real_msi_deeplabv3plus_resnet50.yaml, seed=44) as job 863575, attempt 1
2026-06-04T12:37:45Z [INFO] Job 863569 for task 47 has left the Slurm queue; validating output
2026-06-04T12:37:45Z [INFO] Task 47 completed successfully
2026-06-04T12:37:55Z [INFO] Submitting task 54 try 1/3: group=binary_baseline_no_synth_multi_seed kind=baseline config=configs/binary/real_msi_segformer_b0.yaml split=test seed=44 attempt=1
2026-06-04T12:37:56Z [INFO] Submitted task 54 (binary_baseline_no_synth_multi_seed, baseline, configs/binary/real_msi_segformer_b0.yaml, seed=44) as job 863576, attempt 1
2026-06-04T12:37:56Z [INFO] Job 863568 for task 46 has left the Slurm queue; validating output
2026-06-04T12:37:56Z [INFO] Task 46 completed successfully
2026-06-04T12:38:06Z [INFO] Submitting task 55 try 1/3: group=binary_baseline_no_synth_multi_seed kind=baseline config=configs/binary/real_msi_segformer_b1.yaml split=test seed=44 attempt=1
2026-06-04T12:38:06Z [INFO] Submitted task 55 (binary_baseline_no_synth_multi_seed, baseline, configs/binary/real_msi_segformer_b1.yaml, seed=44) as job 863577, attempt 1
2026-06-04T12:38:16Z [INFO] Job 863570 for task 48 has left the Slurm queue; validating output
2026-06-04T12:38:16Z [INFO] Task 48 completed successfully
2026-06-04T12:38:26Z [INFO] Submitting task 56 try 1/3: group=binary_baseline_no_synth_multi_seed kind=baseline config=configs/binary/rgb_real_msi.yaml split=test seed=44 attempt=1
2026-06-04T12:38:26Z [INFO] Submitted task 56 (binary_baseline_no_synth_multi_seed, baseline, configs/binary/rgb_real_msi.yaml, seed=44) as job 863578, attempt 1
2026-06-04T12:38:57Z [INFO] Job 863571 for task 49 has left the Slurm queue; validating output
2026-06-04T12:38:57Z [INFO] Task 49 completed successfully
2026-06-04T12:39:07Z [INFO] Submitting task 57 try 1/3: group=binary_baseline_no_synth_multi_seed kind=baseline config=configs/binary/rgb_real_msi_unetpp_resnet34.yaml split=test seed=44 attempt=1
2026-06-04T12:39:07Z [INFO] Submitted task 57 (binary_baseline_no_synth_multi_seed, baseline, configs/binary/rgb_real_msi_unetpp_resnet34.yaml, seed=44) as job 863579, attempt 1
2026-06-04T12:39:57Z [INFO] Job 863572 for task 50 has left the Slurm queue; validating output
2026-06-04T12:39:58Z [INFO] Task 50 completed successfully
2026-06-04T12:40:08Z [INFO] Submitting task 58 try 1/3: group=binary_baseline_no_synth_multi_seed kind=baseline config=configs/binary/rgb_real_msi_unetpp_resnet50.yaml split=test seed=44 attempt=1
2026-06-04T12:40:08Z [INFO] Submitted task 58 (binary_baseline_no_synth_multi_seed, baseline, configs/binary/rgb_real_msi_unetpp_resnet50.yaml, seed=44) as job 863580, attempt 1
2026-06-04T12:40:08Z [INFO] Job 863573 for task 51 has left the Slurm queue; validating output
2026-06-04T12:40:09Z [INFO] Task 51 completed successfully
2026-06-04T12:40:19Z [INFO] Submitting task 59 try 1/3: group=binary_baseline_no_synth_multi_seed kind=baseline config=configs/binary/rgb_real_msi_deeplabv3plus_resnet34.yaml split=test seed=44 attempt=1
2026-06-04T12:40:19Z [INFO] Submitted task 59 (binary_baseline_no_synth_multi_seed, baseline, configs/binary/rgb_real_msi_deeplabv3plus_resnet34.yaml, seed=44) as job 863581, attempt 1
2026-06-04T12:40:19Z [INFO] Job 863574 for task 52 has left the Slurm queue; validating output
2026-06-04T12:40:19Z [INFO] Task 52 completed successfully
2026-06-04T12:40:29Z [INFO] Submitting task 60 try 1/3: group=binary_baseline_no_synth_multi_seed kind=baseline config=configs/binary/rgb_real_msi_deeplabv3plus_resnet50.yaml split=test seed=44 attempt=1
2026-06-04T12:40:29Z [INFO] Submitted task 60 (binary_baseline_no_synth_multi_seed, baseline, configs/binary/rgb_real_msi_deeplabv3plus_resnet50.yaml, seed=44) as job 863582, attempt 1
2026-06-04T12:40:29Z [INFO] Job 863575 for task 53 has left the Slurm queue; validating output
2026-06-04T12:40:29Z [INFO] Task 53 completed successfully
2026-06-04T12:40:40Z [INFO] Submitting task 61 try 1/3: group=binary_baseline_no_synth_multi_seed kind=baseline config=configs/binary/rgb_real_msi_segformer_b0.yaml split=test seed=44 attempt=1
2026-06-04T12:40:40Z [INFO] Submitted task 61 (binary_baseline_no_synth_multi_seed, baseline, configs/binary/rgb_real_msi_segformer_b0.yaml, seed=44) as job 863583, attempt 1
2026-06-04T12:40:40Z [INFO] Job 863576 for task 54 has left the Slurm queue; validating output
2026-06-04T12:40:40Z [INFO] Task 54 completed successfully
2026-06-04T12:40:50Z [INFO] Submitting task 62 try 1/3: group=binary_baseline_no_synth_multi_seed kind=baseline config=configs/binary/rgb_real_msi_segformer_b1.yaml split=test seed=44 attempt=1
2026-06-04T12:40:50Z [INFO] Submitted task 62 (binary_baseline_no_synth_multi_seed, baseline, configs/binary/rgb_real_msi_segformer_b1.yaml, seed=44) as job 863584, attempt 1
2026-06-04T12:41:10Z [INFO] Job 863577 for task 55 has left the Slurm queue; validating output
2026-06-04T12:41:10Z [INFO] Task 55 completed successfully
2026-06-04T12:41:20Z [INFO] Submitting task 63 try 1/3: group=binary_baseline_no_synth_multi_seed kind=baseline config=configs/binary/rgb.yaml split=test seed=45 attempt=1
2026-06-04T12:41:21Z [INFO] Submitted task 63 (binary_baseline_no_synth_multi_seed, baseline, configs/binary/rgb.yaml, seed=45) as job 863585, attempt 1
2026-06-04T12:41:41Z [INFO] Job 863578 for task 56 has left the Slurm queue; validating output
2026-06-04T12:41:41Z [INFO] Task 56 completed successfully
2026-06-04T12:41:52Z [INFO] Submitting task 64 try 1/3: group=binary_baseline_no_synth_multi_seed kind=baseline config=configs/binary/rgb_unetpp_resnet34.yaml split=test seed=45 attempt=1
2026-06-04T12:41:52Z [INFO] Submitted task 64 (binary_baseline_no_synth_multi_seed, baseline, configs/binary/rgb_unetpp_resnet34.yaml, seed=45) as job 863586, attempt 1
2026-06-04T12:42:42Z [INFO] Job 863579 for task 57 has left the Slurm queue; validating output
2026-06-04T12:42:42Z [INFO] Task 57 completed successfully
2026-06-04T12:42:53Z [INFO] Submitting task 65 try 1/3: group=binary_baseline_no_synth_multi_seed kind=baseline config=configs/binary/rgb_unetpp_resnet50.yaml split=test seed=45 attempt=1
2026-06-04T12:42:53Z [INFO] Submitted task 65 (binary_baseline_no_synth_multi_seed, baseline, configs/binary/rgb_unetpp_resnet50.yaml, seed=45) as job 863587, attempt 1
2026-06-04T12:43:23Z [INFO] Job 863581 for task 59 has left the Slurm queue; validating output
2026-06-04T12:43:23Z [INFO] Task 59 completed successfully
2026-06-04T12:43:33Z [INFO] Submitting task 66 try 1/3: group=binary_baseline_no_synth_multi_seed kind=baseline config=configs/binary/rgb_deeplabv3plus_resnet34.yaml split=test seed=45 attempt=1
2026-06-04T12:43:33Z [INFO] Submitted task 66 (binary_baseline_no_synth_multi_seed, baseline, configs/binary/rgb_deeplabv3plus_resnet34.yaml, seed=45) as job 863588, attempt 1
2026-06-04T12:43:43Z [INFO] Job 863580 for task 58 has left the Slurm queue; validating output
2026-06-04T12:43:43Z [INFO] Task 58 completed successfully
2026-06-04T12:43:43Z [INFO] Job 863582 for task 60 has left the Slurm queue; validating output
2026-06-04T12:43:44Z [INFO] Task 60 completed successfully
2026-06-04T12:43:44Z [INFO] Job 863583 for task 61 has left the Slurm queue; validating output
2026-06-04T12:43:44Z [INFO] Task 61 completed successfully
2026-06-04T12:43:54Z [INFO] Submitting task 67 try 1/3: group=binary_baseline_no_synth_multi_seed kind=baseline config=configs/binary/rgb_deeplabv3plus_resnet50.yaml split=test seed=45 attempt=1
2026-06-04T12:43:54Z [INFO] Submitted task 67 (binary_baseline_no_synth_multi_seed, baseline, configs/binary/rgb_deeplabv3plus_resnet50.yaml, seed=45) as job 863589, attempt 1
2026-06-04T12:43:54Z [INFO] Submitting task 68 try 1/3: group=binary_baseline_no_synth_multi_seed kind=baseline config=configs/binary/rgb_segformer_b0.yaml split=test seed=45 attempt=1
2026-06-04T12:43:54Z [INFO] Submitted task 68 (binary_baseline_no_synth_multi_seed, baseline, configs/binary/rgb_segformer_b0.yaml, seed=45) as job 863590, attempt 1
2026-06-04T12:43:54Z [INFO] Submitting task 69 try 1/3: group=binary_baseline_no_synth_multi_seed kind=baseline config=configs/binary/rgb_segformer_b1.yaml split=test seed=45 attempt=1
2026-06-04T12:43:54Z [INFO] Submitted task 69 (binary_baseline_no_synth_multi_seed, baseline, configs/binary/rgb_segformer_b1.yaml, seed=45) as job 863591, attempt 1
2026-06-04T12:44:04Z [INFO] Job 863584 for task 62 has left the Slurm queue; validating output
2026-06-04T12:44:04Z [INFO] Task 62 completed successfully
2026-06-04T12:44:14Z [INFO] Submitting task 70 try 1/3: group=binary_baseline_no_synth_multi_seed kind=baseline config=configs/binary/real_msi.yaml split=test seed=45 attempt=1
2026-06-04T12:44:14Z [INFO] Submitted task 70 (binary_baseline_no_synth_multi_seed, baseline, configs/binary/real_msi.yaml, seed=45) as job 863592, attempt 1
2026-06-04T12:44:14Z [INFO] Job 863585 for task 63 has left the Slurm queue; validating output
2026-06-04T12:44:14Z [INFO] Task 63 completed successfully
2026-06-04T12:44:25Z [INFO] Submitting task 71 try 1/3: group=binary_baseline_no_synth_multi_seed kind=baseline config=configs/binary/real_msi_unetpp_resnet34.yaml split=test seed=45 attempt=1
2026-06-04T12:44:25Z [INFO] Submitted task 71 (binary_baseline_no_synth_multi_seed, baseline, configs/binary/real_msi_unetpp_resnet34.yaml, seed=45) as job 863593, attempt 1
2026-06-04T12:45:05Z [INFO] Job 863586 for task 64 has left the Slurm queue; validating output
2026-06-04T12:45:05Z [INFO] Task 64 completed successfully
2026-06-04T12:45:16Z [INFO] Submitting task 72 try 1/3: group=binary_baseline_no_synth_multi_seed kind=baseline config=configs/binary/real_msi_unetpp_resnet50.yaml split=test seed=45 attempt=1
2026-06-04T12:45:16Z [INFO] Submitted task 72 (binary_baseline_no_synth_multi_seed, baseline, configs/binary/real_msi_unetpp_resnet50.yaml, seed=45) as job 863600, attempt 1
2026-06-04T12:46:06Z [INFO] Job 863587 for task 65 has left the Slurm queue; validating output
2026-06-04T12:46:06Z [INFO] Task 65 completed successfully
2026-06-04T12:46:17Z [INFO] Submitting task 73 try 1/3: group=binary_baseline_no_synth_multi_seed kind=baseline config=configs/binary/real_msi_deeplabv3plus_resnet34.yaml split=test seed=45 attempt=1
2026-06-04T12:46:17Z [INFO] Submitted task 73 (binary_baseline_no_synth_multi_seed, baseline, configs/binary/real_msi_deeplabv3plus_resnet34.yaml, seed=45) as job 863602, attempt 1
2026-06-04T12:46:17Z [INFO] Job 863588 for task 66 has left the Slurm queue; validating output
2026-06-04T12:46:17Z [INFO] Task 66 completed successfully
2026-06-04T12:46:27Z [INFO] Submitting task 74 try 1/3: group=binary_baseline_no_synth_multi_seed kind=baseline config=configs/binary/real_msi_deeplabv3plus_resnet50.yaml split=test seed=45 attempt=1
2026-06-04T12:46:27Z [INFO] Submitted task 74 (binary_baseline_no_synth_multi_seed, baseline, configs/binary/real_msi_deeplabv3plus_resnet50.yaml, seed=45) as job 863603, attempt 1
2026-06-04T12:46:37Z [INFO] Job 863589 for task 67 has left the Slurm queue; validating output
2026-06-04T12:46:37Z [INFO] Task 67 completed successfully
2026-06-04T12:46:48Z [INFO] Submitting task 75 try 1/3: group=binary_baseline_no_synth_multi_seed kind=baseline config=configs/binary/real_msi_segformer_b0.yaml split=test seed=45 attempt=1
2026-06-04T12:46:48Z [INFO] Submitted task 75 (binary_baseline_no_synth_multi_seed, baseline, configs/binary/real_msi_segformer_b0.yaml, seed=45) as job 863604, attempt 1
2026-06-04T12:46:48Z [INFO] Job 863590 for task 68 has left the Slurm queue; validating output
2026-06-04T12:46:48Z [INFO] Task 68 completed successfully
2026-06-04T12:46:48Z [INFO] Job 863591 for task 69 has left the Slurm queue; validating output
2026-06-04T12:46:48Z [INFO] Task 69 completed successfully
2026-06-04T12:46:58Z [INFO] Submitting task 76 try 1/3: group=binary_baseline_no_synth_multi_seed kind=baseline config=configs/binary/real_msi_segformer_b1.yaml split=test seed=45 attempt=1
2026-06-04T12:46:58Z [INFO] Submitted task 76 (binary_baseline_no_synth_multi_seed, baseline, configs/binary/real_msi_segformer_b1.yaml, seed=45) as job 863605, attempt 1
2026-06-04T12:46:58Z [INFO] Submitting task 77 try 1/3: group=binary_baseline_no_synth_multi_seed kind=baseline config=configs/binary/rgb_real_msi.yaml split=test seed=45 attempt=1
2026-06-04T12:46:58Z [INFO] Submitted task 77 (binary_baseline_no_synth_multi_seed, baseline, configs/binary/rgb_real_msi.yaml, seed=45) as job 863606, attempt 1
2026-06-04T12:47:08Z [INFO] Job 863592 for task 70 has left the Slurm queue; validating output
2026-06-04T12:47:08Z [INFO] Task 70 completed successfully
2026-06-04T12:47:18Z [INFO] Submitting task 78 try 1/3: group=binary_baseline_no_synth_multi_seed kind=baseline config=configs/binary/rgb_real_msi_unetpp_resnet34.yaml split=test seed=45 attempt=1
2026-06-04T12:47:18Z [INFO] Submitted task 78 (binary_baseline_no_synth_multi_seed, baseline, configs/binary/rgb_real_msi_unetpp_resnet34.yaml, seed=45) as job 863607, attempt 1
2026-06-04T12:47:39Z [INFO] Job 863593 for task 71 has left the Slurm queue; validating output
2026-06-04T12:47:39Z [INFO] Task 71 completed successfully
2026-06-04T12:47:49Z [INFO] Submitting task 79 try 1/3: group=binary_baseline_no_synth_multi_seed kind=baseline config=configs/binary/rgb_real_msi_unetpp_resnet50.yaml split=test seed=45 attempt=1
2026-06-04T12:47:53Z [INFO] Submitted task 79 (binary_baseline_no_synth_multi_seed, baseline, configs/binary/rgb_real_msi_unetpp_resnet50.yaml, seed=45) as job 863608, attempt 1
2026-06-04T12:48:33Z [INFO] Job 863600 for task 72 has left the Slurm queue; validating output
2026-06-04T12:48:33Z [INFO] Task 72 completed successfully
2026-06-04T12:48:44Z [INFO] Submitting task 80 try 1/3: group=binary_baseline_no_synth_multi_seed kind=baseline config=configs/binary/rgb_real_msi_deeplabv3plus_resnet34.yaml split=test seed=45 attempt=1
2026-06-04T12:48:44Z [INFO] Submitted task 80 (binary_baseline_no_synth_multi_seed, baseline, configs/binary/rgb_real_msi_deeplabv3plus_resnet34.yaml, seed=45) as job 863609, attempt 1
2026-06-04T12:48:54Z [INFO] Job 863602 for task 73 has left the Slurm queue; validating output
2026-06-04T12:48:54Z [INFO] Task 73 completed successfully
2026-06-04T12:49:04Z [INFO] Submitting task 81 try 1/3: group=binary_baseline_no_synth_multi_seed kind=baseline config=configs/binary/rgb_real_msi_deeplabv3plus_resnet50.yaml split=test seed=45 attempt=1
2026-06-04T12:49:04Z [INFO] Submitted task 81 (binary_baseline_no_synth_multi_seed, baseline, configs/binary/rgb_real_msi_deeplabv3plus_resnet50.yaml, seed=45) as job 863610, attempt 1
2026-06-04T12:49:14Z [INFO] Job 863603 for task 74 has left the Slurm queue; validating output
2026-06-04T12:49:15Z [INFO] Task 74 completed successfully
2026-06-04T12:49:25Z [INFO] Submitting task 82 try 1/3: group=binary_baseline_no_synth_multi_seed kind=baseline config=configs/binary/rgb_real_msi_segformer_b0.yaml split=test seed=45 attempt=1
2026-06-04T12:49:25Z [INFO] Submitted task 82 (binary_baseline_no_synth_multi_seed, baseline, configs/binary/rgb_real_msi_segformer_b0.yaml, seed=45) as job 863611, attempt 1
2026-06-04T12:49:35Z [INFO] Job 863604 for task 75 has left the Slurm queue; validating output
2026-06-04T12:49:35Z [INFO] Task 75 completed successfully
2026-06-04T12:49:45Z [INFO] Submitting task 83 try 1/3: group=binary_baseline_no_synth_multi_seed kind=baseline config=configs/binary/rgb_real_msi_segformer_b1.yaml split=test seed=45 attempt=1
2026-06-04T12:49:45Z [INFO] Submitted task 83 (binary_baseline_no_synth_multi_seed, baseline, configs/binary/rgb_real_msi_segformer_b1.yaml, seed=45) as job 863612, attempt 1
2026-06-04T12:49:45Z [INFO] Job 863605 for task 76 has left the Slurm queue; validating output
2026-06-04T12:49:45Z [INFO] Task 76 completed successfully
2026-06-04T12:49:55Z [INFO] Submitting task 84 try 1/3: group=binary_baseline_no_synth_multi_seed kind=baseline config=configs/binary/rgb.yaml split=test seed=46 attempt=1
2026-06-04T12:49:56Z [INFO] Submitted task 84 (binary_baseline_no_synth_multi_seed, baseline, configs/binary/rgb.yaml, seed=46) as job 863613, attempt 1
2026-06-04T12:50:16Z [INFO] Job 863606 for task 77 has left the Slurm queue; validating output
2026-06-04T12:50:16Z [INFO] Task 77 completed successfully
2026-06-04T12:50:26Z [INFO] Submitting task 85 try 1/3: group=binary_baseline_no_synth_multi_seed kind=baseline config=configs/binary/rgb_unetpp_resnet34.yaml split=test seed=46 attempt=1
2026-06-04T12:50:26Z [INFO] Submitted task 85 (binary_baseline_no_synth_multi_seed, baseline, configs/binary/rgb_unetpp_resnet34.yaml, seed=46) as job 863614, attempt 1
2026-06-04T12:50:57Z [INFO] Job 863607 for task 78 has left the Slurm queue; validating output
2026-06-04T12:50:57Z [INFO] Task 78 completed successfully
2026-06-04T12:51:07Z [INFO] Submitting task 86 try 1/3: group=binary_baseline_no_synth_multi_seed kind=baseline config=configs/binary/rgb_unetpp_resnet50.yaml split=test seed=46 attempt=1
2026-06-04T12:51:07Z [INFO] Submitted task 86 (binary_baseline_no_synth_multi_seed, baseline, configs/binary/rgb_unetpp_resnet50.yaml, seed=46) as job 863615, attempt 1
2026-06-04T12:51:27Z [INFO] Job 863608 for task 79 has left the Slurm queue; validating output
2026-06-04T12:51:27Z [INFO] Task 79 completed successfully
2026-06-04T12:51:37Z [INFO] Submitting task 87 try 1/3: group=binary_baseline_no_synth_multi_seed kind=baseline config=configs/binary/rgb_deeplabv3plus_resnet34.yaml split=test seed=46 attempt=1
2026-06-04T12:51:37Z [INFO] Submitted task 87 (binary_baseline_no_synth_multi_seed, baseline, configs/binary/rgb_deeplabv3plus_resnet34.yaml, seed=46) as job 863616, attempt 1
2026-06-04T12:51:48Z [INFO] Job 863609 for task 80 has left the Slurm queue; validating output
2026-06-04T12:51:48Z [INFO] Task 80 completed successfully
2026-06-04T12:51:58Z [INFO] Submitting task 88 try 1/3: group=binary_baseline_no_synth_multi_seed kind=baseline config=configs/binary/rgb_deeplabv3plus_resnet50.yaml split=test seed=46 attempt=1
2026-06-04T12:51:58Z [INFO] Submitted task 88 (binary_baseline_no_synth_multi_seed, baseline, configs/binary/rgb_deeplabv3plus_resnet50.yaml, seed=46) as job 863617, attempt 1
2026-06-04T12:52:18Z [INFO] Job 863610 for task 81 has left the Slurm queue; validating output
2026-06-04T12:52:18Z [INFO] Task 81 completed successfully
2026-06-04T12:52:29Z [INFO] Submitting task 89 try 1/3: group=binary_baseline_no_synth_multi_seed kind=baseline config=configs/binary/rgb_segformer_b0.yaml split=test seed=46 attempt=1
2026-06-04T12:52:29Z [INFO] Submitted task 89 (binary_baseline_no_synth_multi_seed, baseline, configs/binary/rgb_segformer_b0.yaml, seed=46) as job 863618, attempt 1
2026-06-04T12:52:49Z [INFO] Job 863611 for task 82 has left the Slurm queue; validating output
2026-06-04T12:52:49Z [INFO] Task 82 completed successfully
2026-06-04T12:52:49Z [INFO] Job 863613 for task 84 has left the Slurm queue; validating output
2026-06-04T12:52:49Z [INFO] Task 84 completed successfully
2026-06-04T12:52:59Z [INFO] Submitting task 90 try 1/3: group=binary_baseline_no_synth_multi_seed kind=baseline config=configs/binary/rgb_segformer_b1.yaml split=test seed=46 attempt=1
2026-06-04T12:52:59Z [INFO] Submitted task 90 (binary_baseline_no_synth_multi_seed, baseline, configs/binary/rgb_segformer_b1.yaml, seed=46) as job 863620, attempt 1
2026-06-04T12:52:59Z [INFO] Submitting task 91 try 1/3: group=binary_baseline_no_synth_multi_seed kind=baseline config=configs/binary/real_msi.yaml split=test seed=46 attempt=1
2026-06-04T12:52:59Z [INFO] Submitted task 91 (binary_baseline_no_synth_multi_seed, baseline, configs/binary/real_msi.yaml, seed=46) as job 863621, attempt 1
2026-06-04T12:52:59Z [INFO] Job 863612 for task 83 has left the Slurm queue; validating output
2026-06-04T12:52:59Z [INFO] Task 83 completed successfully
2026-06-04T12:53:09Z [INFO] Submitting task 92 try 1/3: group=binary_baseline_no_synth_multi_seed kind=baseline config=configs/binary/real_msi_unetpp_resnet34.yaml split=test seed=46 attempt=1
2026-06-04T12:53:09Z [INFO] Submitted task 92 (binary_baseline_no_synth_multi_seed, baseline, configs/binary/real_msi_unetpp_resnet34.yaml, seed=46) as job 863622, attempt 1
2026-06-04T12:53:40Z [INFO] Job 863614 for task 85 has left the Slurm queue; validating output
2026-06-04T12:53:40Z [INFO] Task 85 completed successfully
2026-06-04T12:53:50Z [INFO] Submitting task 93 try 1/3: group=binary_baseline_no_synth_multi_seed kind=baseline config=configs/binary/real_msi_unetpp_resnet50.yaml split=test seed=46 attempt=1
2026-06-04T12:53:50Z [INFO] Submitted task 93 (binary_baseline_no_synth_multi_seed, baseline, configs/binary/real_msi_unetpp_resnet50.yaml, seed=46) as job 863623, attempt 1
2026-06-04T12:54:11Z [INFO] Job 863616 for task 87 has left the Slurm queue; validating output
2026-06-04T12:54:11Z [INFO] Task 87 completed successfully
2026-06-04T12:54:21Z [INFO] Submitting task 94 try 1/3: group=binary_baseline_no_synth_multi_seed kind=baseline config=configs/binary/real_msi_deeplabv3plus_resnet34.yaml split=test seed=46 attempt=1
2026-06-04T12:54:21Z [INFO] Submitted task 94 (binary_baseline_no_synth_multi_seed, baseline, configs/binary/real_msi_deeplabv3plus_resnet34.yaml, seed=46) as job 863624, attempt 1
2026-06-04T12:54:41Z [INFO] Job 863615 for task 86 has left the Slurm queue; validating output
2026-06-04T12:54:41Z [INFO] Task 86 completed successfully
2026-06-04T12:54:41Z [INFO] Job 863617 for task 88 has left the Slurm queue; validating output
2026-06-04T12:54:41Z [INFO] Task 88 completed successfully
2026-06-04T12:54:51Z [INFO] Submitting task 95 try 1/3: group=binary_baseline_no_synth_multi_seed kind=baseline config=configs/binary/real_msi_deeplabv3plus_resnet50.yaml split=test seed=46 attempt=1
2026-06-04T12:54:51Z [INFO] Submitted task 95 (binary_baseline_no_synth_multi_seed, baseline, configs/binary/real_msi_deeplabv3plus_resnet50.yaml, seed=46) as job 863625, attempt 1
2026-06-04T12:54:51Z [INFO] Submitting task 96 try 1/3: group=binary_baseline_no_synth_multi_seed kind=baseline config=configs/binary/real_msi_segformer_b0.yaml split=test seed=46 attempt=1
2026-06-04T12:54:51Z [INFO] Submitted task 96 (binary_baseline_no_synth_multi_seed, baseline, configs/binary/real_msi_segformer_b0.yaml, seed=46) as job 863626, attempt 1
2026-06-04T12:55:22Z [INFO] Job 863618 for task 89 has left the Slurm queue; validating output
2026-06-04T12:55:22Z [INFO] Task 89 completed successfully
2026-06-04T12:55:32Z [INFO] Submitting task 97 try 1/3: group=binary_baseline_no_synth_multi_seed kind=baseline config=configs/binary/real_msi_segformer_b1.yaml split=test seed=46 attempt=1
2026-06-04T12:55:32Z [INFO] Submitted task 97 (binary_baseline_no_synth_multi_seed, baseline, configs/binary/real_msi_segformer_b1.yaml, seed=46) as job 863628, attempt 1
2026-06-04T12:55:53Z [INFO] Job 863620 for task 90 has left the Slurm queue; validating output
2026-06-04T12:55:53Z [INFO] Task 90 completed successfully
2026-06-04T12:55:53Z [INFO] Job 863621 for task 91 has left the Slurm queue; validating output
2026-06-04T12:55:53Z [INFO] Task 91 completed successfully
2026-06-04T12:56:03Z [INFO] Submitting task 98 try 1/3: group=binary_baseline_no_synth_multi_seed kind=baseline config=configs/binary/rgb_real_msi.yaml split=test seed=46 attempt=1
2026-06-04T12:56:03Z [INFO] Submitted task 98 (binary_baseline_no_synth_multi_seed, baseline, configs/binary/rgb_real_msi.yaml, seed=46) as job 863629, attempt 1
2026-06-04T12:56:03Z [INFO] Submitting task 99 try 1/3: group=binary_baseline_no_synth_multi_seed kind=baseline config=configs/binary/rgb_real_msi_unetpp_resnet34.yaml split=test seed=46 attempt=1
2026-06-04T12:56:03Z [INFO] Submitted task 99 (binary_baseline_no_synth_multi_seed, baseline, configs/binary/rgb_real_msi_unetpp_resnet34.yaml, seed=46) as job 863630, attempt 1
2026-06-04T12:56:14Z [INFO] Job 863622 for task 92 has left the Slurm queue; validating output
2026-06-04T12:56:14Z [INFO] Task 92 completed successfully
2026-06-04T12:56:24Z [INFO] Submitting task 100 try 1/3: group=binary_baseline_no_synth_multi_seed kind=baseline config=configs/binary/rgb_real_msi_unetpp_resnet50.yaml split=test seed=46 attempt=1
2026-06-04T12:56:24Z [INFO] Submitted task 100 (binary_baseline_no_synth_multi_seed, baseline, configs/binary/rgb_real_msi_unetpp_resnet50.yaml, seed=46) as job 863631, attempt 1
2026-06-04T12:56:55Z [INFO] Job 863624 for task 94 has left the Slurm queue; validating output
2026-06-04T12:56:55Z [INFO] Task 94 completed successfully
2026-06-04T12:57:05Z [INFO] Submitting task 101 try 1/3: group=binary_baseline_no_synth_multi_seed kind=baseline config=configs/binary/rgb_real_msi_deeplabv3plus_resnet34.yaml split=test seed=46 attempt=1
2026-06-04T12:57:05Z [INFO] Submitted task 101 (binary_baseline_no_synth_multi_seed, baseline, configs/binary/rgb_real_msi_deeplabv3plus_resnet34.yaml, seed=46) as job 863632, attempt 1
2026-06-04T12:57:16Z [INFO] Job 863623 for task 93 has left the Slurm queue; validating output
2026-06-04T12:57:16Z [INFO] Task 93 completed successfully
2026-06-04T12:57:26Z [INFO] Submitting task 102 try 1/3: group=binary_baseline_no_synth_multi_seed kind=baseline config=configs/binary/rgb_real_msi_deeplabv3plus_resnet50.yaml split=test seed=46 attempt=1
2026-06-04T12:57:26Z [INFO] Submitted task 102 (binary_baseline_no_synth_multi_seed, baseline, configs/binary/rgb_real_msi_deeplabv3plus_resnet50.yaml, seed=46) as job 863633, attempt 1
2026-06-04T12:57:36Z [INFO] Job 863625 for task 95 has left the Slurm queue; validating output
2026-06-04T12:57:36Z [INFO] Task 95 completed successfully
2026-06-04T12:57:36Z [INFO] Job 863626 for task 96 has left the Slurm queue; validating output
2026-06-04T12:57:36Z [INFO] Task 96 completed successfully
2026-06-04T12:57:46Z [INFO] Submitting task 103 try 1/3: group=binary_baseline_no_synth_multi_seed kind=baseline config=configs/binary/rgb_real_msi_segformer_b0.yaml split=test seed=46 attempt=1
2026-06-04T12:57:46Z [INFO] Submitted task 103 (binary_baseline_no_synth_multi_seed, baseline, configs/binary/rgb_real_msi_segformer_b0.yaml, seed=46) as job 863634, attempt 1
2026-06-04T12:57:46Z [INFO] Submitting task 104 try 1/3: group=binary_baseline_no_synth_multi_seed kind=baseline config=configs/binary/rgb_real_msi_segformer_b1.yaml split=test seed=46 attempt=1
2026-06-04T12:57:46Z [INFO] Submitted task 104 (binary_baseline_no_synth_multi_seed, baseline, configs/binary/rgb_real_msi_segformer_b1.yaml, seed=46) as job 863635, attempt 1
2026-06-04T12:58:27Z [INFO] Job 863628 for task 97 has left the Slurm queue; validating output
2026-06-04T12:58:27Z [INFO] Task 97 completed successfully
2026-06-04T12:58:37Z [INFO] Submitting task 105 try 1/3: group=binary_baseline_no_synth_multi_seed kind=baseline config=configs/binary/rgb.yaml split=test seed=47 attempt=1
2026-06-04T12:58:38Z [INFO] Submitted task 105 (binary_baseline_no_synth_multi_seed, baseline, configs/binary/rgb.yaml, seed=47) as job 863636, attempt 1
2026-06-04T12:59:18Z [INFO] Job 863629 for task 98 has left the Slurm queue; validating output
2026-06-04T12:59:19Z [INFO] Task 98 completed successfully
2026-06-04T12:59:29Z [INFO] Submitting task 106 try 1/3: group=binary_baseline_no_synth_multi_seed kind=baseline config=configs/binary/rgb_unetpp_resnet34.yaml split=test seed=47 attempt=1
2026-06-04T12:59:29Z [INFO] Submitted task 106 (binary_baseline_no_synth_multi_seed, baseline, configs/binary/rgb_unetpp_resnet34.yaml, seed=47) as job 863637, attempt 1
2026-06-04T12:59:39Z [INFO] Job 863630 for task 99 has left the Slurm queue; validating output
2026-06-04T12:59:39Z [INFO] Task 99 completed successfully
2026-06-04T12:59:49Z [INFO] Submitting task 107 try 1/3: group=binary_baseline_no_synth_multi_seed kind=baseline config=configs/binary/rgb_unetpp_resnet50.yaml split=test seed=47 attempt=1
2026-06-04T12:59:49Z [INFO] Submitted task 107 (binary_baseline_no_synth_multi_seed, baseline, configs/binary/rgb_unetpp_resnet50.yaml, seed=47) as job 863638, attempt 1
2026-06-04T13:00:10Z [INFO] Job 863632 for task 101 has left the Slurm queue; validating output
2026-06-04T13:00:10Z [INFO] Task 101 completed successfully
2026-06-04T13:00:20Z [INFO] Submitting task 108 try 1/3: group=binary_baseline_no_synth_multi_seed kind=baseline config=configs/binary/rgb_deeplabv3plus_resnet34.yaml split=test seed=47 attempt=1
2026-06-04T13:00:20Z [INFO] Submitted task 108 (binary_baseline_no_synth_multi_seed, baseline, configs/binary/rgb_deeplabv3plus_resnet34.yaml, seed=47) as job 863645, attempt 1
2026-06-04T13:00:30Z [INFO] Job 863631 for task 100 has left the Slurm queue; validating output
2026-06-04T13:00:30Z [INFO] Task 100 completed successfully
2026-06-04T13:00:41Z [INFO] Submitting task 109 try 1/3: group=binary_baseline_no_synth_multi_seed kind=baseline config=configs/binary/rgb_deeplabv3plus_resnet50.yaml split=test seed=47 attempt=1
2026-06-04T13:00:41Z [INFO] Submitted task 109 (binary_baseline_no_synth_multi_seed, baseline, configs/binary/rgb_deeplabv3plus_resnet50.yaml, seed=47) as job 863646, attempt 1
2026-06-04T13:00:41Z [INFO] Job 863633 for task 102 has left the Slurm queue; validating output
2026-06-04T13:00:41Z [INFO] Task 102 completed successfully
2026-06-04T13:00:51Z [INFO] Submitting task 110 try 1/3: group=binary_baseline_no_synth_multi_seed kind=baseline config=configs/binary/rgb_segformer_b0.yaml split=test seed=47 attempt=1
2026-06-04T13:00:51Z [INFO] Submitted task 110 (binary_baseline_no_synth_multi_seed, baseline, configs/binary/rgb_segformer_b0.yaml, seed=47) as job 863647, attempt 1
2026-06-04T13:01:01Z [INFO] Job 863634 for task 103 has left the Slurm queue; validating output
2026-06-04T13:01:02Z [INFO] Task 103 completed successfully
2026-06-04T13:01:02Z [INFO] Job 863635 for task 104 has left the Slurm queue; validating output
2026-06-04T13:01:02Z [INFO] Task 104 completed successfully
2026-06-04T13:01:12Z [INFO] Submitting task 111 try 1/3: group=binary_baseline_no_synth_multi_seed kind=baseline config=configs/binary/rgb_segformer_b1.yaml split=test seed=47 attempt=1
2026-06-04T13:01:12Z [INFO] Submitted task 111 (binary_baseline_no_synth_multi_seed, baseline, configs/binary/rgb_segformer_b1.yaml, seed=47) as job 863648, attempt 1
2026-06-04T13:01:12Z [INFO] Submitting task 112 try 1/3: group=binary_baseline_no_synth_multi_seed kind=baseline config=configs/binary/real_msi.yaml split=test seed=47 attempt=1
2026-06-04T13:01:12Z [INFO] Submitted task 112 (binary_baseline_no_synth_multi_seed, baseline, configs/binary/real_msi.yaml, seed=47) as job 863649, attempt 1
2026-06-04T13:01:42Z [INFO] Job 863636 for task 105 has left the Slurm queue; validating output
2026-06-04T13:01:43Z [INFO] Task 105 completed successfully
2026-06-04T13:01:53Z [INFO] Submitting task 113 try 1/3: group=binary_baseline_no_synth_multi_seed kind=baseline config=configs/binary/real_msi_unetpp_resnet34.yaml split=test seed=47 attempt=1
2026-06-04T13:01:53Z [INFO] Submitted task 113 (binary_baseline_no_synth_multi_seed, baseline, configs/binary/real_msi_unetpp_resnet34.yaml, seed=47) as job 863650, attempt 1
2026-06-04T13:02:33Z [INFO] Job 863637 for task 106 has left the Slurm queue; validating output
2026-06-04T13:02:33Z [INFO] Task 106 completed successfully
2026-06-04T13:02:44Z [INFO] Submitting task 114 try 1/3: group=binary_baseline_no_synth_multi_seed kind=baseline config=configs/binary/real_msi_unetpp_resnet50.yaml split=test seed=47 attempt=1
2026-06-04T13:02:44Z [INFO] Submitted task 114 (binary_baseline_no_synth_multi_seed, baseline, configs/binary/real_msi_unetpp_resnet50.yaml, seed=47) as job 863651, attempt 1
2026-06-04T13:03:04Z [INFO] Job 863638 for task 107 has left the Slurm queue; validating output
2026-06-04T13:03:04Z [INFO] Task 107 completed successfully
2026-06-04T13:03:04Z [INFO] Job 863645 for task 108 has left the Slurm queue; validating output
2026-06-04T13:03:05Z [INFO] Task 108 completed successfully
2026-06-04T13:03:15Z [INFO] Submitting task 115 try 1/3: group=binary_baseline_no_synth_multi_seed kind=baseline config=configs/binary/real_msi_deeplabv3plus_resnet34.yaml split=test seed=47 attempt=1
2026-06-04T13:03:15Z [INFO] Submitted task 115 (binary_baseline_no_synth_multi_seed, baseline, configs/binary/real_msi_deeplabv3plus_resnet34.yaml, seed=47) as job 863652, attempt 1
2026-06-04T13:03:15Z [INFO] Submitting task 116 try 1/3: group=binary_baseline_no_synth_multi_seed kind=baseline config=configs/binary/real_msi_deeplabv3plus_resnet50.yaml split=test seed=47 attempt=1
2026-06-04T13:03:15Z [INFO] Submitted task 116 (binary_baseline_no_synth_multi_seed, baseline, configs/binary/real_msi_deeplabv3plus_resnet50.yaml, seed=47) as job 863653, attempt 1
2026-06-04T13:03:25Z [INFO] Job 863646 for task 109 has left the Slurm queue; validating output
2026-06-04T13:03:26Z [INFO] Task 109 completed successfully
2026-06-04T13:03:36Z [INFO] Submitting task 117 try 1/3: group=binary_baseline_no_synth_multi_seed kind=baseline config=configs/binary/real_msi_segformer_b0.yaml split=test seed=47 attempt=1
2026-06-04T13:03:36Z [INFO] Submitted task 117 (binary_baseline_no_synth_multi_seed, baseline, configs/binary/real_msi_segformer_b0.yaml, seed=47) as job 863654, attempt 1
2026-06-04T13:03:46Z [INFO] Job 863647 for task 110 has left the Slurm queue; validating output
2026-06-04T13:03:47Z [INFO] Task 110 completed successfully
2026-06-04T13:03:57Z [INFO] Submitting task 118 try 1/3: group=binary_baseline_no_synth_multi_seed kind=baseline config=configs/binary/real_msi_segformer_b1.yaml split=test seed=47 attempt=1
2026-06-04T13:03:57Z [INFO] Submitted task 118 (binary_baseline_no_synth_multi_seed, baseline, configs/binary/real_msi_segformer_b1.yaml, seed=47) as job 863655, attempt 1
2026-06-04T13:03:57Z [INFO] Job 863648 for task 111 has left the Slurm queue; validating output
2026-06-04T13:03:57Z [INFO] Task 111 completed successfully
2026-06-04T13:04:08Z [INFO] Submitting task 119 try 1/3: group=binary_baseline_no_synth_multi_seed kind=baseline config=configs/binary/rgb_real_msi.yaml split=test seed=47 attempt=1
2026-06-04T13:04:08Z [INFO] Submitted task 119 (binary_baseline_no_synth_multi_seed, baseline, configs/binary/rgb_real_msi.yaml, seed=47) as job 863656, attempt 1
2026-06-04T13:04:18Z [INFO] Job 863649 for task 112 has left the Slurm queue; validating output
2026-06-04T13:04:18Z [INFO] Task 112 completed successfully
2026-06-04T13:04:28Z [INFO] Submitting task 120 try 1/3: group=binary_baseline_no_synth_multi_seed kind=baseline config=configs/binary/rgb_real_msi_unetpp_resnet34.yaml split=test seed=47 attempt=1
2026-06-04T13:04:28Z [INFO] Submitted task 120 (binary_baseline_no_synth_multi_seed, baseline, configs/binary/rgb_real_msi_unetpp_resnet34.yaml, seed=47) as job 863657, attempt 1
2026-06-04T13:04:48Z [INFO] Job 863650 for task 113 has left the Slurm queue; validating output
2026-06-04T13:04:48Z [INFO] Task 113 completed successfully
2026-06-04T13:04:59Z [INFO] Submitting task 121 try 1/3: group=binary_baseline_no_synth_multi_seed kind=baseline config=configs/binary/rgb_real_msi_unetpp_resnet50.yaml split=test seed=47 attempt=1
2026-06-04T13:04:59Z [INFO] Submitted task 121 (binary_baseline_no_synth_multi_seed, baseline, configs/binary/rgb_real_msi_unetpp_resnet50.yaml, seed=47) as job 863658, attempt 1
2026-06-04T13:05:50Z [INFO] Job 863652 for task 115 has left the Slurm queue; validating output
2026-06-04T13:05:50Z [INFO] Task 115 completed successfully
2026-06-04T13:06:00Z [INFO] Submitting task 122 try 1/3: group=binary_baseline_no_synth_multi_seed kind=baseline config=configs/binary/rgb_real_msi_deeplabv3plus_resnet34.yaml split=test seed=47 attempt=1
2026-06-04T13:06:00Z [INFO] Submitted task 122 (binary_baseline_no_synth_multi_seed, baseline, configs/binary/rgb_real_msi_deeplabv3plus_resnet34.yaml, seed=47) as job 863660, attempt 1
2026-06-04T13:06:00Z [INFO] Job 863651 for task 114 has left the Slurm queue; validating output
2026-06-04T13:06:00Z [INFO] Task 114 completed successfully
2026-06-04T13:06:00Z [INFO] Job 863653 for task 116 has left the Slurm queue; validating output
2026-06-04T13:06:01Z [INFO] Task 116 completed successfully
2026-06-04T13:06:11Z [INFO] Submitting task 123 try 1/3: group=binary_baseline_no_synth_multi_seed kind=baseline config=configs/binary/rgb_real_msi_deeplabv3plus_resnet50.yaml split=test seed=47 attempt=1
2026-06-04T13:06:11Z [INFO] Submitted task 123 (binary_baseline_no_synth_multi_seed, baseline, configs/binary/rgb_real_msi_deeplabv3plus_resnet50.yaml, seed=47) as job 863661, attempt 1
2026-06-04T13:06:11Z [INFO] Submitting task 124 try 1/3: group=binary_baseline_no_synth_multi_seed kind=baseline config=configs/binary/rgb_real_msi_segformer_b0.yaml split=test seed=47 attempt=1
2026-06-04T13:06:11Z [INFO] Submitted task 124 (binary_baseline_no_synth_multi_seed, baseline, configs/binary/rgb_real_msi_segformer_b0.yaml, seed=47) as job 863662, attempt 1
2026-06-04T13:06:21Z [INFO] Job 863654 for task 117 has left the Slurm queue; validating output
2026-06-04T13:06:21Z [INFO] Task 117 completed successfully
2026-06-04T13:06:31Z [INFO] Submitting task 125 try 1/3: group=binary_baseline_no_synth_multi_seed kind=baseline config=configs/binary/rgb_real_msi_segformer_b1.yaml split=test seed=47 attempt=1
2026-06-04T13:06:31Z [INFO] Submitted task 125 (binary_baseline_no_synth_multi_seed, baseline, configs/binary/rgb_real_msi_segformer_b1.yaml, seed=47) as job 863663, attempt 1
2026-06-04T13:06:52Z [INFO] Job 863655 for task 118 has left the Slurm queue; validating output
2026-06-04T13:06:52Z [INFO] Task 118 completed successfully
2026-06-04T13:07:02Z [INFO] Submitting task 126 try 1/3: group=binary_baseline_no_synth_multi_seed kind=baseline config=configs/binary/rgb.yaml split=test seed=48 attempt=1
2026-06-04T13:07:02Z [INFO] Submitted task 126 (binary_baseline_no_synth_multi_seed, baseline, configs/binary/rgb.yaml, seed=48) as job 863664, attempt 1
2026-06-04T13:07:33Z [INFO] Job 863656 for task 119 has left the Slurm queue; validating output
2026-06-04T13:07:33Z [INFO] Task 119 completed successfully
2026-06-04T13:07:44Z [INFO] Submitting task 127 try 1/3: group=binary_baseline_no_synth_multi_seed kind=baseline config=configs/binary/rgb_unetpp_resnet34.yaml split=test seed=48 attempt=1
2026-06-04T13:07:44Z [INFO] Submitted task 127 (binary_baseline_no_synth_multi_seed, baseline, configs/binary/rgb_unetpp_resnet34.yaml, seed=48) as job 863665, attempt 1
2026-06-04T13:08:04Z [INFO] Job 863657 for task 120 has left the Slurm queue; validating output
2026-06-04T13:08:04Z [INFO] Task 120 completed successfully
2026-06-04T13:08:14Z [INFO] Submitting task 128 try 1/3: group=binary_baseline_no_synth_multi_seed kind=baseline config=configs/binary/rgb_unetpp_resnet50.yaml split=test seed=48 attempt=1
2026-06-04T13:08:14Z [INFO] Submitted task 128 (binary_baseline_no_synth_multi_seed, baseline, configs/binary/rgb_unetpp_resnet50.yaml, seed=48) as job 863666, attempt 1
2026-06-04T13:08:45Z [INFO] Job 863658 for task 121 has left the Slurm queue; validating output
2026-06-04T13:08:45Z [INFO] Task 121 completed successfully
2026-06-04T13:08:55Z [INFO] Submitting task 129 try 1/3: group=binary_baseline_no_synth_multi_seed kind=baseline config=configs/binary/rgb_deeplabv3plus_resnet34.yaml split=test seed=48 attempt=1
2026-06-04T13:08:55Z [INFO] Submitted task 129 (binary_baseline_no_synth_multi_seed, baseline, configs/binary/rgb_deeplabv3plus_resnet34.yaml, seed=48) as job 863667, attempt 1
2026-06-04T13:09:15Z [INFO] Job 863660 for task 122 has left the Slurm queue; validating output
2026-06-04T13:09:16Z [INFO] Task 122 completed successfully
2026-06-04T13:09:16Z [INFO] Job 863661 for task 123 has left the Slurm queue; validating output
2026-06-04T13:09:16Z [INFO] Task 123 completed successfully
2026-06-04T13:09:26Z [INFO] Submitting task 130 try 1/3: group=binary_baseline_no_synth_multi_seed kind=baseline config=configs/binary/rgb_deeplabv3plus_resnet50.yaml split=test seed=48 attempt=1
2026-06-04T13:09:26Z [INFO] Submitted task 130 (binary_baseline_no_synth_multi_seed, baseline, configs/binary/rgb_deeplabv3plus_resnet50.yaml, seed=48) as job 863668, attempt 1
2026-06-04T13:09:26Z [INFO] Submitting task 131 try 1/3: group=binary_baseline_no_synth_multi_seed kind=baseline config=configs/binary/rgb_segformer_b0.yaml split=test seed=48 attempt=1
2026-06-04T13:09:26Z [INFO] Submitted task 131 (binary_baseline_no_synth_multi_seed, baseline, configs/binary/rgb_segformer_b0.yaml, seed=48) as job 863669, attempt 1
2026-06-04T13:09:26Z [INFO] Job 863662 for task 124 has left the Slurm queue; validating output
2026-06-04T13:09:26Z [INFO] Task 124 completed successfully
2026-06-04T13:09:36Z [INFO] Submitting task 132 try 1/3: group=binary_baseline_no_synth_multi_seed kind=baseline config=configs/binary/rgb_segformer_b1.yaml split=test seed=48 attempt=1
2026-06-04T13:09:37Z [INFO] Submitted task 132 (binary_baseline_no_synth_multi_seed, baseline, configs/binary/rgb_segformer_b1.yaml, seed=48) as job 863670, attempt 1
2026-06-04T13:09:47Z [INFO] Job 863663 for task 125 has left the Slurm queue; validating output
2026-06-04T13:09:47Z [INFO] Task 125 completed successfully
2026-06-04T13:09:47Z [INFO] Job 863664 for task 126 has left the Slurm queue; validating output
2026-06-04T13:09:47Z [INFO] Task 126 completed successfully
2026-06-04T13:09:57Z [INFO] Submitting task 133 try 1/3: group=binary_baseline_no_synth_multi_seed kind=baseline config=configs/binary/real_msi.yaml split=test seed=48 attempt=1
2026-06-04T13:09:57Z [INFO] Submitted task 133 (binary_baseline_no_synth_multi_seed, baseline, configs/binary/real_msi.yaml, seed=48) as job 863671, attempt 1
2026-06-04T13:09:57Z [INFO] Submitting task 134 try 1/3: group=binary_baseline_no_synth_multi_seed kind=baseline config=configs/binary/real_msi_unetpp_resnet34.yaml split=test seed=48 attempt=1
2026-06-04T13:09:57Z [INFO] Submitted task 134 (binary_baseline_no_synth_multi_seed, baseline, configs/binary/real_msi_unetpp_resnet34.yaml, seed=48) as job 863672, attempt 1
2026-06-04T13:10:58Z [INFO] Job 863665 for task 127 has left the Slurm queue; validating output
2026-06-04T13:10:59Z [INFO] Task 127 completed successfully
2026-06-04T13:11:09Z [INFO] Submitting task 135 try 1/3: group=binary_baseline_no_synth_multi_seed kind=baseline config=configs/binary/real_msi_unetpp_resnet50.yaml split=test seed=48 attempt=1
2026-06-04T13:11:09Z [INFO] Submitted task 135 (binary_baseline_no_synth_multi_seed, baseline, configs/binary/real_msi_unetpp_resnet50.yaml, seed=48) as job 863673, attempt 1
2026-06-04T13:11:39Z [INFO] Job 863666 for task 128 has left the Slurm queue; validating output
2026-06-04T13:11:40Z [INFO] Task 128 completed successfully
2026-06-04T13:11:40Z [INFO] Job 863667 for task 129 has left the Slurm queue; validating output
2026-06-04T13:11:40Z [INFO] Task 129 completed successfully
2026-06-04T13:11:50Z [INFO] Submitting task 136 try 1/3: group=binary_baseline_no_synth_multi_seed kind=baseline config=configs/binary/real_msi_deeplabv3plus_resnet34.yaml split=test seed=48 attempt=1
2026-06-04T13:11:50Z [INFO] Submitted task 136 (binary_baseline_no_synth_multi_seed, baseline, configs/binary/real_msi_deeplabv3plus_resnet34.yaml, seed=48) as job 863675, attempt 1
2026-06-04T13:11:50Z [INFO] Submitting task 137 try 1/3: group=binary_baseline_no_synth_multi_seed kind=baseline config=configs/binary/real_msi_deeplabv3plus_resnet50.yaml split=test seed=48 attempt=1
2026-06-04T13:11:50Z [INFO] Submitted task 137 (binary_baseline_no_synth_multi_seed, baseline, configs/binary/real_msi_deeplabv3plus_resnet50.yaml, seed=48) as job 863676, attempt 1
2026-06-04T13:12:10Z [INFO] Job 863669 for task 131 has left the Slurm queue; validating output
2026-06-04T13:12:11Z [INFO] Task 131 completed successfully
2026-06-04T13:12:21Z [INFO] Submitting task 138 try 1/3: group=binary_baseline_no_synth_multi_seed kind=baseline config=configs/binary/real_msi_segformer_b0.yaml split=test seed=48 attempt=1
2026-06-04T13:12:21Z [INFO] Submitted task 138 (binary_baseline_no_synth_multi_seed, baseline, configs/binary/real_msi_segformer_b0.yaml, seed=48) as job 863677, attempt 1
2026-06-04T13:12:31Z [INFO] Job 863670 for task 132 has left the Slurm queue; validating output
2026-06-04T13:12:31Z [INFO] Task 132 completed successfully
2026-06-04T13:12:41Z [INFO] Submitting task 139 try 1/3: group=binary_baseline_no_synth_multi_seed kind=baseline config=configs/binary/real_msi_segformer_b1.yaml split=test seed=48 attempt=1
2026-06-04T13:12:41Z [INFO] Submitted task 139 (binary_baseline_no_synth_multi_seed, baseline, configs/binary/real_msi_segformer_b1.yaml, seed=48) as job 863678, attempt 1
2026-06-04T13:12:41Z [INFO] Job 863668 for task 130 has left the Slurm queue; validating output
2026-06-04T13:12:41Z [INFO] Task 130 completed successfully
2026-06-04T13:12:41Z [INFO] Job 863671 for task 133 has left the Slurm queue; validating output
2026-06-04T13:12:41Z [INFO] Task 133 completed successfully
2026-06-04T13:12:51Z [INFO] Submitting task 140 try 1/3: group=binary_baseline_no_synth_multi_seed kind=baseline config=configs/binary/rgb_real_msi.yaml split=test seed=48 attempt=1
2026-06-04T13:12:51Z [INFO] Submitted task 140 (binary_baseline_no_synth_multi_seed, baseline, configs/binary/rgb_real_msi.yaml, seed=48) as job 863679, attempt 1
2026-06-04T13:12:51Z [INFO] Submitting task 141 try 1/3: group=binary_baseline_no_synth_multi_seed kind=baseline config=configs/binary/rgb_real_msi_unetpp_resnet34.yaml split=test seed=48 attempt=1
2026-06-04T13:12:51Z [INFO] Submitted task 141 (binary_baseline_no_synth_multi_seed, baseline, configs/binary/rgb_real_msi_unetpp_resnet34.yaml, seed=48) as job 863680, attempt 1
2026-06-04T13:13:02Z [INFO] Job 863672 for task 134 has left the Slurm queue; validating output
2026-06-04T13:13:02Z [INFO] Task 134 completed successfully
2026-06-04T13:13:12Z [INFO] Submitting task 142 try 1/3: group=binary_baseline_no_synth_multi_seed kind=baseline config=configs/binary/rgb_real_msi_unetpp_resnet50.yaml split=test seed=48 attempt=1
2026-06-04T13:13:12Z [INFO] Submitted task 142 (binary_baseline_no_synth_multi_seed, baseline, configs/binary/rgb_real_msi_unetpp_resnet50.yaml, seed=48) as job 863681, attempt 1
2026-06-04T13:14:23Z [INFO] Job 863675 for task 136 has left the Slurm queue; validating output
2026-06-04T13:14:23Z [INFO] Task 136 completed successfully
2026-06-04T13:14:33Z [INFO] Submitting task 143 try 1/3: group=binary_baseline_no_synth_multi_seed kind=baseline config=configs/binary/rgb_real_msi_deeplabv3plus_resnet34.yaml split=test seed=48 attempt=1
2026-06-04T13:14:33Z [INFO] Submitted task 143 (binary_baseline_no_synth_multi_seed, baseline, configs/binary/rgb_real_msi_deeplabv3plus_resnet34.yaml, seed=48) as job 863682, attempt 1
2026-06-04T13:14:33Z [INFO] Job 863673 for task 135 has left the Slurm queue; validating output
2026-06-04T13:14:33Z [INFO] Task 135 completed successfully
2026-06-04T13:14:33Z [INFO] Job 863676 for task 137 has left the Slurm queue; validating output
2026-06-04T13:14:34Z [INFO] Task 137 completed successfully
2026-06-04T13:14:44Z [INFO] Submitting task 144 try 1/3: group=binary_baseline_no_synth_multi_seed kind=baseline config=configs/binary/rgb_real_msi_deeplabv3plus_resnet50.yaml split=test seed=48 attempt=1
2026-06-04T13:14:44Z [INFO] Submitted task 144 (binary_baseline_no_synth_multi_seed, baseline, configs/binary/rgb_real_msi_deeplabv3plus_resnet50.yaml, seed=48) as job 863683, attempt 1
2026-06-04T13:14:44Z [INFO] Submitting task 145 try 1/3: group=binary_baseline_no_synth_multi_seed kind=baseline config=configs/binary/rgb_real_msi_segformer_b0.yaml split=test seed=48 attempt=1
2026-06-04T13:14:44Z [INFO] Submitted task 145 (binary_baseline_no_synth_multi_seed, baseline, configs/binary/rgb_real_msi_segformer_b0.yaml, seed=48) as job 863684, attempt 1
2026-06-04T13:15:04Z [INFO] Job 863677 for task 138 has left the Slurm queue; validating output
2026-06-04T13:15:05Z [INFO] Task 138 completed successfully
2026-06-04T13:15:15Z [INFO] Submitting task 146 try 1/3: group=binary_baseline_no_synth_multi_seed kind=baseline config=configs/binary/rgb_real_msi_segformer_b1.yaml split=test seed=48 attempt=1
2026-06-04T13:15:15Z [INFO] Submitted task 146 (binary_baseline_no_synth_multi_seed, baseline, configs/binary/rgb_real_msi_segformer_b1.yaml, seed=48) as job 863691, attempt 1
2026-06-04T13:15:26Z [INFO] Job 863678 for task 139 has left the Slurm queue; validating output
2026-06-04T13:15:26Z [INFO] Task 139 completed successfully
2026-06-04T13:15:36Z [INFO] Submitting task 147 try 1/3: group=binary_baseline_no_synth_multi_seed kind=baseline config=configs/binary/rgb.yaml split=test seed=49 attempt=1
2026-06-04T13:15:36Z [INFO] Submitted task 147 (binary_baseline_no_synth_multi_seed, baseline, configs/binary/rgb.yaml, seed=49) as job 863692, attempt 1
2026-06-04T13:16:07Z [INFO] Job 863679 for task 140 has left the Slurm queue; validating output
2026-06-04T13:16:07Z [INFO] Task 140 completed successfully
2026-06-04T13:16:17Z [INFO] Submitting task 148 try 1/3: group=binary_baseline_no_synth_multi_seed kind=baseline config=configs/binary/rgb_unetpp_resnet34.yaml split=test seed=49 attempt=1
2026-06-04T13:16:17Z [INFO] Submitted task 148 (binary_baseline_no_synth_multi_seed, baseline, configs/binary/rgb_unetpp_resnet34.yaml, seed=49) as job 863693, attempt 1
2026-06-04T13:16:27Z [INFO] Job 863680 for task 141 has left the Slurm queue; validating output
2026-06-04T13:16:27Z [INFO] Task 141 completed successfully
2026-06-04T13:16:38Z [INFO] Submitting task 149 try 1/3: group=binary_baseline_no_synth_multi_seed kind=baseline config=configs/binary/rgb_unetpp_resnet50.yaml split=test seed=49 attempt=1
2026-06-04T13:16:38Z [INFO] Submitted task 149 (binary_baseline_no_synth_multi_seed, baseline, configs/binary/rgb_unetpp_resnet50.yaml, seed=49) as job 863694, attempt 1
2026-06-04T13:16:58Z [INFO] Job 863681 for task 142 has left the Slurm queue; validating output
2026-06-04T13:16:59Z [INFO] Task 142 completed successfully
2026-06-04T13:17:09Z [INFO] Submitting task 150 try 1/3: group=binary_baseline_no_synth_multi_seed kind=baseline config=configs/binary/rgb_deeplabv3plus_resnet34.yaml split=test seed=49 attempt=1
2026-06-04T13:17:09Z [INFO] Submitted task 150 (binary_baseline_no_synth_multi_seed, baseline, configs/binary/rgb_deeplabv3plus_resnet34.yaml, seed=49) as job 863696, attempt 1
2026-06-04T13:17:40Z [INFO] Job 863682 for task 143 has left the Slurm queue; validating output
2026-06-04T13:17:40Z [INFO] Task 143 completed successfully
2026-06-04T13:17:50Z [INFO] Submitting task 151 try 1/3: group=binary_baseline_no_synth_multi_seed kind=baseline config=configs/binary/rgb_deeplabv3plus_resnet50.yaml split=test seed=49 attempt=1
2026-06-04T13:17:50Z [INFO] Submitted task 151 (binary_baseline_no_synth_multi_seed, baseline, configs/binary/rgb_deeplabv3plus_resnet50.yaml, seed=49) as job 863697, attempt 1
2026-06-04T13:17:50Z [INFO] Job 863683 for task 144 has left the Slurm queue; validating output
2026-06-04T13:17:50Z [INFO] Task 144 completed successfully
2026-06-04T13:18:00Z [INFO] Submitting task 152 try 1/3: group=binary_baseline_no_synth_multi_seed kind=baseline config=configs/binary/rgb_segformer_b0.yaml split=test seed=49 attempt=1
2026-06-04T13:18:00Z [INFO] Submitted task 152 (binary_baseline_no_synth_multi_seed, baseline, configs/binary/rgb_segformer_b0.yaml, seed=49) as job 863698, attempt 1
2026-06-04T13:18:01Z [INFO] Job 863684 for task 145 has left the Slurm queue; validating output
2026-06-04T13:18:01Z [INFO] Task 145 completed successfully
2026-06-04T13:18:11Z [INFO] Submitting task 153 try 1/3: group=binary_baseline_no_synth_multi_seed kind=baseline config=configs/binary/rgb_segformer_b1.yaml split=test seed=49 attempt=1
2026-06-04T13:18:11Z [INFO] Submitted task 153 (binary_baseline_no_synth_multi_seed, baseline, configs/binary/rgb_segformer_b1.yaml, seed=49) as job 863699, attempt 1
2026-06-04T13:18:21Z [INFO] Job 863691 for task 146 has left the Slurm queue; validating output
2026-06-04T13:18:21Z [INFO] Task 146 completed successfully
2026-06-04T13:18:31Z [INFO] Submitting task 154 try 1/3: group=binary_baseline_no_synth_multi_seed kind=baseline config=configs/binary/real_msi.yaml split=test seed=49 attempt=1
2026-06-04T13:18:31Z [INFO] Submitted task 154 (binary_baseline_no_synth_multi_seed, baseline, configs/binary/real_msi.yaml, seed=49) as job 863700, attempt 1
2026-06-04T13:18:41Z [INFO] Job 863692 for task 147 has left the Slurm queue; validating output
2026-06-04T13:18:41Z [INFO] Task 147 completed successfully
2026-06-04T13:18:51Z [INFO] Submitting task 155 try 1/3: group=binary_baseline_no_synth_multi_seed kind=baseline config=configs/binary/real_msi_unetpp_resnet34.yaml split=test seed=49 attempt=1
2026-06-04T13:18:52Z [INFO] Submitted task 155 (binary_baseline_no_synth_multi_seed, baseline, configs/binary/real_msi_unetpp_resnet34.yaml, seed=49) as job 863701, attempt 1
2026-06-04T13:19:22Z [INFO] Job 863693 for task 148 has left the Slurm queue; validating output
2026-06-04T13:19:22Z [INFO] Task 148 completed successfully
2026-06-04T13:19:32Z [INFO] Submitting task 156 try 1/3: group=binary_baseline_no_synth_multi_seed kind=baseline config=configs/binary/real_msi_unetpp_resnet50.yaml split=test seed=49 attempt=1
2026-06-04T13:19:32Z [INFO] Submitted task 156 (binary_baseline_no_synth_multi_seed, baseline, configs/binary/real_msi_unetpp_resnet50.yaml, seed=49) as job 863702, attempt 1
2026-06-04T13:19:52Z [INFO] Job 863696 for task 150 has left the Slurm queue; validating output
2026-06-04T13:19:53Z [INFO] Task 150 completed successfully
2026-06-04T13:20:03Z [INFO] Submitting task 157 try 1/3: group=binary_baseline_no_synth_multi_seed kind=baseline config=configs/binary/real_msi_deeplabv3plus_resnet34.yaml split=test seed=49 attempt=1
2026-06-04T13:20:03Z [INFO] Submitted task 157 (binary_baseline_no_synth_multi_seed, baseline, configs/binary/real_msi_deeplabv3plus_resnet34.yaml, seed=49) as job 863703, attempt 1
2026-06-04T13:20:03Z [INFO] Job 863694 for task 149 has left the Slurm queue; validating output
2026-06-04T13:20:03Z [INFO] Task 149 completed successfully
2026-06-04T13:20:13Z [INFO] Submitting task 158 try 1/3: group=binary_baseline_no_synth_multi_seed kind=baseline config=configs/binary/real_msi_deeplabv3plus_resnet50.yaml split=test seed=49 attempt=1
2026-06-04T13:20:13Z [INFO] Submitted task 158 (binary_baseline_no_synth_multi_seed, baseline, configs/binary/real_msi_deeplabv3plus_resnet50.yaml, seed=49) as job 863704, attempt 1
2026-06-04T13:20:44Z [INFO] Job 863697 for task 151 has left the Slurm queue; validating output
2026-06-04T13:20:44Z [INFO] Task 151 completed successfully
2026-06-04T13:20:54Z [INFO] Submitting task 159 try 1/3: group=binary_baseline_no_synth_multi_seed kind=baseline config=configs/binary/real_msi_segformer_b0.yaml split=test seed=49 attempt=1
2026-06-04T13:20:54Z [INFO] Submitted task 159 (binary_baseline_no_synth_multi_seed, baseline, configs/binary/real_msi_segformer_b0.yaml, seed=49) as job 863705, attempt 1
2026-06-04T13:20:54Z [INFO] Job 863699 for task 153 has left the Slurm queue; validating output
2026-06-04T13:20:55Z [INFO] Task 153 completed successfully
2026-06-04T13:21:05Z [INFO] Submitting task 160 try 1/3: group=binary_baseline_no_synth_multi_seed kind=baseline config=configs/binary/real_msi_segformer_b1.yaml split=test seed=49 attempt=1
2026-06-04T13:21:05Z [INFO] Submitted task 160 (binary_baseline_no_synth_multi_seed, baseline, configs/binary/real_msi_segformer_b1.yaml, seed=49) as job 863706, attempt 1
2026-06-04T13:21:15Z [INFO] Job 863698 for task 152 has left the Slurm queue; validating output
2026-06-04T13:21:17Z [INFO] Task 152 completed successfully
2026-06-04T13:21:28Z [INFO] Submitting task 161 try 1/3: group=binary_baseline_no_synth_multi_seed kind=baseline config=configs/binary/rgb_real_msi.yaml split=test seed=49 attempt=1
2026-06-04T13:21:28Z [INFO] Submitted task 161 (binary_baseline_no_synth_multi_seed, baseline, configs/binary/rgb_real_msi.yaml, seed=49) as job 863707, attempt 1
2026-06-04T13:21:38Z [INFO] Job 863700 for task 154 has left the Slurm queue; validating output
2026-06-04T13:21:38Z [INFO] Task 154 completed successfully
2026-06-04T13:21:48Z [INFO] Submitting task 162 try 1/3: group=binary_baseline_no_synth_multi_seed kind=baseline config=configs/binary/rgb_real_msi_unetpp_resnet34.yaml split=test seed=49 attempt=1
2026-06-04T13:21:48Z [INFO] Submitted task 162 (binary_baseline_no_synth_multi_seed, baseline, configs/binary/rgb_real_msi_unetpp_resnet34.yaml, seed=49) as job 863708, attempt 1
2026-06-04T13:22:19Z [INFO] Job 863701 for task 155 has left the Slurm queue; validating output
2026-06-04T13:22:19Z [INFO] Task 155 completed successfully
2026-06-04T13:22:29Z [INFO] Submitting task 163 try 1/3: group=binary_baseline_no_synth_multi_seed kind=baseline config=configs/binary/rgb_real_msi_unetpp_resnet50.yaml split=test seed=49 attempt=1
2026-06-04T13:22:29Z [INFO] Submitted task 163 (binary_baseline_no_synth_multi_seed, baseline, configs/binary/rgb_real_msi_unetpp_resnet50.yaml, seed=49) as job 863709, attempt 1
2026-06-04T13:22:49Z [INFO] Job 863703 for task 157 has left the Slurm queue; validating output
2026-06-04T13:22:49Z [INFO] Task 157 completed successfully
2026-06-04T13:22:59Z [INFO] Submitting task 164 try 1/3: group=binary_baseline_no_synth_multi_seed kind=baseline config=configs/binary/rgb_real_msi_deeplabv3plus_resnet34.yaml split=test seed=49 attempt=1
2026-06-04T13:22:59Z [INFO] Submitted task 164 (binary_baseline_no_synth_multi_seed, baseline, configs/binary/rgb_real_msi_deeplabv3plus_resnet34.yaml, seed=49) as job 863710, attempt 1
2026-06-04T13:23:09Z [INFO] Job 863702 for task 156 has left the Slurm queue; validating output
2026-06-04T13:23:10Z [INFO] Task 156 completed successfully
2026-06-04T13:23:10Z [INFO] Job 863704 for task 158 has left the Slurm queue; validating output
2026-06-04T13:23:10Z [INFO] Task 158 completed successfully
2026-06-04T13:23:20Z [INFO] Submitting task 165 try 1/3: group=binary_baseline_no_synth_multi_seed kind=baseline config=configs/binary/rgb_real_msi_deeplabv3plus_resnet50.yaml split=test seed=49 attempt=1
2026-06-04T13:23:20Z [INFO] Submitted task 165 (binary_baseline_no_synth_multi_seed, baseline, configs/binary/rgb_real_msi_deeplabv3plus_resnet50.yaml, seed=49) as job 863711, attempt 1
2026-06-04T13:23:20Z [INFO] Submitting task 166 try 1/3: group=binary_baseline_no_synth_multi_seed kind=baseline config=configs/binary/rgb_real_msi_segformer_b0.yaml split=test seed=49 attempt=1
2026-06-04T13:23:20Z [INFO] Submitted task 166 (binary_baseline_no_synth_multi_seed, baseline, configs/binary/rgb_real_msi_segformer_b0.yaml, seed=49) as job 863712, attempt 1
2026-06-04T13:23:40Z [INFO] Job 863705 for task 159 has left the Slurm queue; validating output
2026-06-04T13:23:41Z [INFO] Task 159 completed successfully
2026-06-04T13:23:51Z [INFO] Submitting task 167 try 1/3: group=binary_baseline_no_synth_multi_seed kind=baseline config=configs/binary/rgb_real_msi_segformer_b1.yaml split=test seed=49 attempt=1
2026-06-04T13:23:51Z [INFO] Submitted task 167 (binary_baseline_no_synth_multi_seed, baseline, configs/binary/rgb_real_msi_segformer_b1.yaml, seed=49) as job 863713, attempt 1
2026-06-04T13:24:11Z [INFO] Job 863706 for task 160 has left the Slurm queue; validating output
2026-06-04T13:24:11Z [INFO] Task 160 completed successfully
2026-06-04T13:24:21Z [INFO] Submitting task 168 try 1/3: group=binary_baseline_no_synth_multi_seed kind=baseline config=configs/binary/rgb.yaml split=test seed=50 attempt=1
2026-06-04T13:24:21Z [INFO] Submitted task 168 (binary_baseline_no_synth_multi_seed, baseline, configs/binary/rgb.yaml, seed=50) as job 863714, attempt 1
2026-06-04T13:24:52Z [INFO] Job 863707 for task 161 has left the Slurm queue; validating output
2026-06-04T13:24:52Z [INFO] Task 161 completed successfully
2026-06-04T13:25:02Z [INFO] Submitting task 169 try 1/3: group=binary_baseline_no_synth_multi_seed kind=baseline config=configs/binary/rgb_unetpp_resnet34.yaml split=test seed=50 attempt=1
2026-06-04T13:25:02Z [INFO] Submitted task 169 (binary_baseline_no_synth_multi_seed, baseline, configs/binary/rgb_unetpp_resnet34.yaml, seed=50) as job 863715, attempt 1
2026-06-04T13:25:22Z [INFO] Job 863708 for task 162 has left the Slurm queue; validating output
2026-06-04T13:25:23Z [INFO] Task 162 completed successfully
2026-06-04T13:25:33Z [INFO] Submitting task 170 try 1/3: group=binary_baseline_no_synth_multi_seed kind=baseline config=configs/binary/rgb_unetpp_resnet50.yaml split=test seed=50 attempt=1
2026-06-04T13:25:33Z [INFO] Submitted task 170 (binary_baseline_no_synth_multi_seed, baseline, configs/binary/rgb_unetpp_resnet50.yaml, seed=50) as job 863717, attempt 1
2026-06-04T13:26:03Z [INFO] Job 863710 for task 164 has left the Slurm queue; validating output
2026-06-04T13:26:03Z [INFO] Task 164 completed successfully
2026-06-04T13:26:14Z [INFO] Submitting task 171 try 1/3: group=binary_baseline_no_synth_multi_seed kind=baseline config=configs/binary/rgb_deeplabv3plus_resnet34.yaml split=test seed=50 attempt=1
2026-06-04T13:26:14Z [INFO] Submitted task 171 (binary_baseline_no_synth_multi_seed, baseline, configs/binary/rgb_deeplabv3plus_resnet34.yaml, seed=50) as job 863718, attempt 1
2026-06-04T13:26:14Z [INFO] Job 863709 for task 163 has left the Slurm queue; validating output
2026-06-04T13:26:14Z [INFO] Task 163 completed successfully
2026-06-04T13:26:24Z [INFO] Submitting task 172 try 1/3: group=binary_baseline_no_synth_multi_seed kind=baseline config=configs/binary/rgb_deeplabv3plus_resnet50.yaml split=test seed=50 attempt=1
2026-06-04T13:26:24Z [INFO] Submitted task 172 (binary_baseline_no_synth_multi_seed, baseline, configs/binary/rgb_deeplabv3plus_resnet50.yaml, seed=50) as job 863719, attempt 1
2026-06-04T13:26:34Z [INFO] Job 863711 for task 165 has left the Slurm queue; validating output
2026-06-04T13:26:35Z [INFO] Task 165 completed successfully
2026-06-04T13:26:35Z [INFO] Job 863712 for task 166 has left the Slurm queue; validating output
2026-06-04T13:26:35Z [INFO] Task 166 completed successfully
2026-06-04T13:26:45Z [INFO] Submitting task 173 try 1/3: group=binary_baseline_no_synth_multi_seed kind=baseline config=configs/binary/rgb_segformer_b0.yaml split=test seed=50 attempt=1
2026-06-04T13:26:45Z [INFO] Submitted task 173 (binary_baseline_no_synth_multi_seed, baseline, configs/binary/rgb_segformer_b0.yaml, seed=50) as job 863720, attempt 1
2026-06-04T13:26:45Z [INFO] Submitting task 174 try 1/3: group=binary_baseline_no_synth_multi_seed kind=baseline config=configs/binary/rgb_segformer_b1.yaml split=test seed=50 attempt=1
2026-06-04T13:26:45Z [INFO] Submitted task 174 (binary_baseline_no_synth_multi_seed, baseline, configs/binary/rgb_segformer_b1.yaml, seed=50) as job 863721, attempt 1
2026-06-04T13:27:06Z [INFO] Job 863713 for task 167 has left the Slurm queue; validating output
2026-06-04T13:27:07Z [INFO] Task 167 completed successfully
2026-06-04T13:27:07Z [INFO] Job 863714 for task 168 has left the Slurm queue; validating output
2026-06-04T13:27:07Z [INFO] Task 168 completed successfully
2026-06-04T13:27:17Z [INFO] Submitting task 175 try 1/3: group=binary_baseline_no_synth_multi_seed kind=baseline config=configs/binary/real_msi.yaml split=test seed=50 attempt=1
2026-06-04T13:27:18Z [INFO] Submitted task 175 (binary_baseline_no_synth_multi_seed, baseline, configs/binary/real_msi.yaml, seed=50) as job 863722, attempt 1
2026-06-04T13:27:18Z [INFO] Submitting task 176 try 1/3: group=binary_baseline_no_synth_multi_seed kind=baseline config=configs/binary/real_msi_unetpp_resnet34.yaml split=test seed=50 attempt=1
2026-06-04T13:27:18Z [INFO] Submitted task 176 (binary_baseline_no_synth_multi_seed, baseline, configs/binary/real_msi_unetpp_resnet34.yaml, seed=50) as job 863723, attempt 1
2026-06-04T13:27:58Z [INFO] Job 863715 for task 169 has left the Slurm queue; validating output
2026-06-04T13:27:58Z [INFO] Task 169 completed successfully
2026-06-04T13:28:08Z [INFO] Submitting task 177 try 1/3: group=binary_baseline_no_synth_multi_seed kind=baseline config=configs/binary/real_msi_unetpp_resnet50.yaml split=test seed=50 attempt=1
2026-06-04T13:28:08Z [INFO] Submitted task 177 (binary_baseline_no_synth_multi_seed, baseline, configs/binary/real_msi_unetpp_resnet50.yaml, seed=50) as job 863724, attempt 1
2026-06-04T13:28:49Z [INFO] Job 863717 for task 170 has left the Slurm queue; validating output
2026-06-04T13:28:49Z [INFO] Task 170 completed successfully
2026-06-04T13:28:49Z [INFO] Job 863718 for task 171 has left the Slurm queue; validating output
2026-06-04T13:28:49Z [INFO] Task 171 completed successfully
2026-06-04T13:28:59Z [INFO] Submitting task 178 try 1/3: group=binary_baseline_no_synth_multi_seed kind=baseline config=configs/binary/real_msi_deeplabv3plus_resnet34.yaml split=test seed=50 attempt=1
2026-06-04T13:28:59Z [INFO] Submitted task 178 (binary_baseline_no_synth_multi_seed, baseline, configs/binary/real_msi_deeplabv3plus_resnet34.yaml, seed=50) as job 863725, attempt 1
2026-06-04T13:28:59Z [INFO] Submitting task 179 try 1/3: group=binary_baseline_no_synth_multi_seed kind=baseline config=configs/binary/real_msi_deeplabv3plus_resnet50.yaml split=test seed=50 attempt=1
2026-06-04T13:28:59Z [INFO] Submitted task 179 (binary_baseline_no_synth_multi_seed, baseline, configs/binary/real_msi_deeplabv3plus_resnet50.yaml, seed=50) as job 863726, attempt 1
2026-06-04T13:29:09Z [INFO] Job 863719 for task 172 has left the Slurm queue; validating output
2026-06-04T13:29:10Z [INFO] Task 172 completed successfully
2026-06-04T13:29:20Z [INFO] Submitting task 180 try 1/3: group=binary_baseline_no_synth_multi_seed kind=baseline config=configs/binary/real_msi_segformer_b0.yaml split=test seed=50 attempt=1
2026-06-04T13:29:20Z [INFO] Submitted task 180 (binary_baseline_no_synth_multi_seed, baseline, configs/binary/real_msi_segformer_b0.yaml, seed=50) as job 863727, attempt 1
2026-06-04T13:29:30Z [INFO] Job 863720 for task 173 has left the Slurm queue; validating output
2026-06-04T13:29:30Z [INFO] Task 173 completed successfully
2026-06-04T13:29:40Z [INFO] Submitting task 181 try 1/3: group=binary_baseline_no_synth_multi_seed kind=baseline config=configs/binary/real_msi_segformer_b1.yaml split=test seed=50 attempt=1
2026-06-04T13:29:40Z [INFO] Submitted task 181 (binary_baseline_no_synth_multi_seed, baseline, configs/binary/real_msi_segformer_b1.yaml, seed=50) as job 863728, attempt 1
2026-06-04T13:29:40Z [INFO] Job 863721 for task 174 has left the Slurm queue; validating output
2026-06-04T13:29:41Z [INFO] Task 174 completed successfully
2026-06-04T13:29:51Z [INFO] Submitting task 182 try 1/3: group=binary_baseline_no_synth_multi_seed kind=baseline config=configs/binary/rgb_real_msi.yaml split=test seed=50 attempt=1
2026-06-04T13:29:51Z [INFO] Submitted task 182 (binary_baseline_no_synth_multi_seed, baseline, configs/binary/rgb_real_msi.yaml, seed=50) as job 863729, attempt 1
2026-06-04T13:30:01Z [INFO] Job 863722 for task 175 has left the Slurm queue; validating output
2026-06-04T13:30:01Z [INFO] Task 175 completed successfully
2026-06-04T13:30:12Z [INFO] Submitting task 183 try 1/3: group=binary_baseline_no_synth_multi_seed kind=baseline config=configs/binary/rgb_real_msi_unetpp_resnet34.yaml split=test seed=50 attempt=1
2026-06-04T13:30:12Z [INFO] Submitted task 183 (binary_baseline_no_synth_multi_seed, baseline, configs/binary/rgb_real_msi_unetpp_resnet34.yaml, seed=50) as job 863736, attempt 1
2026-06-04T13:30:22Z [INFO] Job 863723 for task 176 has left the Slurm queue; validating output
2026-06-04T13:30:24Z [INFO] Task 176 completed successfully
2026-06-04T13:30:34Z [INFO] Submitting task 184 try 1/3: group=binary_baseline_no_synth_multi_seed kind=baseline config=configs/binary/rgb_real_msi_unetpp_resnet50.yaml split=test seed=50 attempt=1
2026-06-04T13:30:34Z [INFO] Submitted task 184 (binary_baseline_no_synth_multi_seed, baseline, configs/binary/rgb_real_msi_unetpp_resnet50.yaml, seed=50) as job 863737, attempt 1
2026-06-04T13:31:25Z [INFO] Job 863724 for task 177 has left the Slurm queue; validating output
2026-06-04T13:31:25Z [INFO] Task 177 completed successfully
2026-06-04T13:31:35Z [INFO] Submitting task 185 try 1/3: group=binary_baseline_no_synth_multi_seed kind=baseline config=configs/binary/rgb_real_msi_deeplabv3plus_resnet34.yaml split=test seed=50 attempt=1
2026-06-04T13:31:35Z [INFO] Submitted task 185 (binary_baseline_no_synth_multi_seed, baseline, configs/binary/rgb_real_msi_deeplabv3plus_resnet34.yaml, seed=50) as job 863738, attempt 1
2026-06-04T13:31:35Z [INFO] Job 863725 for task 178 has left the Slurm queue; validating output
2026-06-04T13:31:35Z [INFO] Task 178 completed successfully
2026-06-04T13:31:45Z [INFO] Submitting task 186 try 1/3: group=binary_baseline_no_synth_multi_seed kind=baseline config=configs/binary/rgb_real_msi_deeplabv3plus_resnet50.yaml split=test seed=50 attempt=1
2026-06-04T13:31:46Z [INFO] Submitted task 186 (binary_baseline_no_synth_multi_seed, baseline, configs/binary/rgb_real_msi_deeplabv3plus_resnet50.yaml, seed=50) as job 863739, attempt 1
2026-06-04T13:31:46Z [INFO] Job 863726 for task 179 has left the Slurm queue; validating output
2026-06-04T13:31:46Z [INFO] Task 179 completed successfully
2026-06-04T13:31:56Z [INFO] Submitting task 187 try 1/3: group=binary_baseline_no_synth_multi_seed kind=baseline config=configs/binary/rgb_real_msi_segformer_b0.yaml split=test seed=50 attempt=1
2026-06-04T13:31:56Z [INFO] Submitted task 187 (binary_baseline_no_synth_multi_seed, baseline, configs/binary/rgb_real_msi_segformer_b0.yaml, seed=50) as job 863740, attempt 1
2026-06-04T13:32:07Z [INFO] Job 863727 for task 180 has left the Slurm queue; validating output
2026-06-04T13:32:07Z [INFO] Task 180 completed successfully
2026-06-04T13:32:17Z [INFO] Submitting task 188 try 1/3: group=binary_baseline_no_synth_multi_seed kind=baseline config=configs/binary/rgb_real_msi_segformer_b1.yaml split=test seed=50 attempt=1
2026-06-04T13:32:17Z [INFO] Submitted task 188 (binary_baseline_no_synth_multi_seed, baseline, configs/binary/rgb_real_msi_segformer_b1.yaml, seed=50) as job 863741, attempt 1
2026-06-04T13:32:27Z [INFO] Job 863728 for task 181 has left the Slurm queue; validating output
2026-06-04T13:32:27Z [INFO] Task 181 completed successfully
2026-06-04T13:32:38Z [INFO] Submitting task 189 try 1/3: group=binary_baseline_no_synth_multi_seed kind=baseline config=configs/binary/rgb.yaml split=test seed=51 attempt=1
2026-06-04T13:32:38Z [INFO] Submitted task 189 (binary_baseline_no_synth_multi_seed, baseline, configs/binary/rgb.yaml, seed=51) as job 863742, attempt 1
2026-06-04T13:32:58Z [INFO] Job 863729 for task 182 has left the Slurm queue; validating output
2026-06-04T13:32:58Z [INFO] Task 182 completed successfully
2026-06-04T13:33:08Z [INFO] Submitting task 190 try 1/3: group=binary_baseline_no_synth_multi_seed kind=baseline config=configs/binary/rgb_unetpp_resnet34.yaml split=test seed=51 attempt=1
2026-06-04T13:33:08Z [INFO] Submitted task 190 (binary_baseline_no_synth_multi_seed, baseline, configs/binary/rgb_unetpp_resnet34.yaml, seed=51) as job 863744, attempt 1
2026-06-04T13:33:49Z [INFO] Job 863736 for task 183 has left the Slurm queue; validating output
2026-06-04T13:33:49Z [INFO] Task 183 completed successfully
2026-06-04T13:33:59Z [INFO] Submitting task 191 try 1/3: group=binary_baseline_no_synth_multi_seed kind=baseline config=configs/binary/rgb_unetpp_resnet50.yaml split=test seed=51 attempt=1
2026-06-04T13:33:59Z [INFO] Submitted task 191 (binary_baseline_no_synth_multi_seed, baseline, configs/binary/rgb_unetpp_resnet50.yaml, seed=51) as job 863745, attempt 1
2026-06-04T13:34:39Z [INFO] Job 863737 for task 184 has left the Slurm queue; validating output
2026-06-04T13:34:39Z [INFO] Task 184 completed successfully
2026-06-04T13:34:39Z [INFO] Job 863738 for task 185 has left the Slurm queue; validating output
2026-06-04T13:34:39Z [INFO] Task 185 completed successfully
2026-06-04T13:34:50Z [INFO] Submitting task 192 try 1/3: group=binary_baseline_no_synth_multi_seed kind=baseline config=configs/binary/rgb_deeplabv3plus_resnet34.yaml split=test seed=51 attempt=1
2026-06-04T13:34:50Z [INFO] Submitted task 192 (binary_baseline_no_synth_multi_seed, baseline, configs/binary/rgb_deeplabv3plus_resnet34.yaml, seed=51) as job 863746, attempt 1
2026-06-04T13:34:50Z [INFO] Submitting task 193 try 1/3: group=binary_baseline_no_synth_multi_seed kind=baseline config=configs/binary/rgb_deeplabv3plus_resnet50.yaml split=test seed=51 attempt=1
2026-06-04T13:34:50Z [INFO] Submitted task 193 (binary_baseline_no_synth_multi_seed, baseline, configs/binary/rgb_deeplabv3plus_resnet50.yaml, seed=51) as job 863747, attempt 1
2026-06-04T13:34:50Z [INFO] Job 863739 for task 186 has left the Slurm queue; validating output
2026-06-04T13:34:50Z [INFO] Task 186 completed successfully
2026-06-04T13:35:00Z [INFO] Submitting task 194 try 1/3: group=binary_baseline_no_synth_multi_seed kind=baseline config=configs/binary/rgb_segformer_b0.yaml split=test seed=51 attempt=1
2026-06-04T13:35:00Z [INFO] Submitted task 194 (binary_baseline_no_synth_multi_seed, baseline, configs/binary/rgb_segformer_b0.yaml, seed=51) as job 863748, attempt 1
2026-06-04T13:35:00Z [INFO] Job 863740 for task 187 has left the Slurm queue; validating output
2026-06-04T13:35:00Z [INFO] Task 187 completed successfully
2026-06-04T13:35:10Z [INFO] Submitting task 195 try 1/3: group=binary_baseline_no_synth_multi_seed kind=baseline config=configs/binary/rgb_segformer_b1.yaml split=test seed=51 attempt=1
2026-06-04T13:35:10Z [INFO] Submitted task 195 (binary_baseline_no_synth_multi_seed, baseline, configs/binary/rgb_segformer_b1.yaml, seed=51) as job 863749, attempt 1
2026-06-04T13:35:51Z [INFO] Job 863742 for task 189 has left the Slurm queue; validating output
2026-06-04T13:35:51Z [INFO] Task 189 completed successfully
2026-06-04T13:36:01Z [INFO] Submitting task 196 try 1/3: group=binary_baseline_no_synth_multi_seed kind=baseline config=configs/binary/real_msi.yaml split=test seed=51 attempt=1
2026-06-04T13:36:01Z [INFO] Submitted task 196 (binary_baseline_no_synth_multi_seed, baseline, configs/binary/real_msi.yaml, seed=51) as job 863750, attempt 1
2026-06-04T13:36:01Z [INFO] Job 863741 for task 188 has left the Slurm queue; validating output
2026-06-04T13:36:01Z [INFO] Task 188 completed successfully
2026-06-04T13:36:01Z [INFO] Job 863744 for task 190 has left the Slurm queue; validating output
2026-06-04T13:36:01Z [INFO] Task 190 completed successfully
2026-06-04T13:36:12Z [INFO] Submitting task 197 try 1/3: group=binary_baseline_no_synth_multi_seed kind=baseline config=configs/binary/real_msi_unetpp_resnet34.yaml split=test seed=51 attempt=1
2026-06-04T13:36:12Z [INFO] Submitted task 197 (binary_baseline_no_synth_multi_seed, baseline, configs/binary/real_msi_unetpp_resnet34.yaml, seed=51) as job 863751, attempt 1
2026-06-04T13:36:12Z [INFO] Submitting task 198 try 1/3: group=binary_baseline_no_synth_multi_seed kind=baseline config=configs/binary/real_msi_unetpp_resnet50.yaml split=test seed=51 attempt=1
2026-06-04T13:36:12Z [INFO] Submitted task 198 (binary_baseline_no_synth_multi_seed, baseline, configs/binary/real_msi_unetpp_resnet50.yaml, seed=51) as job 863752, attempt 1
2026-06-04T13:37:33Z [INFO] Job 863745 for task 191 has left the Slurm queue; validating output
2026-06-04T13:37:33Z [INFO] Task 191 completed successfully
2026-06-04T13:37:33Z [INFO] Job 863746 for task 192 has left the Slurm queue; validating output
2026-06-04T13:37:33Z [INFO] Task 192 completed successfully
2026-06-04T13:37:33Z [INFO] Job 863747 for task 193 has left the Slurm queue; validating output
2026-06-04T13:37:35Z [INFO] Task 193 completed successfully
2026-06-04T13:37:45Z [INFO] Submitting task 199 try 1/3: group=binary_baseline_no_synth_multi_seed kind=baseline config=configs/binary/real_msi_deeplabv3plus_resnet34.yaml split=test seed=51 attempt=1
2026-06-04T13:37:45Z [INFO] Submitted task 199 (binary_baseline_no_synth_multi_seed, baseline, configs/binary/real_msi_deeplabv3plus_resnet34.yaml, seed=51) as job 863753, attempt 1
2026-06-04T13:37:45Z [INFO] Submitting task 200 try 1/3: group=binary_baseline_no_synth_multi_seed kind=baseline config=configs/binary/real_msi_deeplabv3plus_resnet50.yaml split=test seed=51 attempt=1
2026-06-04T13:37:45Z [INFO] Submitted task 200 (binary_baseline_no_synth_multi_seed, baseline, configs/binary/real_msi_deeplabv3plus_resnet50.yaml, seed=51) as job 863754, attempt 1
2026-06-04T13:37:45Z [INFO] Submitting task 201 try 1/3: group=binary_baseline_no_synth_multi_seed kind=baseline config=configs/binary/real_msi_segformer_b0.yaml split=test seed=51 attempt=1
2026-06-04T13:37:45Z [INFO] Submitted task 201 (binary_baseline_no_synth_multi_seed, baseline, configs/binary/real_msi_segformer_b0.yaml, seed=51) as job 863755, attempt 1
2026-06-04T13:37:45Z [INFO] Job 863748 for task 194 has left the Slurm queue; validating output
2026-06-04T13:37:45Z [INFO] Task 194 completed successfully
2026-06-04T13:37:56Z [INFO] Submitting task 202 try 1/3: group=binary_baseline_no_synth_multi_seed kind=baseline config=configs/binary/real_msi_segformer_b1.yaml split=test seed=51 attempt=1
2026-06-04T13:37:56Z [INFO] Submitted task 202 (binary_baseline_no_synth_multi_seed, baseline, configs/binary/real_msi_segformer_b1.yaml, seed=51) as job 863756, attempt 1
2026-06-04T13:37:56Z [INFO] Job 863749 for task 195 has left the Slurm queue; validating output
2026-06-04T13:37:56Z [INFO] Task 195 completed successfully
2026-06-04T13:38:06Z [INFO] Submitting task 203 try 1/3: group=binary_baseline_no_synth_multi_seed kind=baseline config=configs/binary/rgb_real_msi.yaml split=test seed=51 attempt=1
2026-06-04T13:38:06Z [INFO] Submitted task 203 (binary_baseline_no_synth_multi_seed, baseline, configs/binary/rgb_real_msi.yaml, seed=51) as job 863757, attempt 1
2026-06-04T13:38:57Z [INFO] Job 863750 for task 196 has left the Slurm queue; validating output
2026-06-04T13:38:57Z [INFO] Task 196 completed successfully
2026-06-04T13:39:07Z [INFO] Submitting task 204 try 1/3: group=binary_baseline_no_synth_multi_seed kind=baseline config=configs/binary/rgb_real_msi_unetpp_resnet34.yaml split=test seed=51 attempt=1
2026-06-04T13:39:07Z [INFO] Submitted task 204 (binary_baseline_no_synth_multi_seed, baseline, configs/binary/rgb_real_msi_unetpp_resnet34.yaml, seed=51) as job 863758, attempt 1
2026-06-04T13:39:17Z [INFO] Job 863751 for task 197 has left the Slurm queue; validating output
2026-06-04T13:39:18Z [INFO] Task 197 completed successfully
2026-06-04T13:39:28Z [INFO] Submitting task 205 try 1/3: group=binary_baseline_no_synth_multi_seed kind=baseline config=configs/binary/rgb_real_msi_unetpp_resnet50.yaml split=test seed=51 attempt=1
2026-06-04T13:39:28Z [INFO] Submitted task 205 (binary_baseline_no_synth_multi_seed, baseline, configs/binary/rgb_real_msi_unetpp_resnet50.yaml, seed=51) as job 863759, attempt 1
2026-06-04T13:39:48Z [INFO] Job 863752 for task 198 has left the Slurm queue; validating output
2026-06-04T13:39:48Z [INFO] Task 198 completed successfully
2026-06-04T13:39:58Z [INFO] Submitting task 206 try 1/3: group=binary_baseline_no_synth_multi_seed kind=baseline config=configs/binary/rgb_real_msi_deeplabv3plus_resnet34.yaml split=test seed=51 attempt=1
2026-06-04T13:39:58Z [INFO] Submitted task 206 (binary_baseline_no_synth_multi_seed, baseline, configs/binary/rgb_real_msi_deeplabv3plus_resnet34.yaml, seed=51) as job 863760, attempt 1
2026-06-04T13:40:29Z [INFO] Job 863755 for task 201 has left the Slurm queue; validating output
2026-06-04T13:40:29Z [INFO] Task 201 completed successfully
2026-06-04T13:40:39Z [INFO] Submitting task 207 try 1/3: group=binary_baseline_no_synth_multi_seed kind=baseline config=configs/binary/rgb_real_msi_deeplabv3plus_resnet50.yaml split=test seed=51 attempt=1
2026-06-04T13:40:39Z [INFO] Submitted task 207 (binary_baseline_no_synth_multi_seed, baseline, configs/binary/rgb_real_msi_deeplabv3plus_resnet50.yaml, seed=51) as job 863761, attempt 1
2026-06-04T13:40:40Z [INFO] Job 863753 for task 199 has left the Slurm queue; validating output
2026-06-04T13:40:40Z [INFO] Task 199 completed successfully
2026-06-04T13:40:40Z [INFO] Job 863754 for task 200 has left the Slurm queue; validating output
2026-06-04T13:40:40Z [INFO] Task 200 completed successfully
2026-06-04T13:40:50Z [INFO] Submitting task 208 try 1/3: group=binary_baseline_no_synth_multi_seed kind=baseline config=configs/binary/rgb_real_msi_segformer_b0.yaml split=test seed=51 attempt=1
2026-06-04T13:40:50Z [INFO] Submitted task 208 (binary_baseline_no_synth_multi_seed, baseline, configs/binary/rgb_real_msi_segformer_b0.yaml, seed=51) as job 863762, attempt 1
2026-06-04T13:40:50Z [INFO] Submitting task 209 try 1/3: group=binary_baseline_no_synth_multi_seed kind=baseline config=configs/binary/rgb_real_msi_segformer_b1.yaml split=test seed=51 attempt=1
2026-06-04T13:40:50Z [INFO] Submitted task 209 (binary_baseline_no_synth_multi_seed, baseline, configs/binary/rgb_real_msi_segformer_b1.yaml, seed=51) as job 863763, attempt 1
2026-06-04T13:40:50Z [INFO] Job 863756 for task 202 has left the Slurm queue; validating output
2026-06-04T13:40:51Z [INFO] Task 202 completed successfully
2026-06-04T13:41:31Z [INFO] Job 863757 for task 203 has left the Slurm queue; validating output
2026-06-04T13:41:31Z [INFO] Task 203 completed successfully
2026-06-04T13:42:32Z [INFO] Job 863758 for task 204 has left the Slurm queue; validating output
2026-06-04T13:42:32Z [INFO] Task 204 completed successfully
2026-06-04T13:43:12Z [INFO] Job 863760 for task 206 has left the Slurm queue; validating output
2026-06-04T13:43:12Z [INFO] Task 206 completed successfully
2026-06-04T13:43:33Z [INFO] Job 863759 for task 205 has left the Slurm queue; validating output
2026-06-04T13:43:33Z [INFO] Task 205 completed successfully
2026-06-04T13:43:53Z [INFO] Job 863761 for task 207 has left the Slurm queue; validating output
2026-06-04T13:43:53Z [INFO] Task 207 completed successfully
2026-06-04T13:44:03Z [INFO] Job 863762 for task 208 has left the Slurm queue; validating output
2026-06-04T13:44:03Z [INFO] Task 208 completed successfully
2026-06-04T13:44:03Z [INFO] Job 863763 for task 209 has left the Slurm queue; validating output
2026-06-04T13:44:03Z [INFO] Task 209 completed successfully
2026-06-04T13:44:03Z [INFO] Skipping summary for 225154; no successful runs
2026-06-04T13:44:03Z [INFO] Skipping summary for 141735; no successful runs
2026-06-04T13:44:03Z [INFO] Skipping summary for 141732; no successful runs
2026-06-04T13:44:03Z [INFO] Skipping summary for 400722; no successful runs
2026-06-04T13:44:03Z [INFO] Skipping summary for 412883; no successful runs
2026-06-04T13:44:03Z [INFO] Skipping summary for 414915; no successful runs
2026-06-04T13:44:03Z [INFO] All Slurm masking tasks completed successfully
