{
  "train_loss": [
    0.5003732370819032,
    0.42697607704073365,
    0.43373882700825295,
    0.3833371893471909,
    0.3899317422108343,
    0.3934240673485323,
    0.4058984264760454,
    0.3669433714585927,
    0.3590157025041636,
    0.36903345189828857,
    0.3580975088692083,
    0.38776882814849795,
    0.3630380279604222,
    0.355861189304969,
    0.3551337196115862,
    0.3748556754277696,
    0.37546131113584047,
    0.33725520951008936,
    0.35779593237194635,
    0.31507997926448056,
    0.318170795199002,
    0.3516254076483654,
    0.336823579395956,
    0.34804458948139094,
    0.34621035146434403,
    0.31608615539692064,
    0.32352425829011794,
    0.3103598260972467,
    0.3252325178819325,
    0.3425078385057505,
    0.34296871463225365,
    0.3308217632375498,
    0.3125161009225232,
    0.313611234140675,
    0.3153103085753978,
    0.3363831721783614,
    0.3342368526068347,
    0.31440626064471566,
    0.31539880021041367,
    0.32643474124328437,
    0.32243720527745595
  ],
  "val_loss": [
    0.531637517972426,
    0.3109922820871526,
    0.4575740304860202,
    0.5890371084213257,
    0.7640246673063799,
    0.3944910390810533,
    0.39204105030406605,
    0.4569250361485915,
    0.4601592221043327,
    0.44895997697656803,
    0.5626432104544206,
    0.2575915482911197,
    0.29627963358705695,
    0.24458808357065373,
    0.3492630508812991,
    0.2693811606277119,
    0.25120098103176464,
    0.41231859705664897,
    0.33405590545047414,
    0.2397359549999237,
    0.24553137855096296,
    0.3297158609737049,
    0.2580595222386447,
    0.2618701181628487,
    0.2662127191370184,
    0.22682064880024302,
    0.24244407577948138,
    0.34344840970906343,
    0.2700942781838504,
    0.3156249951232563,
    0.2809449336745522,
    0.24534129933877424,
    0.34264275269074873,
    0.34614570791071114,
    0.2599479778246446,
    0.24835271456024863,
    0.26035442569039086,
    0.24372706521641124,
    0.24007616530765186,
    0.2632053424011577,
    0.23775292580777949
  ],
  "train_miou": [
    0.5832164808015863,
    0.640969965334311,
    0.615229025808127,
    0.6815751251947271,
    0.6756599470375768,
    0.6809793135340118,
    0.6549806117710102,
    0.7013578387640163,
    0.6932656252493969,
    0.7009682038638724,
    0.7019509880825353,
    0.6696227860604836,
    0.694457442806778,
    0.7048046432787157,
    0.6979602242216092,
    0.696045784761075,
    0.6906095806866257,
    0.7074866826197088,
    0.7104266081880128,
    0.7382456422912541,
    0.7318221562259333,
    0.7043475214911865,
    0.7200059680005756,
    0.7100988466945319,
    0.7117426184792057,
    0.7408323096478617,
    0.7301973095629396,
    0.7377613385597904,
    0.7347012120635701,
    0.7173092156421472,
    0.7070788220203137,
    0.7234738138226844,
    0.746980641691632,
    0.7302423226138282,
    0.743075570328571,
    0.7220214052266958,
    0.7258364169077824,
    0.7399518925416008,
    0.7370461395545248,
    0.723023360577399,
    0.7373193761122627
  ],
  "val_miou": [
    0.6673091888852763,
    0.7174433395195501,
    0.642419855865856,
    0.6019213172452678,
    0.40737599061947016,
    0.5683926953027773,
    0.6817751408952717,
    0.5431346775164614,
    0.6275589579558519,
    0.5854325083772064,
    0.53471402333191,
    0.7894653722880466,
    0.6947351755289497,
    0.7616190415773536,
    0.661011061549293,
    0.7687142282039925,
    0.7884299258054629,
    0.6114867424674358,
    0.6168788572976193,
    0.7870656456863443,
    0.7503601447108121,
    0.6634903325563751,
    0.7772077521494858,
    0.7895380009711255,
    0.7358556043436812,
    0.7990654345909202,
    0.7589372084063487,
    0.6691651570880903,
    0.7659134864496635,
    0.7016960245548584,
    0.719377812852904,
    0.7932003058428456,
    0.6379929353696807,
    0.7214161064035416,
    0.7623272457909929,
    0.769986673924566,
    0.7615783950341377,
    0.7760394140801417,
    0.7879413672647706,
    0.7700967394274169,
    0.7809768355663671
  ]
}