{
  "input_type": "rgb",
  "seed": 789,
  "best_val_miou": 0.7990654345909202,
  "test_loss": 0.277165531038164,
  "test_miou": 0.768235229793602,
  "test_per_class_iou": {
    "0": 0.8267740094189078,
    "1": 0.7096964501682963
  },
  "epochs_trained": 41,
  "model_params": 14328354,
  "config": {
    "data_root": "./data/WeedyRice-full-data/",
    "input_type": "rgb",
    "image_size": 256,
    "num_classes": 2,
    "ms_channels": 4,
    "epochs": 100,
    "batch_size": 8,
    "lr": 0.001,
    "weight_decay": 0.0001,
    "patience": 15,
    "seed": 789,
    "output_dir": "./results"
  },
  "timestamp": "2026-02-25T17:01:03.509477"
}