{
  "train_loss": [
    0.507093438860501,
    0.4368289915906523,
    0.41005764672165956,
    0.4054123602415386,
    0.40384998842057196,
    0.3975624426996034,
    0.38354288695151345,
    0.35574910027241846,
    0.38875479470451907,
    0.37800385403586645,
    0.3616317956768281,
    0.36456420547083807,
    0.35920797314560204,
    0.3564522271035475,
    0.3284545532676444,
    0.3646781107603226,
    0.37807003006368123,
    0.36875160488701236,
    0.36937114578938623,
    0.3425559816304703,
    0.35356576540316753,
    0.3530469256767288,
    0.35706116395619414,
    0.346914662487558,
    0.3309083287014134,
    0.35150844335091275,
    0.33112501819231355,
    0.31595488900562013,
    0.3622191324103878,
    0.35701372632738676,
    0.2932387351060239,
    0.3309289305298417,
    0.3126645924752219,
    0.3111683611284223,
    0.31274096124585843,
    0.32964046540548464
  ],
  "val_loss": [
    0.5853628033941443,
    0.41471429358829154,
    0.6292454416101629,
    0.3547426397150213,
    0.37420662153850903,
    0.45719667239622636,
    0.5299116280945865,
    0.5404761872508309,
    0.5268895268440247,
    0.44329993453892796,
    0.5363868545402181,
    0.3046567911451513,
    0.7719370972026478,
    0.33173965811729433,
    0.2992433867671273,
    0.6797692060470581,
    0.34902579513463106,
    0.3642219808968631,
    0.5788116747682744,
    0.29900347915562714,
    0.2685258025472814,
    0.3656844518401406,
    0.36630856882442125,
    0.4137582069093531,
    0.30436321226033297,
    0.2931494328108701,
    0.3440569498322227,
    0.6438218279318376,
    0.2843058775771748,
    0.2970496047626842,
    0.2725301504135132,
    0.2563512926751917,
    0.2550895723429593,
    0.34145355224609375,
    0.3019809424877167,
    0.3235566120256077
  ],
  "train_miou": [
    0.5764302929173576,
    0.6368038377774026,
    0.6619677709757525,
    0.6718557536918346,
    0.6485448670984656,
    0.6754716752123937,
    0.684295003293963,
    0.704936895050946,
    0.6814961848129267,
    0.687236376796982,
    0.701417267533222,
    0.684318432962487,
    0.6986882936618171,
    0.7047329610935809,
    0.72621926806772,
    0.7031783109586262,
    0.6909951179024687,
    0.687466665846278,
    0.6898957090606284,
    0.7250089146291578,
    0.712018969476647,
    0.7185334638621405,
    0.7048884008275255,
    0.7220685940488769,
    0.734210775426279,
    0.7053630034368015,
    0.7170820357082309,
    0.7336659129178207,
    0.7017023915986375,
    0.6977479720612512,
    0.7456923438733863,
    0.7397578250437904,
    0.7386345300160613,
    0.7461792481321419,
    0.7284005699809564,
    0.7229493026034363
  ],
  "val_miou": [
    0.5197593484254658,
    0.5839015564891615,
    0.4952579575483691,
    0.7311412285544348,
    0.6557427035177261,
    0.5648467357975305,
    0.4973413846883964,
    0.5323920324789755,
    0.5880080049355392,
    0.49814168948184023,
    0.4790684689242486,
    0.719110423782557,
    0.45740805801400475,
    0.7260939624864007,
    0.753896438078371,
    0.5845402167537992,
    0.6791134066384727,
    0.6394440727576685,
    0.46059642223929137,
    0.7313103867263117,
    0.7833290307496279,
    0.6719042269465687,
    0.7300561524253872,
    0.5934930768622322,
    0.7270185901000126,
    0.7786072011009109,
    0.6541671667958199,
    0.5069869965199045,
    0.7717457027823026,
    0.7520072814118344,
    0.7411284906440709,
    0.7830624656400069,
    0.7743281004948774,
    0.69543971148198,
    0.7189436880919993,
    0.6904753479573049
  ]
}