{
  "input_type": "rgb",
  "seed": 42,
  "best_val_miou": 0.7833290307496279,
  "test_loss": 0.2577393476490502,
  "test_miou": 0.7884073276367818,
  "test_per_class_iou": {
    "0": 0.8556508681589955,
    "1": 0.7211637871145681
  },
  "epochs_trained": 36,
  "model_params": 14328354,
  "config": {
    "data_root": "./data/WeedyRice-full-data/",
    "input_type": "rgb",
    "image_size": 256,
    "num_classes": 2,
    "ms_channels": 4,
    "epochs": 100,
    "batch_size": 8,
    "lr": 0.001,
    "weight_decay": 0.0001,
    "patience": 15,
    "seed": 42,
    "output_dir": "./results"
  },
  "timestamp": "2026-02-25T15:18:28.540733"
}