{
  "train_loss": [
    0.6207970847860415,
    0.5631372291907,
    0.527171081966824,
    0.4977966154295566,
    0.509693989744428,
    0.4809039057346812,
    0.48135483799389694,
    0.48083767509832254,
    0.4394618772391455,
    0.46730863188210053,
    0.45512462266472115,
    0.42493857254526535,
    0.4198925146582531,
    0.3962410881272998,
    0.4329473784095363,
    0.4432655307981703,
    0.4164581889065153,
    0.4011007958685445,
    0.40565921037982544,
    0.410729634134393,
    0.42138444192228264,
    0.4068383275881613,
    0.4084414687537775,
    0.3919036560356036,
    0.3821112554208112,
    0.37609562120939555,
    0.38243305032480995,
    0.3896444020447908,
    0.3633933315964935,
    0.3913909447820563,
    0.38995593077490437,
    0.3604316446516249,
    0.35370501440170915,
    0.343775438983538,
    0.3416645512943379,
    0.33373676243348893,
    0.34838725948891447,
    0.36031939527909423,
    0.3603952256327252,
    0.3491955330962094,
    0.383260683009499,
    0.3641325240014357,
    0.34898962286713064,
    0.35349023667460067,
    0.3468489725919727,
    0.3279074792973479,
    0.3428127117324294,
    0.3563224983494184,
    0.35827921147932085,
    0.35468094901964214,
    0.31241998732903314,
    0.352868909259521,
    0.3465591613312214,
    0.3429646615164089,
    0.33232752505334034,
    0.3515580569559138,
    0.3329777982499864,
    0.3243940606219494,
    0.3507079288043939,
    0.3193872163170262,
    0.33403099535966246,
    0.31285891430652163,
    0.3258095923920124,
    0.3395785459300928,
    0.3439252569429126,
    0.3060517499321385,
    0.3281620852431359,
    0.28334083775563085,
    0.3152351679160581,
    0.3085437209053114,
    0.2903297501697875,
    0.3221084691627681,
    0.32731411773094193,
    0.2971426195103755,
    0.2832808980235347,
    0.29601085395143745,
    0.29268472712871857,
    0.3063809119934692,
    0.31501166722927876,
    0.2980465445137396,
    0.28619972214131795,
    0.2734882608491775,
    0.2894925360094037,
    0.29001983599356046,
    0.30882836875395003,
    0.28915857908553777,
    0.3079246856548168,
    0.27189024266211376,
    0.2892023349365993,
    0.280243482506066,
    0.2832285058893423,
    0.2893814903486077,
    0.2738034588086907,
    0.2718129511232729,
    0.29856405760112564,
    0.2856214431061847,
    0.2729576874894705,
    0.2793042787566752,
    0.2657225088998821
  ],
  "val_loss": [
    0.672862556847659,
    0.6236286401748657,
    1.9400715957988393,
    0.9134151090275158,
    0.7387130769816312,
    1.3634319327094337,
    0.6769330544905229,
    0.5020436406135559,
    0.4175458257848566,
    0.48183588764884255,
    0.5732190511443398,
    0.3671324534849687,
    2.32053747177124,
    0.3293677319179882,
    1.7945376352830367,
    0.5666653535582803,
    0.6444915673949502,
    0.3417240803891962,
    0.48846866217526524,
    0.5243144967339256,
    0.7479623913764953,
    0.58039363080805,
    0.3183834027160298,
    0.34117501107129183,
    0.38683400370857934,
    0.3306590800935572,
    0.30150967131961476,
    0.2828401197086681,
    0.2963451997800307,
    0.3318905153057792,
    0.32815703803842716,
    0.3274334203113209,
    0.33307694738561455,
    0.28092411106283016,
    0.30763578143986786,
    0.44734028252688324,
    0.3195787175135179,
    0.3640800275585868,
    0.3349262925711545,
    0.26965473402630197,
    0.3104774464260448,
    0.27841593623161315,
    0.4061717510223389,
    0.2554266469045119,
    0.275845940546556,
    0.26412628563967616,
    0.29494556513699616,
    0.2528788171031258,
    0.29214150634678926,
    0.25570111762393605,
    0.2860641170631755,
    0.2775738130916249,
    0.2509342312812805,
    0.458718093958768,
    0.2662788412787698,
    0.30784279053861446,
    0.3112392842769623,
    0.25834428559650074,
    0.26939652507955375,
    0.28270440047437495,
    0.26868748556483874,
    0.2388686190951954,
    0.24561406753279946,
    0.24444741173224016,
    0.26278096383268185,
    0.25127357244491577,
    0.2398296670480208,
    0.2645292341709137,
    0.2471780153838071,
    0.24101054776798594,
    0.23166246143254368,
    0.23355206467888573,
    0.27669070959091185,
    0.2278042050925168,
    0.22411097450689835,
    0.23268446217883718,
    0.22407879016616128,
    0.22523295120759443,
    0.23095108433203262,
    0.22711049047383394,
    0.22058239091526377,
    0.22931690974669022,
    0.21682436628775162,
    0.21830936778675425,
    0.21836247119036586,
    0.22249681082638828,
    0.22166128158569337,
    0.22083570740439676,
    0.2197083982554349,
    0.21948492960496382,
    0.21962639797817576,
    0.2203359072858637,
    0.22090604901313782,
    0.22174424583261662,
    0.21600722616369075,
    0.21722020669416947,
    0.2173162964257327,
    0.22428294636986473,
    0.2182715741070834
  ],
  "train_miou": [
    0.42105774403516977,
    0.4922497455840654,
    0.5551122766418356,
    0.5683746001557181,
    0.5677310698542404,
    0.5835187411235331,
    0.598208493216728,
    0.579731077105267,
    0.6269724699487533,
    0.6060592016152588,
    0.6054092273659826,
    0.6426254788615466,
    0.6399106748205794,
    0.6514000815261168,
    0.6209182056037734,
    0.6434446789983899,
    0.6549085957522842,
    0.6640600584343488,
    0.6546958995003532,
    0.648711658389965,
    0.6453896402345407,
    0.667288706059215,
    0.667909490757753,
    0.670805784504238,
    0.6764839003706167,
    0.6817949123171541,
    0.6803121574608578,
    0.6660484330454455,
    0.6890734617411622,
    0.6678859403549142,
    0.6700987623681038,
    0.6970497254979201,
    0.6941505005510966,
    0.7145934263077234,
    0.7134405653097926,
    0.7168875513290422,
    0.7134551819804141,
    0.7023648981445056,
    0.6986737196884685,
    0.7068397175054444,
    0.6809725269377227,
    0.6924963271140996,
    0.7061623994314898,
    0.704546708612353,
    0.7062222749308483,
    0.7184776398194656,
    0.7113410896879907,
    0.6999768799365069,
    0.7050080358097519,
    0.6992384304916269,
    0.7348494567248447,
    0.7037751339087452,
    0.7056235859350785,
    0.7100174601160235,
    0.7152521668726888,
    0.7141202961724997,
    0.7105786072807,
    0.729934361412736,
    0.7014795819096851,
    0.7409731117861613,
    0.7184790620479331,
    0.7339421831182888,
    0.7233880590742909,
    0.719805071258585,
    0.7131639588740263,
    0.7407169854268908,
    0.7174067209424799,
    0.7587099367671666,
    0.7333283272218272,
    0.742859232371715,
    0.757483722743628,
    0.7252294169334755,
    0.7353270674064117,
    0.7363861170683889,
    0.7577132023983588,
    0.7470563146635164,
    0.752677730762761,
    0.7386359543836731,
    0.7294593449282745,
    0.740499371347042,
    0.746643659617196,
    0.7764077965434046,
    0.7492322124859027,
    0.7552946641029454,
    0.7343506630254217,
    0.7504675034785615,
    0.727917655044084,
    0.7624672787454998,
    0.752621941092959,
    0.7604012562245694,
    0.758227210677882,
    0.7596595177342127,
    0.7614550506847936,
    0.7688917126762231,
    0.7452400267919469,
    0.7553755013008148,
    0.7698015717661834,
    0.7547121234945146,
    0.7726810167296025
  ],