{
  "input_type": "multispectral",
  "seed": 789,
  "best_val_miou": 0.8019980512696466,
  "test_loss": 0.28901859097652605,
  "test_miou": 0.7645741668795887,
  "test_per_class_iou": {
    "0": 0.825432088105953,
    "1": 0.7037162456532243
  },
  "epochs_trained": 99,
  "model_params": 14331490,
  "config": {
    "data_root": "./data/WeedyRice-full-data/",
    "input_type": "multispectral",
    "image_size": 256,
    "num_classes": 2,
    "ms_channels": 4,
    "epochs": 100,
    "batch_size": 8,
    "lr": 0.001,
    "weight_decay": 0.0001,
    "patience": 15,
    "seed": 789,
    "output_dir": "./results"
  },
  "timestamp": "2026-02-25T17:30:13.801972"
}